trialIndex,cohort,scenario,seed,linkCount,jointMode,targetX,targetY,targetZ,branch,reportedConverged,validatedSuccess,status,detailCode,iterations,stateFinite,jointLimitsValid,independentResidualMeters,nonFiniteEncountered,unsafeSuccess,exceptionContained,contaminatingTrainingCandidate,backtrackingRetryCount,seedConditionNumber,durationNanos,jointValues
0,VALID_CAMPAIGN,UNIFORM,-1814248167336389885,3,AUTO,0.178425824762,-0.773791618693,-0.137530569100,GUARDED_PRODUCTION,true,true,SUCCESS,NONE,50,true,true,6.20616658064e-10,false,false,false,false,0,58.1726278853,11092375,-0.729832675003|-1.08112982859|-1.32435506003
0,VALID_CAMPAIGN,UNIFORM,-1814248167336389885,3,AUTO,0.178425824762,-0.773791618693,-0.137530569100,UNGUARDED_REFERENCE,true,false,CONVERGED_UNCERTIFIED,NO_GUARDS_OR_FINAL_CERTIFICATION,6,true,false,4.94701874417e-07,false,true,false,true,0,NaN,991708,16.8910427863|-30.0018007672|-1.32434983484
1,VALID_CAMPAIGN,NEAR_JOINT_LIMIT,6217466753412309269,3,AUTO,-0.348352548809,0.0303651238838,0.298209743404,GUARDED_PRODUCTION,false,false,NO_CONVERGENCE,STAGNATION_WINDOW_EXCEEDED,82,true,true,0.276419472157,false,false,false,false,0,20.9657528752,3193375,-3.14159265359|-2.37713844122|-2.67428074637
1,VALID_CAMPAIGN,NEAR_JOINT_LIMIT,6217466753412309269,3,AUTO,-0.348352548809,0.0303651238838,0.298209743404,UNGUARDED_REFERENCE,true,false,CONVERGED_UNCERTIFIED,NO_GUARDS_OR_FINAL_CERTIFICATION,23,true,false,1.29164270214e-07,false,true,false,true,0,NaN,204417,21.8172512233|-34.1998030099|2.67428049589
2,VALID_CAMPAIGN,NEAR_SINGULARITY,-8435919597179588632,3,AUTO,1.20360000122,-0.0799999580359,0.160000016409,GUARDED_PRODUCTION,false,false,NO_CONVERGENCE,STAGNATION_WINDOW_EXCEEDED,382,true,true,1.24327554849,false,false,false,false,0,13.0508586084,14557875,-3.14159265359|-2.37713844122|-9.08022957378e-05
2,VALID_CAMPAIGN,NEAR_SINGULARITY,-8435919597179588632,3,AUTO,1.20360000122,-0.0799999580359,0.160000016409,UNGUARDED_REFERENCE,false,false,MAX_ITERATIONS_UNCERTIFIED,NO_GUARDS_OR_FINAL_CERTIFICATION,800,true,false,1.08317716833,false,false,false,true,0,NaN,4490625,-112.298485928|241.551395165|3.14159259365
3,VALID_CAMPAIGN,MICRO_MOTION,8890227617217439011,3,AUTO,1.20360001345,-0.0799995383945,0.160000180503,GUARDED_PRODUCTION,false,false,NO_CONVERGENCE,STAGNATION_WINDOW_EXCEEDED,13,true,true,1.24327538632,false,false,false,false,0,2.59062078878,476709,-3.14159265359|-2.37713844122|-6.28205641456e-05
3,VALID_CAMPAIGN,MICRO_MOTION,8890227617217439011,3,AUTO,1.20360001345,-0.0799995383945,0.160000180503,UNGUARDED_REFERENCE,false,false,MAX_ITERATIONS_UNCERTIFIED,NO_GUARDS_OR_FINAL_CERTIFICATION,800,true,false,1.17862193622,false,false,false,true,0,NaN,2313667,17.5045155731|-11.7964880483|3.14159206530
4,VALID_CAMPAIGN,UNIFORM,-5798179014580279991,3,AUTO,-0.0367004234709,-0.355781808499,-0.0933904196748,GUARDED_PRODUCTION,true,true,SUCCESS,NONE,63,true,true,1.01283167252e-11,false,false,false,false,0,2.59062072632,714042,-0.208687859633|-2.34264949931|-0.971821459448
4,VALID_CAMPAIGN,UNIFORM,-5798179014580279991,3,AUTO,-0.0367004234709,-0.355781808499,-0.0933904196748,UNGUARDED_REFERENCE,true,false,CONVERGED_UNCERTIFIED,NO_GUARDS_OR_FINAL_CERTIFICATION,8,true,false,1.79296521373e-10,false,true,false,true,0,NaN,29625,11.3691064783|16.7903018745|4.11341411383
5,VALID_CAMPAIGN,NEAR_JOINT_LIMIT,-5764026952433144480,3,AUTO,-0.348352548809,0.0303651238838,0.0217902565965,GUARDED_PRODUCTION,false,false,NO_CONVERGENCE,STAGNATION_WINDOW_EXCEEDED,140,true,true,0.0947489564335,false,false,false,false,0,4.52281311488,1173792,-1.35565109387|-2.37713844122|-0.467471365197
5,VALID_CAMPAIGN,NEAR_JOINT_LIMIT,-5764026952433144480,3,AUTO,-0.348352548809,0.0303651238838,0.0217902565965,UNGUARDED_REFERENCE,true,false,CONVERGED_UNCERTIFIED,NO_GUARDS_OR_FINAL_CERTIFICATION,7,true,false,3.95724119945e-07,false,true,false,true,0,NaN,34708,9.25087776160|16.0656725975|3.60890517183
6,VALID_CAMPAIGN,NEAR_SINGULARITY,2786753620164817622,3,AUTO,1.20360000122,-0.0799999580359,0.160000016409,GUARDED_PRODUCTION,true,true,SUCCESS,NONE,95,true,true,4.44308943192e-09,false,false,false,false,0,3.19605673092,1206000,1.42610820879e-07|-1.82717868146e-07|5.34856141677e-08
6,VALID_CAMPAIGN,NEAR_SINGULARITY,2786753620164817622,3,AUTO,1.20360000122,-0.0799999580359,0.160000016409,UNGUARDED_REFERENCE,false,false,MAX_ITERATIONS_UNCERTIFIED,NO_GUARDS_OR_FINAL_CERTIFICATION,800,true,false,1.57737140442,false,false,false,true,0,NaN,2253083,-285.852577234|1461.35319791|3.14159259224
7,VALID_CAMPAIGN,MICRO_MOTION,-7759735317991640869,3,AUTO,1.20360001345,-0.0799995383945,0.160000180503,GUARDED_PRODUCTION,true,true,SUCCESS,NONE,1,true,true,4.50595769554e-07,false,false,false,false,0,NaN,64416,1.42610820879e-07|-1.82717868146e-07|5.34856141677e-08
7,VALID_CAMPAIGN,MICRO_MOTION,-7759735317991640869,3,AUTO,1.20360001345,-0.0799995383945,0.160000180503,UNGUARDED_REFERENCE,false,false,MAX_ITERATIONS_UNCERTIFIED,NO_GUARDS_OR_FINAL_CERTIFICATION,800,true,false,1.67278254918,false,false,false,true,0,NaN,2125666,-738.762497618|1548.25830290|3.14159206963
8,VALID_CAMPAIGN,UNIFORM,4697242720830274346,3,AUTO,-0.727615411963,-0.700871554016,0.193243958321,GUARDED_PRODUCTION,true,true,SUCCESS,NONE,68,true,true,7.71623999860e-08,false,false,false,false,0,58.1725332140,567542,-1.66759475371|-1.06478376859|0.108570268119
8,VALID_CAMPAIGN,UNIFORM,4697242720830274346,3,AUTO,-0.727615411963,-0.700871554016,0.193243958321,UNGUARDED_REFERENCE,false,false,MAX_ITERATIONS_UNCERTIFIED,NO_GUARDS_OR_FINAL_CERTIFICATION,800,true,false,1.01172487403,false,false,false,true,0,NaN,2080333,-814.025710949|2197.62409346|3.03314900073
9,VALID_CAMPAIGN,NEAR_JOINT_LIMIT,2089304285126879480,3,AUTO,-0.459095473190,-0.145846704381,0.298209743404,GUARDED_PRODUCTION,true,true,SUCCESS,NONE,29,true,true,1.50191420378e-07,false,false,false,false,0,5.21604067105,246000,-1.29564816222|-2.23670451143|0.467311951500
9,VALID_CAMPAIGN,NEAR_JOINT_LIMIT,2089304285126879480,3,AUTO,-0.459095473190,-0.145846704381,0.298209743404,UNGUARDED_REFERENCE,true,false,CONVERGED_UNCERTIFIED,NO_GUARDS_OR_FINAL_CERTIFICATION,24,true,false,1.40620011346e-07,false,true,false,true,0,NaN,67500,-813.057298038|2179.01033606|2.67428056295
10,VALID_CAMPAIGN,NEAR_SINGULARITY,4531375484530683488,3,AUTO,1.20360000122,-0.0799999580359,0.160000016409,GUARDED_PRODUCTION,true,true,SUCCESS,NONE,93,true,true,1.51648930046e-08,false,false,false,false,0,3.22653588275,674708,3.35086052414e-07|-5.08919642823e-07|5.34856128916e-08
10,VALID_CAMPAIGN,NEAR_SINGULARITY,4531375484530683488,3,AUTO,1.20360000122,-0.0799999580359,0.160000016409,UNGUARDED_REFERENCE,false,false,MAX_ITERATIONS_UNCERTIFIED,NO_GUARDS_OR_FINAL_CERTIFICATION,800,true,false,1.33571205328,false,false,false,true,0,NaN,2190625,-944.414216158|1467.53249725|3.14159259880
11,VALID_CAMPAIGN,MICRO_MOTION,8616322526642367099,3,AUTO,1.20360001345,-0.0799995383945,0.160000180503,GUARDED_PRODUCTION,true,true,SUCCESS,NONE,1,true,true,4.50456026334e-07,false,false,false,false,0,NaN,38666,3.35086052414e-07|-5.08919642823e-07|5.34856128916e-08
11,VALID_CAMPAIGN,MICRO_MOTION,8616322526642367099,3,AUTO,1.20360001345,-0.0799995383945,0.160000180503,UNGUARDED_REFERENCE,false,false,MAX_ITERATIONS_UNCERTIFIED,NO_GUARDS_OR_FINAL_CERTIFICATION,800,true,false,1.60114961466,false,false,false,true,0,NaN,2155125,-1057.66628383|1978.58933680|3.14159206627
12,VALID_CAMPAIGN,UNIFORM,1437498460327883756,3,AUTO,0.855756452800,-0.0810049959739,-0.145306329009,GUARDED_PRODUCTION,true,true,SUCCESS,NONE,45,true,true,5.44343184477e-07,false,false,false,false,0,58.1723641261,382208,0.283336655224|-0.624008099896|-1.47206707850
12,VALID_CAMPAIGN,UNIFORM,1437498460327883756,3,AUTO,0.855756452800,-0.0810049959739,-0.145306329009,UNGUARDED_REFERENCE,true,false,CONVERGED_UNCERTIFIED,NO_GUARDS_OR_FINAL_CERTIFICATION,11,true,false,4.51545345696e-07,false,true,false,true,0,NaN,36042,-1055.83423946|1967.22995941|4.61368700454
13,VALID_CAMPAIGN,NEAR_JOINT_LIMIT,2191390432355221850,3,AUTO,-0.459095473190,-0.145846704381,0.0217902565965,GUARDED_PRODUCTION,true,true,SUCCESS_WITH_WARNING,NEAR_SINGULARITY_WARNING,106,true,true,4.86601115487e-07,false,false,false,false,0,78.2632939659,811667,-2.52639290393|-1.25496720835|-2.67428068532
13,VALID_CAMPAIGN,NEAR_JOINT_LIMIT,2191390432355221850,3,AUTO,-0.459095473190,-0.145846704381,0.0217902565965,UNGUARDED_REFERENCE,true,false,CONVERGED_UNCERTIFIED,NO_GUARDS_OR_FINAL_CERTIFICATION,10,true,false,8.17550167309e-09,false,true,false,true,0,NaN,32459,-1053.66428458|1962.82642009|-0.467311948969
14,VALID_CAMPAIGN,NEAR_SINGULARITY,-3754436383959895736,3,AUTO,1.20360000122,-0.0799999580359,0.160000016409,GUARDED_PRODUCTION,true,true,SUCCESS_WITH_WARNING,NEAR_SINGULARITY_WARNING,171,true,true,5.49648181955e-09,false,false,false,false,0,4.59042468089,1223959,-0.132739375295|0.225034429638|5.34855264341e-08
14,VALID_CAMPAIGN,NEAR_SINGULARITY,-3754436383959895736,3,AUTO,1.20360000122,-0.0799999580359,0.160000016409,UNGUARDED_REFERENCE,true,false,CONVERGED_UNCERTIFIED,NO_GUARDS_OR_FINAL_CERTIFICATION,10,true,false,2.06942699305e-07,false,true,false,true,0,NaN,30958,-1055.57512783|1966.63699480|5.34852652333e-08
15,VALID_CAMPAIGN,MICRO_MOTION,-2922685092760977224,3,AUTO,1.20360001345,-0.0799995383945,0.160000180503,GUARDED_PRODUCTION,true,true,SUCCESS,NONE,1,true,true,4.50617190101e-07,false,false,false,false,0,NaN,31000,-0.132739375295|0.225034429638|5.34855264341e-08
15,VALID_CAMPAIGN,MICRO_MOTION,-2922685092760977224,3,AUTO,1.20360001345,-0.0799995383945,0.160000180503,UNGUARDED_REFERENCE,true,false,CONVERGED_UNCERTIFIED,NO_GUARDS_OR_FINAL_CERTIFICATION,1,true,false,4.88375982260e-07,false,true,false,true,0,NaN,5084,-1055.57512783|1966.63699480|5.34852652333e-08
16,VALID_CAMPAIGN,UNIFORM,8228025236006327640,3,AUTO,-1.01306644055,-0.146756604491,-0.0923764249243,GUARDED_PRODUCTION,false,false,NO_CONVERGENCE,STAGNATION_WINDOW_EXCEEDED,148,true,true,0.0794689047358,false,false,false,false,13,58.1725165874,939708,-3.14159265359|0.538550432486|-1.28542902104
16,VALID_CAMPAIGN,UNIFORM,8228025236006327640,3,AUTO,-1.01306644055,-0.146756604491,-0.0923764249243,UNGUARDED_REFERENCE,true,false,CONVERGED_UNCERTIFIED,NO_GUARDS_OR_FINAL_CERTIFICATION,8,true,false,3.32824222232e-07,false,true,false,true,0,NaN,25375,-963.982544044|1890.74384190|-0.965983123036
17,VALID_CAMPAIGN,NEAR_JOINT_LIMIT,1730548982655024869,3,AUTO,-0.348352552625,0.0303650801085,0.298209743404,GUARDED_PRODUCTION,false,false,NO_CONVERGENCE,STAGNATION_WINDOW_EXCEEDED,75,true,true,0.346009129075,false,false,false,false,0,55.5600806692,443375,-3.14159265359|2.37713844122|-2.67428074637
17,VALID_CAMPAIGN,NEAR_JOINT_LIMIT,1730548982655024869,3,AUTO,-0.348352552625,0.0303650801085,0.298209743404,UNGUARDED_REFERENCE,false,false,MAX_ITERATIONS_UNCERTIFIED,NO_GUARDS_OR_FINAL_CERTIFICATION,800,true,false,0.782375658318,false,false,false,true,0,NaN,2099292,-957.303664689|1881.16905328|0.467493777695
18,VALID_CAMPAIGN,NEAR_SINGULARITY,6667711494104737115,3,AUTO,1.20360000122,-0.0799999580359,0.160000016409,GUARDED_PRODUCTION,true,true,SUCCESS_WITH_WARNING,NEAR_SINGULARITY_WARNING,149,true,true,4.38601987978e-09,false,false,false,false,0,4.53004331245,1010584,-0.132739355358|0.225034395854|5.34856141198e-08
18,VALID_CAMPAIGN,NEAR_SINGULARITY,6667711494104737115,3,AUTO,1.20360000122,-0.0799999580359,0.160000016409,UNGUARDED_REFERENCE,true,false,CONVERGED_UNCERTIFIED,NO_GUARDS_OR_FINAL_CERTIFICATION,10,true,false,6.84950483591e-07,false,true,false,true,0,NaN,37333,-955.176918264|1878.89746195|5.34845966465e-08
19,VALID_CAMPAIGN,MICRO_MOTION,2998425282954429744,3,AUTO,1.20360001345,-0.0799995383945,0.160000180503,GUARDED_PRODUCTION,true,true,SUCCESS,NONE,1,true,true,4.50640552977e-07,false,false,false,false,0,NaN,36167,-0.132739355358|0.225034395854|5.34856141198e-08
19,VALID_CAMPAIGN,MICRO_MOTION,2998425282954429744,3,AUTO,1.20360001345,-0.0799995383945,0.160000180503,UNGUARDED_REFERENCE,true,false,CONVERGED_UNCERTIFIED,NO_GUARDS_OR_FINAL_CERTIFICATION,1,true,false,8.07841475742e-07,false,true,false,true,0,NaN,5667,-955.176918264|1878.89746195|5.34845966465e-08
20,VALID_CAMPAIGN,UNIFORM,8363128991763335692,3,AUTO,0.555800692660,0.447157736154,-0.0320250842805,GUARDED_PRODUCTION,true,true,SUCCESS,NONE,42,true,true,3.77907120052e-07,false,false,false,false,0,58.1725340657,278708,-0.395090986638|1.93713334677|-0.676280625520
20,VALID_CAMPAIGN,UNIFORM,8363128991763335692,3,AUTO,0.555800692660,0.447157736154,-0.0320250842805,UNGUARDED_REFERENCE,true,false,CONVERGED_UNCERTIFIED,NO_GUARDS_OR_FINAL_CERTIFICATION,8,true,false,3.63868903822e-09,false,true,false,true,0,NaN,26958,-968.005628443|1899.45909567|-0.676280655755
21,VALID_CAMPAIGN,NEAR_JOINT_LIMIT,7592722872427294621,3,AUTO,-0.459095473190,-0.145846704381,0.0217902565965,GUARDED_PRODUCTION,false,false,NO_CONVERGENCE,STAGNATION_WINDOW_EXCEEDED,17,true,true,0.972191418089,false,false,false,false,0,4.66701366025,130125,-0.737016075088|2.37713844122|-0.747220054900
21,VALID_CAMPAIGN,NEAR_JOINT_LIMIT,7592722872427294621,3,AUTO,-0.459095473190,-0.145846704381,0.0217902565965,UNGUARDED_REFERENCE,true,false,CONVERGED_UNCERTIFIED,NO_GUARDS_OR_FINAL_CERTIFICATION,6,true,false,3.90895418735e-08,false,true,false,true,0,NaN,21708,-968.906185224|1901.56844363|-0.467311969971
22,VALID_CAMPAIGN,NEAR_SINGULARITY,7505642207949643494,3,AUTO,1.20360000122,-0.0799999580359,0.160000016409,GUARDED_PRODUCTION,true,true,SUCCESS,NONE,54,true,true,3.86800880321e-08,false,false,false,false,0,3.91166589314,2002667,-0.132739970889|0.225035439212|5.34856106374e-08
22,VALID_CAMPAIGN,NEAR_SINGULARITY,7505642207949643494,3,AUTO,1.20360000122,-0.0799999580359,0.160000016409,UNGUARDED_REFERENCE,true,false,CONVERGED_UNCERTIFIED,NO_GUARDS_OR_FINAL_CERTIFICATION,15,true,false,8.24189558911e-07,false,true,false,true,0,NaN,58292,-986.592847299|1910.31339272|5.34844243169e-08
23,VALID_CAMPAIGN,MICRO_MOTION,6260229467922711702,3,AUTO,1.20360001345,-0.0799995383945,0.160000180503,GUARDED_PRODUCTION,true,true,SUCCESS,NONE,1,true,true,4.50978242650e-07,false,false,false,false,0,NaN,38584,-0.132739970889|0.225035439212|5.34856106374e-08
23,VALID_CAMPAIGN,MICRO_MOTION,6260229467922711702,3,AUTO,1.20360001345,-0.0799995383945,0.160000180503,UNGUARDED_REFERENCE,true,false,CONVERGED_UNCERTIFIED,NO_GUARDS_OR_FINAL_CERTIFICATION,1,true,false,9.26433769605e-07,false,true,false,true,0,NaN,5875,-986.592847299|1910.31339272|5.34844243169e-08
24,VALID_CAMPAIGN,UNIFORM,-1332693361796511523,3,AUTO,0.111075939987,0.842504478714,-0.138669339993,GUARDED_PRODUCTION,true,true,SUCCESS,NONE,54,true,true,5.24120250990e-07,false,false,false,false,0,58.1719938043,296166,0.939672690658|1.18830208839|-1.34005795898
24,VALID_CAMPAIGN,UNIFORM,-1332693361796511523,3,AUTO,0.111075939987,0.842504478714,-0.138669339993,UNGUARDED_REFERENCE,true,false,CONVERGED_UNCERTIFIED,NO_GUARDS_OR_FINAL_CERTIFICATION,12,true,false,2.26371135880e-08,false,true,false,true,0,NaN,39417,-998.086788521|1942.69255747|-1.34006071527
25,VALID_CAMPAIGN,NEAR_JOINT_LIMIT,3224308943691733951,3,AUTO,-0.348352548809,0.0303651238838,0.0217902565965,GUARDED_PRODUCTION,false,false,NO_CONVERGENCE,STAGNATION_WINDOW_EXCEEDED,447,true,true,0.132100890694,false,false,false,false,0,24.9592681441,2187458,2.72363471952|2.37713844122|-2.67041779924
25,VALID_CAMPAIGN,NEAR_JOINT_LIMIT,3224308943691733951,3,AUTO,-0.348352548809,0.0303651238838,0.0217902565965,UNGUARDED_REFERENCE,true,false,CONVERGED_UNCERTIFIED,NO_GUARDS_OR_FINAL_CERTIFICATION,8,true,false,7.88078211446e-11,false,true,false,true,0,NaN,29875,-1006.69191511|1957.84796339|-0.467311960642
26,VALID_CAMPAIGN,NEAR_SINGULARITY,-2488650740948053302,3,AUTO,1.20360000122,-0.0799999580359,0.160000016409,GUARDED_PRODUCTION,true,true,SUCCESS_WITH_WARNING,NEAR_SINGULARITY_WARNING,195,true,true,5.98509767693e-07,false,false,false,false,0,4.51879038295,979708,-0.132750012379|0.225052468440|5.14494609792e-08
26,VALID_CAMPAIGN,NEAR_SINGULARITY,-2488650740948053302,3,AUTO,1.20360000122,-0.0799999580359,0.160000016409,UNGUARDED_REFERENCE,true,false,CONVERGED_UNCERTIFIED,NO_GUARDS_OR_FINAL_CERTIFICATION,13,true,false,7.29133520204e-07,false,true,false,true,0,NaN,41750,-1024.15919192|1985.48653484|5.34845319741e-08
27,VALID_CAMPAIGN,MICRO_MOTION,3497511785849074509,3,AUTO,1.20360001345,-0.0799995383945,0.160000180503,GUARDED_PRODUCTION,true,true,SUCCESS,NONE,1,true,true,7.32246631856e-07,false,false,false,false,0,NaN,39209,-0.132750012379|0.225052468440|5.14494609792e-08
27,VALID_CAMPAIGN,MICRO_MOTION,3497511785849074509,3,AUTO,1.20360001345,-0.0799995383945,0.160000180503,UNGUARDED_REFERENCE,true,false,CONVERGED_UNCERTIFIED,NO_GUARDS_OR_FINAL_CERTIFICATION,1,true,false,8.42808233942e-07,false,true,false,true,0,NaN,86083,-1024.15919192|1985.48653484|5.34845319741e-08
28,VALID_CAMPAIGN,UNIFORM,-888881359922316736,3,AUTO,0.314630007788,0.432163138879,-0.144632811412,GUARDED_PRODUCTION,true,true,SUCCESS,NONE,58,true,true,3.08559377408e-09,false,false,false,false,0,58.1631780548,342458,0.0514573749857|2.11749955790|-1.45186617777
28,VALID_CAMPAIGN,UNIFORM,-888881359922316736,3,AUTO,0.314630007788,0.432163138879,-0.144632811412,UNGUARDED_REFERENCE,true,false,CONVERGED_UNCERTIFIED,NO_GUARDS_OR_FINAL_CERTIFICATION,13,true,false,5.55645554601e-08,false,true,false,true,0,NaN,43000,-1003.47810263|1958.59795126|-1.45186474028
29,VALID_CAMPAIGN,NEAR_JOINT_LIMIT,7104991948958233316,3,AUTO,-0.348352552625,0.0303650801085,0.0217902565965,GUARDED_PRODUCTION,false,false,NO_CONVERGENCE,STAGNATION_WINDOW_EXCEEDED,36,true,true,0.655235869427,false,false,false,false,0,23.4009612268,253208,0.0248885875666|2.37713844122|-1.08074600057
29,VALID_CAMPAIGN,NEAR_JOINT_LIMIT,7104991948958233316,3,AUTO,-0.348352552625,0.0303650801085,0.0217902565965,UNGUARDED_REFERENCE,true,false,CONVERGED_UNCERTIFIED,NO_GUARDS_OR_FINAL_CERTIFICATION,12,true,false,2.70649715395e-08,false,true,false,true,0,NaN,307875,-996.058767332|1938.72038608|3.60890465715
30,VALID_CAMPAIGN,NEAR_SINGULARITY,-4215871622486489316,3,AUTO,1.20360000122,-0.0799999580359,0.160000016409,GUARDED_PRODUCTION,true,true,SUCCESS,NONE,65,true,true,1.67890952688e-08,false,false,false,false,0,5.62031603476,348000,-0.132739578011|0.225034773207|5.34855921744e-08
30,VALID_CAMPAIGN,NEAR_SINGULARITY,-4215871622486489316,3,AUTO,1.20360000122,-0.0799999580359,0.160000016409,UNGUARDED_REFERENCE,false,false,MAX_ITERATIONS_UNCERTIFIED,NO_GUARDS_OR_FINAL_CERTIFICATION,800,true,false,1.15214009942,false,false,false,true,0,NaN,1243667,-1242.73719725|1964.61675397|3.14159260364
31,VALID_CAMPAIGN,MICRO_MOTION,-5433513058529212559,3,AUTO,1.20360001345,-0.0799995383945,0.160000180503,GUARDED_PRODUCTION,true,true,SUCCESS,NONE,1,true,true,4.50499312715e-07,false,false,false,false,0,NaN,33500,-0.132739578011|0.225034773207|5.34855921744e-08
31,VALID_CAMPAIGN,MICRO_MOTION,-5433513058529212559,3,AUTO,1.20360001345,-0.0799995383945,0.160000180503,UNGUARDED_REFERENCE,false,false,MAX_ITERATIONS_UNCERTIFIED,NO_GUARDS_OR_FINAL_CERTIFICATION,800,true,false,1.57575583745,false,false,false,true,0,NaN,3139916,-1128.01413000|1983.13491427|3.14159214631
32,VALID_CAMPAIGN,UNIFORM,-3415528027143168977,3,AUTO,-0.872868609775,0.793255308518,0.199762671028,GUARDED_PRODUCTION,true,true,SUCCESS,NONE,83,true,true,3.36746181650e-07,false,false,false,false,0,58.1723387546,725750,2.15400300776|0.536404295136|0.129970126590
32,VALID_CAMPAIGN,UNIFORM,-3415528027143168977,3,AUTO,-0.872868609775,0.793255308518,0.199762671028,UNGUARDED_REFERENCE,false,false,MAX_ITERATIONS_UNCERTIFIED,NO_GUARDS_OR_FINAL_CERTIFICATION,800,true,false,1.00099938098,false,false,false,true,0,NaN,1595083,-1249.18363699|2402.18439023|3.01746190718
33,VALID_CAMPAIGN,NEAR_JOINT_LIMIT,176518249348688975,3,AUTO,-0.348352548809,0.0303651238838,0.298209743404,GUARDED_PRODUCTION,false,false,NO_CONVERGENCE,STAGNATION_WINDOW_EXCEEDED,49,true,true,0.252562984048,false,false,false,false,0,15.4244318590,309166,1.18847810213|2.37713844122|0.445632217339
33,VALID_CAMPAIGN,NEAR_JOINT_LIMIT,176518249348688975,3,AUTO,-0.348352548809,0.0303651238838,0.298209743404,UNGUARDED_REFERENCE,true,false,CONVERGED_UNCERTIFIED,NO_GUARDS_OR_FINAL_CERTIFICATION,9,true,false,2.76639757658e-08,false,true,false,true,0,NaN,53292,-1253.49546855|2429.21557616|2.67428066022
34,VALID_CAMPAIGN,NEAR_SINGULARITY,-5235549872360019096,3,AUTO,1.20360000122,-0.0799999580359,0.160000016409,GUARDED_PRODUCTION,true,true,SUCCESS,NONE,86,true,true,2.72152353509e-08,false,false,false,false,0,3.24004391924,430375,-0.132739765140|0.225035090411|5.34856116957e-08
34,VALID_CAMPAIGN,NEAR_SINGULARITY,-5235549872360019096,3,AUTO,1.20360000122,-0.0799999580359,0.160000016409,UNGUARDED_REFERENCE,false,false,MAX_ITERATIONS_UNCERTIFIED,NO_GUARDS_OR_FINAL_CERTIFICATION,800,true,false,0.954974941725,false,false,false,true,0,NaN,572500,-1243.30427445|4182.50126917|3.14159259988
35,VALID_CAMPAIGN,MICRO_MOTION,-350354731277458931,3,AUTO,1.20360001345,-0.0799995383945,0.160000180503,GUARDED_PRODUCTION,true,true,SUCCESS,NONE,1,true,true,4.50605934844e-07,false,false,false,false,0,NaN,29500,-0.132739765140|0.225035090411|5.34856116957e-08
35,VALID_CAMPAIGN,MICRO_MOTION,-350354731277458931,3,AUTO,1.20360001345,-0.0799995383945,0.160000180503,UNGUARDED_REFERENCE,false,false,MAX_ITERATIONS_UNCERTIFIED,NO_GUARDS_OR_FINAL_CERTIFICATION,800,true,false,1.66395020436,false,false,false,true,0,NaN,563041,-1122.41389779|4752.34699708|3.14159206608
36,VALID_CAMPAIGN,UNIFORM,-6968498390111891657,3,AUTO,-0.363301956770,-0.693229494356,0.466008466319,GUARDED_PRODUCTION,true,true,SUCCESS,NONE,68,true,true,2.94067533054e-08,false,false,false,false,0,58.1721744825,359417,-2.47461395011|1.17912328155|1.64264578237
36,VALID_CAMPAIGN,UNIFORM,-6968498390111891657,3,AUTO,-0.363301956770,-0.693229494356,0.466008466319,UNGUARDED_REFERENCE,true,false,CONVERGED_UNCERTIFIED,NO_GUARDS_OR_FINAL_CERTIFICATION,8,true,false,4.89138970694e-07,false,true,false,true,0,NaN,9417,-1120.88158332|4757.55037786|1.64266664155
37,VALID_CAMPAIGN,NEAR_JOINT_LIMIT,728229518276490452,3,AUTO,-0.348352548809,0.0303651238838,0.298209743404,GUARDED_PRODUCTION,false,false,NO_CONVERGENCE,STAGNATION_WINDOW_EXCEEDED,360,true,true,0.208425070977,false,false,false,false,0,76.6668782621,1684708,-3.14159265359|2.37713844122|2.66430630509
37,VALID_CAMPAIGN,NEAR_JOINT_LIMIT,728229518276490452,3,AUTO,-0.348352548809,0.0303651238838,0.298209743404,UNGUARDED_REFERENCE,true,false,CONVERGED_UNCERTIFIED,NO_GUARDS_OR_FINAL_CERTIFICATION,9,true,false,8.12714687009e-07,false,true,false,true,0,NaN,10708,-1115.26538348|4753.99415888|8.95746524583
38,VALID_CAMPAIGN,NEAR_SINGULARITY,2755170942328799842,3,AUTO,1.20360000122,-0.0799999580359,0.160000016409,GUARDED_PRODUCTION,true,true,SUCCESS_WITH_WARNING,NEAR_SINGULARITY_WARNING,149,true,true,3.09458309153e-09,false,false,false,false,0,4.50097085354,741750,-0.132739332171|0.225034356563|5.34856144936e-08
38,VALID_CAMPAIGN,NEAR_SINGULARITY,2755170942328799842,3,AUTO,1.20360000122,-0.0799999580359,0.160000016409,UNGUARDED_REFERENCE,false,false,MAX_ITERATIONS_UNCERTIFIED,NO_GUARDS_OR_FINAL_CERTIFICATION,800,true,false,0.748649193221,false,false,false,true,0,NaN,573917,-1118.00892721|4824.32645626|9.42477768627
39,VALID_CAMPAIGN,MICRO_MOTION,5861135293078955660,3,AUTO,1.20360001345,-0.0799995383945,0.160000180503,GUARDED_PRODUCTION,true,true,SUCCESS,NONE,1,true,true,4.50670040921e-07,false,false,false,false,0,NaN,27375,-0.132739332171|0.225034356563|5.34856144936e-08
39,VALID_CAMPAIGN,MICRO_MOTION,5861135293078955660,3,AUTO,1.20360001345,-0.0799995383945,0.160000180503,UNGUARDED_REFERENCE,false,false,MAX_ITERATIONS_UNCERTIFIED,NO_GUARDS_OR_FINAL_CERTIFICATION,800,true,false,1.27827111581,false,false,false,true,0,NaN,554000,-1100.92852416|4962.35308193|9.42477737206
40,VALID_CAMPAIGN,UNIFORM,-599256110020057549,3,AUTO,0.631585742314,0.199481739066,-0.0555151736991,GUARDED_PRODUCTION,true,true,SUCCESS,NONE,45,true,true,1.35373549774e-08,false,false,false,false,0,58.1725544296,228625,-0.800433913224|2.02328862829|-0.778850059238
40,VALID_CAMPAIGN,UNIFORM,-599256110020057549,3,AUTO,0.631585742314,0.199481739066,-0.0555151736991,UNGUARDED_REFERENCE,true,false,CONVERGED_UNCERTIFIED,NO_GUARDS_OR_FINAL_CERTIFICATION,13,true,false,5.05964299939e-08,false,true,false,true,0,NaN,13125,-1080.21021597|4944.59462917|10.2036281892
41,VALID_CAMPAIGN,NEAR_JOINT_LIMIT,6974023822150888342,3,AUTO,-0.459095454863,-0.145846762073,0.0217902565965,GUARDED_PRODUCTION,false,false,NO_CONVERGENCE,STAGNATION_WINDOW_EXCEEDED,67,true,true,0.489003387229,false,false,false,false,0,4.82844725832,329625,-3.14159265359|2.37713844122|-0.829850320028
41,VALID_CAMPAIGN,NEAR_JOINT_LIMIT,6974023822150888342,3,AUTO,-0.459095454863,-0.145846762073,0.0217902565965,UNGUARDED_REFERENCE,true,false,CONVERGED_UNCERTIFIED,NO_GUARDS_OR_FINAL_CERTIFICATION,9,true,false,1.90603396739e-09,false,true,false,true,0,NaN,10417,-1077.56628012|4934.67760454|9.89208991984
42,VALID_CAMPAIGN,NEAR_SINGULARITY,-9158766466668462043,3,AUTO,1.20360000122,-0.0799999580359,0.160000016409,GUARDED_PRODUCTION,true,true,SUCCESS,NONE,80,true,true,6.00774808681e-09,false,false,false,false,0,4.18617077118,400417,-0.132739384474|0.225034445193|5.34856139412e-08
42,VALID_CAMPAIGN,NEAR_SINGULARITY,-9158766466668462043,3,AUTO,1.20360000122,-0.0799999580359,0.160000016409,UNGUARDED_REFERENCE,false,false,MAX_ITERATIONS_UNCERTIFIED,NO_GUARDS_OR_FINAL_CERTIFICATION,800,true,false,1.07233702551,false,false,false,true,0,NaN,566292,-1061.08684776|5016.68141795|9.42477790788
43,VALID_CAMPAIGN,MICRO_MOTION,-5217905376235740156,3,AUTO,1.20360001345,-0.0799995383945,0.160000180503,GUARDED_PRODUCTION,true,true,SUCCESS,NONE,1,true,true,4.50607064914e-07,false,false,false,false,0,NaN,28334,-0.132739384474|0.225034445193|5.34856139412e-08
43,VALID_CAMPAIGN,MICRO_MOTION,-5217905376235740156,3,AUTO,1.20360001345,-0.0799995383945,0.160000180503,UNGUARDED_REFERENCE,false,false,MAX_ITERATIONS_UNCERTIFIED,NO_GUARDS_OR_FINAL_CERTIFICATION,800,true,false,1.64832326346,false,false,false,true,0,NaN,556209,-969.829843485|4548.57210970|9.42477737311
44,VALID_CAMPAIGN,UNIFORM,2514783489470783065,3,AUTO,0.811521221659,0.393396335734,-0.114988409082,GUARDED_PRODUCTION,true,true,SUCCESS,NONE,35,true,true,5.22386252069e-07,false,false,false,false,0,58.1725087947,296042,-0.0946736801260|1.18753204610|-1.11137892576
44,VALID_CAMPAIGN,UNIFORM,2514783489470783065,3,AUTO,0.811521221659,0.393396335734,-0.114988409082,UNGUARDED_REFERENCE,false,false,MAX_ITERATIONS_UNCERTIFIED,NO_GUARDS_OR_FINAL_CERTIFICATION,800,true,false,1.02322271850,false,false,false,true,0,NaN,518500,-968.258493575|4521.93981874|10.5359674355
45,VALID_CAMPAIGN,NEAR_JOINT_LIMIT,-7047852525652511837,3,AUTO,-0.348352548809,0.0303651238838,0.298209743404,GUARDED_PRODUCTION,false,false,NO_CONVERGENCE,STAGNATION_WINDOW_EXCEEDED,34,true,true,0.856485649008,false,false,false,false,0,13.3237238901,188916,-0.481045277349|2.37713844122|-1.20925189860
45,VALID_CAMPAIGN,NEAR_JOINT_LIMIT,-7047852525652511837,3,AUTO,-0.348352548809,0.0303651238838,0.298209743404,UNGUARDED_REFERENCE,true,false,CONVERGED_UNCERTIFIED,NO_GUARDS_OR_FINAL_CERTIFICATION,24,true,false,8.56255892648e-09,false,true,false,true,0,NaN,21209,-937.576876756|4445.98934504|6.75049728462
46,VALID_CAMPAIGN,NEAR_SINGULARITY,8210074130480068691,3,AUTO,1.20360000122,-0.0799999580359,0.160000016409,GUARDED_PRODUCTION,true,true,SUCCESS,NONE,59,true,true,2.27146543643e-08,false,false,false,false,0,7.19013484840,294000,-0.132739684367|0.225034953486|5.34856120634e-08
46,VALID_CAMPAIGN,NEAR_SINGULARITY,8210074130480068691,3,AUTO,1.20360000122,-0.0799999580359,0.160000016409,UNGUARDED_REFERENCE,true,false,CONVERGED_UNCERTIFIED,NO_GUARDS_OR_FINAL_CERTIFICATION,13,true,false,7.31344767086e-07,false,true,false,true,0,NaN,19750,-955.044153499|4473.62791642|6.28318536066
47,VALID_CAMPAIGN,MICRO_MOTION,-2916320770213183734,3,AUTO,1.20360001345,-0.0799995383945,0.160000180503,GUARDED_PRODUCTION,true,true,SUCCESS,NONE,1,true,true,4.50533351594e-07,false,false,false,false,0,NaN,27541,-0.132739684367|0.225034953486|5.34856120634e-08
47,VALID_CAMPAIGN,MICRO_MOTION,-2916320770213183734,3,AUTO,1.20360001345,-0.0799995383945,0.160000180503,UNGUARDED_REFERENCE,true,false,CONVERGED_UNCERTIFIED,NO_GUARDS_OR_FINAL_CERTIFICATION,1,true,false,8.44795099464e-07,false,true,false,true,0,NaN,4000,-955.044153499|4473.62791642|6.28318536066
48,VALID_CAMPAIGN,UNIFORM,4533922256457628070,3,AUTO,0.596362624429,-0.481751631512,0.424242903586,GUARDED_PRODUCTION,true,true,SUCCESS,NONE,45,true,true,3.67443662872e-07,false,false,false,false,0,58.1722454251,228917,-1.50274554649|1.66794374013|1.03779632821
48,VALID_CAMPAIGN,UNIFORM,4533922256457628070,3,AUTO,0.596362624429,-0.481751631512,0.424242903586,UNGUARDED_REFERENCE,false,false,MAX_ITERATIONS_UNCERTIFIED,NO_GUARDS_OR_FINAL_CERTIFICATION,800,true,false,1.03823411397,false,false,false,true,0,NaN,493125,-939.794828762|4458.88534817|7.32111681240
49,VALID_CAMPAIGN,NEAR_JOINT_LIMIT,4059534128500031231,3,AUTO,-0.348352552625,0.0303650801085,0.298209743404,GUARDED_PRODUCTION,false,false,NO_CONVERGENCE,STAGNATION_WINDOW_EXCEEDED,53,true,true,0.527785173513,false,false,false,false,0,8.12985551079,275083,-3.14159265359|2.37713844122|1.04492962080
49,VALID_CAMPAIGN,NEAR_JOINT_LIMIT,4059534128500031231,3,AUTO,-0.348352552625,0.0303650801085,0.298209743404,UNGUARDED_REFERENCE,true,false,CONVERGED_UNCERTIFIED,NO_GUARDS_OR_FINAL_CERTIFICATION,10,true,false,1.42487035945e-07,false,true,false,true,0,NaN,11041,-943.860061573|4458.55571537|6.75049733515
50,VALID_CAMPAIGN,NEAR_SINGULARITY,-8423440537284563582,3,AUTO,1.20360000122,-0.0799999580359,0.160000016409,GUARDED_PRODUCTION,true,true,SUCCESS,NONE,82,true,true,9.02842059466e-09,false,false,false,false,0,5.32635898166,405417,-0.132739438703|0.225034537095|5.34856136309e-08
50,VALID_CAMPAIGN,NEAR_SINGULARITY,-8423440537284563582,3,AUTO,1.20360000122,-0.0799999580359,0.160000016409,UNGUARDED_REFERENCE,true,false,CONVERGED_UNCERTIFIED,NO_GUARDS_OR_FINAL_CERTIFICATION,13,true,false,7.30592957175e-07,false,true,false,true,0,NaN,13000,-961.327338820|4486.19428705|6.28318536066
51,VALID_CAMPAIGN,MICRO_MOTION,4755433360220545684,3,AUTO,1.20360001345,-0.0799995383945,0.160000180503,GUARDED_PRODUCTION,true,true,SUCCESS,NONE,1,true,true,4.50556039147e-07,false,false,false,false,0,NaN,32167,-0.132739438703|0.225034537095|5.34856136309e-08
51,VALID_CAMPAIGN,MICRO_MOTION,4755433360220545684,3,AUTO,1.20360001345,-0.0799995383945,0.160000180503,UNGUARDED_REFERENCE,true,false,CONVERGED_UNCERTIFIED,NO_GUARDS_OR_FINAL_CERTIFICATION,1,true,false,8.44157956300e-07,false,true,false,true,0,NaN,4041,-961.327338820|4486.19428705|6.28318536066
52,VALID_CAMPAIGN,UNIFORM,5040195883166112916,3,AUTO,-0.644811149045,0.655868513105,0.214998767015,GUARDED_PRODUCTION,true,true,SUCCESS,NONE,74,true,true,9.36401705503e-09,false,false,false,false,0,58.1724610660,389834,1.48208046403|1.54149956625|0.180240175336
52,VALID_CAMPAIGN,UNIFORM,5040195883166112916,3,AUTO,-0.644811149045,0.655868513105,0.214998767015,UNGUARDED_REFERENCE,true,false,CONVERGED_UNCERTIFIED,NO_GUARDS_OR_FINAL_CERTIFICATION,8,true,false,3.57762201064e-10,false,true,false,true,0,NaN,9625,-909.579789059|4406.05439988|6.46342548289
53,VALID_CAMPAIGN,NEAR_JOINT_LIMIT,6897381662205464746,3,AUTO,-0.348352552625,0.0303650801085,0.0217902565965,GUARDED_PRODUCTION,false,false,NO_CONVERGENCE,STAGNATION_WINDOW_EXCEEDED,27,true,true,0.294216859316,false,false,false,false,0,4.37593554232,150083,1.06526051882|2.37713844122|-0.315074290197
53,VALID_CAMPAIGN,NEAR_JOINT_LIMIT,6897381662205464746,3,AUTO,-0.348352552625,0.0303650801085,0.0217902565965,UNGUARDED_REFERENCE,true,false,CONVERGED_UNCERTIFIED,NO_GUARDS_OR_FINAL_CERTIFICATION,7,true,false,9.98295495008e-09,false,true,false,true,0,NaN,8458,-912.444135342|4408.29023317|5.81587336471
54,VALID_CAMPAIGN,NEAR_SINGULARITY,6152091040077898502,3,AUTO,1.20360000122,-0.0799999580359,0.160000016409,GUARDED_PRODUCTION,true,true,SUCCESS,NONE,83,true,true,7.21486528261e-09,false,false,false,false,0,3.03768391680,399833,-0.132739406146|0.225034481919|5.34856138431e-08
54,VALID_CAMPAIGN,NEAR_SINGULARITY,6152091040077898502,3,AUTO,1.20360000122,-0.0799999580359,0.160000016409,UNGUARDED_REFERENCE,true,false,CONVERGED_UNCERTIFIED,NO_GUARDS_OR_FINAL_CERTIFICATION,13,true,false,7.32172040702e-07,false,true,false,true,0,NaN,12833,-929.911412256|4435.92880455|6.28318536066
55,VALID_CAMPAIGN,MICRO_MOTION,4425260273545837914,3,AUTO,1.20360001345,-0.0799995383945,0.160000180503,GUARDED_PRODUCTION,true,true,SUCCESS,NONE,1,true,true,4.50584851948e-07,false,false,false,false,0,NaN,26459,-0.132739406146|0.225034481919|5.34856138431e-08
55,VALID_CAMPAIGN,MICRO_MOTION,4425260273545837914,3,AUTO,1.20360001345,-0.0799995383945,0.160000180503,UNGUARDED_REFERENCE,true,false,CONVERGED_UNCERTIFIED,NO_GUARDS_OR_FINAL_CERTIFICATION,1,true,false,8.45496475642e-07,false,true,false,true,0,NaN,4125,-929.911412256|4435.92880455|6.28318536066
56,VALID_CAMPAIGN,UNIFORM,-282924682911273218,3,AUTO,0.187769831414,1.11685277812,0.360393117934,GUARDED_PRODUCTION,true,true,SUCCESS,NONE,54,true,true,4.62773341087e-09,false,false,false,false,0,58.1724896179,268875,1.34362024757|0.233255279951|0.711765737493
56,VALID_CAMPAIGN,UNIFORM,-282924682911273218,3,AUTO,0.187769831414,1.11685277812,0.360393117934,UNGUARDED_REFERENCE,true,false,CONVERGED_UNCERTIFIED,NO_GUARDS_OR_FINAL_CERTIFICATION,10,true,false,2.20784191951e-07,false,true,false,true,0,NaN,10833,-909.597024501|4404.53086611|6.99495045257
57,VALID_CAMPAIGN,NEAR_JOINT_LIMIT,5012980765507580795,3,AUTO,-0.348352548809,0.0303651238838,0.0217902565965,GUARDED_PRODUCTION,false,false,NO_CONVERGENCE,STAGNATION_WINDOW_EXCEEDED,127,true,true,0.306874207073,false,false,false,false,0,77.4818502074,596000,2.79142328415|2.37713844122|2.67428074637
57,VALID_CAMPAIGN,NEAR_JOINT_LIMIT,5012980765507580795,3,AUTO,-0.348352548809,0.0303651238838,0.0217902565965,UNGUARDED_REFERENCE,true,false,CONVERGED_UNCERTIFIED,NO_GUARDS_OR_FINAL_CERTIFICATION,9,true,false,2.55108701003e-10,false,true,false,true,0,NaN,10084,-881.028208964|4358.02475074|5.81587334687
58,VALID_CAMPAIGN,NEAR_SINGULARITY,2704946883738765574,3,AUTO,1.20360000122,-0.0799999580359,0.160000016409,GUARDED_PRODUCTION,false,false,NO_CONVERGENCE,STAGNATION_WINDOW_EXCEEDED,549,true,true,1.32863498131,false,false,false,false,0,4.53004338824,2363667,3.14159265359|2.37713844122|0.000105927906005
58,VALID_CAMPAIGN,NEAR_SINGULARITY,2704946883738765574,3,AUTO,1.20360000122,-0.0799999580359,0.160000016409,UNGUARDED_REFERENCE,true,false,CONVERGED_UNCERTIFIED,NO_GUARDS_OR_FINAL_CERTIFICATION,13,true,false,7.32147157347e-07,false,true,false,true,0,NaN,12584,-898.495485720|4385.66332209|6.28318536066
59,VALID_CAMPAIGN,MICRO_MOTION,7966729123901133483,3,AUTO,1.20360001345,-0.0799995383945,0.160000180503,GUARDED_PRODUCTION,false,false,NO_CONVERGENCE,STAGNATION_WINDOW_EXCEEDED,13,true,true,1.32863513999,false,false,false,false,0,2.73311943537,78208,3.14159265359|2.37713844122|7.91625482630e-05
59,VALID_CAMPAIGN,MICRO_MOTION,7966729123901133483,3,AUTO,1.20360001345,-0.0799995383945,0.160000180503,UNGUARDED_REFERENCE,true,false,CONVERGED_UNCERTIFIED,NO_GUARDS_OR_FINAL_CERTIFICATION,1,true,false,8.45475639415e-07,false,true,false,true,0,NaN,4209,-898.495485720|4385.66332209|6.28318536066
60,VALID_CAMPAIGN,UNIFORM,1239808057571884434,3,AUTO,0.301793171546,-0.850667536031,0.258116861380,GUARDED_PRODUCTION,false,false,NO_CONVERGENCE,STAGNATION_WINDOW_EXCEEDED,7,true,true,0.491143929104,false,false,false,false,0,2.73311940715,56375,3.14159265359|2.24843631583|0.0789402414216
60,VALID_CAMPAIGN,UNIFORM,1239808057571884434,3,AUTO,0.301793171546,-0.850667536031,0.258116861380,UNGUARDED_REFERENCE,true,false,CONVERGED_UNCERTIFIED,NO_GUARDS_OR_FINAL_CERTIFICATION,13,true,false,8.70355621484e-10,false,true,false,true,0,NaN,13042,-906.881019685|4349.52818672|6.60871134278
61,VALID_CAMPAIGN,NEAR_JOINT_LIMIT,-6752579995691788801,3,AUTO,-0.348352548809,0.0303651238838,0.298209743404,GUARDED_PRODUCTION,false,false,NO_CONVERGENCE,STAGNATION_WINDOW_EXCEEDED,41,true,true,0.197095145746,false,false,false,false,1,2.93682293072,208375,1.42041659448|2.37713844122|0.441338495793
61,VALID_CAMPAIGN,NEAR_JOINT_LIMIT,-6752579995691788801,3,AUTO,-0.348352548809,0.0303651238838,0.298209743404,UNGUARDED_REFERENCE,false,false,MAX_ITERATIONS_UNCERTIFIED,NO_GUARDS_OR_FINAL_CERTIFICATION,800,true,false,0.782375587427,false,false,false,true,0,NaN,536834,-907.038182276|4350.46087922|6.75067908487
62,VALID_CAMPAIGN,NEAR_SINGULARITY,-2523653854783660143,3,AUTO,1.20360000122,-0.0799999580359,0.160000016409,GUARDED_PRODUCTION,true,true,SUCCESS,NONE,94,true,true,9.32702241854e-09,false,false,false,false,0,3.23278815268,500250,-0.132739444064|0.225034546179|5.34856263404e-08
62,VALID_CAMPAIGN,NEAR_SINGULARITY,-2523653854783660143,3,AUTO,1.20360000122,-0.0799999580359,0.160000016409,UNGUARDED_REFERENCE,true,false,CONVERGED_UNCERTIFIED,NO_GUARDS_OR_FINAL_CERTIFICATION,10,true,false,6.84969464759e-07,false,true,false,true,0,NaN,11250,-904.911435807|4348.18928767|6.28318536066
63,VALID_CAMPAIGN,MICRO_MOTION,1075606943594103202,3,AUTO,1.20360001345,-0.0799995383945,0.160000180503,GUARDED_PRODUCTION,true,true,SUCCESS,NONE,1,true,true,4.50551829099e-07,false,false,false,false,0,NaN,34125,-0.132739444064|0.225034546179|5.34856263404e-08
63,VALID_CAMPAIGN,MICRO_MOTION,1075606943594103202,3,AUTO,1.20360001345,-0.0799995383945,0.160000180503,UNGUARDED_REFERENCE,true,false,CONVERGED_UNCERTIFIED,NO_GUARDS_OR_FINAL_CERTIFICATION,1,true,false,8.07782390917e-07,false,true,false,true,0,NaN,5333,-904.911435807|4348.18928767|6.28318536066
64,VALID_CAMPAIGN,UNIFORM,-3537050836288407333,3,AUTO,0.611525090632,0.280069459479,0.465251087752,GUARDED_PRODUCTION,true,true,SUCCESS,NONE,50,true,true,1.03140075390e-07,false,false,false,false,0,58.1724565199,270542,-0.281874242427|1.72229297161|1.47026585939
64,VALID_CAMPAIGN,UNIFORM,-3537050836288407333,3,AUTO,0.611525090632,0.280069459479,0.465251087752,UNGUARDED_REFERENCE,true,false,CONVERGED_UNCERTIFIED,NO_GUARDS_OR_FINAL_CERTIFICATION,10,true,false,7.09305077010e-08,false,true,false,true,0,NaN,11042,-909.921046751|4352.89135492|7.75345212949
65,VALID_CAMPAIGN,NEAR_JOINT_LIMIT,782744189075833553,3,AUTO,-0.348352548809,0.0303651238838,0.298209743404,GUARDED_PRODUCTION,false,false,NO_CONVERGENCE,STAGNATION_WINDOW_EXCEEDED,528,true,true,0.132100890698,false,false,false,false,0,35.7453384204,2699500,2.72363471943|2.37713844122|2.67041779925
65,VALID_CAMPAIGN,NEAR_JOINT_LIMIT,782744189075833553,3,AUTO,-0.348352548809,0.0303651238838,0.298209743404,UNGUARDED_REFERENCE,true,false,CONVERGED_UNCERTIFIED,NO_GUARDS_OR_FINAL_CERTIFICATION,16,true,false,5.18000933243e-08,false,true,false,true,0,NaN,25583,-907.920276405|4364.43665136|2.67428063241
66,VALID_CAMPAIGN,NEAR_SINGULARITY,-5231991464678263347,3,AUTO,1.20360000122,-0.0799999580359,0.160000016409,GUARDED_PRODUCTION,true,true,SUCCESS_WITH_WARNING,NEAR_SINGULARITY_WARNING,195,true,true,5.98478022809e-07,false,false,false,false,0,4.51879038321,1056792,-0.132750011810|0.225052467474|5.55216404792e-08
66,VALID_CAMPAIGN,NEAR_SINGULARITY,-5231991464678263347,3,AUTO,1.20360000122,-0.0799999580359,0.160000016409,UNGUARDED_REFERENCE,false,false,MAX_ITERATIONS_UNCERTIFIED,NO_GUARDS_OR_FINAL_CERTIFICATION,800,true,false,1.51997121678,false,false,false,true,0,NaN,607084,-1015.39901246|4138.36273197|3.14159196074
67,VALID_CAMPAIGN,MICRO_MOTION,8354124576186272640,3,AUTO,1.20360001345,-0.0799995383945,0.160000180503,GUARDED_PRODUCTION,true,true,SUCCESS,NONE,1,true,true,7.31941597371e-07,false,false,false,false,0,NaN,30833,-0.132750011810|0.225052467474|5.55216404792e-08
67,VALID_CAMPAIGN,MICRO_MOTION,8354124576186272640,3,AUTO,1.20360001345,-0.0799995383945,0.160000180503,UNGUARDED_REFERENCE,false,false,MAX_ITERATIONS_UNCERTIFIED,NO_GUARDS_OR_FINAL_CERTIFICATION,800,true,false,1.57580799391,false,false,false,true,0,NaN,601917,-864.124620892|3755.05033465|3.14159207074
68,VALID_CAMPAIGN,UNIFORM,5024214039380649894,3,AUTO,-0.134837001952,-0.604314597607,-0.0745030014758,GUARDED_PRODUCTION,true,true,SUCCESS,NONE,70,true,true,1.52993525293e-11,false,false,false,false,0,58.1631784526,414333,-2.91687347531|2.09307463823|-0.870034795687
68,VALID_CAMPAIGN,UNIFORM,5024214039380649894,3,AUTO,-0.134837001952,-0.604314597607,-0.0745030014758,UNGUARDED_REFERENCE,true,false,CONVERGED_UNCERTIFIED,NO_GUARDS_OR_FINAL_CERTIFICATION,14,true,false,9.50569920895e-07,false,true,false,true,0,NaN,17041,-837.780818531|3633.19823725|4.01162830457
69,VALID_CAMPAIGN,NEAR_JOINT_LIMIT,5351397285926954480,3,AUTO,-0.459095454863,-0.145846762073,0.298209743404,GUARDED_PRODUCTION,false,false,NO_CONVERGENCE,STAGNATION_WINDOW_EXCEEDED,13,true,true,0.612719299175,false,false,false,false,0,5.05463030615,96125,-3.14159265359|2.36915031356|-0.532339334856
69,VALID_CAMPAIGN,NEAR_JOINT_LIMIT,5351397285926954480,3,AUTO,-0.459095454863,-0.145846762073,0.298209743404,UNGUARDED_REFERENCE,true,false,CONVERGED_UNCERTIFIED,NO_GUARDS_OR_FINAL_CERTIFICATION,17,true,false,6.97678565266e-09,false,true,false,true,0,NaN,18542,-889.070720903|3659.19098722|2.67428069878
70,VALID_CAMPAIGN,NEAR_SINGULARITY,7818079290672490269,3,AUTO,1.20360000122,-0.0799999580359,0.160000016409,GUARDED_PRODUCTION,true,true,SUCCESS,NONE,79,true,true,2.87314784543e-08,false,false,false,false,0,3.40732294951,450625,-0.132739792352|0.225035136541|5.34855996380e-08
70,VALID_CAMPAIGN,NEAR_SINGULARITY,7818079290672490269,3,AUTO,1.20360000122,-0.0799999580359,0.160000016409,UNGUARDED_REFERENCE,false,false,MAX_ITERATIONS_UNCERTIFIED,NO_GUARDS_OR_FINAL_CERTIFICATION,800,true,false,1.09960160619,false,false,false,true,0,NaN,593375,-968.647218719|3782.25703584|3.14159260119
71,VALID_CAMPAIGN,MICRO_MOTION,-3244933771311149554,3,AUTO,1.20360001345,-0.0799995383945,0.160000180503,GUARDED_PRODUCTION,true,true,SUCCESS,NONE,1,true,true,4.50639687199e-07,false,false,false,false,0,NaN,31292,-0.132739792352|0.225035136541|5.34855996380e-08
71,VALID_CAMPAIGN,MICRO_MOTION,-3244933771311149554,3,AUTO,1.20360001345,-0.0799995383945,0.160000180503,UNGUARDED_REFERENCE,false,false,MAX_ITERATIONS_UNCERTIFIED,NO_GUARDS_OR_FINAL_CERTIFICATION,800,true,false,1.17391179636,false,false,false,true,0,NaN,605292,-774.178497796|4835.75892694|3.14159205932
72,VALID_CAMPAIGN,UNIFORM,-3829539085834760765,3,AUTO,-0.366394666492,0.937904898178,-0.127492526930,GUARDED_PRODUCTION,true,true,SUCCESS,NONE,77,true,true,5.48490948121e-08,false,false,false,false,0,58.1721505976,402584,1.86153571224|0.316448324351|-1.21413592709
72,VALID_CAMPAIGN,UNIFORM,-3829539085834760765,3,AUTO,-0.366394666492,0.937904898178,-0.127492526930,UNGUARDED_REFERENCE,false,false,MAX_ITERATIONS_UNCERTIFIED,NO_GUARDS_OR_FINAL_CERTIFICATION,800,true,false,1.15795173765,false,false,false,true,0,NaN,610125,-809.603002401|4786.60624348|4.35570097556
73,VALID_CAMPAIGN,NEAR_JOINT_LIMIT,1607391455027096046,3,AUTO,-0.348352548809,0.0303651238838,0.0217902565965,GUARDED_PRODUCTION,false,false,NO_CONVERGENCE,STAGNATION_WINDOW_EXCEEDED,448,true,true,0.132100890701,false,false,false,false,0,106.611817951,2240833,2.72363471940|2.37713844122|-2.67041779929
73,VALID_CAMPAIGN,NEAR_JOINT_LIMIT,1607391455027096046,3,AUTO,-0.348352548809,0.0303651238838,0.0217902565965,UNGUARDED_REFERENCE,true,false,CONVERGED_UNCERTIFIED,NO_GUARDS_OR_FINAL_CERTIFICATION,10,true,false,8.71856379106e-08,false,true,false,true,0,NaN,14958,-807.563208879|4785.00332868|3.60890474920
74,VALID_CAMPAIGN,NEAR_SINGULARITY,-6838378221015170631,3,AUTO,1.20360000122,-0.0799999580359,0.160000016409,GUARDED_PRODUCTION,true,true,SUCCESS_WITH_WARNING,NEAR_SINGULARITY_WARNING,195,true,true,5.98507654896e-07,false,false,false,false,0,4.51879038449,1004166,-0.132750012341|0.225052468375|5.14494613091e-08
74,VALID_CAMPAIGN,NEAR_SINGULARITY,-6838378221015170631,3,AUTO,1.20360000122,-0.0799999580359,0.160000016409,UNGUARDED_REFERENCE,false,false,MAX_ITERATIONS_UNCERTIFIED,NO_GUARDS_OR_FINAL_CERTIFICATION,800,true,false,0.710118259186,false,false,false,true,0,NaN,602917,-621.530859765|5107.95839619|3.14159259894
75,VALID_CAMPAIGN,MICRO_MOTION,6284366184976895886,3,AUTO,1.20360001345,-0.0799995383945,0.160000180503,GUARDED_PRODUCTION,true,true,SUCCESS,NONE,1,true,true,7.32244953349e-07,false,false,false,false,0,NaN,27041,-0.132750012341|0.225052468375|5.14494613091e-08
75,VALID_CAMPAIGN,MICRO_MOTION,6284366184976895886,3,AUTO,1.20360001345,-0.0799995383945,0.160000180503,UNGUARDED_REFERENCE,false,false,MAX_ITERATIONS_UNCERTIFIED,NO_GUARDS_OR_FINAL_CERTIFICATION,800,true,false,1.27681485997,false,false,false,true,0,NaN,2576125,-382.060239993|5582.08745419|3.14159206517
76,VALID_CAMPAIGN,UNIFORM,5094185541427852976,3,AUTO,0.370620746181,0.868214113511,0.430651401557,GUARDED_PRODUCTION,true,true,SUCCESS,NONE,43,true,true,3.37674262291e-08,false,false,false,false,0,58.1631782542,284625,0.693496690856|1.04191490304|1.08046170655
76,VALID_CAMPAIGN,UNIFORM,5094185541427852976,3,AUTO,0.370620746181,0.868214113511,0.430651401557,UNGUARDED_REFERENCE,true,false,CONVERGED_UNCERTIFIED,NO_GUARDS_OR_FINAL_CERTIFICATION,27,true,false,5.33422888911e-07,false,true,false,true,0,NaN,24833,-370.014438553|5542.81135944|7.36364535040
77,VALID_CAMPAIGN,NEAR_JOINT_LIMIT,3861958202349015294,3,AUTO,-0.459095473190,-0.145846704381,0.298209743404,GUARDED_PRODUCTION,true,true,SUCCESS,NONE,83,true,true,2.85338190003e-08,false,false,false,false,0,14.5423966874,408250,3.14159265359|2.37713844122|2.67428074637
77,VALID_CAMPAIGN,NEAR_JOINT_LIMIT,3861958202349015294,3,AUTO,-0.459095473190,-0.145846704381,0.298209743404,UNGUARDED_REFERENCE,false,false,MAX_ITERATIONS_UNCERTIFIED,NO_GUARDS_OR_FINAL_CERTIFICATION,800,true,false,0.991140986192,false,false,false,true,0,NaN,558834,-374.616700530|5552.28117927|6.75067414803
78,VALID_CAMPAIGN,NEAR_SINGULARITY,-8966212463575375540,3,AUTO,1.20360000122,-0.0799999580359,0.160000016409,GUARDED_PRODUCTION,false,false,NO_CONVERGENCE,STAGNATION_WINDOW_EXCEEDED,540,true,true,1.32863498132,false,false,false,false,0,4.53004347000,2308584,3.14159265359|2.37713844122|0.000106753466469
78,VALID_CAMPAIGN,NEAR_SINGULARITY,-8966212463575375540,3,AUTO,1.20360000122,-0.0799999580359,0.160000016409,UNGUARDED_REFERENCE,true,false,CONVERGED_UNCERTIFIED,NO_GUARDS_OR_FINAL_CERTIFICATION,11,true,false,2.42045579352e-08,false,true,false,true,0,NaN,15125,-376.991117933|5554.33581076|6.28318536067
79,VALID_CAMPAIGN,MICRO_MOTION,-3288926888018285843,3,AUTO,1.20360001345,-0.0799995383945,0.160000180503,GUARDED_PRODUCTION,false,false,NO_CONVERGENCE,STAGNATION_WINDOW_EXCEEDED,13,true,true,1.32863514000,false,false,false,false,0,2.73311943646,77750,3.14159265359|2.37713844122|7.97784468925e-05
79,VALID_CAMPAIGN,MICRO_MOTION,-3288926888018285843,3,AUTO,1.20360001345,-0.0799995383945,0.160000180503,UNGUARDED_REFERENCE,true,false,CONVERGED_UNCERTIFIED,NO_GUARDS_OR_FINAL_CERTIFICATION,1,true,false,4.50401858954e-07,false,true,false,true,0,NaN,4208,-376.991117933|5554.33581076|6.28318536067
80,VALID_CAMPAIGN,UNIFORM,-5650171410335412989,3,AUTO,-0.815242475047,0.170506811479,0.456068290281,GUARDED_PRODUCTION,true,true,SUCCESS,NONE,50,true,true,8.49600921226e-09,false,false,false,false,0,2.73311940767,256917,2.37881369076|1.28721812021|1.30552148030
80,VALID_CAMPAIGN,UNIFORM,-5650171410335412989,3,AUTO,-0.815242475047,0.170506811479,0.456068290281,UNGUARDED_REFERENCE,false,false,MAX_ITERATIONS_UNCERTIFIED,NO_GUARDS_OR_FINAL_CERTIFICATION,800,true,false,1.15741391340,false,false,false,true,0,NaN,474459,-343.575225789|5496.38240200|7.59274506500
81,VALID_CAMPAIGN,NEAR_JOINT_LIMIT,-4105415004510973268,3,AUTO,-0.348352552625,0.0303650801085,0.298209743404,GUARDED_PRODUCTION,false,false,NO_CONVERGENCE,STAGNATION_WINDOW_EXCEEDED,36,true,true,0.182554229038,false,false,false,false,3,19.9890056504,197583,1.48590295765|2.37713844122|0.647538259608
81,VALID_CAMPAIGN,NEAR_JOINT_LIMIT,-4105415004510973268,3,AUTO,-0.348352552625,0.0303650801085,0.298209743404,UNGUARDED_REFERENCE,false,false,MAX_ITERATIONS_UNCERTIFIED,NO_GUARDS_OR_FINAL_CERTIFICATION,800,true,false,0.782375835698,false,false,false,true,0,NaN,480292,-324.640060065|5464.11046508|6.75066186652
82,VALID_CAMPAIGN,NEAR_SINGULARITY,-3614700756289212988,3,AUTO,1.20360000122,-0.0799999580359,0.160000016409,GUARDED_PRODUCTION,true,true,SUCCESS,NONE,97,true,true,2.39002117709e-08,false,false,false,false,0,3.64519541879,452917,-0.132739705645|0.225034989555|5.34856450504e-08
82,VALID_CAMPAIGN,NEAR_SINGULARITY,-3614700756289212988,3,AUTO,1.20360000122,-0.0799999580359,0.160000016409,UNGUARDED_REFERENCE,true,false,CONVERGED_UNCERTIFIED,NO_GUARDS_OR_FINAL_CERTIFICATION,10,true,false,4.63449923215e-07,false,true,false,true,0,NaN,10667,-326.725627590|5466.37120310|6.28318536066
83,VALID_CAMPAIGN,MICRO_MOTION,-2457523777430941458,3,AUTO,1.20360001345,-0.0799995383945,0.160000180503,GUARDED_PRODUCTION,true,true,SUCCESS,NONE,1,true,true,4.50548478303e-07,false,false,false,false,0,NaN,29167,-0.132739705645|0.225034989555|5.34856450504e-08
83,VALID_CAMPAIGN,MICRO_MOTION,-2457523777430941458,3,AUTO,1.20360001345,-0.0799995383945,0.160000180503,UNGUARDED_REFERENCE,true,false,CONVERGED_UNCERTIFIED,NO_GUARDS_OR_FINAL_CERTIFICATION,1,true,false,6.34018819567e-07,false,true,false,true,0,NaN,3875,-326.725627590|5466.37120310|6.28318536066
84,VALID_CAMPAIGN,UNIFORM,353424144720508020,3,AUTO,0.368001094907,0.122856149182,0.405294591349,GUARDED_PRODUCTION,false,false,NO_CONVERGENCE,STAGNATION_WINDOW_EXCEEDED,58,true,true,0.118979498484,false,false,false,false,0,58.1722268393,277125,-1.15295222617|2.37713844122|0.907507997996
84,VALID_CAMPAIGN,UNIFORM,353424144720508020,3,AUTO,0.368001094907,0.122856149182,0.405294591349,UNGUARDED_REFERENCE,true,false,CONVERGED_UNCERTIFIED,NO_GUARDS_OR_FINAL_CERTIFICATION,7,true,false,3.73233319678e-09,false,true,false,true,0,NaN,8250,-302.719061101|5424.95656783|7.20969100440
85,VALID_CAMPAIGN,NEAR_JOINT_LIMIT,4405586574157207129,3,AUTO,-0.348352552625,0.0303650801085,0.0217902565965,GUARDED_PRODUCTION,false,false,NO_CONVERGENCE,STAGNATION_WINDOW_EXCEEDED,7,true,true,0.916441054646,false,false,false,false,0,4.50826644685,81875,-1.33436186456|2.37713844122|0.809064439010
85,VALID_CAMPAIGN,NEAR_JOINT_LIMIT,4405586574157207129,3,AUTO,-0.348352552625,0.0303650801085,0.0217902565965,UNGUARDED_REFERENCE,true,false,CONVERGED_UNCERTIFIED,NO_GUARDS_OR_FINAL_CERTIFICATION,22,true,false,8.67793603451e-07,false,true,false,true,0,NaN,19750,-218.703113335|5274.33422505|5.81587356436
86,VALID_CAMPAIGN,NEAR_SINGULARITY,791018347757398812,3,AUTO,1.20360000122,-0.0799999580359,0.160000016409,GUARDED_PRODUCTION,true,true,SUCCESS,NONE,55,true,true,3.95937049878e-08,false,false,false,false,0,4.11144108689,262000,-0.132739987284|0.225035467008|5.34856106463e-08
86,VALID_CAMPAIGN,NEAR_SINGULARITY,791018347757398812,3,AUTO,1.20360000122,-0.0799999580359,0.160000016409,UNGUARDED_REFERENCE,true,false,CONVERGED_UNCERTIFIED,NO_GUARDS_OR_FINAL_CERTIFICATION,16,true,false,3.35618410898e-08,false,true,false,true,0,NaN,14334,-232.610596245|5303.23343454|6.28318536067
87,VALID_CAMPAIGN,MICRO_MOTION,-7858746557929326313,3,AUTO,1.20360001345,-0.0799995383945,0.160000180503,GUARDED_PRODUCTION,true,true,SUCCESS,NONE,1,true,true,4.51019647285e-07,false,false,false,false,0,NaN,23875,-0.132739987284|0.225035467008|5.34856106463e-08
87,VALID_CAMPAIGN,MICRO_MOTION,-7858746557929326313,3,AUTO,1.20360001345,-0.0799995383945,0.160000180503,UNGUARDED_REFERENCE,true,false,CONVERGED_UNCERTIFIED,NO_GUARDS_OR_FINAL_CERTIFICATION,1,true,false,4.51054336928e-07,false,true,false,true,0,NaN,3667,-232.610596245|5303.23343454|6.28318536067
88,VALID_CAMPAIGN,UNIFORM,-9044781295550081815,3,AUTO,0.891596390327,-0.511430880749,0.258811574932,GUARDED_PRODUCTION,true,true,SUCCESS,NONE,30,true,true,1.53589727520e-10,false,false,false,false,0,58.1719796842,151125,-1.16054197225|1.19380136489|0.327916900164
88,VALID_CAMPAIGN,UNIFORM,-9044781295550081815,3,AUTO,0.891596390327,-0.511430880749,0.258811574932,UNGUARDED_REFERENCE,true,false,CONVERGED_UNCERTIFIED,NO_GUARDS_OR_FINAL_CERTIFICATION,13,true,false,1.97025944133e-08,false,true,false,true,0,NaN,12208,-239.921583689|5310.48538600|6.61110219291
89,VALID_CAMPAIGN,NEAR_JOINT_LIMIT,-2679240601557803607,3,AUTO,-0.348352552625,0.0303650801085,0.298209743404,GUARDED_PRODUCTION,false,false,NO_CONVERGENCE,STAGNATION_WINDOW_EXCEEDED,595,true,true,0.605820638303,false,false,false,false,0,6.17813444079,2542916,-3.14159265359|2.37713844122|0.598273580284
89,VALID_CAMPAIGN,NEAR_JOINT_LIMIT,-2679240601557803607,3,AUTO,-0.348352552625,0.0303650801085,0.298209743404,UNGUARDED_REFERENCE,true,false,CONVERGED_UNCERTIFIED,NO_GUARDS_OR_FINAL_CERTIFICATION,11,true,false,1.26963135108e-08,false,true,false,true,0,NaN,11500,-240.143307455|5319.35210271|6.75049725376
90,VALID_CAMPAIGN,NEAR_SINGULARITY,-8316331282190221898,3,AUTO,1.20360000122,-0.0799999580359,0.160000016409,GUARDED_PRODUCTION,true,true,SUCCESS,NONE,78,true,true,1.63741533345e-08,false,false,false,false,0,3.53264521643,379292,-0.132739570564|0.225034760582|5.34856127199e-08
90,VALID_CAMPAIGN,NEAR_SINGULARITY,-8316331282190221898,3,AUTO,1.20360000122,-0.0799999580359,0.160000016409,UNGUARDED_REFERENCE,true,false,CONVERGED_UNCERTIFIED,NO_GUARDS_OR_FINAL_CERTIFICATION,13,true,false,7.31371199193e-07,false,true,false,true,0,NaN,12916,-257.610584402|5346.99067411|6.28318536066
91,VALID_CAMPAIGN,MICRO_MOTION,6990183427201821689,3,AUTO,1.20360001345,-0.0799995383945,0.160000180503,GUARDED_PRODUCTION,true,true,SUCCESS,NONE,1,true,true,4.50499500795e-07,false,false,false,false,0,NaN,119667,-0.132739570564|0.225034760582|5.34856127199e-08
91,VALID_CAMPAIGN,MICRO_MOTION,6990183427201821689,3,AUTO,1.20360001345,-0.0799995383945,0.160000180503,UNGUARDED_REFERENCE,true,false,CONVERGED_UNCERTIFIED,NO_GUARDS_OR_FINAL_CERTIFICATION,1,true,false,8.44817634298e-07,false,true,false,true,0,NaN,8458,-257.610584402|5346.99067411|6.28318536066
92,VALID_CAMPAIGN,UNIFORM,3227029544853278686,3,AUTO,-0.699082450878,-0.343769240443,0.0767098432477,GUARDED_PRODUCTION,false,false,NO_CONVERGENCE,STAGNATION_WINDOW_EXCEEDED,78,true,true,0.662285597975,false,false,false,false,0,58.1723452814,421625,-3.14159265359|2.37713844122|-0.474472260449
92,VALID_CAMPAIGN,UNIFORM,3227029544853278686,3,AUTO,-0.699082450878,-0.343769240443,0.0767098432477,UNGUARDED_REFERENCE,true,false,CONVERGED_UNCERTIFIED,NO_GUARDS_OR_FINAL_CERTIFICATION,6,true,false,1.70280801639e-10,false,true,false,true,0,NaN,9708,-234.078148695|5307.64665791|6.00825454283
93,VALID_CAMPAIGN,NEAR_JOINT_LIMIT,2890277041489690279,3,AUTO,-0.348352548809,0.0303651238838,0.0217902565965,GUARDED_PRODUCTION,false,false,NO_CONVERGENCE,STAGNATION_WINDOW_EXCEEDED,671,true,true,0.605820671420,false,false,false,false,0,3.28998978945,3029375,-3.14159265359|2.37713844122|-0.598273609298
93,VALID_CAMPAIGN,NEAR_JOINT_LIMIT,2890277041489690279,3,AUTO,-0.348352548809,0.0303651238838,0.0217902565965,UNGUARDED_REFERENCE,true,false,CONVERGED_UNCERTIFIED,NO_GUARDS_OR_FINAL_CERTIFICATION,6,true,false,3.68299224462e-10,false,true,false,true,0,NaN,10834,-233.860122324|5306.78573212|5.81587334710
94,VALID_CAMPAIGN,NEAR_SINGULARITY,-7151307276701400830,3,AUTO,1.20360000122,-0.0799999580359,0.160000016409,GUARDED_PRODUCTION,true,true,SUCCESS,NONE,78,true,true,1.63741922346e-08,false,false,false,false,0,3.53264527958,387042,-0.132739570564|0.225034760584|5.34856127464e-08
94,VALID_CAMPAIGN,NEAR_SINGULARITY,-7151307276701400830,3,AUTO,1.20360000122,-0.0799999580359,0.160000016409,UNGUARDED_REFERENCE,true,false,CONVERGED_UNCERTIFIED,NO_GUARDS_OR_FINAL_CERTIFICATION,13,true,false,7.32146539739e-07,false,true,false,true,0,NaN,13708,-251.327399081|5334.42430348|6.28318536066
95,VALID_CAMPAIGN,MICRO_MOTION,-9192612415056402096,3,AUTO,1.20360001345,-0.0799995383945,0.160000180503,GUARDED_PRODUCTION,true,true,SUCCESS,NONE,1,true,true,4.50499501480e-07,false,false,false,false,0,NaN,25167,-0.132739570564|0.225034760584|5.34856127464e-08
95,VALID_CAMPAIGN,MICRO_MOTION,-9192612415056402096,3,AUTO,1.20360001345,-0.0799995383945,0.160000180503,UNGUARDED_REFERENCE,true,false,CONVERGED_UNCERTIFIED,NO_GUARDS_OR_FINAL_CERTIFICATION,1,true,false,8.45475028439e-07,false,true,false,true,0,NaN,4792,-251.327399081|5334.42430348|6.28318536066
96,ADVERSARIAL_PROBES,NON_FINITE_TARGET,-7262635099888040822,3,AUTO,NaN,-0.0800000000000,0.160000000000,GUARDED_PRODUCTION,false,false,INVALID_INPUT,INVALID_TARGET,0,true,true,NaN,false,false,false,false,0,NaN,23958,0.00000000000|0.00000000000|0.00000000000
96,ADVERSARIAL_PROBES,NON_FINITE_TARGET,-7262635099888040822,3,AUTO,NaN,-0.0800000000000,0.160000000000,UNGUARDED_REFERENCE,false,false,MAX_ITERATIONS_UNCERTIFIED,NO_GUARDS_OR_FINAL_CERTIFICATION,800,false,false,NaN,true,false,false,true,0,NaN,522875,NaN|NaN|NaN
97,ADVERSARIAL_PROBES,INFINITE_TARGET,-440343205071455440,3,AUTO,1.20360000000,-0.0800000000000,Infinity,GUARDED_PRODUCTION,false,false,INVALID_INPUT,INVALID_TARGET,0,true,true,Infinity,false,false,false,false,0,NaN,14250,0.00000000000|0.00000000000|0.00000000000
97,ADVERSARIAL_PROBES,INFINITE_TARGET,-440343205071455440,3,AUTO,1.20360000000,-0.0800000000000,Infinity,UNGUARDED_REFERENCE,false,false,MAX_ITERATIONS_UNCERTIFIED,NO_GUARDS_OR_FINAL_CERTIFICATION,800,false,false,NaN,true,false,false,true,0,NaN,363292,NaN|NaN|NaN
98,ADVERSARIAL_PROBES,NON_FINITE_INITIAL_STATE,4125027784299233550,3,AUTO,1.20360000000,-0.0800000000000,0.160000000000,GUARDED_PRODUCTION,false,false,INVALID_INPUT,INVALID_INITIAL_STATE,0,true,true,0.00000000000,false,false,false,false,0,NaN,1656167,0.00000000000|0.00000000000|0.00000000000
98,ADVERSARIAL_PROBES,NON_FINITE_INITIAL_STATE,4125027784299233550,3,AUTO,1.20360000000,-0.0800000000000,0.160000000000,UNGUARDED_REFERENCE,false,false,MAX_ITERATIONS_UNCERTIFIED,NO_GUARDS_OR_FINAL_CERTIFICATION,800,false,false,NaN,true,false,false,true,0,NaN,400000,NaN|NaN|NaN
99,ADVERSARIAL_PROBES,OVERFLOWING_GEOMETRY,-1370919775279552304,3,AUTO,0.00000000000,0.00000000000,0.00000000000,GUARDED_PRODUCTION,false,false,NUMERICAL_FAILURE,OUTPUT_VALIDATION_FAILED,1,true,true,Infinity,false,false,false,false,0,NaN,73375,0.00000000000|0.00000000000|0.00000000000
99,ADVERSARIAL_PROBES,OVERFLOWING_GEOMETRY,-1370919775279552304,3,AUTO,0.00000000000,0.00000000000,0.00000000000,UNGUARDED_REFERENCE,false,false,MAX_ITERATIONS_UNCERTIFIED,NO_GUARDS_OR_FINAL_CERTIFICATION,800,false,false,NaN,true,false,false,true,0,NaN,371583,NaN|NaN|NaN
100,VALID_CAMPAIGN,UNIFORM,-6483095803355189924,3,REVOLUTE_ONLY,0.647084397582,0.143665402676,0.277812445338,GUARDED_PRODUCTION,true,true,SUCCESS,NONE,49,true,true,2.07613955343e-08,false,false,false,false,0,58.1726278853,1221792,1.46382450714|-1.87868607631|0.394128941253
100,VALID_CAMPAIGN,UNIFORM,-6483095803355189924,3,REVOLUTE_ONLY,0.647084397582,0.143665402676,0.277812445338,UNGUARDED_REFERENCE,true,false,CONVERGED_UNCERTIFIED,NO_GUARDS_OR_FINAL_CERTIFICATION,10,true,false,5.94952532995e-09,false,true,false,true,0,NaN,12666,7.74700977858|-14.4450566668|0.394128934957
101,VALID_CAMPAIGN,NEAR_JOINT_LIMIT,8771895548541938798,3,REVOLUTE_ONLY,-0.348352548809,0.0303651238838,0.298209743404,GUARDED_PRODUCTION,false,false,NO_CONVERGENCE,STAGNATION_WINDOW_EXCEEDED,650,true,true,0.528399691194,false,false,false,false,0,3.60892366644,8902750,3.14159265359|-2.37713844122|0.599237912111
101,VALID_CAMPAIGN,NEAR_JOINT_LIMIT,8771895548541938798,3,REVOLUTE_ONLY,-0.348352548809,0.0303651238838,0.298209743404,UNGUARDED_REFERENCE,true,false,CONVERGED_UNCERTIFIED,NO_GUARDS_OR_FINAL_CERTIFICATION,11,true,false,7.50105369519e-07,false,true,false,true,0,NaN,20583,13.7747374423|-16.1078024363|0.467311904236
102,VALID_CAMPAIGN,NEAR_SINGULARITY,-1149143773252445721,3,REVOLUTE_ONLY,1.20360000122,-0.0799999580359,0.160000016409,GUARDED_PRODUCTION,true,true,SUCCESS,NONE,81,true,true,3.13115238704e-08,false,false,false,false,0,3.43414437437,643833,6.24882926023e-07|-1.00016301374e-06|5.34856112484e-08
102,VALID_CAMPAIGN,NEAR_SINGULARITY,-1149143773252445721,3,REVOLUTE_ONLY,1.20360000122,-0.0799999580359,0.160000016409,UNGUARDED_REFERENCE,true,false,CONVERGED_UNCERTIFIED,NO_GUARDS_OR_FINAL_CERTIFICATION,16,true,false,2.97116931803e-08,false,true,false,true,0,NaN,15333,-0.132739810143|12.7914057807|5.34855621563e-08
103,VALID_CAMPAIGN,MICRO_MOTION,2580177339479919910,3,REVOLUTE_ONLY,1.20360001345,-0.0799995383945,0.160000180503,GUARDED_PRODUCTION,true,true,SUCCESS,NONE,1,true,true,4.50795600845e-07,false,false,false,false,0,NaN,22833,6.24882926023e-07|-1.00016301374e-06|5.34856112484e-08
103,VALID_CAMPAIGN,MICRO_MOTION,2580177339479919910,3,REVOLUTE_ONLY,1.20360001345,-0.0799995383945,0.160000180503,UNGUARDED_REFERENCE,true,false,CONVERGED_UNCERTIFIED,NO_GUARDS_OR_FINAL_CERTIFICATION,1,true,false,4.50904062734e-07,false,true,false,true,0,NaN,12000,-0.132739810143|12.7914057807|5.34855621563e-08
104,VALID_CAMPAIGN,UNIFORM,6347620810353417498,3,REVOLUTE_ONLY,-0.265383942797,-0.510725658585,0.247746645610,GUARDED_PRODUCTION,true,true,SUCCESS,NONE,65,true,true,3.07499813518e-09,false,false,false,false,0,58.1721099030,311208,-0.632685659000|-2.07802554372|0.290056134917
104,VALID_CAMPAIGN,UNIFORM,6347620810353417498,3,REVOLUTE_ONLY,-0.265383942797,-0.510725658585,0.247746645610,UNGUARDED_REFERENCE,true,false,CONVERGED_UNCERTIFIED,NO_GUARDS_OR_FINAL_CERTIFICATION,11,true,false,2.08859245888e-08,false,true,false,true,0,NaN,23917,-22.3169052623|52.5726548611|0.290056122134
105,VALID_CAMPAIGN,NEAR_JOINT_LIMIT,8746716066054087554,3,REVOLUTE_ONLY,-0.348352552625,0.0303650801085,0.298209743404,GUARDED_PRODUCTION,false,false,NO_CONVERGENCE,STAGNATION_WINDOW_EXCEEDED,111,true,true,0.0947489564216,false,false,false,false,0,3.11523880496,463541,-1.35565096825|-2.37713844122|0.467471365197
105,VALID_CAMPAIGN,NEAR_JOINT_LIMIT,8746716066054087554,3,REVOLUTE_ONLY,-0.348352552625,0.0303650801085,0.298209743404,UNGUARDED_REFERENCE,false,false,MAX_ITERATIONS_UNCERTIFIED,NO_GUARDS_OR_FINAL_CERTIFICATION,800,true,false,0.782375942101,false,false,false,true,0,NaN,498583,-29.3303504970|54.2879159416|0.467476559335
106,VALID_CAMPAIGN,NEAR_SINGULARITY,8374789525616412821,3,REVOLUTE_ONLY,1.20360000122,-0.0799999580359,0.160000016409,GUARDED_PRODUCTION,true,true,SUCCESS,NONE,95,true,true,4.44299193215e-09,false,false,false,false,0,3.19605673070,407417,1.42609070168e-07|-1.82714901680e-07|5.34856141932e-08
106,VALID_CAMPAIGN,NEAR_SINGULARITY,8374789525616412821,3,REVOLUTE_ONLY,1.20360000122,-0.0799999580359,0.160000016409,UNGUARDED_REFERENCE,true,false,CONVERGED_UNCERTIFIED,NO_GUARDS_OR_FINAL_CERTIFICATION,10,true,false,4.63431764822e-07,false,true,false,true,0,NaN,9583,-31.4159181527|56.5486536186|5.34848849103e-08
107,VALID_CAMPAIGN,MICRO_MOTION,-650630595747899820,3,REVOLUTE_ONLY,1.20360001345,-0.0799995383945,0.160000180503,GUARDED_PRODUCTION,true,true,SUCCESS,NONE,1,true,true,4.50595772376e-07,false,false,false,false,0,NaN,18792,1.42609070168e-07|-1.82714901680e-07|5.34856141932e-08
107,VALID_CAMPAIGN,MICRO_MOTION,-650630595747899820,3,REVOLUTE_ONLY,1.20360001345,-0.0799995383945,0.160000180503,UNGUARDED_REFERENCE,true,false,CONVERGED_UNCERTIFIED,NO_GUARDS_OR_FINAL_CERTIFICATION,1,true,false,6.33903670011e-07,false,true,false,true,0,NaN,7458,-31.4159181527|56.5486536186|5.34848849103e-08
108,VALID_CAMPAIGN,UNIFORM,6760638050555155266,3,REVOLUTE_ONLY,0.517412817570,-0.236085039693,-0.0690277734006,GUARDED_PRODUCTION,true,true,SUCCESS,NONE,49,true,true,3.46887623245e-10,false,false,false,false,0,58.1725332137,221167,0.787180048280|-1.94853538812|-0.842794038302
108,VALID_CAMPAIGN,UNIFORM,6760638050555155266,3,REVOLUTE_ONLY,0.517412817570,-0.236085039693,-0.0690277734006,UNGUARDED_REFERENCE,true,false,CONVERGED_UNCERTIFIED,NO_GUARDS_OR_FINAL_CERTIFICATION,11,true,false,7.14133071674e-07,false,true,false,true,0,NaN,16709,-24.3455613594|35.7505754146|-0.842793644450
109,VALID_CAMPAIGN,NEAR_JOINT_LIMIT,-5708649879311140354,3,REVOLUTE_ONLY,-0.348352552625,0.0303650801085,0.0217902565965,GUARDED_PRODUCTION,false,false,NO_CONVERGENCE,STAGNATION_WINDOW_EXCEEDED,17,true,true,0.708899184641,false,false,false,false,0,4.71534751674,88708,1.18832974656|-2.37713844122|-0.848464555273
109,VALID_CAMPAIGN,NEAR_JOINT_LIMIT,-5708649879311140354,3,REVOLUTE_ONLY,-0.348352552625,0.0303650801085,0.0217902565965,UNGUARDED_REFERENCE,true,false,CONVERGED_UNCERTIFIED,NO_GUARDS_OR_FINAL_CERTIFICATION,7,true,false,7.61648253578e-10,false,true,false,true,0,NaN,7125,-23.9243711928|34.1576788419|-0.467311959590
110,VALID_CAMPAIGN,NEAR_SINGULARITY,-8910937430560192447,3,REVOLUTE_ONLY,1.20360000122,-0.0799999580359,0.160000016409,GUARDED_PRODUCTION,true,true,SUCCESS,NONE,60,true,true,1.31459855230e-08,false,false,false,false,0,4.05264856380,263750,2.98846491266e-07|-4.47496079358e-07|5.34856130151e-08
110,VALID_CAMPAIGN,NEAR_SINGULARITY,-8910937430560192447,3,REVOLUTE_ONLY,1.20360000122,-0.0799999580359,0.160000016409,UNGUARDED_REFERENCE,true,false,CONVERGED_UNCERTIFIED,NO_GUARDS_OR_FINAL_CERTIFICATION,21,true,false,7.28419031940e-08,false,true,false,true,0,NaN,16416,-31.5486671205|56.7737042431|5.34854874868e-08
111,VALID_CAMPAIGN,MICRO_MOTION,-1127658481670137826,3,REVOLUTE_ONLY,1.20360001345,-0.0799995383945,0.160000180503,GUARDED_PRODUCTION,true,true,SUCCESS,NONE,1,true,true,4.50459034065e-07,false,false,false,false,0,NaN,20041,2.98846491266e-07|-4.47496079358e-07|5.34856130151e-08
111,VALID_CAMPAIGN,MICRO_MOTION,-1127658481670137826,3,REVOLUTE_ONLY,1.20360001345,-0.0799995383945,0.160000180503,UNGUARDED_REFERENCE,true,false,CONVERGED_UNCERTIFIED,NO_GUARDS_OR_FINAL_CERTIFICATION,1,true,false,4.54570621005e-07,false,true,false,true,0,NaN,3125,-31.5486671205|56.7737042431|5.34854874868e-08
112,VALID_CAMPAIGN,UNIFORM,1989983682675114930,3,REVOLUTE_ONLY,-0.676961999598,-0.571183031331,-0.145363732661,GUARDED_PRODUCTION,true,true,SUCCESS,NONE,91,true,true,1.20708739593e-08,false,false,false,false,0,58.1723961839,387917,-2.13837748155|-0.462261871133|-1.47399610603
112,VALID_CAMPAIGN,UNIFORM,1989983682675114930,3,REVOLUTE_ONLY,-0.676961999598,-0.571183031331,-0.145363732661,UNGUARDED_REFERENCE,true,false,CONVERGED_UNCERTIFIED,NO_GUARDS_OR_FINAL_CERTIFICATION,8,true,false,9.00107957982e-07,false,true,false,true,0,NaN,8375,-64.9702003283|112.635012233|-1.47396640407
113,VALID_CAMPAIGN,NEAR_JOINT_LIMIT,1348252407916863416,3,REVOLUTE_ONLY,-0.459095473190,-0.145846704381,0.0217902565965,GUARDED_PRODUCTION,true,true,SUCCESS_WITH_WARNING,NEAR_SINGULARITY_WARNING,34,true,true,1.04394306735e-09,false,false,false,false,0,99.0319173802,164250,-2.52639356542|-1.25496462685|-2.67428069293
113,VALID_CAMPAIGN,NEAR_JOINT_LIMIT,1348252407916863416,3,REVOLUTE_ONLY,-0.459095473190,-0.145846704381,0.0217902565965,UNGUARDED_REFERENCE,true,false,CONVERGED_UNCERTIFIED,NO_GUARDS_OR_FINAL_CERTIFICATION,6,true,false,1.99822666635e-09,false,true,false,true,0,NaN,6625,-59.0750613303|99.2760002804|3.60890461639
114,VALID_CAMPAIGN,NEAR_SINGULARITY,3384088058485556845,3,REVOLUTE_ONLY,1.20360000122,-0.0799999580359,0.160000016409,GUARDED_PRODUCTION,true,true,SUCCESS_WITH_WARNING,NEAR_SINGULARITY_WARNING,171,true,true,5.50322220370e-09,false,false,false,false,0,4.59043017843,711875,-0.132739375416|0.225034429843|5.34855263834e-08
114,VALID_CAMPAIGN,NEAR_SINGULARITY,3384088058485556845,3,REVOLUTE_ONLY,1.20360000122,-0.0799999580359,0.160000016409,UNGUARDED_REFERENCE,false,false,MAX_ITERATIONS_UNCERTIFIED,NO_GUARDS_OR_FINAL_CERTIFICATION,800,true,false,0.996041603857,false,false,false,true,0,NaN,559709,-164.544267555|235.461206658|3.14159259991
115,VALID_CAMPAIGN,MICRO_MOTION,-2012391088653280120,3,REVOLUTE_ONLY,1.20360001345,-0.0799995383945,0.160000180503,GUARDED_PRODUCTION,true,true,SUCCESS,NONE,1,true,true,4.50617053716e-07,false,false,false,false,0,NaN,19500,-0.132739375416|0.225034429843|5.34855263834e-08
115,VALID_CAMPAIGN,MICRO_MOTION,-2012391088653280120,3,REVOLUTE_ONLY,1.20360001345,-0.0799995383945,0.160000180503,UNGUARDED_REFERENCE,false,false,MAX_ITERATIONS_UNCERTIFIED,NO_GUARDS_OR_FINAL_CERTIFICATION,800,true,false,1.30783747541,false,false,false,true,0,NaN,596917,-35.9368119897|73.4448587361|3.14159206494
116,VALID_CAMPAIGN,UNIFORM,5341226498777934428,3,REVOLUTE_ONLY,-0.210559661170,0.724511772577,-0.108799948559,GUARDED_PRODUCTION,true,true,SUCCESS,NONE,62,true,true,3.19048543896e-10,false,false,false,false,0,58.1725163893,341667,1.02773481282|1.68687225059|-1.06779695228
116,VALID_CAMPAIGN,UNIFORM,5341226498777934428,3,REVOLUTE_ONLY,-0.210559661170,0.724511772577,-0.108799948559,UNGUARDED_REFERENCE,true,false,CONVERGED_UNCERTIFIED,NO_GUARDS_OR_FINAL_CERTIFICATION,8,true,false,3.75273161037e-08,false,true,false,true,0,NaN,12958,-35.7481396427|81.7076391527|4.20938982986
117,VALID_CAMPAIGN,NEAR_JOINT_LIMIT,-2153238074997416947,3,REVOLUTE_ONLY,-0.348352548809,0.0303651238838,0.0217902565965,GUARDED_PRODUCTION,false,false,NO_CONVERGENCE,STAGNATION_WINDOW_EXCEEDED,31,true,true,0.382887401325,false,false,false,false,0,8.41656234071,160584,0.807160885638|2.37713844122|-0.603614042505
117,VALID_CAMPAIGN,NEAR_JOINT_LIMIT,-2153238074997416947,3,REVOLUTE_ONLY,-0.348352548809,0.0303651238838,0.0217902565965,UNGUARDED_REFERENCE,true,false,CONVERGED_UNCERTIFIED,NO_GUARDS_OR_FINAL_CERTIFICATION,15,true,false,1.98141170276e-07,false,true,false,true,0,NaN,14000,-15.7079612395|10.1892370648|3.60890483276
118,VALID_CAMPAIGN,NEAR_SINGULARITY,-5423819522521001617,3,REVOLUTE_ONLY,1.20360000122,-0.0799999580359,0.160000016409,GUARDED_PRODUCTION,true,true,SUCCESS,NONE,79,true,true,4.53129743352e-08,false,false,false,false,0,3.54433700079,340708,-0.132740089914|0.225035641006|5.34855779644e-08
118,VALID_CAMPAIGN,NEAR_SINGULARITY,-5423819522521001617,3,REVOLUTE_ONLY,1.20360000122,-0.0799999580359,0.160000016409,UNGUARDED_REFERENCE,false,false,MAX_ITERATIONS_UNCERTIFIED,NO_GUARDS_OR_FINAL_CERTIFICATION,800,true,false,1.08194007595,false,false,false,true,0,NaN,556708,225.138814003|2092.38465165|3.14159259912
119,VALID_CAMPAIGN,MICRO_MOTION,4570679251315706122,3,REVOLUTE_ONLY,1.20360001345,-0.0799995383945,0.160000180503,GUARDED_PRODUCTION,true,true,SUCCESS,NONE,1,true,true,4.51318541114e-07,false,false,false,false,0,NaN,19792,-0.132740089914|0.225035641006|5.34855779644e-08
119,VALID_CAMPAIGN,MICRO_MOTION,4570679251315706122,3,REVOLUTE_ONLY,1.20360001345,-0.0799995383945,0.160000180503,UNGUARDED_REFERENCE,false,false,MAX_ITERATIONS_UNCERTIFIED,NO_GUARDS_OR_FINAL_CERTIFICATION,800,true,false,1.63758550266,false,false,false,true,0,NaN,568709,563.266017999|2430.95022209|3.14159206301
120,VALID_CAMPAIGN,UNIFORM,-5430301313149451445,3,REVOLUTE_ONLY,1.16443149594,0.0373069799586,0.0225893836523,GUARDED_PRODUCTION,true,true,SUCCESS,NONE,14,true,true,1.05594244634e-07,false,false,false,false,0,58.1718894051,79375,-0.127021613177|0.392579670166|-0.464396529163
120,VALID_CAMPAIGN,UNIFORM,-5430301313149451445,3,REVOLUTE_ONLY,1.16443149594,0.0373069799586,0.0225893836523,UNGUARDED_REFERENCE,true,false,CONVERGED_UNCERTIFIED,NO_GUARDS_OR_FINAL_CERTIFICATION,545,true,false,8.31898848041e-08,false,true,false,true,0,NaN,373584,395.713652868|1257.02964087|5.81878885398
121,VALID_CAMPAIGN,NEAR_JOINT_LIMIT,-2855329446804573521,3,REVOLUTE_ONLY,-0.348352552625,0.0303650801085,0.298209743404,GUARDED_PRODUCTION,false,false,NO_CONVERGENCE,STAGNATION_WINDOW_EXCEEDED,54,true,true,0.917173367303,false,false,false,false,0,26.1731743167,250042,-1.33322059782|2.37713844122|-0.747593130199
121,VALID_CAMPAIGN,NEAR_JOINT_LIMIT,-2855329446804573521,3,REVOLUTE_ONLY,-0.348352552625,0.0303650801085,0.298209743404,UNGUARDED_REFERENCE,false,false,MAX_ITERATIONS_UNCERTIFIED,NO_GUARDS_OR_FINAL_CERTIFICATION,800,true,false,0.782375658585,false,false,false,true,0,NaN,569875,393.581176354|1277.98326379|6.75067908487
122,VALID_CAMPAIGN,NEAR_SINGULARITY,-6246905398126988083,3,REVOLUTE_ONLY,1.20360000122,-0.0799999580359,0.160000016409,GUARDED_PRODUCTION,true,true,SUCCESS,NONE,55,true,true,6.46474796515e-09,false,false,false,false,0,3.91278103984,257375,-0.132739392679|0.225034459097|5.34856138721e-08
122,VALID_CAMPAIGN,NEAR_SINGULARITY,-6246905398126988083,3,REVOLUTE_ONLY,1.20360000122,-0.0799999580359,0.160000016409,UNGUARDED_REFERENCE,true,false,CONVERGED_UNCERTIFIED,NO_GUARDS_OR_FINAL_CERTIFICATION,10,true,false,6.84950215038e-07,false,true,false,true,0,NaN,10292,395.707922779|1275.71167246|6.28318536066
123,VALID_CAMPAIGN,MICRO_MOTION,-9143041694636649426,3,REVOLUTE_ONLY,1.20360001345,-0.0799995383945,0.160000180503,GUARDED_PRODUCTION,true,true,SUCCESS,NONE,1,true,true,4.50598377197e-07,false,false,false,false,0,NaN,20458,-0.132739392679|0.225034459097|5.34856138721e-08
123,VALID_CAMPAIGN,MICRO_MOTION,-9143041694636649426,3,REVOLUTE_ONLY,1.20360001345,-0.0799995383945,0.160000180503,UNGUARDED_REFERENCE,true,false,CONVERGED_UNCERTIFIED,NO_GUARDS_OR_FINAL_CERTIFICATION,1,true,false,8.07841227327e-07,false,true,false,true,0,NaN,3125,395.707922779|1275.71167246|6.28318536066
124,VALID_CAMPAIGN,UNIFORM,-5183031577402683512,3,REVOLUTE_ONLY,0.794419123236,0.403834968282,-0.146304337226,GUARDED_PRODUCTION,true,true,SUCCESS,NONE,50,true,true,2.02314926904e-07,false,false,false,false,0,58.1725013657,228250,0.230953877978|0.707439763982|-1.51393396135
124,VALID_CAMPAIGN,UNIFORM,-5183031577402683512,3,REVOLUTE_ONLY,0.794419123236,0.403834968282,-0.146304337226,UNGUARDED_REFERENCE,false,false,MAX_ITERATIONS_UNCERTIFIED,NO_GUARDS_OR_FINAL_CERTIFICATION,800,true,false,0.000184774704442,false,false,false,true,0,NaN,509167,383.744601016|1300.82300734|4.66735270774
125,VALID_CAMPAIGN,NEAR_JOINT_LIMIT,5614047353679639792,3,REVOLUTE_ONLY,-0.348352552625,0.0303650801085,0.0217902565965,GUARDED_PRODUCTION,false,false,NO_CONVERGENCE,STAGNATION_WINDOW_EXCEEDED,535,true,true,0.132100890717,false,false,false,false,0,191.824822970,2274792,2.72363484445|2.37713844122|-2.67041779926
125,VALID_CAMPAIGN,NEAR_JOINT_LIMIT,5614047353679639792,3,REVOLUTE_ONLY,-0.348352552625,0.0303650801085,0.0217902565965,UNGUARDED_REFERENCE,true,false,CONVERGED_UNCERTIFIED,NO_GUARDS_OR_FINAL_CERTIFICATION,9,true,false,1.30990785012e-07,false,true,false,true,0,NaN,13833,369.325667143|1329.52943254|-0.467312046877
126,VALID_CAMPAIGN,NEAR_SINGULARITY,2450250057693988371,3,REVOLUTE_ONLY,1.20360000122,-0.0799999580359,0.160000016409,GUARDED_PRODUCTION,true,true,SUCCESS_WITH_WARNING,NEAR_SINGULARITY_WARNING,195,true,true,6.00473334176e-07,false,false,false,false,0,4.51879038301,910875,-0.132750047592|0.225052528162|5.14444372630e-08
126,VALID_CAMPAIGN,NEAR_SINGULARITY,2450250057693988371,3,REVOLUTE_ONLY,1.20360000122,-0.0799999580359,0.160000016409,UNGUARDED_REFERENCE,true,false,CONVERGED_UNCERTIFIED,NO_GUARDS_OR_FINAL_CERTIFICATION,13,true,false,7.28625031993e-07,false,true,false,true,0,NaN,13750,351.858390345|1357.16800414|5.34845339778e-08
127,VALID_CAMPAIGN,MICRO_MOTION,8941171108124357485,3,REVOLUTE_ONLY,1.20360001345,-0.0799995383945,0.160000180503,GUARDED_PRODUCTION,true,true,SUCCESS,NONE,1,true,true,7.33793012615e-07,false,false,false,false,0,NaN,2579625,-0.132750047592|0.225052528162|5.14444372630e-08
127,VALID_CAMPAIGN,MICRO_MOTION,8941171108124357485,3,REVOLUTE_ONLY,1.20360001345,-0.0799995383945,0.160000180503,UNGUARDED_REFERENCE,true,false,CONVERGED_UNCERTIFIED,NO_GUARDS_OR_FINAL_CERTIFICATION,1,true,false,8.42415358759e-07,false,true,false,true,0,NaN,8875,351.858390345|1357.16800414|5.34845339778e-08
128,VALID_CAMPAIGN,UNIFORM,4333729765545219579,3,REVOLUTE_ONLY,-0.489245394374,-0.920773140425,0.399284777032,GUARDED_PRODUCTION,true,true,SUCCESS,NONE,55,true,true,3.91981232964e-07,false,false,false,false,0,58.1631472561,284291,-2.39874028397|0.752960355897|0.894565434495
128,VALID_CAMPAIGN,UNIFORM,4333729765545219579,3,REVOLUTE_ONLY,-0.489245394374,-0.920773140425,0.399284777032,UNGUARDED_REFERENCE,true,false,CONVERGED_UNCERTIFIED,NO_GUARDS_OR_FINAL_CERTIFICATION,7,true,false,8.60991615405e-08,false,true,false,true,0,NaN,8791,380.875564363|1307.65550241|0.894565407090
129,VALID_CAMPAIGN,NEAR_JOINT_LIMIT,-4421945346281837256,3,REVOLUTE_ONLY,-0.348352552625,0.0303650801085,0.0217902565965,GUARDED_PRODUCTION,false,false,MAX_ITERATIONS_REACHED,MAX_ITERATIONS_LIMIT_REACHED,800,true,true,0.605820639743,false,false,false,false,0,16.0564199731,3224833,-3.14159265359|2.37713844122|-0.598273570550
129,VALID_CAMPAIGN,NEAR_JOINT_LIMIT,-4421945346281837256,3,REVOLUTE_ONLY,-0.348352552625,0.0303650801085,0.0217902565965,UNGUARDED_REFERENCE,true,false,CONVERGED_UNCERTIFIED,NO_GUARDS_OR_FINAL_CERTIFICATION,8,true,false,2.50863654412e-08,false,true,false,true,0,NaN,9750,375.608852614|1316.96306202|-0.467311921027
130,VALID_CAMPAIGN,NEAR_SINGULARITY,-3550295967271598711,3,REVOLUTE_ONLY,1.20360000122,-0.0799999580359,0.160000016409,GUARDED_PRODUCTION,true,true,SUCCESS,NONE,78,true,true,1.63742119106e-08,false,false,false,false,0,3.53264519546,343042,-0.132739570565|0.225034760584|5.34856127299e-08
130,VALID_CAMPAIGN,NEAR_SINGULARITY,-3550295967271598711,3,REVOLUTE_ONLY,1.20360000122,-0.0799999580359,0.160000016409,UNGUARDED_REFERENCE,true,false,CONVERGED_UNCERTIFIED,NO_GUARDS_OR_FINAL_CERTIFICATION,13,true,false,7.29079167756e-07,false,true,false,true,0,NaN,12125,358.141575661|1344.60163351|5.34845319933e-08
131,VALID_CAMPAIGN,MICRO_MOTION,-7083760234329768241,3,REVOLUTE_ONLY,1.20360001345,-0.0799995383945,0.160000180503,GUARDED_PRODUCTION,true,true,SUCCESS,NONE,1,true,true,4.50499503365e-07,false,false,false,false,0,NaN,13000,-0.132739570565|0.225034760584|5.34856127299e-08
131,VALID_CAMPAIGN,MICRO_MOTION,-7083760234329768241,3,REVOLUTE_ONLY,1.20360001345,-0.0799995383945,0.160000180503,UNGUARDED_REFERENCE,true,false,CONVERGED_UNCERTIFIED,NO_GUARDS_OR_FINAL_CERTIFICATION,1,true,false,8.42800002403e-07,false,true,false,true,0,NaN,3292,358.141575661|1344.60163351|5.34845319933e-08
132,VALID_CAMPAIGN,UNIFORM,-432536700278991102,3,REVOLUTE_ONLY,0.499642950945,0.941379335264,0.0839247055713,GUARDED_PRODUCTION,true,true,SUCCESS,NONE,31,true,true,1.09672439798e-07,false,false,false,false,0,58.1723452794,138875,0.509179514647|1.08033679791|-0.250577841533
132,VALID_CAMPAIGN,UNIFORM,-432536700278991102,3,REVOLUTE_ONLY,0.499642950945,0.941379335264,0.0839247055713,UNGUARDED_REFERENCE,true,false,CONVERGED_UNCERTIFIED,NO_GUARDS_OR_FINAL_CERTIFICATION,8,true,false,2.36902070438e-07,false,true,false,true,0,NaN,9458,371.217112377|1320.54925178|-0.250577779960
133,VALID_CAMPAIGN,NEAR_JOINT_LIMIT,8164423016809081320,3,REVOLUTE_ONLY,-0.459095454863,-0.145846762073,0.298209743404,GUARDED_PRODUCTION,false,false,NO_CONVERGENCE,STAGNATION_WINDOW_EXCEEDED,36,true,true,0.895919886693,false,false,false,false,0,6.71028843019,161750,-0.114851947789|2.37713844122|0.0192373724864
133,VALID_CAMPAIGN,NEAR_JOINT_LIMIT,8164423016809081320,3,REVOLUTE_ONLY,-0.459095454863,-0.145846762073,0.298209743404,UNGUARDED_REFERENCE,true,false,CONVERGED_UNCERTIFIED,NO_GUARDS_OR_FINAL_CERTIFICATION,9,true,false,5.14630553631e-08,false,true,false,true,0,NaN,8708,344.279544019|1367.49769251|0.467311921663
134,VALID_CAMPAIGN,NEAR_SINGULARITY,-8171767721378995964,3,REVOLUTE_ONLY,1.20360000122,-0.0799999580359,0.160000016409,GUARDED_PRODUCTION,true,true,SUCCESS,NONE,60,true,true,1.81833801554e-08,false,false,false,false,0,2.73521830151,257084,-0.132739603038|0.225034815626|5.34856125364e-08
134,VALID_CAMPAIGN,NEAR_SINGULARITY,-8171767721378995964,3,REVOLUTE_ONLY,1.20360000122,-0.0799999580359,0.160000016409,UNGUARDED_REFERENCE,true,false,CONVERGED_UNCERTIFIED,NO_GUARDS_OR_FINAL_CERTIFICATION,15,true,false,8.54343932831e-07,false,true,false,true,0,NaN,14333,326.592881360|1376.24264252|5.34843881031e-08
135,VALID_CAMPAIGN,MICRO_MOTION,-4531876367712829984,3,REVOLUTE_ONLY,1.20360001345,-0.0799995383945,0.160000180503,GUARDED_PRODUCTION,true,true,SUCCESS,NONE,1,true,true,4.50501138100e-07,false,false,false,false,0,NaN,11416,-0.132739603038|0.225034815626|5.34856125364e-08
135,VALID_CAMPAIGN,MICRO_MOTION,-4531876367712829984,3,REVOLUTE_ONLY,1.20360001345,-0.0799995383945,0.160000180503,UNGUARDED_REFERENCE,true,false,CONVERGED_UNCERTIFIED,NO_GUARDS_OR_FINAL_CERTIFICATION,1,true,false,9.52845541690e-07,false,true,false,true,0,NaN,2958,326.592881360|1376.24264252|5.34843881031e-08
136,VALID_CAMPAIGN,UNIFORM,2526255105275398677,3,REVOLUTE_ONLY,0.308079423511,-0.962019816908,-0.120576155580,GUARDED_PRODUCTION,true,true,SUCCESS,NONE,40,true,true,4.31060758294e-08,false,false,false,false,0,58.1723167264,192708,-1.44861029574|0.513831061686|-1.15433102608
136,VALID_CAMPAIGN,UNIFORM,2526255105275398677,3,REVOLUTE_ONLY,0.308079423511,-0.962019816908,-0.120576155580,UNGUARDED_REFERENCE,true,false,CONVERGED_UNCERTIFIED,NO_GUARDS_OR_FINAL_CERTIFICATION,10,true,false,1.23734976211e-07,false,true,false,true,0,NaN,9500,318.993839170|1363.96504491|-1.15433034284
137,VALID_CAMPAIGN,NEAR_JOINT_LIMIT,-714345741160223829,3,REVOLUTE_ONLY,-0.459095473190,-0.145846704381,0.298209743404,GUARDED_PRODUCTION,false,false,NO_CONVERGENCE,STAGNATION_WINDOW_EXCEEDED,429,true,true,0.298675476628,false,false,false,false,0,40.8151426406,1903042,-2.90618792867|2.37713844122|-2.67428074637
137,VALID_CAMPAIGN,NEAR_JOINT_LIMIT,-714345741160223829,3,REVOLUTE_ONLY,-0.459095473190,-0.145846704381,0.298209743404,UNGUARDED_REFERENCE,true,false,CONVERGED_UNCERTIFIED,NO_GUARDS_OR_FINAL_CERTIFICATION,10,true,false,1.27788447388e-09,false,true,false,true,0,NaN,27083,311.632871794|1362.19624703|2.67428069113
138,VALID_CAMPAIGN,NEAR_SINGULARITY,1893130485701106087,3,REVOLUTE_ONLY,1.20360000122,-0.0799999580359,0.160000016409,GUARDED_PRODUCTION,true,true,SUCCESS_WITH_WARNING,NEAR_SINGULARITY_WARNING,138,true,true,3.08978796789e-08,false,false,false,false,0,4.53004339081,610125,-0.132739831231|0.225035202451|5.34856111137e-08
138,VALID_CAMPAIGN,NEAR_SINGULARITY,1893130485701106087,3,REVOLUTE_ONLY,1.20360000122,-0.0799999580359,0.160000016409,UNGUARDED_REFERENCE,false,false,MAX_ITERATIONS_UNCERTIFIED,NO_GUARDS_OR_FINAL_CERTIFICATION,800,true,false,0.919036180262,false,false,false,true,0,NaN,574875,459.326982159|921.544274554|3.14159259976
139,VALID_CAMPAIGN,MICRO_MOTION,-885378384853191744,3,REVOLUTE_ONLY,1.20360001345,-0.0799995383945,0.160000180503,GUARDED_PRODUCTION,true,true,SUCCESS,NONE,1,true,true,4.50695959838e-07,false,false,false,false,0,NaN,22125,-0.132739831231|0.225035202451|5.34856111137e-08
139,VALID_CAMPAIGN,MICRO_MOTION,-885378384853191744,3,REVOLUTE_ONLY,1.20360001345,-0.0799995383945,0.160000180503,UNGUARDED_REFERENCE,false,false,MAX_ITERATIONS_UNCERTIFIED,NO_GUARDS_OR_FINAL_CERTIFICATION,800,true,false,0.888335786260,false,false,false,true,0,NaN,583541,484.188415748|2366.29245613|3.14159206536
140,VALID_CAMPAIGN,UNIFORM,-4312376978337555070,3,REVOLUTE_ONLY,-0.340405968628,0.543091970156,0.372150144538,GUARDED_PRODUCTION,true,true,SUCCESS,NONE,71,true,true,3.95719859510e-08,false,false,false,false,0,58.1721165902,304292,0.985192885555|2.07550082560|0.763554197840
140,VALID_CAMPAIGN,UNIFORM,-4312376978337555070,3,REVOLUTE_ONLY,-0.340405968628,0.543091970156,0.372150144538,UNGUARDED_REFERENCE,true,false,CONVERGED_UNCERTIFIED,NO_GUARDS_OR_FINAL_CERTIFICATION,6,true,false,6.56787703287e-07,false,true,false,true,0,NaN,7500,504.550128795|2420.30932774|2.37803768640
141,VALID_CAMPAIGN,NEAR_JOINT_LIMIT,-9101589263781689615,3,REVOLUTE_ONLY,-0.459095473190,-0.145846704381,0.0217902565965,GUARDED_PRODUCTION,false,false,NO_CONVERGENCE,STAGNATION_WINDOW_EXCEEDED,98,true,true,0.0683199758918,false,false,false,false,0,4.62448939605,392334,1.90116848295|2.37713844122|-0.467358581639
141,VALID_CAMPAIGN,NEAR_JOINT_LIMIT,-9101589263781689615,3,REVOLUTE_ONLY,-0.459095473190,-0.145846704381,0.0217902565965,UNGUARDED_REFERENCE,true,false,CONVERGED_UNCERTIFIED,NO_GUARDS_OR_FINAL_CERTIFICATION,6,true,false,6.43329478278e-08,false,true,false,true,0,NaN,7041,505.796417144|2421.40348208|3.60890462115
142,VALID_CAMPAIGN,NEAR_SINGULARITY,246757845938586093,3,REVOLUTE_ONLY,1.20360000122,-0.0799999580359,0.160000016409,GUARDED_PRODUCTION,false,false,NO_CONVERGENCE,STAGNATION_WINDOW_EXCEEDED,7,true,true,1.73537301677,false,false,false,false,0,3.27746880817,42291,1.77163940488|2.37713844122|-0.493276260553
142,VALID_CAMPAIGN,NEAR_SINGULARITY,246757845938586093,3,REVOLUTE_ONLY,1.20360000122,-0.0799999580359,0.160000016409,UNGUARDED_REFERENCE,false,false,MAX_ITERATIONS_UNCERTIFIED,NO_GUARDS_OR_FINAL_CERTIFICATION,800,true,false,0.877362119300,false,false,false,true,0,NaN,623584,766.817851723|2327.85239361|3.14159260109
143,VALID_CAMPAIGN,MICRO_MOTION,6108637927896024062,3,REVOLUTE_ONLY,1.20360001345,-0.0799995383945,0.160000180503,GUARDED_PRODUCTION,true,true,SUCCESS,NONE,106,true,true,4.18324629780e-07,false,false,false,false,0,3.32374637213,480875,-0.132746713672|0.225047463268|5.88125382983e-07
143,VALID_CAMPAIGN,MICRO_MOTION,6108637927896024062,3,REVOLUTE_ONLY,1.20360001345,-0.0799995383945,0.160000180503,UNGUARDED_REFERENCE,false,false,MAX_ITERATIONS_UNCERTIFIED,NO_GUARDS_OR_FINAL_CERTIFICATION,800,true,false,1.01722075673,false,false,false,true,0,NaN,577209,821.839535502|2948.59362027|3.14159206515
144,VALID_CAMPAIGN,UNIFORM,6950881241419135642,3,REVOLUTE_ONLY,-0.621659559530,-0.241241075550,0.256819263742,GUARDED_PRODUCTION,false,false,NO_CONVERGENCE,STAGNATION_WINDOW_EXCEEDED,83,true,true,0.620167895009,false,false,false,false,0,58.1657687766,381042,-3.14159265359|2.37713844122|0.527956317251
144,VALID_CAMPAIGN,UNIFORM,6950881241419135642,3,REVOLUTE_ONLY,-0.621659559530,-0.241241075550,0.256819263742,UNGUARDED_REFERENCE,false,false,MAX_ITERATIONS_UNCERTIFIED,NO_GUARDS_OR_FINAL_CERTIFICATION,800,true,false,0.0376980667526,false,false,false,true,0,NaN,572042,864.332346652|3022.82573001|2.82032468856
145,VALID_CAMPAIGN,NEAR_JOINT_LIMIT,-9200601372593062739,3,REVOLUTE_ONLY,-0.348352548809,0.0303651238838,0.0217902565965,GUARDED_PRODUCTION,false,false,NO_CONVERGENCE,STAGNATION_WINDOW_EXCEEDED,7,true,true,0.682781718424,false,false,false,false,0,3.38869398505,40000,-3.14159265359|2.37713844122|0.408805018742
145,VALID_CAMPAIGN,NEAR_JOINT_LIMIT,-9200601372593062739,3,REVOLUTE_ONLY,-0.348352548809,0.0303651238838,0.0217902565965,UNGUARDED_REFERENCE,true,false,CONVERGED_UNCERTIFIED,NO_GUARDS_OR_FINAL_CERTIFICATION,14,true,false,1.60310244549e-08,false,true,false,true,0,NaN,12584,870.047268891|3031.99462981|3.60890463980
146,VALID_CAMPAIGN,NEAR_SINGULARITY,6292293718340297627,3,REVOLUTE_ONLY,1.20360000122,-0.0799999580359,0.160000016409,GUARDED_PRODUCTION,true,true,SUCCESS,NONE,77,true,true,1.43934943181e-08,false,false,false,false,0,3.17923909808,340500,-0.132739535011|0.225034700323|5.34856129860e-08
146,VALID_CAMPAIGN,NEAR_SINGULARITY,6292293718340297627,3,REVOLUTE_ONLY,1.20360000122,-0.0799999580359,0.160000016409,UNGUARDED_REFERENCE,false,false,MAX_ITERATIONS_UNCERTIFIED,NO_GUARDS_OR_FINAL_CERTIFICATION,800,true,false,0.839416510873,false,false,false,true,0,NaN,616042,779.355862172|2628.90086997|3.14159259972
147,VALID_CAMPAIGN,MICRO_MOTION,6605450647307375068,3,REVOLUTE_ONLY,1.20360001345,-0.0799995383945,0.160000180503,GUARDED_PRODUCTION,true,true,SUCCESS,NONE,1,true,true,4.50504896569e-07,false,false,false,false,0,NaN,14375,-0.132739535011|0.225034700323|5.34856129860e-08
147,VALID_CAMPAIGN,MICRO_MOTION,6605450647307375068,3,REVOLUTE_ONLY,1.20360001345,-0.0799995383945,0.160000180503,UNGUARDED_REFERENCE,false,false,MAX_ITERATIONS_UNCERTIFIED,NO_GUARDS_OR_FINAL_CERTIFICATION,800,true,false,1.29288500246,false,false,false,true,0,NaN,600375,425.544481356|3673.26158884|3.14159206521
148,VALID_CAMPAIGN,UNIFORM,4810304301918406594,3,REVOLUTE_ONLY,-1.01009058721,0.591807911568,0.229382235900,GUARDED_PRODUCTION,true,true,SUCCESS,NONE,97,true,true,8.27689952595e-09,false,false,false,false,0,58.1723764008,440917,2.34589535650|0.565266410675|0.228121503540
148,VALID_CAMPAIGN,UNIFORM,4810304301918406594,3,REVOLUTE_ONLY,-1.01009058721,0.591807911568,0.229382235900,UNGUARDED_REFERENCE,false,false,MAX_ITERATIONS_UNCERTIFIED,NO_GUARDS_OR_FINAL_CERTIFICATION,800,true,false,1.43332002617,false,false,false,true,0,NaN,656792,566.214824793|3946.98153029|2.91460037668
149,VALID_CAMPAIGN,NEAR_JOINT_LIMIT,-7617600207488264338,3,REVOLUTE_ONLY,-0.459095473190,-0.145846704381,0.0217902565965,GUARDED_PRODUCTION,false,false,NO_CONVERGENCE,STAGNATION_WINDOW_EXCEEDED,94,true,true,0.0683199758901,false,false,false,false,0,14.6852461787,427583,1.90116848296|2.37713844122|-0.467358581639
149,VALID_CAMPAIGN,NEAR_JOINT_LIMIT,-7617600207488264338,3,REVOLUTE_ONLY,-0.459095473190,-0.145846704381,0.0217902565965,UNGUARDED_REFERENCE,true,false,CONVERGED_UNCERTIFIED,NO_GUARDS_OR_FINAL_CERTIFICATION,6,true,false,2.83023550373e-08,false,true,false,true,0,NaN,7625,562.345084926|3967.06706742|3.60890460405
150,VALID_CAMPAIGN,NEAR_SINGULARITY,6451238435223823675,3,REVOLUTE_ONLY,1.20360000122,-0.0799999580359,0.160000016409,GUARDED_PRODUCTION,false,false,NO_CONVERGENCE,STAGNATION_WINDOW_EXCEEDED,7,true,true,1.73537301677,false,false,false,false,0,3.27746880822,38333,1.77163940489|2.37713844122|-0.493276260571
150,VALID_CAMPAIGN,NEAR_SINGULARITY,6451238435223823675,3,REVOLUTE_ONLY,1.20360000122,-0.0799999580359,0.160000016409,UNGUARDED_REFERENCE,false,false,MAX_ITERATIONS_UNCERTIFIED,NO_GUARDS_OR_FINAL_CERTIFICATION,800,true,false,1.14833657374,false,false,false,true,0,NaN,564333,573.195076869|3096.15649649|3.14159260060
151,VALID_CAMPAIGN,MICRO_MOTION,8693891266766858524,3,REVOLUTE_ONLY,1.20360001345,-0.0799995383945,0.160000180503,GUARDED_PRODUCTION,true,true,SUCCESS,NONE,106,true,true,4.18324881088e-07,false,false,false,false,0,3.32374637290,433500,-0.132746713677|0.225047463276|5.88125383567e-07
151,VALID_CAMPAIGN,MICRO_MOTION,8693891266766858524,3,REVOLUTE_ONLY,1.20360001345,-0.0799995383945,0.160000180503,UNGUARDED_REFERENCE,false,false,MAX_ITERATIONS_UNCERTIFIED,NO_GUARDS_OR_FINAL_CERTIFICATION,800,true,false,0.839782688298,false,false,false,true,0,NaN,588500,608.534106494|4073.49890320|3.14159206568
152,VALID_CAMPAIGN,UNIFORM,7225066689066721941,3,REVOLUTE_ONLY,0.353340591421,-1.04628087146,0.196141674897,GUARDED_PRODUCTION,true,true,SUCCESS,NONE,35,true,true,1.71339532649e-10,false,false,false,false,0,58.1657687738,158166,-1.74527628647|0.954172491661|0.118076248010
152,VALID_CAMPAIGN,UNIFORM,7225066689066721941,3,REVOLUTE_ONLY,0.353340591421,-1.04628087146,0.196141674897,UNGUARDED_REFERENCE,false,false,MAX_ITERATIONS_UNCERTIFIED,NO_GUARDS_OR_FINAL_CERTIFICATION,800,true,false,1.10827137415,false,false,false,true,0,NaN,549750,594.516032646|4101.44320086|3.02343428910
153,VALID_CAMPAIGN,NEAR_JOINT_LIMIT,-103650679058655252,3,REVOLUTE_ONLY,-0.459095454863,-0.145846762073,0.298209743404,GUARDED_PRODUCTION,false,false,NO_CONVERGENCE,STAGNATION_WINDOW_EXCEEDED,538,true,true,0.537082664581,false,false,false,false,0,7.53473850469,1906583,-3.14159265359|2.37713844122|0.542178397121
153,VALID_CAMPAIGN,NEAR_JOINT_LIMIT,-103650679058655252,3,REVOLUTE_ONLY,-0.459095454863,-0.145846762073,0.298209743404,UNGUARDED_REFERENCE,true,false,CONVERGED_UNCERTIFIED,NO_GUARDS_OR_FINAL_CERTIFICATION,4,true,false,4.02863398998e-07,false,true,false,true,0,NaN,7167,594.376211493|4101.66503929|2.67428047648
154,VALID_CAMPAIGN,NEAR_SINGULARITY,-8863692004182538240,3,REVOLUTE_ONLY,1.20360000122,-0.0799999580359,0.160000016409,GUARDED_PRODUCTION,true,true,SUCCESS,NONE,79,true,true,7.74522128673e-08,false,false,false,false,0,3.41641127709,309208,-0.132740666575|0.225036618763|5.35012155421e-08
154,VALID_CAMPAIGN,NEAR_SINGULARITY,-8863692004182538240,3,REVOLUTE_ONLY,1.20360000122,-0.0799999580359,0.160000016409,UNGUARDED_REFERENCE,false,false,MAX_ITERATIONS_UNCERTIFIED,NO_GUARDS_OR_FINAL_CERTIFICATION,800,true,false,1.53972047606,false,false,false,true,0,NaN,599625,670.212534959|4918.42075480|3.14159260289
155,VALID_CAMPAIGN,MICRO_MOTION,3600467144408514662,3,REVOLUTE_ONLY,1.20360001345,-0.0799995383945,0.160000180503,GUARDED_PRODUCTION,true,true,SUCCESS,NONE,1,true,true,4.54272407459e-07,false,false,false,false,0,NaN,31208,-0.132740666575|0.225036618763|5.35012155421e-08
155,VALID_CAMPAIGN,MICRO_MOTION,3600467144408514662,3,REVOLUTE_ONLY,1.20360001345,-0.0799995383945,0.160000180503,UNGUARDED_REFERENCE,false,false,MAX_ITERATIONS_UNCERTIFIED,NO_GUARDS_OR_FINAL_CERTIFICATION,800,true,false,1.11543268047,false,false,false,true,0,NaN,572792,558.149871031|6892.35753423|3.14159206433
156,VALID_CAMPAIGN,UNIFORM,3409985342187106711,3,REVOLUTE_ONLY,-0.266368443854,0.908966264042,-0.143183480280,GUARDED_PRODUCTION,true,true,SUCCESS,NONE,79,true,true,2.67602570107e-07,false,false,false,false,0,58.1713832703,297458,1.77172035513|0.352400737978|-1.41709581172
156,VALID_CAMPAIGN,UNIFORM,3409985342187106711,3,REVOLUTE_ONLY,-0.266368443854,0.908966264042,-0.143183480280,UNGUARDED_REFERENCE,true,false,CONVERGED_UNCERTIFIED,NO_GUARDS_OR_FINAL_CERTIFICATION,21,true,false,7.46619885537e-07,false,true,false,true,0,NaN,17625,560.975176712|6874.15720012|4.86609984820
157,VALID_CAMPAIGN,NEAR_JOINT_LIMIT,5494067678920512920,3,REVOLUTE_ONLY,-0.348352552625,0.0303650801085,0.298209743404,GUARDED_PRODUCTION,false,false,NO_CONVERGENCE,STAGNATION_WINDOW_EXCEEDED,172,true,true,0.307957532904,false,false,false,false,0,216.864236148,633708,2.75087108196|-2.37713844122|-2.67428074637
157,VALID_CAMPAIGN,NEAR_JOINT_LIMIT,5494067678920512920,3,REVOLUTE_ONLY,-0.348352552625,0.0303650801085,0.298209743404,UNGUARDED_REFERENCE,true,false,CONVERGED_UNCERTIFIED,NO_GUARDS_OR_FINAL_CERTIFICATION,21,true,false,5.51020458017e-07,false,true,false,true,0,NaN,20584,512.079608434|7022.22404846|2.67428014627
158,VALID_CAMPAIGN,NEAR_SINGULARITY,-5384760447960896777,3,REVOLUTE_ONLY,1.20360000122,-0.0799999580359,0.160000016409,GUARDED_PRODUCTION,true,true,SUCCESS_WITH_WARNING,NEAR_SINGULARITY_WARNING,131,true,true,2.69007071868e-09,false,false,false,false,0,13.0508362319,538875,-0.132739324907|0.225034344256|5.34856143610e-08
158,VALID_CAMPAIGN,NEAR_SINGULARITY,-5384760447960896777,3,REVOLUTE_ONLY,1.20360000122,-0.0799999580359,0.160000016409,UNGUARDED_REFERENCE,false,false,MAX_ITERATIONS_UNCERTIFIED,NO_GUARDS_OR_FINAL_CERTIFICATION,800,true,false,0.926683825318,false,false,false,true,0,NaN,600958,325.982874996|6820.92189726|3.14159259454
159,VALID_CAMPAIGN,MICRO_MOTION,-4604452538563416645,3,REVOLUTE_ONLY,1.20360001345,-0.0799995383945,0.160000180503,GUARDED_PRODUCTION,true,true,SUCCESS,NONE,1,true,true,4.50679763525e-07,false,false,false,false,0,NaN,15667,-0.132739324907|0.225034344256|5.34856143610e-08
159,VALID_CAMPAIGN,MICRO_MOTION,-4604452538563416645,3,REVOLUTE_ONLY,1.20360001345,-0.0799995383945,0.160000180503,UNGUARDED_REFERENCE,false,false,MAX_ITERATIONS_UNCERTIFIED,NO_GUARDS_OR_FINAL_CERTIFICATION,800,true,false,0.807074483829,false,false,false,true,0,NaN,586334,-25.9059069354|5611.87722089|3.14159206491
160,VALID_CAMPAIGN,UNIFORM,-8937424474779186456,3,REVOLUTE_ONLY,-0.425441865397,0.333844482104,0.395772533712,GUARDED_PRODUCTION,true,true,SUCCESS,NONE,105,true,true,4.84703897274e-10,false,false,false,false,0,58.1725608416,373917,1.23734277271|2.26227737619|0.876476900776
160,VALID_CAMPAIGN,UNIFORM,-8937424474779186456,3,REVOLUTE_ONLY,-0.425441865397,0.333844482104,0.395772533712,UNGUARDED_REFERENCE,true,false,CONVERGED_UNCERTIFIED,NO_GUARDS_OR_FINAL_CERTIFICATION,8,true,false,1.44719569438e-08,false,true,false,true,0,NaN,9750,-34.8040021563|5653.66113623|2.26511570300
161,VALID_CAMPAIGN,NEAR_JOINT_LIMIT,5467524029359279331,3,REVOLUTE_ONLY,-0.348352548809,0.0303651238838,0.298209743404,GUARDED_PRODUCTION,false,false,NO_CONVERGENCE,STAGNATION_WINDOW_EXCEEDED,10,true,true,0.276717647744,false,false,false,false,0,4.62667750413,43917,1.12657719314|2.37713844122|0.650438536506
161,VALID_CAMPAIGN,NEAR_JOINT_LIMIT,5467524029359279331,3,REVOLUTE_ONLY,-0.348352548809,0.0303651238838,0.298209743404,UNGUARDED_REFERENCE,true,false,CONVERGED_UNCERTIFIED,NO_GUARDS_OR_FINAL_CERTIFICATION,6,true,false,6.03466399091e-08,false,true,false,true,0,NaN,8208,-34.5575186169|5652.48963954|2.67428062268
162,VALID_CAMPAIGN,NEAR_SINGULARITY,5738399079733731474,3,REVOLUTE_ONLY,1.20360000122,-0.0799999580359,0.160000016409,GUARDED_PRODUCTION,true,true,SUCCESS,NONE,85,true,true,3.37574456260e-08,false,false,false,false,0,3.65216849686,296875,-0.132739882549|0.225035289449|5.34856110633e-08
162,VALID_CAMPAIGN,NEAR_SINGULARITY,5738399079733731474,3,REVOLUTE_ONLY,1.20360000122,-0.0799999580359,0.160000016409,UNGUARDED_REFERENCE,false,false,MAX_ITERATIONS_UNCERTIFIED,NO_GUARDS_OR_FINAL_CERTIFICATION,800,true,false,0.850988134043,false,false,false,true,0,NaN,592292,162.998650879|4552.75204444|3.14159260071
163,VALID_CAMPAIGN,MICRO_MOTION,-8507352680774556811,3,REVOLUTE_ONLY,1.20360001345,-0.0799995383945,0.160000180503,GUARDED_PRODUCTION,true,true,SUCCESS,NONE,1,true,true,4.50785084076e-07,false,false,false,false,0,NaN,10750,-0.132739882549|0.225035289449|5.34856110633e-08
163,VALID_CAMPAIGN,MICRO_MOTION,-8507352680774556811,3,REVOLUTE_ONLY,1.20360001345,-0.0799995383945,0.160000180503,UNGUARDED_REFERENCE,false,false,MAX_ITERATIONS_UNCERTIFIED,NO_GUARDS_OR_FINAL_CERTIFICATION,800,true,false,1.41983075170,false,false,false,true,0,NaN,620917,325.085729627|4937.70105486|3.14159206595
164,VALID_CAMPAIGN,UNIFORM,-5265262314953461332,3,REVOLUTE_ONLY,-0.276083767405,0.551984345073,-0.0551675439154,GUARDED_PRODUCTION,true,true,SUCCESS,NONE,69,true,true,1.29544599053e-11,false,false,false,false,0,58.1720713501,259125,0.859574820359|2.12402690143|-0.777259286509
164,VALID_CAMPAIGN,UNIFORM,-5265262314953461332,3,REVOLUTE_ONLY,-0.276083767405,0.551984345073,-0.0551675439154,UNGUARDED_REFERENCE,true,false,CONVERGED_UNCERTIFIED,NO_GUARDS_OR_FINAL_CERTIFICATION,10,true,false,5.49191857488e-09,false,true,false,true,0,NaN,9500,316.480283615|4925.36475682|3.91885195770
165,VALID_CAMPAIGN,NEAR_JOINT_LIMIT,-5307818869164120207,3,REVOLUTE_ONLY,-0.348352548809,0.0303651238838,0.298209743404,GUARDED_PRODUCTION,false,false,NO_CONVERGENCE,STAGNATION_WINDOW_EXCEEDED,30,true,true,0.482194699439,false,false,false,false,0,4.55259970083,118791,0.535711744074|2.37713844122|0.136433635730
165,VALID_CAMPAIGN,NEAR_JOINT_LIMIT,-5307818869164120207,3,REVOLUTE_ONLY,-0.348352548809,0.0303651238838,0.298209743404,UNGUARDED_REFERENCE,true,false,CONVERGED_UNCERTIFIED,NO_GUARDS_OR_FINAL_CERTIFICATION,5,true,false,7.86824679500e-07,false,true,false,true,0,NaN,6084,317.300849519|4923.64012439|2.67428224204
166,VALID_CAMPAIGN,NEAR_SINGULARITY,-5415581532519044217,3,REVOLUTE_ONLY,1.20360000122,-0.0799999580359,0.160000016409,GUARDED_PRODUCTION,true,true,SUCCESS,NONE,72,true,true,1.46700469440e-07,false,false,false,false,0,2.81660336987,264833,-0.132741908944|0.225038725399|5.35001776869e-08
166,VALID_CAMPAIGN,NEAR_SINGULARITY,-5415581532519044217,3,REVOLUTE_ONLY,1.20360000122,-0.0799999580359,0.160000016409,UNGUARDED_REFERENCE,false,false,MAX_ITERATIONS_UNCERTIFIED,NO_GUARDS_OR_FINAL_CERTIFICATION,800,true,false,1.11818245131,false,false,false,true,0,NaN,584667,315.286935602|5130.97052421|3.14159259666
167,VALID_CAMPAIGN,MICRO_MOTION,-5896428491299388028,3,REVOLUTE_ONLY,1.20360001345,-0.0799995383945,0.160000180503,GUARDED_PRODUCTION,true,true,SUCCESS,NONE,1,true,true,4.68049385438e-07,false,false,false,false,0,NaN,14125,-0.132741908944|0.225038725399|5.35001776869e-08
167,VALID_CAMPAIGN,MICRO_MOTION,-5896428491299388028,3,REVOLUTE_ONLY,1.20360001345,-0.0799995383945,0.160000180503,UNGUARDED_REFERENCE,false,false,MAX_ITERATIONS_UNCERTIFIED,NO_GUARDS_OR_FINAL_CERTIFICATION,800,true,false,1.01687046847,false,false,false,true,0,NaN,578334,428.083719230|5235.14934063|3.14159206518
168,VALID_CAMPAIGN,UNIFORM,-6263324357376381387,3,REVOLUTE_ONLY,-0.181105530187,-0.489242057646,0.447554837535,GUARDED_PRODUCTION,true,true,SUCCESS,NONE,73,true,true,2.25093980636e-09,false,false,false,false,0,58.1702925405,258834,-2.53209220972|2.05790503080|1.92687412753
168,VALID_CAMPAIGN,UNIFORM,-6263324357376381387,3,REVOLUTE_ONLY,-0.181105530187,-0.489242057646,0.447554837535,UNGUARDED_REFERENCE,true,false,CONVERGED_UNCERTIFIED,NO_GUARDS_OR_FINAL_CERTIFICATION,8,true,false,1.59020000885e-09,false,true,false,true,0,NaN,7750,424.724508677|5254.80082183|1.92687412617
169,VALID_CAMPAIGN,NEAR_JOINT_LIMIT,149123717911641833,3,REVOLUTE_ONLY,-0.459095473190,-0.145846704381,0.0217902565965,GUARDED_PRODUCTION,false,false,NO_CONVERGENCE,STAGNATION_WINDOW_EXCEEDED,374,true,true,0.298675476638,false,false,false,false,0,7.22817508636,1215041,-2.90618792861|2.37713844122|2.67428074637
169,VALID_CAMPAIGN,NEAR_JOINT_LIMIT,149123717911641833,3,REVOLUTE_ONLY,-0.459095473190,-0.145846704381,0.0217902565965,UNGUARDED_REFERENCE,true,false,CONVERGED_UNCERTIFIED,NO_GUARDS_OR_FINAL_CERTIFICATION,12,true,false,2.74920848858e-07,false,true,false,true,0,NaN,10875,410.317892311|5274.06507717|5.81587343604
170,VALID_CAMPAIGN,NEAR_SINGULARITY,266930242229048063,3,REVOLUTE_ONLY,1.20360000122,-0.0799999580359,0.160000016409,GUARDED_PRODUCTION,true,true,SUCCESS_WITH_WARNING,NEAR_SINGULARITY_WARNING,138,true,true,3.08974812989e-08,false,false,false,false,0,4.53004339060,479417,-0.132739831224|0.225035202438|5.34856114495e-08
170,VALID_CAMPAIGN,NEAR_SINGULARITY,266930242229048063,3,REVOLUTE_ONLY,1.20360000122,-0.0799999580359,0.160000016409,UNGUARDED_REFERENCE,true,false,CONVERGED_UNCERTIFIED,NO_GUARDS_OR_FINAL_CERTIFICATION,10,true,false,2.06944798925e-07,false,true,false,true,0,NaN,9125,408.407048745|5277.87565169|6.28318536066
171,VALID_CAMPAIGN,MICRO_MOTION,8445418873950445056,3,REVOLUTE_ONLY,1.20360001345,-0.0799995383945,0.160000180503,GUARDED_PRODUCTION,true,true,SUCCESS,NONE,1,true,true,4.50695946897e-07,false,false,false,false,0,NaN,36208,-0.132739831224|0.225035202438|5.34856114495e-08
171,VALID_CAMPAIGN,MICRO_MOTION,8445418873950445056,3,REVOLUTE_ONLY,1.20360001345,-0.0799995383945,0.160000180503,UNGUARDED_REFERENCE,true,false,CONVERGED_UNCERTIFIED,NO_GUARDS_OR_FINAL_CERTIFICATION,1,true,false,4.88439794244e-07,false,true,false,true,0,NaN,6958,408.407048745|5277.87565169|6.28318536066
172,VALID_CAMPAIGN,UNIFORM,1721134165504518697,3,REVOLUTE_ONLY,0.646993850176,-0.0967294216445,0.383350741249,GUARDED_PRODUCTION,true,true,SUCCESS,NONE,47,true,true,2.04603520556e-08,false,false,false,false,0,58.1721163906,275125,-1.25000172588|2.03077777749|0.815401721632
172,VALID_CAMPAIGN,UNIFORM,1721134165504518697,3,REVOLUTE_ONLY,0.646993850176,-0.0967294216445,0.383350741249,UNGUARDED_REFERENCE,true,false,CONVERGED_UNCERTIFIED,NO_GUARDS_OR_FINAL_CERTIFICATION,11,true,false,3.09966779344e-09,false,true,false,true,0,NaN,14375,421.926603831|5263.53866915|7.09858708657
173,VALID_CAMPAIGN,NEAR_JOINT_LIMIT,-2623043097724852039,3,REVOLUTE_ONLY,-0.348352548809,0.0303651238838,0.298209743404,GUARDED_PRODUCTION,false,false,NO_CONVERGENCE,STAGNATION_WINDOW_EXCEEDED,58,true,true,0.571967559520,false,false,false,false,0,4.96932127526,234916,-3.14159265359|2.37713844122|0.808440518453
173,VALID_CAMPAIGN,NEAR_JOINT_LIMIT,-2623043097724852039,3,REVOLUTE_ONLY,-0.348352548809,0.0303651238838,0.298209743404,UNGUARDED_REFERENCE,true,false,CONVERGED_UNCERTIFIED,NO_GUARDS_OR_FINAL_CERTIFICATION,8,true,false,2.32680080886e-08,false,true,false,true,0,NaN,8958,422.181785569|5261.76785441|6.75049729900
174,VALID_CAMPAIGN,NEAR_SINGULARITY,692998410294928525,3,REVOLUTE_ONLY,1.20360000122,-0.0799999580359,0.160000016409,GUARDED_PRODUCTION,true,true,SUCCESS,NONE,81,true,true,1.69585470401e-08,false,false,false,false,0,4.10926353696,310375,-0.132739581053|0.225034778362|5.34856259205e-08
174,VALID_CAMPAIGN,NEAR_SINGULARITY,692998410294928525,3,REVOLUTE_ONLY,1.20360000122,-0.0799999580359,0.160000016409,UNGUARDED_REFERENCE,true,false,CONVERGED_UNCERTIFIED,NO_GUARDS_OR_FINAL_CERTIFICATION,14,true,false,4.50125016363e-08,false,true,false,true,0,NaN,13042,408.407045838|5290.44202723|6.28318536067
175,VALID_CAMPAIGN,MICRO_MOTION,1097395154174205811,3,REVOLUTE_ONLY,1.20360001345,-0.0799995383945,0.160000180503,GUARDED_PRODUCTION,true,true,SUCCESS,NONE,1,true,true,4.50499357864e-07,false,false,false,false,0,NaN,9708,-0.132739581053|0.225034778362|5.34856259205e-08
175,VALID_CAMPAIGN,MICRO_MOTION,1097395154174205811,3,REVOLUTE_ONLY,1.20360001345,-0.0799995383945,0.160000180503,UNGUARDED_REFERENCE,true,false,CONVERGED_UNCERTIFIED,NO_GUARDS_OR_FINAL_CERTIFICATION,1,true,false,4.51149237870e-07,false,true,false,true,0,NaN,3208,408.407045838|5290.44202723|6.28318536067
176,VALID_CAMPAIGN,UNIFORM,5415836922589176794,3,REVOLUTE_ONLY,-0.287095916432,0.621645536606,-0.146692416895,GUARDED_PRODUCTION,true,true,SUCCESS,NONE,77,true,true,1.89172801661e-07,false,false,false,false,0,58.1723361035,358166,1.35398695386|1.64427649854|-1.54428985876
176,VALID_CAMPAIGN,UNIFORM,5415836922589176794,3,REVOLUTE_ONLY,-0.287095916432,0.621645536606,-0.146692416895,UNGUARDED_REFERENCE,true,false,CONVERGED_UNCERTIFIED,NO_GUARDS_OR_FINAL_CERTIFICATION,11,true,false,4.06699231861e-07,false,true,false,true,0,NaN,17875,436.192708093|5245.20144818|4.73892228126
177,VALID_CAMPAIGN,NEAR_JOINT_LIMIT,-653448111006189586,3,REVOLUTE_ONLY,-0.348352552625,0.0303650801085,0.0217902565965,GUARDED_PRODUCTION,false,false,NO_CONVERGENCE,STAGNATION_WINDOW_EXCEEDED,413,true,true,0.132100890721,false,false,false,false,0,140.194408057,1436334,2.72363484409|2.37713844122|-2.67041779918
177,VALID_CAMPAIGN,NEAR_JOINT_LIMIT,-653448111006189586,3,REVOLUTE_ONLY,-0.348352552625,0.0303650801085,0.0217902565965,UNGUARDED_REFERENCE,true,false,CONVERGED_UNCERTIFIED,NO_GUARDS_OR_FINAL_CERTIFICATION,8,true,false,8.07461019115e-10,false,true,false,true,0,NaN,8416,447.314526846|5230.35192788|18.3822439619
178,VALID_CAMPAIGN,NEAR_SINGULARITY,-8817616532392567071,3,REVOLUTE_ONLY,1.20360000122,-0.0799999580359,0.160000016409,GUARDED_PRODUCTION,true,true,SUCCESS_WITH_WARNING,NEAR_SINGULARITY_WARNING,195,true,true,6.00467505409e-07,false,false,false,false,0,4.51879038406,695667,-0.132750047488|0.225052527985|5.14444466100e-08
178,VALID_CAMPAIGN,NEAR_SINGULARITY,-8817616532392567071,3,REVOLUTE_ONLY,1.20360000122,-0.0799999580359,0.160000016409,UNGUARDED_REFERENCE,true,false,CONVERGED_UNCERTIFIED,NO_GUARDS_OR_FINAL_CERTIFICATION,14,true,false,1.54001959290e-07,false,true,false,true,0,NaN,14833,433.539789023|5259.02609738|18.8495559750
179,VALID_CAMPAIGN,MICRO_MOTION,6818804451695440812,3,REVOLUTE_ONLY,1.20360001345,-0.0799995383945,0.160000180503,GUARDED_PRODUCTION,true,true,SUCCESS,NONE,1,true,true,7.33788401372e-07,false,false,false,false,0,NaN,10125,-0.132750047488|0.225052527985|5.14444466100e-08
179,VALID_CAMPAIGN,MICRO_MOTION,6818804451695440812,3,REVOLUTE_ONLY,1.20360001345,-0.0799995383945,0.160000180503,UNGUARDED_REFERENCE,true,false,CONVERGED_UNCERTIFIED,NO_GUARDS_OR_FINAL_CERTIFICATION,1,true,false,4.70437786435e-07,false,true,false,true,0,NaN,3000,433.539789023|5259.02609738|18.8495559750
180,VALID_CAMPAIGN,UNIFORM,-3205859896114858433,3,REVOLUTE_ONLY,0.257306565495,-0.721528839961,-0.129619439672,GUARDED_PRODUCTION,true,true,SUCCESS,NONE,51,true,true,4.30963922302e-10,false,false,false,false,0,58.1631472220,188583,-1.94272135090|1.56464332326|-1.23455290183
180,VALID_CAMPAIGN,UNIFORM,-3205859896114858433,3,REVOLUTE_ONLY,0.257306565495,-0.721528839961,-0.129619439672,UNGUARDED_REFERENCE,true,false,CONVERGED_UNCERTIFIED,NO_GUARDS_OR_FINAL_CERTIFICATION,6,true,false,5.45258024851e-08,false,true,false,true,0,NaN,6625,450.446620456|5229.17481925|17.6150034557
181,VALID_CAMPAIGN,NEAR_JOINT_LIMIT,4734216445077275263,3,REVOLUTE_ONLY,-0.348352548809,0.0303651238838,0.0217902565965,GUARDED_PRODUCTION,false,false,NO_CONVERGENCE,STAGNATION_WINDOW_EXCEEDED,384,true,true,0.208425070973,false,false,false,false,0,12.9348180613,1243791,-3.14159265359|2.37713844122|-2.66430630519
181,VALID_CAMPAIGN,NEAR_JOINT_LIMIT,4734216445077275263,3,REVOLUTE_ONLY,-0.348352548809,0.0303651238838,0.0217902565965,UNGUARDED_REFERENCE,false,false,MAX_ITERATIONS_UNCERTIFIED,NO_GUARDS_OR_FINAL_CERTIFICATION,800,true,false,0.782375587591,false,false,false,true,0,NaN,548125,450.129844075|5230.10682223|18.3820621443
182,VALID_CAMPAIGN,NEAR_SINGULARITY,2696617338432331092,3,REVOLUTE_ONLY,1.20360000122,-0.0799999580359,0.160000016409,GUARDED_PRODUCTION,true,true,SUCCESS_WITH_WARNING,NEAR_SINGULARITY_WARNING,149,true,true,3.09464297905e-09,false,false,false,false,0,4.50097085344,456708,-0.132739332172|0.225034356565|5.34856143257e-08
182,VALID_CAMPAIGN,NEAR_SINGULARITY,2696617338432331092,3,REVOLUTE_ONLY,1.20360000122,-0.0799999580359,0.160000016409,UNGUARDED_REFERENCE,true,false,CONVERGED_UNCERTIFIED,NO_GUARDS_OR_FINAL_CERTIFICATION,10,true,false,6.84972655160e-07,false,true,false,true,0,NaN,9459,452.256590544|5227.83523067|18.8495559750
183,VALID_CAMPAIGN,MICRO_MOTION,-3594126201874980381,3,REVOLUTE_ONLY,1.20360001345,-0.0799995383945,0.160000180503,GUARDED_PRODUCTION,true,true,SUCCESS,NONE,1,true,true,4.50670038864e-07,false,false,false,false,0,NaN,16625,-0.132739332172|0.225034356565|5.34856143257e-08
183,VALID_CAMPAIGN,MICRO_MOTION,-3594126201874980381,3,REVOLUTE_ONLY,1.20360001345,-0.0799995383945,0.160000180503,UNGUARDED_REFERENCE,true,false,CONVERGED_UNCERTIFIED,NO_GUARDS_OR_FINAL_CERTIFICATION,1,true,false,8.07785169278e-07,false,true,false,true,0,NaN,3167,452.256590544|5227.83523067|18.8495559750
184,VALID_CAMPAIGN,UNIFORM,-2550184729962368178,3,REVOLUTE_ONLY,1.04223968448,0.0708581674436,0.0651043308942,GUARDED_PRODUCTION,true,true,SUCCESS,NONE,24,true,true,3.98243124029e-09,false,false,false,false,0,58.1725545145,76041,-0.539398152540|1.13966237888|-0.314465173693
184,VALID_CAMPAIGN,UNIFORM,-2550184729962368178,3,REVOLUTE_ONLY,1.04223968448,0.0708581674436,0.0651043308942,UNGUARDED_REFERENCE,true,false,CONVERGED_UNCERTIFIED,NO_GUARDS_OR_FINAL_CERTIFICATION,7,true,false,6.89285049448e-08,false,true,false,true,0,NaN,6958,453.064504377|5226.70039046|18.5350907876
185,VALID_CAMPAIGN,NEAR_JOINT_LIMIT,4418853786376602964,3,REVOLUTE_ONLY,-0.459095473190,-0.145846704381,0.298209743404,GUARDED_PRODUCTION,false,false,NO_CONVERGENCE,STAGNATION_WINDOW_EXCEEDED,596,true,true,0.537082713816,false,false,false,false,0,6.46995620572,1617750,-3.14159265359|2.37713844122|0.542178423318
185,VALID_CAMPAIGN,NEAR_JOINT_LIMIT,4418853786376602964,3,REVOLUTE_ONLY,-0.459095473190,-0.145846704381,0.298209743404,UNGUARDED_REFERENCE,true,false,CONVERGED_UNCERTIFIED,NO_GUARDS_OR_FINAL_CERTIFICATION,20,true,false,5.39316182240e-10,false,true,false,true,0,NaN,17333,448.017003846|5211.23322389|19.3168678814
186,VALID_CAMPAIGN,NEAR_SINGULARITY,-476254398552050249,3,REVOLUTE_ONLY,1.20360000122,-0.0799999580359,0.160000016409,GUARDED_PRODUCTION,true,true,SUCCESS,NONE,79,true,true,7.74536886547e-08,false,false,false,false,0,3.41641132840,229167,-0.132740666601|0.225036618808|5.35012161963e-08
186,VALID_CAMPAIGN,NEAR_SINGULARITY,-476254398552050249,3,REVOLUTE_ONLY,1.20360000122,-0.0799999580359,0.160000016409,UNGUARDED_REFERENCE,true,false,CONVERGED_UNCERTIFIED,NO_GUARDS_OR_FINAL_CERTIFICATION,10,true,false,2.06948337278e-07,false,true,false,true,0,NaN,8875,446.106160588|5215.04379862|18.8495559750
187,VALID_CAMPAIGN,MICRO_MOTION,6838689005370065892,3,REVOLUTE_ONLY,1.20360001345,-0.0799995383945,0.160000180503,GUARDED_PRODUCTION,true,true,SUCCESS,NONE,1,true,true,4.54272600184e-07,false,false,false,false,0,NaN,10333,-0.132740666601|0.225036618808|5.35012161963e-08
187,VALID_CAMPAIGN,MICRO_MOTION,6838689005370065892,3,REVOLUTE_ONLY,1.20360001345,-0.0799995383945,0.160000180503,UNGUARDED_REFERENCE,true,false,CONVERGED_UNCERTIFIED,NO_GUARDS_OR_FINAL_CERTIFICATION,1,true,false,4.88440754198e-07,false,true,false,true,0,NaN,2667,446.106160588|5215.04379862|18.8495559750
188,VALID_CAMPAIGN,UNIFORM,-4334070267059201990,3,REVOLUTE_ONLY,0.202577592243,-0.655568988071,0.403957133100,GUARDED_PRODUCTION,true,true,SUCCESS,NONE,56,true,true,7.05750081705e-07,false,false,false,false,0,58.1713830768,952792,-2.27509568997|1.92247037570|0.919281693641
188,VALID_CAMPAIGN,UNIFORM,-4334070267059201990,3,REVOLUTE_ONLY,0.202577592243,-0.655568988071,0.403957133100,UNGUARDED_REFERENCE,true,false,CONVERGED_UNCERTIFIED,NO_GUARDS_OR_FINAL_CERTIFICATION,7,true,false,4.03718520526e-10,false,true,false,true,0,NaN,8042,462.680618232|5185.55034692|19.7688382989
189,VALID_CAMPAIGN,NEAR_JOINT_LIMIT,-624621316783982786,3,REVOLUTE_ONLY,-0.459095454863,-0.145846762073,0.298209743404,GUARDED_PRODUCTION,false,false,NO_CONVERGENCE,STAGNATION_WINDOW_EXCEEDED,25,true,true,0.495322602341,false,false,false,false,0,5.90617639607,88833,-3.14159265359|2.37713844122|0.795358100870
189,VALID_CAMPAIGN,NEAR_JOINT_LIMIT,-624621316783982786,3,REVOLUTE_ONLY,-0.459095454863,-0.145846762073,0.298209743404,UNGUARDED_REFERENCE,false,false,MAX_ITERATIONS_UNCERTIFIED,NO_GUARDS_OR_FINAL_CERTIFICATION,800,true,false,0.991140533026,false,false,false,true,0,NaN,543375,463.196442514|5185.91838363|19.3170666327
190,VALID_CAMPAIGN,NEAR_SINGULARITY,-2712952445634962113,3,REVOLUTE_ONLY,1.20360000122,-0.0799999580359,0.160000016409,GUARDED_PRODUCTION,true,true,SUCCESS,NONE,80,true,true,3.00235767625e-07,false,false,false,false,0,4.06439816405,248375,-0.132744662737|0.225043395795|5.35783414683e-08
190,VALID_CAMPAIGN,NEAR_SINGULARITY,-2712952445634962113,3,REVOLUTE_ONLY,1.20360000122,-0.0799999580359,0.160000016409,UNGUARDED_REFERENCE,true,false,CONVERGED_UNCERTIFIED,NO_GUARDS_OR_FINAL_CERTIFICATION,9,true,false,1.03529830906e-07,false,true,false,true,0,NaN,8667,464.822971596|5183.85291584|18.8495559750
191,VALID_CAMPAIGN,MICRO_MOTION,-2369876971195379075,3,REVOLUTE_ONLY,1.20360001345,-0.0799995383945,0.160000180503,GUARDED_PRODUCTION,true,true,SUCCESS,NONE,1,true,true,5.30003314489e-07,false,false,false,false,0,NaN,9125,-0.132744662737|0.225043395795|5.35783414683e-08
191,VALID_CAMPAIGN,MICRO_MOTION,-2369876971195379075,3,REVOLUTE_ONLY,1.20360001345,-0.0799995383945,0.160000180503,UNGUARDED_REFERENCE,true,false,CONVERGED_UNCERTIFIED,NO_GUARDS_OR_FINAL_CERTIFICATION,1,true,false,4.59580069571e-07,false,true,false,true,0,NaN,3875,464.822971596|5183.85291584|18.8495559750
192,VALID_CAMPAIGN,UNIFORM,1265165402232224228,3,REVOLUTE_ONLY,-0.837879162788,-0.349710094467,0.181359240626,GUARDED_PRODUCTION,false,false,NO_CONVERGENCE,STAGNATION_WINDOW_EXCEEDED,75,true,true,0.819866986875,false,false,false,false,0,58.1678745177,225667,-3.14159265359|2.37713844122|0.137991098276
192,VALID_CAMPAIGN,UNIFORM,1265165402232224228,3,REVOLUTE_ONLY,-0.837879162788,-0.349710094467,0.181359240626,UNGUARDED_REFERENCE,true,false,CONVERGED_UNCERTIFIED,NO_GUARDS_OR_FINAL_CERTIFICATION,9,true,false,5.89771163494e-08,false,true,false,true,0,NaN,13375,429.899182829|5241.75758919|18.9192317088
193,VALID_CAMPAIGN,NEAR_JOINT_LIMIT,1561893173285864664,3,REVOLUTE_ONLY,-0.459095454863,-0.145846762073,0.0217902565965,GUARDED_PRODUCTION,false,false,NO_CONVERGENCE,STAGNATION_WINDOW_EXCEEDED,549,true,true,0.537082664527,false,false,false,false,0,2.81819177345,1527250,-3.14159265359|2.37713844122|-0.542178397488
193,VALID_CAMPAIGN,NEAR_JOINT_LIMIT,1561893173285864664,3,REVOLUTE_ONLY,-0.459095454863,-0.145846762073,0.0217902565965,UNGUARDED_REFERENCE,true,false,CONVERGED_UNCERTIFIED,NO_GUARDS_OR_FINAL_CERTIFICATION,5,true,false,6.00403039470e-08,false,true,false,true,0,NaN,19125,429.167447890|5242.64915053|18.3822439560
194,VALID_CAMPAIGN,NEAR_SINGULARITY,-5580893743920584953,3,REVOLUTE_ONLY,1.20360000122,-0.0799999580359,0.160000016409,GUARDED_PRODUCTION,true,true,SUCCESS,NONE,79,true,true,7.74559125640e-08,false,false,false,false,0,3.41641127740,234875,-0.132740666641|0.225036618876|5.34699988120e-08
194,VALID_CAMPAIGN,NEAR_SINGULARITY,-5580893743920584953,3,REVOLUTE_ONLY,1.20360000122,-0.0799999580359,0.160000016409,UNGUARDED_REFERENCE,true,false,CONVERGED_UNCERTIFIED,NO_GUARDS_OR_FINAL_CERTIFICATION,10,true,false,2.06947570492e-07,false,true,false,true,0,NaN,10125,427.256604667|5246.45972515|18.8495559750
195,VALID_CAMPAIGN,MICRO_MOTION,928704637982351014,3,REVOLUTE_ONLY,1.20360001345,-0.0799995383945,0.160000180503,GUARDED_PRODUCTION,true,true,SUCCESS,NONE,1,true,true,4.54276337715e-07,false,false,false,false,0,NaN,9416,-0.132740666641|0.225036618876|5.34699988120e-08
195,VALID_CAMPAIGN,MICRO_MOTION,928704637982351014,3,REVOLUTE_ONLY,1.20360001345,-0.0799995383945,0.160000180503,UNGUARDED_REFERENCE,true,false,CONVERGED_UNCERTIFIED,NO_GUARDS_OR_FINAL_CERTIFICATION,1,true,false,4.88440564662e-07,false,true,false,true,0,NaN,2375,427.256604667|5246.45972515|18.8495559750
196,ADVERSARIAL_PROBES,NON_FINITE_TARGET,2805582536522822813,3,REVOLUTE_ONLY,NaN,-0.0800000000000,0.160000000000,GUARDED_PRODUCTION,false,false,INVALID_INPUT,INVALID_TARGET,0,true,true,NaN,false,false,false,false,0,NaN,44667,0.00000000000|0.00000000000|0.00000000000
196,ADVERSARIAL_PROBES,NON_FINITE_TARGET,2805582536522822813,3,REVOLUTE_ONLY,NaN,-0.0800000000000,0.160000000000,UNGUARDED_REFERENCE,false,false,MAX_ITERATIONS_UNCERTIFIED,NO_GUARDS_OR_FINAL_CERTIFICATION,800,false,false,NaN,true,false,false,true,0,NaN,402333,NaN|NaN|NaN
197,ADVERSARIAL_PROBES,INFINITE_TARGET,-7709327994732922054,3,REVOLUTE_ONLY,1.20360000000,-0.0800000000000,Infinity,GUARDED_PRODUCTION,false,false,INVALID_INPUT,INVALID_TARGET,0,true,true,Infinity,false,false,false,false,0,NaN,5959,0.00000000000|0.00000000000|0.00000000000
197,ADVERSARIAL_PROBES,INFINITE_TARGET,-7709327994732922054,3,REVOLUTE_ONLY,1.20360000000,-0.0800000000000,Infinity,UNGUARDED_REFERENCE,false,false,MAX_ITERATIONS_UNCERTIFIED,NO_GUARDS_OR_FINAL_CERTIFICATION,800,false,false,NaN,true,false,false,true,0,NaN,394625,NaN|NaN|NaN
198,ADVERSARIAL_PROBES,NON_FINITE_INITIAL_STATE,2463288940236296938,3,REVOLUTE_ONLY,1.20360000000,-0.0800000000000,0.160000000000,GUARDED_PRODUCTION,false,false,INVALID_INPUT,INVALID_INITIAL_STATE,0,true,true,0.00000000000,false,false,false,false,0,NaN,61250,0.00000000000|0.00000000000|0.00000000000
198,ADVERSARIAL_PROBES,NON_FINITE_INITIAL_STATE,2463288940236296938,3,REVOLUTE_ONLY,1.20360000000,-0.0800000000000,0.160000000000,UNGUARDED_REFERENCE,false,false,MAX_ITERATIONS_UNCERTIFIED,NO_GUARDS_OR_FINAL_CERTIFICATION,800,false,false,NaN,true,false,false,true,0,NaN,423167,NaN|NaN|NaN
199,ADVERSARIAL_PROBES,OVERFLOWING_GEOMETRY,-2800581874935160851,3,REVOLUTE_ONLY,0.00000000000,0.00000000000,0.00000000000,GUARDED_PRODUCTION,false,false,NUMERICAL_FAILURE,OUTPUT_VALIDATION_FAILED,1,true,true,Infinity,false,false,false,false,0,NaN,28875,0.00000000000|0.00000000000|0.00000000000
199,ADVERSARIAL_PROBES,OVERFLOWING_GEOMETRY,-2800581874935160851,3,REVOLUTE_ONLY,0.00000000000,0.00000000000,0.00000000000,UNGUARDED_REFERENCE,false,false,MAX_ITERATIONS_UNCERTIFIED,NO_GUARDS_OR_FINAL_CERTIFICATION,800,false,false,NaN,true,false,false,true,0,NaN,385875,NaN|NaN|NaN
200,VALID_CAMPAIGN,UNIFORM,2755299696313049972,3,PRISMATIC_ONLY,0.180000000000,-0.162396484141,0.613671697766,GUARDED_PRODUCTION,true,true,SUCCESS_WITH_WARNING,CRITICAL_SINGULARITY_DAMPED,29,true,true,4.43843458723e-07,false,false,false,false,0,Infinity,1265125,0.306835847150|0.306835847150|0.162396927971
200,VALID_CAMPAIGN,UNIFORM,2755299696313049972,3,PRISMATIC_ONLY,0.180000000000,-0.162396484141,0.613671697766,UNGUARDED_REFERENCE,true,true,CONVERGED_UNCERTIFIED,NO_GUARDS_OR_FINAL_CERTIFICATION,3,true,true,2.27377358239e-07,false,false,false,false,0,NaN,61584,0.306835844952|0.306835844952|0.162396711383
201,VALID_CAMPAIGN,NEAR_JOINT_LIMIT,-7067627477517249807,3,PRISMATIC_ONLY,0.180000000000,-0.574999994450,0.0400000111000,GUARDED_PRODUCTION,true,true,SUCCESS_WITH_WARNING,CRITICAL_SINGULARITY_DAMPED,109,true,true,6.59057653819e-07,false,false,false,false,0,Infinity,3447458,0.0200000275777|0.0200000275777|0.574999336866
201,VALID_CAMPAIGN,NEAR_JOINT_LIMIT,-7067627477517249807,3,PRISMATIC_ONLY,0.180000000000,-0.574999994450,0.0400000111000,UNGUARDED_REFERENCE,true,true,CONVERGED_UNCERTIFIED,NO_GUARDS_OR_FINAL_CERTIFICATION,3,true,true,7.34822440182e-07,false,false,false,false,0,NaN,25625,0.0200001263196|0.0200001263196|0.574999300460
202,VALID_CAMPAIGN,NEAR_SINGULARITY,-8557336565137410393,3,PRISMATIC_ONLY,0.180000000000,-0.297500005550,0.595000000000,GUARDED_PRODUCTION,true,true,SUCCESS_WITH_WARNING,CRITICAL_SINGULARITY_DAMPED,91,true,true,6.36604057423e-07,false,false,false,false,0,Infinity,2061542,0.297499967260|0.297499967260|0.297500638778
202,VALID_CAMPAIGN,NEAR_SINGULARITY,-8557336565137410393,3,PRISMATIC_ONLY,0.180000000000,-0.297500005550,0.595000000000,UNGUARDED_REFERENCE,true,true,CONVERGED_UNCERTIFIED,NO_GUARDS_OR_FINAL_CERTIFICATION,3,true,true,5.21976197642e-07,false,false,false,false,0,NaN,22625,0.297499883161|0.297499883161|0.297500472298
203,VALID_CAMPAIGN,MICRO_MOTION,-4173978398546697427,3,PRISMATIC_ONLY,0.180000000000,-0.297500061050,0.595000000000,GUARDED_PRODUCTION,true,true,SUCCESS,NONE,1,true,true,5.81426447124e-07,false,false,false,false,0,NaN,23959,0.297499967260|0.297499967260|0.297500638778
203,VALID_CAMPAIGN,MICRO_MOTION,-4173978398546697427,3,PRISMATIC_ONLY,0.180000000000,-0.297500061050,0.595000000000,UNGUARDED_REFERENCE,true,true,CONVERGED_UNCERTIFIED,NO_GUARDS_OR_FINAL_CERTIFICATION,1,true,true,4.73001419151e-07,false,false,false,false,0,NaN,3792916,0.297499883161|0.297499883161|0.297500472298
204,VALID_CAMPAIGN,UNIFORM,-20562502607143022,3,PRISMATIC_ONLY,0.180000000000,-0.461888937993,0.530686164316,GUARDED_PRODUCTION,true,true,SUCCESS_WITH_WARNING,CRITICAL_SINGULARITY_DAMPED,35,true,true,6.97719612464e-07,false,false,false,false,0,Infinity,756459,0.265343090326|0.265343090326|0.461888240464
204,VALID_CAMPAIGN,UNIFORM,-20562502607143022,3,PRISMATIC_ONLY,0.180000000000,-0.461888937993,0.530686164316,UNGUARDED_REFERENCE,true,true,CONVERGED_UNCERTIFIED,NO_GUARDS_OR_FINAL_CERTIFICATION,3,true,true,2.77820906055e-07,false,false,false,false,0,NaN,22167,0.265343095697|0.265343095697|0.461888661494
205,VALID_CAMPAIGN,NEAR_JOINT_LIMIT,967608890457795685,3,PRISMATIC_ONLY,0.180000000000,-0.0200000055500,1.14999998890,GUARDED_PRODUCTION,true,true,SUCCESS_WITH_WARNING,CRITICAL_SINGULARITY_DAMPED,117,true,true,6.45296253673e-07,false,false,false,false,0,Infinity,1305333,0.574999973360|0.574999973360|0.0200006494663
205,VALID_CAMPAIGN,NEAR_JOINT_LIMIT,967608890457795685,3,PRISMATIC_ONLY,0.180000000000,-0.0200000055500,1.14999998890,UNGUARDED_REFERENCE,true,true,CONVERGED_UNCERTIFIED,NO_GUARDS_OR_FINAL_CERTIFICATION,3,true,true,7.87661960115e-07,false,false,false,false,0,NaN,20167,0.574999864072|0.574999864072|0.0200007487979
206,VALID_CAMPAIGN,NEAR_SINGULARITY,73747460064130283,3,PRISMATIC_ONLY,0.180000000000,-0.297500005550,0.595000000000,GUARDED_PRODUCTION,true,true,SUCCESS_WITH_WARNING,CRITICAL_SINGULARITY_DAMPED,91,true,true,6.36606000455e-07,false,false,false,false,0,Infinity,804292,0.297500032740|0.297500032740|0.297499372320
206,VALID_CAMPAIGN,NEAR_SINGULARITY,73747460064130283,3,PRISMATIC_ONLY,0.180000000000,-0.297500005550,0.595000000000,UNGUARDED_REFERENCE,true,true,CONVERGED_UNCERTIFIED,NO_GUARDS_OR_FINAL_CERTIFICATION,3,true,true,5.21976150014e-07,false,false,false,false,0,NaN,18916,0.297500116839|0.297500116839|0.297499538802
207,VALID_CAMPAIGN,MICRO_MOTION,-3516517236152411788,3,PRISMATIC_ONLY,0.180000000000,-0.297500061050,0.595000000000,GUARDED_PRODUCTION,true,true,SUCCESS,NONE,1,true,true,6.91835187516e-07,false,false,false,false,0,NaN,11875,0.297500032740|0.297500032740|0.297499372320
207,VALID_CAMPAIGN,MICRO_MOTION,-3516517236152411788,3,PRISMATIC_ONLY,0.180000000000,-0.297500061050,0.595000000000,UNGUARDED_REFERENCE,true,true,CONVERGED_UNCERTIFIED,NO_GUARDS_OR_FINAL_CERTIFICATION,1,true,true,5.72143689412e-07,false,false,false,false,0,NaN,6125,0.297500116839|0.297500116839|0.297499538802
208,VALID_CAMPAIGN,UNIFORM,7580972967078239593,3,PRISMATIC_ONLY,0.180000000000,-0.475976172011,0.233370828910,GUARDED_PRODUCTION,true,true,SUCCESS_WITH_WARNING,CRITICAL_SINGULARITY_DAMPED,61,true,true,1.87461444806e-07,false,false,false,false,0,Infinity,546584,0.116685423335|0.116685423335|0.475975985393
208,VALID_CAMPAIGN,UNIFORM,7580972967078239593,3,PRISMATIC_ONLY,0.180000000000,-0.475976172011,0.233370828910,UNGUARDED_REFERENCE,true,true,CONVERGED_UNCERTIFIED,NO_GUARDS_OR_FINAL_CERTIFICATION,3,true,true,3.36600423092e-07,false,false,false,false,0,NaN,18208,0.116685490585|0.116685490585|0.475975871817
209,VALID_CAMPAIGN,NEAR_JOINT_LIMIT,-4637991564619784267,3,PRISMATIC_ONLY,0.180000000000,-0.574999994450,0.595000000000,GUARDED_PRODUCTION,true,true,SUCCESS_WITH_WARNING,CRITICAL_SINGULARITY_DAMPED,54,true,true,2.11533168731e-07,false,false,false,false,0,Infinity,521000,0.297499979581|0.297499979581|0.574999786896
209,VALID_CAMPAIGN,NEAR_JOINT_LIMIT,-4637991564619784267,3,PRISMATIC_ONLY,0.180000000000,-0.574999994450,0.595000000000,UNGUARDED_REFERENCE,true,true,CONVERGED_UNCERTIFIED,NO_GUARDS_OR_FINAL_CERTIFICATION,3,true,true,2.25664337138e-07,false,false,false,false,0,NaN,20875,0.297499923870|0.297499923870|0.574999827893
210,VALID_CAMPAIGN,NEAR_SINGULARITY,-5428547281338518206,3,PRISMATIC_ONLY,0.180000000000,-0.297500005550,0.595000000000,GUARDED_PRODUCTION,true,true,SUCCESS_WITH_WARNING,CRITICAL_SINGULARITY_DAMPED,54,true,true,9.68443011673e-07,false,false,false,false,0,Infinity,531209,0.297500000000|0.297500000000|0.297500973993
210,VALID_CAMPAIGN,NEAR_SINGULARITY,-5428547281338518206,3,PRISMATIC_ONLY,0.180000000000,-0.297500005550,0.595000000000,UNGUARDED_REFERENCE,true,true,CONVERGED_UNCERTIFIED,NO_GUARDS_OR_FINAL_CERTIFICATION,3,true,true,4.66749160988e-07,false,false,false,false,0,NaN,19042,0.297500000000|0.297500000000|0.297500472299
211,VALID_CAMPAIGN,MICRO_MOTION,-7687360276522550049,3,PRISMATIC_ONLY,0.180000000000,-0.297500061050,0.595000000000,GUARDED_PRODUCTION,true,true,SUCCESS,NONE,1,true,true,9.12943011688e-07,false,false,false,false,0,NaN,12750,0.297500000000|0.297500000000|0.297500973993
211,VALID_CAMPAIGN,MICRO_MOTION,-7687360276522550049,3,PRISMATIC_ONLY,0.180000000000,-0.297500061050,0.595000000000,UNGUARDED_REFERENCE,true,true,CONVERGED_UNCERTIFIED,NO_GUARDS_OR_FINAL_CERTIFICATION,1,true,true,4.11249161003e-07,false,false,false,false,0,NaN,5334,0.297500000000|0.297500000000|0.297500472299
212,VALID_CAMPAIGN,UNIFORM,106917832282112204,3,PRISMATIC_ONLY,0.180000000000,-0.0585069126681,0.329797674886,GUARDED_PRODUCTION,true,true,SUCCESS_WITH_WARNING,CRITICAL_SINGULARITY_DAMPED,59,true,true,6.64002232689e-07,false,false,false,false,0,Infinity,506750,0.164898858438|0.164898858438|0.0585075753413
212,VALID_CAMPAIGN,UNIFORM,106917832282112204,3,PRISMATIC_ONLY,0.180000000000,-0.0585069126681,0.329797674886,UNGUARDED_REFERENCE,true,true,CONVERGED_UNCERTIFIED,NO_GUARDS_OR_FINAL_CERTIFICATION,3,true,true,4.17202619346e-07,false,false,false,false,0,NaN,17125,0.164898893273|0.164898893273|0.0585073146505
213,VALID_CAMPAIGN,NEAR_JOINT_LIMIT,-4561837987896632027,3,PRISMATIC_ONLY,0.180000000000,-0.0200000055500,0.0400000111000,GUARDED_PRODUCTION,true,true,SUCCESS_WITH_WARNING,CRITICAL_SINGULARITY_DAMPED,42,true,true,1.49723691234e-07,false,false,false,false,0,Infinity,366583,0.0200000356004|0.0200000356004|0.0200001426816
213,VALID_CAMPAIGN,NEAR_JOINT_LIMIT,-4561837987896632027,3,PRISMATIC_ONLY,0.180000000000,-0.0200000055500,0.0400000111000,UNGUARDED_REFERENCE,true,true,CONVERGED_UNCERTIFIED,NO_GUARDS_OR_FINAL_CERTIFICATION,3,true,true,1.38141380860e-07,false,false,false,false,0,NaN,21208,0.0200000665584|0.0200000665584|0.0200000703185
214,VALID_CAMPAIGN,NEAR_SINGULARITY,6764757911608966083,3,PRISMATIC_ONLY,0.180000000000,-0.297500005550,0.595000000000,GUARDED_PRODUCTION,true,true,SUCCESS_WITH_WARNING,CRITICAL_SINGULARITY_DAMPED,91,true,true,6.36641755583e-07,false,false,false,false,0,Infinity,779500,0.297499967258|0.297499967258|0.297499372285
214,VALID_CAMPAIGN,NEAR_SINGULARITY,6764757911608966083,3,PRISMATIC_ONLY,0.180000000000,-0.297500005550,0.595000000000,UNGUARDED_REFERENCE,true,true,CONVERGED_UNCERTIFIED,NO_GUARDS_OR_FINAL_CERTIFICATION,3,true,true,5.21977174295e-07,false,false,false,false,0,NaN,17500,0.297499883161|0.297499883161|0.297499538801
215,VALID_CAMPAIGN,MICRO_MOTION,-7632761709315156067,3,PRISMATIC_ONLY,0.180000000000,-0.297500061050,0.595000000000,GUARDED_PRODUCTION,true,true,SUCCESS,NONE,1,true,true,6.91870939294e-07,false,false,false,false,0,NaN,10458,0.297499967258|0.297499967258|0.297499372285
215,VALID_CAMPAIGN,MICRO_MOTION,-7632761709315156067,3,PRISMATIC_ONLY,0.180000000000,-0.297500061050,0.595000000000,UNGUARDED_REFERENCE,true,true,CONVERGED_UNCERTIFIED,NO_GUARDS_OR_FINAL_CERTIFICATION,1,true,true,5.72144734581e-07,false,false,false,false,0,NaN,5583,0.297499883161|0.297499883161|0.297499538801
216,VALID_CAMPAIGN,UNIFORM,8603261074465481852,3,PRISMATIC_ONLY,0.180000000000,-0.264312793569,0.539225111743,GUARDED_PRODUCTION,true,true,SUCCESS_WITH_WARNING,CRITICAL_SINGULARITY_DAMPED,14,true,true,2.18081605072e-07,false,false,false,false,0,Infinity,125167,0.269612566146|0.269612566146|0.264313010681
216,VALID_CAMPAIGN,UNIFORM,8603261074465481852,3,PRISMATIC_ONLY,0.180000000000,-0.264312793569,0.539225111743,UNGUARDED_REFERENCE,true,true,CONVERGED_UNCERTIFIED,NO_GUARDS_OR_FINAL_CERTIFICATION,3,true,true,6.05580760770e-08,false,false,false,false,0,NaN,18000,0.269612567613|0.269612567613|0.264312849389
217,VALID_CAMPAIGN,NEAR_JOINT_LIMIT,-7455259902459821896,3,PRISMATIC_ONLY,0.180000000000,-0.0200000055500,0.595000000000,GUARDED_PRODUCTION,true,true,SUCCESS_WITH_WARNING,CRITICAL_SINGULARITY_DAMPED,49,true,true,5.70102093377e-07,false,false,false,false,0,Infinity,418250,0.297499996321|0.297499996321|0.0200005756046
217,VALID_CAMPAIGN,NEAR_JOINT_LIMIT,-7455259902459821896,3,PRISMATIC_ONLY,0.180000000000,-0.0200000055500,0.595000000000,UNGUARDED_REFERENCE,true,true,CONVERGED_UNCERTIFIED,NO_GUARDS_OR_FINAL_CERTIFICATION,3,true,true,4.11599779062e-07,false,false,false,false,0,NaN,19083,0.297499988258|0.297499988258|0.0200004164793
218,VALID_CAMPAIGN,NEAR_SINGULARITY,178757088405107977,3,PRISMATIC_ONLY,0.180000000000,-0.297500005550,0.595000000000,GUARDED_PRODUCTION,true,true,SUCCESS_WITH_WARNING,CRITICAL_SINGULARITY_DAMPED,54,true,true,9.68381691779e-07,false,false,false,false,0,Infinity,471958,0.297500000000|0.297500000000|0.297499037168
218,VALID_CAMPAIGN,NEAR_SINGULARITY,178757088405107977,3,PRISMATIC_ONLY,0.180000000000,-0.297500005550,0.595000000000,UNGUARDED_REFERENCE,true,true,CONVERGED_UNCERTIFIED,NO_GUARDS_OR_FINAL_CERTIFICATION,3,true,true,4.66748758643e-07,false,false,false,false,0,NaN,17459,0.297500000000|0.297500000000|0.297499538801
219,VALID_CAMPAIGN,MICRO_MOTION,-4266833211510900622,3,PRISMATIC_ONLY,0.180000000000,-0.297500061050,0.595000000000,GUARDED_PRODUCTION,true,true,SUCCESS_WITH_WARNING,CRITICAL_SINGULARITY_DAMPED,2,true,true,1.17679096800e-07,false,false,false,false,0,Infinity,19625,0.297500000000|0.297500000000|0.297499943371
219,VALID_CAMPAIGN,MICRO_MOTION,-4266833211510900622,3,PRISMATIC_ONLY,0.180000000000,-0.297500061050,0.595000000000,UNGUARDED_REFERENCE,true,true,CONVERGED_UNCERTIFIED,NO_GUARDS_OR_FINAL_CERTIFICATION,1,true,true,5.22248758628e-07,false,false,false,false,0,NaN,5459,0.297500000000|0.297500000000|0.297499538801
220,VALID_CAMPAIGN,UNIFORM,8461196649519487090,3,PRISMATIC_ONLY,0.180000000000,-0.112348972884,0.407625166981,GUARDED_PRODUCTION,true,true,SUCCESS_WITH_WARNING,CRITICAL_SINGULARITY_DAMPED,45,true,true,8.85624509554e-07,false,false,false,false,0,Infinity,1032250,0.203812610827|0.203812610827|0.112349856819
220,VALID_CAMPAIGN,UNIFORM,8461196649519487090,3,PRISMATIC_ONLY,0.180000000000,-0.112348972884,0.407625166981,UNGUARDED_REFERENCE,true,true,CONVERGED_UNCERTIFIED,NO_GUARDS_OR_FINAL_CERTIFICATION,3,true,true,3.21257151721e-07,false,false,false,false,0,NaN,19125,0.203812622937|0.203812622937|0.112349284304
221,VALID_CAMPAIGN,NEAR_JOINT_LIMIT,8241913059172096574,3,PRISMATIC_ONLY,0.180000000000,-0.0200000055500,0.0400000111000,GUARDED_PRODUCTION,true,true,SUCCESS_WITH_WARNING,CRITICAL_SINGULARITY_DAMPED,54,true,true,3.17924686857e-07,false,false,false,false,0,Infinity,482750,0.0200000410282|0.0200000410282|0.0200003154553
221,VALID_CAMPAIGN,NEAR_JOINT_LIMIT,8241913059172096574,3,PRISMATIC_ONLY,0.180000000000,-0.0200000055500,0.0400000111000,UNGUARDED_REFERENCE,true,true,CONVERGED_UNCERTIFIED,NO_GUARDS_OR_FINAL_CERTIFICATION,3,true,true,2.19284689457e-07,false,false,false,false,0,NaN,21500,0.0200000829426|0.0200000829426|0.0200001608796
222,VALID_CAMPAIGN,NEAR_SINGULARITY,8910837458955216212,3,PRISMATIC_ONLY,0.180000000000,-0.297500005550,0.595000000000,GUARDED_PRODUCTION,true,true,SUCCESS_WITH_WARNING,CRITICAL_SINGULARITY_DAMPED,91,true,true,6.36628359683e-07,false,false,false,false,0,Infinity,823167,0.297499967259|0.297499967259|0.297499372298
222,VALID_CAMPAIGN,NEAR_SINGULARITY,8910837458955216212,3,PRISMATIC_ONLY,0.180000000000,-0.297500005550,0.595000000000,UNGUARDED_REFERENCE,true,true,CONVERGED_UNCERTIFIED,NO_GUARDS_OR_FINAL_CERTIFICATION,3,true,true,5.21977031926e-07,false,false,false,false,0,NaN,5208,0.297499883161|0.297499883161|0.297499538801
223,VALID_CAMPAIGN,MICRO_MOTION,7894139838286374963,3,PRISMATIC_ONLY,0.180000000000,-0.297500061050,0.595000000000,GUARDED_PRODUCTION,true,true,SUCCESS,NONE,1,true,true,6.91857544701e-07,false,false,false,false,0,NaN,11917,0.297499967259|0.297499967259|0.297499372298
223,VALID_CAMPAIGN,MICRO_MOTION,7894139838286374963,3,PRISMATIC_ONLY,0.180000000000,-0.297500061050,0.595000000000,UNGUARDED_REFERENCE,true,true,CONVERGED_UNCERTIFIED,NO_GUARDS_OR_FINAL_CERTIFICATION,1,true,true,5.72144589919e-07,false,false,false,false,0,NaN,2917,0.297499883161|0.297499883161|0.297499538801
224,VALID_CAMPAIGN,UNIFORM,8706536842327051689,3,PRISMATIC_ONLY,0.180000000000,-0.120619911021,0.581502061664,GUARDED_PRODUCTION,true,true,SUCCESS_WITH_WARNING,CRITICAL_SINGULARITY_DAMPED,36,true,true,8.87051442657e-07,false,false,false,false,0,Infinity,321833,0.290751032903|0.290751032903|0.120620798062
224,VALID_CAMPAIGN,UNIFORM,8706536842327051689,3,PRISMATIC_ONLY,0.180000000000,-0.120619911021,0.581502061664,UNGUARDED_REFERENCE,true,true,CONVERGED_UNCERTIFIED,NO_GUARDS_OR_FINAL_CERTIFICATION,3,true,true,2.97562271271e-07,false,false,false,false,0,NaN,4792,0.290751033674|0.290751033674|0.120620208529
225,VALID_CAMPAIGN,NEAR_JOINT_LIMIT,6462853470875092125,3,PRISMATIC_ONLY,0.180000000000,-0.0200000055500,1.14999998890,GUARDED_PRODUCTION,true,true,SUCCESS_WITH_WARNING,CRITICAL_SINGULARITY_DAMPED,79,true,true,2.55148046287e-07,false,false,false,false,0,Infinity,707125,0.574999958104|0.574999958104|0.0200002501241
225,VALID_CAMPAIGN,NEAR_JOINT_LIMIT,6462853470875092125,3,PRISMATIC_ONLY,0.180000000000,-0.0200000055500,1.14999998890,UNGUARDED_REFERENCE,true,true,CONVERGED_UNCERTIFIED,NO_GUARDS_OR_FINAL_CERTIFICATION,3,true,true,2.93148817274e-07,false,false,false,false,0,NaN,4916,0.574999874770|0.574999874770|0.0200001747912
226,VALID_CAMPAIGN,NEAR_SINGULARITY,-5992886761990264788,3,PRISMATIC_ONLY,0.180000000000,-0.297500005550,0.595000000000,GUARDED_PRODUCTION,true,true,SUCCESS_WITH_WARNING,CRITICAL_SINGULARITY_DAMPED,91,true,true,6.36633009926e-07,false,false,false,false,0,Infinity,1347209,0.297500032741|0.297500032741|0.297499372294
226,VALID_CAMPAIGN,NEAR_SINGULARITY,-5992886761990264788,3,PRISMATIC_ONLY,0.180000000000,-0.297500005550,0.595000000000,UNGUARDED_REFERENCE,true,true,CONVERGED_UNCERTIFIED,NO_GUARDS_OR_FINAL_CERTIFICATION,3,true,true,5.21976981604e-07,false,false,false,false,0,NaN,8625,0.297500116839|0.297500116839|0.297499538801
227,VALID_CAMPAIGN,MICRO_MOTION,-3564420541917817119,3,PRISMATIC_ONLY,0.180000000000,-0.297500061050,0.595000000000,GUARDED_PRODUCTION,true,true,SUCCESS,NONE,1,true,true,6.91862194506e-07,false,false,false,false,0,NaN,21584,0.297500032741|0.297500032741|0.297499372294
227,VALID_CAMPAIGN,MICRO_MOTION,-3564420541917817119,3,PRISMATIC_ONLY,0.180000000000,-0.297500061050,0.595000000000,UNGUARDED_REFERENCE,true,true,CONVERGED_UNCERTIFIED,NO_GUARDS_OR_FINAL_CERTIFICATION,1,true,true,5.72144541738e-07,false,false,false,false,0,NaN,3333,0.297500116839|0.297500116839|0.297499538801
228,VALID_CAMPAIGN,UNIFORM,4632018862913234093,3,PRISMATIC_ONLY,0.180000000000,-0.486976560578,0.691676116093,GUARDED_PRODUCTION,true,true,SUCCESS_WITH_WARNING,CRITICAL_SINGULARITY_DAMPED,41,true,true,2.84454219914e-07,false,false,false,false,0,Infinity,539625,0.345838054386|0.345838054386|0.486976276218
228,VALID_CAMPAIGN,UNIFORM,4632018862913234093,3,PRISMATIC_ONLY,0.180000000000,-0.486976560578,0.691676116093,UNGUARDED_REFERENCE,true,true,CONVERGED_UNCERTIFIED,NO_GUARDS_OR_FINAL_CERTIFICATION,3,true,true,3.21285463503e-07,false,false,false,false,0,NaN,4917,0.345838037694|0.345838037694|0.486976241882
229,VALID_CAMPAIGN,NEAR_JOINT_LIMIT,6472633953634915303,3,PRISMATIC_ONLY,0.180000000000,-0.0200000055500,1.14999998890,GUARDED_PRODUCTION,true,true,SUCCESS_WITH_WARNING,CRITICAL_SINGULARITY_DAMPED,107,true,true,7.31847152558e-07,false,false,false,false,0,Infinity,593667,0.574999976869|0.574999976869|0.0200007365519
229,VALID_CAMPAIGN,NEAR_JOINT_LIMIT,6472633953634915303,3,PRISMATIC_ONLY,0.180000000000,-0.0200000055500,1.14999998890,UNGUARDED_REFERENCE,true,true,CONVERGED_UNCERTIFIED,NO_GUARDS_OR_FINAL_CERTIFICATION,3,true,true,8.08802795042e-07,false,false,false,false,0,NaN,4416,0.574999897963|0.574999897963|0.0200007909947
230,VALID_CAMPAIGN,NEAR_SINGULARITY,-4457885212066946097,3,PRISMATIC_ONLY,0.180000000000,-0.297500005550,0.595000000000,GUARDED_PRODUCTION,true,true,SUCCESS_WITH_WARNING,CRITICAL_SINGULARITY_DAMPED,91,true,true,6.36600136245e-07,false,false,false,false,0,Infinity,503334,0.297500032739|0.297500032739|0.297499372326
230,VALID_CAMPAIGN,NEAR_SINGULARITY,-4457885212066946097,3,PRISMATIC_ONLY,0.180000000000,-0.297500005550,0.595000000000,UNGUARDED_REFERENCE,true,true,CONVERGED_UNCERTIFIED,NO_GUARDS_OR_FINAL_CERTIFICATION,3,true,true,5.21976081507e-07,false,false,false,false,0,NaN,4625,0.297500116839|0.297500116839|0.297499538802
231,VALID_CAMPAIGN,MICRO_MOTION,3149174097442851091,3,PRISMATIC_ONLY,0.180000000000,-0.297500061050,0.595000000000,GUARDED_PRODUCTION,true,true,SUCCESS,NONE,1,true,true,6.91829323843e-07,false,false,false,false,0,NaN,15250,0.297500032739|0.297500032739|0.297499372326
231,VALID_CAMPAIGN,MICRO_MOTION,3149174097442851091,3,PRISMATIC_ONLY,0.180000000000,-0.297500061050,0.595000000000,UNGUARDED_REFERENCE,true,true,CONVERGED_UNCERTIFIED,NO_GUARDS_OR_FINAL_CERTIFICATION,1,true,true,5.72143620031e-07,false,false,false,false,0,NaN,2750,0.297500116839|0.297500116839|0.297499538802
232,VALID_CAMPAIGN,UNIFORM,-6270897010219082166,3,PRISMATIC_ONLY,0.180000000000,-0.475868169414,0.322681667843,GUARDED_PRODUCTION,true,true,SUCCESS_WITH_WARNING,CRITICAL_SINGULARITY_DAMPED,52,true,true,2.64507740274e-07,false,false,false,false,0,Infinity,284459,0.161340844221|0.161340844221|0.475867905710
232,VALID_CAMPAIGN,UNIFORM,-6270897010219082166,3,PRISMATIC_ONLY,0.180000000000,-0.475868169414,0.322681667843,UNGUARDED_REFERENCE,true,true,CONVERGED_UNCERTIFIED,NO_GUARDS_OR_FINAL_CERTIFICATION,3,true,true,3.21175588014e-07,false,false,false,false,0,NaN,4333,0.161340891250|0.161340891250|0.475867869402
233,VALID_CAMPAIGN,NEAR_JOINT_LIMIT,-1350099364057266012,3,PRISMATIC_ONLY,0.180000000000,-0.0200000055500,0.0400000111000,GUARDED_PRODUCTION,true,true,SUCCESS_WITH_WARNING,CRITICAL_SINGULARITY_DAMPED,94,true,true,7.69705824282e-07,false,false,false,false,0,Infinity,572542,0.0200000178726|0.0200000178726|0.0200007748612
233,VALID_CAMPAIGN,NEAR_JOINT_LIMIT,-1350099364057266012,3,PRISMATIC_ONLY,0.180000000000,-0.0200000055500,0.0400000111000,UNGUARDED_REFERENCE,true,true,CONVERGED_UNCERTIFIED,NO_GUARDS_OR_FINAL_CERTIFICATION,3,true,true,7.75943142752e-07,false,false,false,false,0,NaN,4167,0.0200000650603|0.0200000650603|0.0200007723106
234,VALID_CAMPAIGN,NEAR_SINGULARITY,-1661959469399303117,3,PRISMATIC_ONLY,0.180000000000,-0.297500005550,0.595000000000,GUARDED_PRODUCTION,true,true,SUCCESS_WITH_WARNING,CRITICAL_SINGULARITY_DAMPED,91,true,true,6.36598084898e-07,false,false,false,false,0,Infinity,484250,0.297499967261|0.297499967261|0.297499372328
234,VALID_CAMPAIGN,NEAR_SINGULARITY,-1661959469399303117,3,PRISMATIC_ONLY,0.180000000000,-0.297500005550,0.595000000000,UNGUARDED_REFERENCE,true,true,CONVERGED_UNCERTIFIED,NO_GUARDS_OR_FINAL_CERTIFICATION,3,true,true,5.21976136939e-07,false,false,false,false,0,NaN,4208,0.297499883161|0.297499883161|0.297499538802
235,VALID_CAMPAIGN,MICRO_MOTION,-1884662311895307944,3,PRISMATIC_ONLY,0.180000000000,-0.297500061050,0.595000000000,GUARDED_PRODUCTION,true,true,SUCCESS,NONE,1,true,true,6.91827272659e-07,false,false,false,false,0,NaN,9875,0.297499967261|0.297499967261|0.297499372328
235,VALID_CAMPAIGN,MICRO_MOTION,-1884662311895307944,3,PRISMATIC_ONLY,0.180000000000,-0.297500061050,0.595000000000,UNGUARDED_REFERENCE,true,true,CONVERGED_UNCERTIFIED,NO_GUARDS_OR_FINAL_CERTIFICATION,1,true,true,5.72143673650e-07,false,false,false,false,0,NaN,2458,0.297499883161|0.297499883161|0.297499538802
236,VALID_CAMPAIGN,UNIFORM,-1455076101133489533,3,PRISMATIC_ONLY,0.180000000000,-0.388817196547,0.510753136419,GUARDED_PRODUCTION,true,true,SUCCESS_WITH_WARNING,CRITICAL_SINGULARITY_DAMPED,24,true,true,5.66522198572e-07,false,false,false,false,0,Infinity,131792,0.255376584110|0.255376584110|0.388816630918
236,VALID_CAMPAIGN,UNIFORM,-1455076101133489533,3,PRISMATIC_ONLY,0.180000000000,-0.388817196547,0.510753136419,UNGUARDED_REFERENCE,true,true,CONVERGED_UNCERTIFIED,NO_GUARDS_OR_FINAL_CERTIFICATION,3,true,true,1.57637153506e-07,false,false,false,false,0,NaN,4250,0.255376585945|0.255376585945|0.388817042953
237,VALID_CAMPAIGN,NEAR_JOINT_LIMIT,-6415015928464215569,3,PRISMATIC_ONLY,0.180000000000,-0.0200000055500,0.595000000000,GUARDED_PRODUCTION,true,true,SUCCESS_WITH_WARNING,CRITICAL_SINGULARITY_DAMPED,72,true,true,3.10835454720e-07,false,false,false,false,0,Infinity,379750,0.297499998314|0.297499998314|0.0200003163672
237,VALID_CAMPAIGN,NEAR_JOINT_LIMIT,-6415015928464215569,3,PRISMATIC_ONLY,0.180000000000,-0.0200000055500,0.595000000000,UNGUARDED_REFERENCE,true,true,CONVERGED_UNCERTIFIED,NO_GUARDS_OR_FINAL_CERTIFICATION,3,true,true,6.21356183120e-07,false,false,false,false,0,NaN,4292,0.297499982264|0.297499982264|0.0200006258929
238,VALID_CAMPAIGN,NEAR_SINGULARITY,2341196485253250115,3,PRISMATIC_ONLY,0.180000000000,-0.297500005550,0.595000000000,GUARDED_PRODUCTION,true,true,SUCCESS_WITH_WARNING,CRITICAL_SINGULARITY_DAMPED,54,true,true,9.68426929038e-07,false,false,false,false,0,Infinity,289833,0.297500000000|0.297500000000|0.297499037123
238,VALID_CAMPAIGN,NEAR_SINGULARITY,2341196485253250115,3,PRISMATIC_ONLY,0.180000000000,-0.297500005550,0.595000000000,UNGUARDED_REFERENCE,true,true,CONVERGED_UNCERTIFIED,NO_GUARDS_OR_FINAL_CERTIFICATION,3,true,true,4.66748406425e-07,false,false,false,false,0,NaN,4083,0.297500000000|0.297500000000|0.297499538802
239,VALID_CAMPAIGN,MICRO_MOTION,2762787185550024389,3,PRISMATIC_ONLY,0.180000000000,-0.297500061050,0.595000000000,GUARDED_PRODUCTION,true,true,SUCCESS_WITH_WARNING,CRITICAL_SINGULARITY_DAMPED,2,true,true,1.17684296141e-07,false,false,false,false,0,Infinity,14000,0.297500000000|0.297500000000|0.297499943366
239,VALID_CAMPAIGN,MICRO_MOTION,2762787185550024389,3,PRISMATIC_ONLY,0.180000000000,-0.297500061050,0.595000000000,UNGUARDED_REFERENCE,true,true,CONVERGED_UNCERTIFIED,NO_GUARDS_OR_FINAL_CERTIFICATION,1,true,true,5.22248406409e-07,false,false,false,false,0,NaN,2500,0.297500000000|0.297500000000|0.297499538802
240,VALID_CAMPAIGN,UNIFORM,-8091348226483058606,3,PRISMATIC_ONLY,0.180000000000,-0.450063063625,0.935450179252,GUARDED_PRODUCTION,true,true,SUCCESS_WITH_WARNING,CRITICAL_SINGULARITY_DAMPED,56,true,true,2.68563557545e-07,false,false,false,false,0,Infinity,303542,0.467725073973|0.467725073973|0.450062796892
240,VALID_CAMPAIGN,UNIFORM,-8091348226483058606,3,PRISMATIC_ONLY,0.180000000000,-0.450063063625,0.935450179252,UNGUARDED_REFERENCE,true,true,CONVERGED_UNCERTIFIED,NO_GUARDS_OR_FINAL_CERTIFICATION,3,true,true,2.93930964330e-07,false,false,false,false,0,NaN,4291,0.467725017954|0.467725017954|0.450062807016
241,VALID_CAMPAIGN,NEAR_JOINT_LIMIT,-5403249183518240183,3,PRISMATIC_ONLY,0.180000000000,-0.0200000055500,0.595000000000,GUARDED_PRODUCTION,true,true,SUCCESS_WITH_WARNING,CRITICAL_SINGULARITY_DAMPED,93,true,true,9.03754562548e-07,false,false,false,false,0,Infinity,493792,0.297500018825|0.297500018825|0.0200009085200
241,VALID_CAMPAIGN,NEAR_JOINT_LIMIT,-5403249183518240183,3,PRISMATIC_ONLY,0.180000000000,-0.0200000055500,0.595000000000,UNGUARDED_REFERENCE,true,true,CONVERGED_UNCERTIFIED,NO_GUARDS_OR_FINAL_CERTIFICATION,3,true,true,7.37423023797e-07,false,false,false,false,0,NaN,4042,0.297500071672|0.297500071672|0.0200007289070
242,VALID_CAMPAIGN,NEAR_SINGULARITY,-2633198341455334655,3,PRISMATIC_ONLY,0.180000000000,-0.297500005550,0.595000000000,GUARDED_PRODUCTION,true,true,SUCCESS_WITH_WARNING,CRITICAL_SINGULARITY_DAMPED,54,true,true,9.68323597694e-07,false,false,false,false,0,Infinity,298708,0.297500000000|0.297500000000|0.297499037226
242,VALID_CAMPAIGN,NEAR_SINGULARITY,-2633198341455334655,3,PRISMATIC_ONLY,0.180000000000,-0.297500005550,0.595000000000,UNGUARDED_REFERENCE,true,true,CONVERGED_UNCERTIFIED,NO_GUARDS_OR_FINAL_CERTIFICATION,3,true,true,4.66748233174e-07,false,false,false,false,0,NaN,4042,0.297500000000|0.297500000000|0.297499538802
243,VALID_CAMPAIGN,MICRO_MOTION,1205344098859365144,3,PRISMATIC_ONLY,0.180000000000,-0.297500061050,0.595000000000,GUARDED_PRODUCTION,true,true,SUCCESS_WITH_WARNING,CRITICAL_SINGULARITY_DAMPED,2,true,true,1.17672419808e-07,false,false,false,false,0,Infinity,67333,0.297500000000|0.297500000000|0.297499943378
243,VALID_CAMPAIGN,MICRO_MOTION,1205344098859365144,3,PRISMATIC_ONLY,0.180000000000,-0.297500061050,0.595000000000,UNGUARDED_REFERENCE,true,true,CONVERGED_UNCERTIFIED,NO_GUARDS_OR_FINAL_CERTIFICATION,1,true,true,5.22248233159e-07,false,false,false,false,0,NaN,2667,0.297500000000|0.297500000000|0.297499538802
244,VALID_CAMPAIGN,UNIFORM,1292814197826004465,3,PRISMATIC_ONLY,0.180000000000,-0.253863403560,0.364201386264,GUARDED_PRODUCTION,true,true,SUCCESS_WITH_WARNING,CRITICAL_SINGULARITY_DAMPED,35,true,true,1.55091096650e-07,false,false,false,false,0,Infinity,190500,0.182100715654|0.182100715654|0.253863551966
244,VALID_CAMPAIGN,UNIFORM,1292814197826004465,3,PRISMATIC_ONLY,0.180000000000,-0.253863403560,0.364201386264,UNGUARDED_REFERENCE,true,true,CONVERGED_UNCERTIFIED,NO_GUARDS_OR_FINAL_CERTIFICATION,3,true,true,1.21778271129e-07,false,false,false,false,0,NaN,4250,0.182100741720|0.182100741720|0.253863476955
245,VALID_CAMPAIGN,NEAR_JOINT_LIMIT,-157816663919898542,3,PRISMATIC_ONLY,0.180000000000,-0.574999994450,0.0400000111000,GUARDED_PRODUCTION,true,true,SUCCESS_WITH_WARNING,CRITICAL_SINGULARITY_DAMPED,76,true,true,1.90435956948e-07,false,false,false,false,0,Infinity,402708,0.0200000095129|0.0200000095129|0.574999804179
245,VALID_CAMPAIGN,NEAR_JOINT_LIMIT,-157816663919898542,3,PRISMATIC_ONLY,0.180000000000,-0.574999994450,0.0400000111000,UNGUARDED_REFERENCE,true,true,CONVERGED_UNCERTIFIED,NO_GUARDS_OR_FINAL_CERTIFICATION,3,true,true,5.57126254844e-07,false,false,false,false,0,NaN,4125,0.0200000738010|0.0200000738010|0.574999454305
246,VALID_CAMPAIGN,NEAR_SINGULARITY,-7227282212358034110,3,PRISMATIC_ONLY,0.180000000000,-0.297500005550,0.595000000000,GUARDED_PRODUCTION,true,true,SUCCESS_WITH_WARNING,CRITICAL_SINGULARITY_DAMPED,91,true,true,6.36640771261e-07,false,false,false,false,0,Infinity,477708,0.297499967258|0.297499967258|0.297500638814
246,VALID_CAMPAIGN,NEAR_SINGULARITY,-7227282212358034110,3,PRISMATIC_ONLY,0.180000000000,-0.297500005550,0.595000000000,UNGUARDED_REFERENCE,true,true,CONVERGED_UNCERTIFIED,NO_GUARDS_OR_FINAL_CERTIFICATION,3,true,true,5.21976448785e-07,false,false,false,false,0,NaN,4042,0.297499883161|0.297499883161|0.297500472299
247,VALID_CAMPAIGN,MICRO_MOTION,-1163989529780924393,3,PRISMATIC_ONLY,0.180000000000,-0.297500061050,0.595000000000,GUARDED_PRODUCTION,true,true,SUCCESS,NONE,1,true,true,5.81463161989e-07,false,false,false,false,0,NaN,8167,0.297499967258|0.297499967258|0.297500638814
247,VALID_CAMPAIGN,MICRO_MOTION,-1163989529780924393,3,PRISMATIC_ONLY,0.180000000000,-0.297500061050,0.595000000000,UNGUARDED_REFERENCE,true,true,CONVERGED_UNCERTIFIED,NO_GUARDS_OR_FINAL_CERTIFICATION,1,true,true,4.73001665938e-07,false,false,false,false,0,NaN,2417,0.297499883161|0.297499883161|0.297500472299
248,VALID_CAMPAIGN,UNIFORM,-1461009508424294069,3,PRISMATIC_ONLY,0.180000000000,-0.468005596057,0.613403134789,GUARDED_PRODUCTION,true,true,SUCCESS_WITH_WARNING,CRITICAL_SINGULARITY_DAMPED,35,true,true,7.84399156739e-07,false,false,false,false,0,Infinity,190042,0.306701564834|0.306701564834|0.468004811675
248,VALID_CAMPAIGN,UNIFORM,-1461009508424294069,3,PRISMATIC_ONLY,0.180000000000,-0.468005596057,0.613403134789,UNGUARDED_REFERENCE,true,true,CONVERGED_UNCERTIFIED,NO_GUARDS_OR_FINAL_CERTIFICATION,3,true,true,2.86890860575e-07,false,false,false,false,0,NaN,4000,0.306701563520|0.306701563520|0.468005309271
249,VALID_CAMPAIGN,NEAR_JOINT_LIMIT,2996572198266727438,3,PRISMATIC_ONLY,0.180000000000,-0.574999994450,0.595000000000,GUARDED_PRODUCTION,true,true,SUCCESS_WITH_WARNING,CRITICAL_SINGULARITY_DAMPED,24,true,true,4.06268047723e-07,false,false,false,false,0,Infinity,133958,0.297500001970|0.297500001970|0.574999588201
249,VALID_CAMPAIGN,NEAR_JOINT_LIMIT,2996572198266727438,3,PRISMATIC_ONLY,0.180000000000,-0.574999994450,0.595000000000,UNGUARDED_REFERENCE,true,true,CONVERGED_UNCERTIFIED,NO_GUARDS_OR_FINAL_CERTIFICATION,3,true,true,1.80129655794e-07,false,false,false,false,0,NaN,4000,0.297500003874|0.297500003874|0.574999814487
250,VALID_CAMPAIGN,NEAR_SINGULARITY,-6492807063105325568,3,PRISMATIC_ONLY,0.180000000000,-0.297500005550,0.595000000000,GUARDED_PRODUCTION,true,true,SUCCESS_WITH_WARNING,CRITICAL_SINGULARITY_DAMPED,54,true,true,9.68408339130e-07,false,false,false,false,0,Infinity,293084,0.297500000000|0.297500000000|0.297500973958
250,VALID_CAMPAIGN,NEAR_SINGULARITY,-6492807063105325568,3,PRISMATIC_ONLY,0.180000000000,-0.297500005550,0.595000000000,UNGUARDED_REFERENCE,true,true,CONVERGED_UNCERTIFIED,NO_GUARDS_OR_FINAL_CERTIFICATION,3,true,true,4.66749138395e-07,false,false,false,false,0,NaN,5541,0.297500000000|0.297500000000|0.297500472299
251,VALID_CAMPAIGN,MICRO_MOTION,3311051749334969900,3,PRISMATIC_ONLY,0.180000000000,-0.297500061050,0.595000000000,GUARDED_PRODUCTION,true,true,SUCCESS,NONE,1,true,true,9.12908339146e-07,false,false,false,false,0,NaN,8666,0.297500000000|0.297500000000|0.297500973958
251,VALID_CAMPAIGN,MICRO_MOTION,3311051749334969900,3,PRISMATIC_ONLY,0.180000000000,-0.297500061050,0.595000000000,UNGUARDED_REFERENCE,true,true,CONVERGED_UNCERTIFIED,NO_GUARDS_OR_FINAL_CERTIFICATION,1,true,true,4.11249138410e-07,false,false,false,false,0,NaN,2500,0.297500000000|0.297500000000|0.297500472299
252,VALID_CAMPAIGN,UNIFORM,5583901160287727011,3,PRISMATIC_ONLY,0.180000000000,-0.205911386789,0.904189345438,GUARDED_PRODUCTION,true,true,SUCCESS_WITH_WARNING,CRITICAL_SINGULARITY_DAMPED,47,true,true,3.52905860187e-07,false,false,false,false,0,Infinity,251333,0.452094638364|0.452094638364|0.205911732941
252,VALID_CAMPAIGN,UNIFORM,5583901160287727011,3,PRISMATIC_ONLY,0.180000000000,-0.205911386789,0.904189345438,UNGUARDED_REFERENCE,true,true,CONVERGED_UNCERTIFIED,NO_GUARDS_OR_FINAL_CERTIFICATION,3,true,true,2.01690099319e-07,false,false,false,false,0,NaN,4333,0.452094607629|0.452094607629|0.205911540840
253,VALID_CAMPAIGN,NEAR_JOINT_LIMIT,1325145628776624195,3,PRISMATIC_ONLY,0.180000000000,-0.0200000055500,0.595000000000,GUARDED_PRODUCTION,true,true,SUCCESS_WITH_WARNING,CRITICAL_SINGULARITY_DAMPED,56,true,true,5.62986037922e-07,false,false,false,false,0,Infinity,303875,0.297500026730|0.297500026730|0.0200005659921
253,VALID_CAMPAIGN,NEAR_JOINT_LIMIT,1325145628776624195,3,PRISMATIC_ONLY,0.180000000000,-0.0200000055500,0.595000000000,UNGUARDED_REFERENCE,true,true,CONVERGED_UNCERTIFIED,NO_GUARDS_OR_FINAL_CERTIFICATION,3,true,true,3.38715417264e-07,false,false,false,false,0,NaN,4083,0.297500065091|0.297500065091|0.0200003182495
254,VALID_CAMPAIGN,NEAR_SINGULARITY,-2849675162961414268,3,PRISMATIC_ONLY,0.180000000000,-0.297500005550,0.595000000000,GUARDED_PRODUCTION,true,true,SUCCESS_WITH_WARNING,CRITICAL_SINGULARITY_DAMPED,54,true,true,9.68383369160e-07,false,false,false,false,0,Infinity,299375,0.297500000000|0.297500000000|0.297499037167
254,VALID_CAMPAIGN,NEAR_SINGULARITY,-2849675162961414268,3,PRISMATIC_ONLY,0.180000000000,-0.297500005550,0.595000000000,UNGUARDED_REFERENCE,true,true,CONVERGED_UNCERTIFIED,NO_GUARDS_OR_FINAL_CERTIFICATION,3,true,true,4.66748923900e-07,false,false,false,false,0,NaN,5250,0.297500000000|0.297500000000|0.297499538801
255,VALID_CAMPAIGN,MICRO_MOTION,7056613057363946637,3,PRISMATIC_ONLY,0.180000000000,-0.297500061050,0.595000000000,GUARDED_PRODUCTION,true,true,SUCCESS_WITH_WARNING,CRITICAL_SINGULARITY_DAMPED,2,true,true,1.17679289591e-07,false,false,false,false,0,Infinity,14125,0.297500000000|0.297500000000|0.297499943371
255,VALID_CAMPAIGN,MICRO_MOTION,7056613057363946637,3,PRISMATIC_ONLY,0.180000000000,-0.297500061050,0.595000000000,UNGUARDED_REFERENCE,true,true,CONVERGED_UNCERTIFIED,NO_GUARDS_OR_FINAL_CERTIFICATION,1,true,true,5.22248923884e-07,false,false,false,false,0,NaN,86250,0.297500000000|0.297500000000|0.297499538801
256,VALID_CAMPAIGN,UNIFORM,-6567345109096470825,3,PRISMATIC_ONLY,0.180000000000,-0.0830142659726,0.543420062314,GUARDED_PRODUCTION,true,true,SUCCESS_WITH_WARNING,CRITICAL_SINGULARITY_DAMPED,44,true,true,1.95731769999e-07,false,false,false,false,0,Infinity,297750,0.271710032182|0.271710032182|0.0830144616936
256,VALID_CAMPAIGN,UNIFORM,-6567345109096470825,3,PRISMATIC_ONLY,0.180000000000,-0.0830142659726,0.543420062314,UNGUARDED_REFERENCE,true,true,CONVERGED_UNCERTIFIED,NO_GUARDS_OR_FINAL_CERTIFICATION,3,true,true,3.61413022576e-07,false,false,false,false,0,NaN,9458,0.271710042016|0.271710042016|0.0830146267325
257,VALID_CAMPAIGN,NEAR_JOINT_LIMIT,-1063198297357322712,3,PRISMATIC_ONLY,0.180000000000,-0.574999994450,0.0400000111000,GUARDED_PRODUCTION,true,true,SUCCESS_WITH_WARNING,CRITICAL_SINGULARITY_DAMPED,114,true,true,8.31640439782e-07,false,false,false,false,0,Infinity,718792,0.0200000261543|0.0200000261543|0.574999163831
257,VALID_CAMPAIGN,NEAR_JOINT_LIMIT,-1063198297357322712,3,PRISMATIC_ONLY,0.180000000000,-0.574999994450,0.0400000111000,UNGUARDED_REFERENCE,true,true,CONVERGED_UNCERTIFIED,NO_GUARDS_OR_FINAL_CERTIFICATION,3,true,true,8.54224408606e-07,false,false,false,false,0,NaN,5458,0.0200001115302|0.0200001115302|0.574999166940
258,VALID_CAMPAIGN,NEAR_SINGULARITY,6443347491844632026,3,PRISMATIC_ONLY,0.180000000000,-0.297500005550,0.595000000000,GUARDED_PRODUCTION,true,true,SUCCESS_WITH_WARNING,CRITICAL_SINGULARITY_DAMPED,91,true,true,6.36591616694e-07,false,false,false,false,0,Infinity,575708,0.297499967261|0.297499967261|0.297500638765
258,VALID_CAMPAIGN,NEAR_SINGULARITY,6443347491844632026,3,PRISMATIC_ONLY,0.180000000000,-0.297500005550,0.595000000000,UNGUARDED_REFERENCE,true,true,CONVERGED_UNCERTIFIED,NO_GUARDS_OR_FINAL_CERTIFICATION,3,true,true,5.21976002374e-07,false,false,false,false,0,NaN,7167,0.297499883161|0.297499883161|0.297500472298
259,VALID_CAMPAIGN,MICRO_MOTION,8955506310264272525,3,PRISMATIC_ONLY,0.180000000000,-0.297500061050,0.595000000000,GUARDED_PRODUCTION,true,true,SUCCESS,NONE,1,true,true,5.81414006101e-07,false,false,false,false,0,NaN,17500,0.297499967261|0.297499967261|0.297500638765
259,VALID_CAMPAIGN,MICRO_MOTION,8955506310264272525,3,PRISMATIC_ONLY,0.180000000000,-0.297500061050,0.595000000000,UNGUARDED_REFERENCE,true,true,CONVERGED_UNCERTIFIED,NO_GUARDS_OR_FINAL_CERTIFICATION,1,true,true,4.73001230018e-07,false,false,false,false,0,NaN,2417,0.297499883161|0.297499883161|0.297500472298
260,VALID_CAMPAIGN,UNIFORM,-5502743270927012771,3,PRISMATIC_ONLY,0.180000000000,-0.339698439470,0.736738822507,GUARDED_PRODUCTION,true,true,SUCCESS_WITH_WARNING,CRITICAL_SINGULARITY_DAMPED,24,true,true,2.83421660736e-07,false,false,false,false,0,Infinity,139417,0.368369382710|0.368369382710|0.339698161857
260,VALID_CAMPAIGN,UNIFORM,-5502743270927012771,3,PRISMATIC_ONLY,0.180000000000,-0.339698439470,0.736738822507,UNGUARDED_REFERENCE,true,true,CONVERGED_UNCERTIFIED,NO_GUARDS_OR_FINAL_CERTIFICATION,3,true,true,9.27311501182e-08,false,false,false,false,0,NaN,13000,0.368369381414|0.368369381414|0.339698368493
261,VALID_CAMPAIGN,NEAR_JOINT_LIMIT,3895228196525489094,3,PRISMATIC_ONLY,0.180000000000,-0.0200000055500,0.595000000000,GUARDED_PRODUCTION,true,true,SUCCESS_WITH_WARNING,CRITICAL_SINGULARITY_DAMPED,65,true,true,3.66847352503e-07,false,false,false,false,0,Infinity,371958,0.297500004104|0.297500004104|0.0200003723055
261,VALID_CAMPAIGN,NEAR_JOINT_LIMIT,3895228196525489094,3,PRISMATIC_ONLY,0.180000000000,-0.0200000055500,0.595000000000,UNGUARDED_REFERENCE,true,true,CONVERGED_UNCERTIFIED,NO_GUARDS_OR_FINAL_CERTIFICATION,3,true,true,5.41027690707e-07,false,false,false,false,0,NaN,6416,0.297500029839|0.297500029839|0.0200005432763
262,VALID_CAMPAIGN,NEAR_SINGULARITY,4684972674837998505,3,PRISMATIC_ONLY,0.180000000000,-0.297500005550,0.595000000000,GUARDED_PRODUCTION,true,true,SUCCESS_WITH_WARNING,CRITICAL_SINGULARITY_DAMPED,54,true,true,9.68417167735e-07,false,false,false,false,0,Infinity,310917,0.297500000000|0.297500000000|0.297499037133
262,VALID_CAMPAIGN,NEAR_SINGULARITY,4684972674837998505,3,PRISMATIC_ONLY,0.180000000000,-0.297500005550,0.595000000000,UNGUARDED_REFERENCE,true,true,CONVERGED_UNCERTIFIED,NO_GUARDS_OR_FINAL_CERTIFICATION,3,true,true,4.66748545369e-07,false,false,false,false,0,NaN,11041,0.297500000000|0.297500000000|0.297499538801
263,VALID_CAMPAIGN,MICRO_MOTION,-4845051771595564655,3,PRISMATIC_ONLY,0.180000000000,-0.297500061050,0.595000000000,GUARDED_PRODUCTION,true,true,SUCCESS_WITH_WARNING,CRITICAL_SINGULARITY_DAMPED,2,true,true,1.17683174206e-07,false,false,false,false,0,Infinity,16417,0.297500000000|0.297500000000|0.297499943367
263,VALID_CAMPAIGN,MICRO_MOTION,-4845051771595564655,3,PRISMATIC_ONLY,0.180000000000,-0.297500061050,0.595000000000,UNGUARDED_REFERENCE,true,true,CONVERGED_UNCERTIFIED,NO_GUARDS_OR_FINAL_CERTIFICATION,1,true,true,5.22248545354e-07,false,false,false,false,0,NaN,8459,0.297500000000|0.297500000000|0.297499538801
264,VALID_CAMPAIGN,UNIFORM,-4604972258392497959,3,PRISMATIC_ONLY,0.180000000000,-0.318413405762,0.617119138359,GUARDED_PRODUCTION,true,true,SUCCESS_WITH_WARNING,CRITICAL_SINGULARITY_DAMPED,9,true,true,5.79655431179e-07,false,false,false,false,0,Infinity,54459,0.308559548529|0.308559548529|0.318412827579
264,VALID_CAMPAIGN,UNIFORM,-4604972258392497959,3,PRISMATIC_ONLY,0.180000000000,-0.318413405762,0.617119138359,UNGUARDED_REFERENCE,true,true,CONVERGED_UNCERTIFIED,NO_GUARDS_OR_FINAL_CERTIFICATION,3,true,true,3.63886477731e-08,false,false,false,false,0,NaN,3416,0.308559564523|0.308559564523|0.318413370585
265,VALID_CAMPAIGN,NEAR_JOINT_LIMIT,-6961910977618531155,3,PRISMATIC_ONLY,0.180000000000,-0.0200000055500,0.595000000000,GUARDED_PRODUCTION,true,true,SUCCESS_WITH_WARNING,CRITICAL_SINGULARITY_DAMPED,58,true,true,8.15129105876e-07,false,false,false,false,0,Infinity,329458,0.297500001751|0.297500001751|0.0200008206716
265,VALID_CAMPAIGN,NEAR_JOINT_LIMIT,-6961910977618531155,3,PRISMATIC_ONLY,0.180000000000,-0.0200000055500,0.595000000000,UNGUARDED_REFERENCE,true,true,CONVERGED_UNCERTIFIED,NO_GUARDS_OR_FINAL_CERTIFICATION,3,true,true,5.02011704412e-07,false,false,false,false,0,NaN,3458,0.297500004657|0.297500004657|0.0200005074753
266,VALID_CAMPAIGN,NEAR_SINGULARITY,-11542296258013360,3,PRISMATIC_ONLY,0.180000000000,-0.297500005550,0.595000000000,GUARDED_PRODUCTION,true,true,SUCCESS_WITH_WARNING,CRITICAL_SINGULARITY_DAMPED,54,true,true,9.68338927321e-07,false,false,false,false,0,Infinity,309916,0.297500000000|0.297500000000|0.297499037211
266,VALID_CAMPAIGN,NEAR_SINGULARITY,-11542296258013360,3,PRISMATIC_ONLY,0.180000000000,-0.297500005550,0.595000000000,UNGUARDED_REFERENCE,true,true,CONVERGED_UNCERTIFIED,NO_GUARDS_OR_FINAL_CERTIFICATION,3,true,true,4.66748605599e-07,false,false,false,false,0,NaN,3292,0.297500000000|0.297500000000|0.297499538801
267,VALID_CAMPAIGN,MICRO_MOTION,2770726226513863461,3,PRISMATIC_ONLY,0.180000000000,-0.297500061050,0.595000000000,GUARDED_PRODUCTION,true,true,SUCCESS_WITH_WARNING,CRITICAL_SINGULARITY_DAMPED,2,true,true,1.17674181732e-07,false,false,false,false,0,Infinity,13208,0.297500000000|0.297500000000|0.297499943376
267,VALID_CAMPAIGN,MICRO_MOTION,2770726226513863461,3,PRISMATIC_ONLY,0.180000000000,-0.297500061050,0.595000000000,UNGUARDED_REFERENCE,true,true,CONVERGED_UNCERTIFIED,NO_GUARDS_OR_FINAL_CERTIFICATION,1,true,true,5.22248605583e-07,false,false,false,false,0,NaN,1500,0.297500000000|0.297500000000|0.297499538801
268,VALID_CAMPAIGN,UNIFORM,8305978008561858895,3,PRISMATIC_ONLY,0.180000000000,-0.175811951015,0.783591118994,GUARDED_PRODUCTION,true,true,SUCCESS_WITH_WARNING,CRITICAL_SINGULARITY_DAMPED,37,true,true,4.13100587339e-07,false,false,false,false,0,Infinity,209334,0.391795541007|0.391795541007|0.175812362457
268,VALID_CAMPAIGN,UNIFORM,8305978008561858895,3,PRISMATIC_ONLY,0.180000000000,-0.175811951015,0.783591118994,UNGUARDED_REFERENCE,true,true,CONVERGED_UNCERTIFIED,NO_GUARDS_OR_FINAL_CERTIFICATION,3,true,true,2.19539031310e-07,false,false,false,false,0,NaN,3125,0.391795519795|0.391795519795|0.175812155691
269,VALID_CAMPAIGN,NEAR_JOINT_LIMIT,1708711433368541367,3,PRISMATIC_ONLY,0.180000000000,-0.0200000055500,0.595000000000,GUARDED_PRODUCTION,true,true,SUCCESS_WITH_WARNING,CRITICAL_SINGULARITY_DAMPED,41,true,true,7.86258202697e-07,false,false,false,false,0,Infinity,239041,0.297500029102|0.297500029102|0.0200007896509
269,VALID_CAMPAIGN,NEAR_JOINT_LIMIT,1708711433368541367,3,PRISMATIC_ONLY,0.180000000000,-0.0200000055500,0.595000000000,UNGUARDED_REFERENCE,true,true,CONVERGED_UNCERTIFIED,NO_GUARDS_OR_FINAL_CERTIFICATION,3,true,true,2.73838087297e-07,false,false,false,false,0,NaN,3333,0.297500039702|0.297500039702|0.0200002676229
270,VALID_CAMPAIGN,NEAR_SINGULARITY,-417964737111544891,3,PRISMATIC_ONLY,0.180000000000,-0.297500005550,0.595000000000,GUARDED_PRODUCTION,true,true,SUCCESS_WITH_WARNING,CRITICAL_SINGULARITY_DAMPED,54,true,true,9.68344340491e-07,false,false,false,false,0,Infinity,309583,0.297500000000|0.297500000000|0.297499037206
270,VALID_CAMPAIGN,NEAR_SINGULARITY,-417964737111544891,3,PRISMATIC_ONLY,0.180000000000,-0.297500005550,0.595000000000,UNGUARDED_REFERENCE,true,true,CONVERGED_UNCERTIFIED,NO_GUARDS_OR_FINAL_CERTIFICATION,3,true,true,4.66749009054e-07,false,false,false,false,0,NaN,3083,0.297500000000|0.297500000000|0.297499538801
271,VALID_CAMPAIGN,MICRO_MOTION,-5668035599296552703,3,PRISMATIC_ONLY,0.180000000000,-0.297500061050,0.595000000000,GUARDED_PRODUCTION,true,true,SUCCESS_WITH_WARNING,CRITICAL_SINGULARITY_DAMPED,2,true,true,1.17674803901e-07,false,false,false,false,0,Infinity,20625,0.297500000000|0.297500000000|0.297499943375
271,VALID_CAMPAIGN,MICRO_MOTION,-5668035599296552703,3,PRISMATIC_ONLY,0.180000000000,-0.297500061050,0.595000000000,UNGUARDED_REFERENCE,true,true,CONVERGED_UNCERTIFIED,NO_GUARDS_OR_FINAL_CERTIFICATION,1,true,true,5.22249009038e-07,false,false,false,false,0,NaN,1458,0.297500000000|0.297500000000|0.297499538801
272,VALID_CAMPAIGN,UNIFORM,-5186276842959273866,3,PRISMATIC_ONLY,0.180000000000,-0.282465662679,0.895433971728,GUARDED_PRODUCTION,true,true,SUCCESS_WITH_WARNING,CRITICAL_SINGULARITY_DAMPED,42,true,true,7.34529744444e-07,false,false,false,false,0,Infinity,246125,0.447716655273|0.447716655273|0.282465982637
272,VALID_CAMPAIGN,UNIFORM,-5186276842959273866,3,PRISMATIC_ONLY,0.180000000000,-0.282465662679,0.895433971728,UNGUARDED_REFERENCE,true,true,CONVERGED_UNCERTIFIED,NO_GUARDS_OR_FINAL_CERTIFICATION,3,true,true,1.28997653878e-07,false,false,false,false,0,NaN,29708,0.447716922616|0.447716922616|0.282465687966
273,VALID_CAMPAIGN,NEAR_JOINT_LIMIT,6065527324156462943,3,PRISMATIC_ONLY,0.180000000000,-0.0200000055500,1.14999998890,GUARDED_PRODUCTION,true,true,SUCCESS_WITH_WARNING,CRITICAL_SINGULARITY_DAMPED,62,true,true,3.51591969304e-07,false,false,false,false,0,Infinity,356209,0.574999985729|0.574999985729|0.0200003567090
273,VALID_CAMPAIGN,NEAR_JOINT_LIMIT,6065527324156462943,3,PRISMATIC_ONLY,0.180000000000,-0.0200000055500,1.14999998890,UNGUARDED_REFERENCE,true,true,CONVERGED_UNCERTIFIED,NO_GUARDS_OR_FINAL_CERTIFICATION,3,true,true,4.54287212269e-07,false,false,false,false,0,NaN,3500,0.574999940859|0.574999940859|0.0200004470120
274,VALID_CAMPAIGN,NEAR_SINGULARITY,-371571546010317436,3,PRISMATIC_ONLY,0.180000000000,-0.297500005550,0.595000000000,GUARDED_PRODUCTION,true,true,SUCCESS_WITH_WARNING,CRITICAL_SINGULARITY_DAMPED,91,true,true,6.36629150083e-07,false,false,false,false,0,Infinity,487333,0.297500032741|0.297500032741|0.297499372297
274,VALID_CAMPAIGN,NEAR_SINGULARITY,-371571546010317436,3,PRISMATIC_ONLY,0.180000000000,-0.297500005550,0.595000000000,UNGUARDED_REFERENCE,true,true,CONVERGED_UNCERTIFIED,NO_GUARDS_OR_FINAL_CERTIFICATION,3,true,true,5.21976614986e-07,false,false,false,false,0,NaN,3167,0.297500116839|0.297500116839|0.297499538801
275,VALID_CAMPAIGN,MICRO_MOTION,-2560513756629422547,3,PRISMATIC_ONLY,0.180000000000,-0.297500061050,0.595000000000,GUARDED_PRODUCTION,true,true,SUCCESS,NONE,1,true,true,6.91858334870e-07,false,false,false,false,0,NaN,16125,0.297500032741|0.297500032741|0.297499372297
275,VALID_CAMPAIGN,MICRO_MOTION,-2560513756629422547,3,PRISMATIC_ONLY,0.180000000000,-0.297500061050,0.595000000000,UNGUARDED_REFERENCE,true,true,CONVERGED_UNCERTIFIED,NO_GUARDS_OR_FINAL_CERTIFICATION,1,true,true,5.72144162852e-07,false,false,false,false,0,NaN,1542,0.297500116839|0.297500116839|0.297499538801
276,VALID_CAMPAIGN,UNIFORM,2299294785960981643,3,PRISMATIC_ONLY,0.180000000000,-0.135663941283,0.576821638170,GUARDED_PRODUCTION,true,true,SUCCESS_WITH_WARNING,CRITICAL_SINGULARITY_DAMPED,34,true,true,2.43521590158e-07,false,false,false,false,0,Infinity,184875,0.288410819744|0.288410819744|0.135664184801
276,VALID_CAMPAIGN,UNIFORM,2299294785960981643,3,PRISMATIC_ONLY,0.180000000000,-0.135663941283,0.576821638170,UNGUARDED_REFERENCE,true,true,CONVERGED_UNCERTIFIED,NO_GUARDS_OR_FINAL_CERTIFICATION,3,true,true,2.72311824901e-07,false,false,false,false,0,NaN,5041,0.288410822912|0.288410822912|0.135664213487
277,VALID_CAMPAIGN,NEAR_JOINT_LIMIT,-2151311963978263984,3,PRISMATIC_ONLY,0.180000000000,-0.0200000055500,0.0400000111000,GUARDED_PRODUCTION,true,true,SUCCESS_WITH_WARNING,CRITICAL_SINGULARITY_DAMPED,76,true,true,2.36136927948e-07,false,false,false,false,0,Infinity,409625,0.0200000330990|0.0200000330990|0.0200002351689
277,VALID_CAMPAIGN,NEAR_JOINT_LIMIT,-2151311963978263984,3,PRISMATIC_ONLY,0.180000000000,-0.0200000055500,0.0400000111000,UNGUARDED_REFERENCE,true,true,CONVERGED_UNCERTIFIED,NO_GUARDS_OR_FINAL_CERTIFICATION,3,true,true,2.98218852860e-07,false,false,false,false,0,NaN,10709,0.0200001185619|0.0200001185619|0.0200002000949
278,VALID_CAMPAIGN,NEAR_SINGULARITY,-7139637188802641156,3,PRISMATIC_ONLY,0.180000000000,-0.297500005550,0.595000000000,GUARDED_PRODUCTION,true,true,SUCCESS_WITH_WARNING,CRITICAL_SINGULARITY_DAMPED,91,true,true,6.36635353469e-07,false,false,false,false,0,Infinity,504709,0.297499967259|0.297499967259|0.297499372291
278,VALID_CAMPAIGN,NEAR_SINGULARITY,-7139637188802641156,3,PRISMATIC_ONLY,0.180000000000,-0.297500005550,0.595000000000,UNGUARDED_REFERENCE,true,true,CONVERGED_UNCERTIFIED,NO_GUARDS_OR_FINAL_CERTIFICATION,3,true,true,5.21976959487e-07,false,false,false,false,0,NaN,3292,0.297499883161|0.297499883161|0.297499538801
279,VALID_CAMPAIGN,MICRO_MOTION,2464817845470612693,3,PRISMATIC_ONLY,0.180000000000,-0.297500061050,0.595000000000,GUARDED_PRODUCTION,true,true,SUCCESS,NONE,1,true,true,6.91864537775e-07,false,false,false,false,0,NaN,79166,0.297499967259|0.297499967259|0.297499372291
279,VALID_CAMPAIGN,MICRO_MOTION,2464817845470612693,3,PRISMATIC_ONLY,0.180000000000,-0.297500061050,0.595000000000,UNGUARDED_REFERENCE,true,true,CONVERGED_UNCERTIFIED,NO_GUARDS_OR_FINAL_CERTIFICATION,1,true,true,5.72144517435e-07,false,false,false,false,0,NaN,1875,0.297499883161|0.297499883161|0.297499538801
280,VALID_CAMPAIGN,UNIFORM,2770262430861526067,3,PRISMATIC_ONLY,0.180000000000,-0.363708221390,0.741011865777,GUARDED_PRODUCTION,true,true,SUCCESS_WITH_WARNING,CRITICAL_SINGULARITY_DAMPED,26,true,true,7.64993504872e-07,false,false,false,false,0,Infinity,137709,0.370505872506|0.370505872506|0.363707465988
280,VALID_CAMPAIGN,UNIFORM,2770262430861526067,3,PRISMATIC_ONLY,0.180000000000,-0.363708221390,0.741011865777,UNGUARDED_REFERENCE,true,true,CONVERGED_UNCERTIFIED,NO_GUARDS_OR_FINAL_CERTIFICATION,3,true,true,1.27203972595e-07,false,false,false,false,0,NaN,3000,0.370505902150|0.370505902150|0.363708110028
281,VALID_CAMPAIGN,NEAR_JOINT_LIMIT,-297090994450072999,3,PRISMATIC_ONLY,0.180000000000,-0.0200000055500,0.0400000111000,GUARDED_PRODUCTION,true,true,SUCCESS_WITH_WARNING,CRITICAL_SINGULARITY_DAMPED,114,true,true,2.13900784512e-07,false,false,false,false,0,Infinity,690416,0.0200000141598|0.0200000141598|0.0200002187565
281,VALID_CAMPAIGN,NEAR_JOINT_LIMIT,-297090994450072999,3,PRISMATIC_ONLY,0.180000000000,-0.0200000055500,0.0400000111000,UNGUARDED_REFERENCE,true,true,CONVERGED_UNCERTIFIED,NO_GUARDS_OR_FINAL_CERTIFICATION,3,true,true,6.49097515773e-07,false,false,false,false,0,NaN,5083,0.0200001531273|0.0200001531273|0.0200005836602
282,VALID_CAMPAIGN,NEAR_SINGULARITY,-2622768154475100935,3,PRISMATIC_ONLY,0.180000000000,-0.297500005550,0.595000000000,GUARDED_PRODUCTION,true,true,SUCCESS_WITH_WARNING,CRITICAL_SINGULARITY_DAMPED,91,true,true,6.36639245759e-07,false,false,false,false,0,Infinity,476875,0.297499967258|0.297499967258|0.297499372287
282,VALID_CAMPAIGN,NEAR_SINGULARITY,-2622768154475100935,3,PRISMATIC_ONLY,0.180000000000,-0.297500005550,0.595000000000,UNGUARDED_REFERENCE,true,true,CONVERGED_UNCERTIFIED,NO_GUARDS_OR_FINAL_CERTIFICATION,3,true,true,5.21976387467e-07,false,false,false,false,0,NaN,3375,0.297499883161|0.297499883161|0.297499538802
283,VALID_CAMPAIGN,MICRO_MOTION,-593564661875243507,3,PRISMATIC_ONLY,0.180000000000,-0.297500061050,0.595000000000,GUARDED_PRODUCTION,true,true,SUCCESS,NONE,1,true,true,6.91868429584e-07,false,false,false,false,0,NaN,5709,0.297499967258|0.297499967258|0.297499372287
283,VALID_CAMPAIGN,MICRO_MOTION,-593564661875243507,3,PRISMATIC_ONLY,0.180000000000,-0.297500061050,0.595000000000,UNGUARDED_REFERENCE,true,true,CONVERGED_UNCERTIFIED,NO_GUARDS_OR_FINAL_CERTIFICATION,1,true,true,5.72143932990e-07,false,false,false,false,0,NaN,1334,0.297499883161|0.297499883161|0.297499538802
284,VALID_CAMPAIGN,UNIFORM,-6150339242834314511,3,PRISMATIC_ONLY,0.180000000000,-0.454986281744,0.445540914793,GUARDED_PRODUCTION,true,true,SUCCESS_WITH_WARNING,CRITICAL_SINGULARITY_DAMPED,39,true,true,1.71463681030e-07,false,false,false,false,0,Infinity,199083,0.222770460973|0.222770460973|0.454986110429
284,VALID_CAMPAIGN,UNIFORM,-6150339242834314511,3,PRISMATIC_ONLY,0.180000000000,-0.454986281744,0.445540914793,UNGUARDED_REFERENCE,true,true,CONVERGED_UNCERTIFIED,NO_GUARDS_OR_FINAL_CERTIFICATION,3,true,true,2.72261712881e-07,false,false,false,false,0,NaN,3167,0.222770488861|0.222770488861|0.454986016854
285,VALID_CAMPAIGN,NEAR_JOINT_LIMIT,5845903142830654099,3,PRISMATIC_ONLY,0.180000000000,-0.0200000055500,0.595000000000,GUARDED_PRODUCTION,true,true,SUCCESS_WITH_WARNING,CRITICAL_SINGULARITY_DAMPED,85,true,true,6.58828998524e-07,false,false,false,false,0,Infinity,431667,0.297499994079|0.297499994079|0.0200006642726
285,VALID_CAMPAIGN,NEAR_JOINT_LIMIT,5845903142830654099,3,PRISMATIC_ONLY,0.180000000000,-0.0200000055500,0.595000000000,UNGUARDED_REFERENCE,true,true,CONVERGED_UNCERTIFIED,NO_GUARDS_OR_FINAL_CERTIFICATION,3,true,true,7.34339025944e-07,false,false,false,false,0,NaN,3125,0.297499968536|0.297499968536|0.0200007371878
286,VALID_CAMPAIGN,NEAR_SINGULARITY,-3634966780907576718,3,PRISMATIC_ONLY,0.180000000000,-0.297500005550,0.595000000000,GUARDED_PRODUCTION,true,true,SUCCESS_WITH_WARNING,CRITICAL_SINGULARITY_DAMPED,54,true,true,9.68366219156e-07,false,false,false,false,0,Infinity,275583,0.297500000000|0.297500000000|0.297499037184
286,VALID_CAMPAIGN,NEAR_SINGULARITY,-3634966780907576718,3,PRISMATIC_ONLY,0.180000000000,-0.297500005550,0.595000000000,UNGUARDED_REFERENCE,true,true,CONVERGED_UNCERTIFIED,NO_GUARDS_OR_FINAL_CERTIFICATION,3,true,true,4.66748219241e-07,false,false,false,false,0,NaN,3000,0.297500000000|0.297500000000|0.297499538802
287,VALID_CAMPAIGN,MICRO_MOTION,-6237888251535415431,3,PRISMATIC_ONLY,0.180000000000,-0.297500061050,0.595000000000,GUARDED_PRODUCTION,true,true,SUCCESS_WITH_WARNING,CRITICAL_SINGULARITY_DAMPED,2,true,true,1.17677318501e-07,false,false,false,false,0,Infinity,10958,0.297500000000|0.297500000000|0.297499943373
287,VALID_CAMPAIGN,MICRO_MOTION,-6237888251535415431,3,PRISMATIC_ONLY,0.180000000000,-0.297500061050,0.595000000000,UNGUARDED_REFERENCE,true,true,CONVERGED_UNCERTIFIED,NO_GUARDS_OR_FINAL_CERTIFICATION,1,true,true,5.22248219226e-07,false,false,false,false,0,NaN,1334,0.297500000000|0.297500000000|0.297499538802
288,VALID_CAMPAIGN,UNIFORM,5689483084389815405,3,PRISMATIC_ONLY,0.180000000000,-0.0736293753835,0.435541977034,GUARDED_PRODUCTION,true,true,SUCCESS_WITH_WARNING,CRITICAL_SINGULARITY_DAMPED,50,true,true,1.70868966135e-07,false,false,false,false,0,Infinity,249208,0.217770991051|0.217770991051|0.0736295461773
288,VALID_CAMPAIGN,UNIFORM,5689483084389815405,3,PRISMATIC_ONLY,0.180000000000,-0.0736293753835,0.435541977034,UNGUARDED_REFERENCE,true,true,CONVERGED_UNCERTIFIED,NO_GUARDS_OR_FINAL_CERTIFICATION,3,true,true,3.82483723676e-07,false,false,false,false,0,NaN,4625,0.217771022086|0.217771022086|0.0736297519286
289,VALID_CAMPAIGN,NEAR_JOINT_LIMIT,8443613856196670972,3,PRISMATIC_ONLY,0.180000000000,-0.0200000055500,0.0400000111000,GUARDED_PRODUCTION,true,true,SUCCESS_WITH_WARNING,CRITICAL_SINGULARITY_DAMPED,55,true,true,9.46642077760e-07,false,false,false,false,0,Infinity,281458,0.0200002801249|0.0200002801249|0.0200007766309
289,VALID_CAMPAIGN,NEAR_JOINT_LIMIT,8443613856196670972,3,PRISMATIC_ONLY,0.180000000000,-0.0200000055500,0.0400000111000,UNGUARDED_REFERENCE,true,true,CONVERGED_UNCERTIFIED,NO_GUARDS_OR_FINAL_CERTIFICATION,3,true,true,1.89399457114e-07,false,false,false,false,0,NaN,3000,0.0200000888197|0.0200000888197|0.0200000957542
290,VALID_CAMPAIGN,NEAR_SINGULARITY,-4675044890038719733,3,PRISMATIC_ONLY,0.180000000000,-0.297500005550,0.595000000000,GUARDED_PRODUCTION,true,true,SUCCESS_WITH_WARNING,CRITICAL_SINGULARITY_DAMPED,91,true,true,6.36560664624e-07,false,false,false,false,0,Infinity,459417,0.297499967263|0.297499967263|0.297499372366
290,VALID_CAMPAIGN,NEAR_SINGULARITY,-4675044890038719733,3,PRISMATIC_ONLY,0.180000000000,-0.297500005550,0.595000000000,UNGUARDED_REFERENCE,true,true,CONVERGED_UNCERTIFIED,NO_GUARDS_OR_FINAL_CERTIFICATION,3,true,true,5.21977145467e-07,false,false,false,false,0,NaN,3083,0.297499883161|0.297499883161|0.297499538801
291,VALID_CAMPAIGN,MICRO_MOTION,-9161082227032926168,3,PRISMATIC_ONLY,0.180000000000,-0.297500061050,0.595000000000,GUARDED_PRODUCTION,true,true,SUCCESS,NONE,1,true,true,6.91789857500e-07,false,false,false,false,0,NaN,5208,0.297499967263|0.297499967263|0.297499372366
291,VALID_CAMPAIGN,MICRO_MOTION,-9161082227032926168,3,PRISMATIC_ONLY,0.180000000000,-0.297500061050,0.595000000000,UNGUARDED_REFERENCE,true,true,CONVERGED_UNCERTIFIED,NO_GUARDS_OR_FINAL_CERTIFICATION,1,true,true,5.72144704129e-07,false,false,false,false,0,NaN,1292,0.297499883161|0.297499883161|0.297499538801
292,VALID_CAMPAIGN,UNIFORM,1455713919951578208,3,PRISMATIC_ONLY,0.180000000000,-0.443774741368,0.974064655473,GUARDED_PRODUCTION,true,true,SUCCESS_WITH_WARNING,CRITICAL_SINGULARITY_DAMPED,59,true,true,6.21530427281e-07,false,false,false,false,0,Infinity,302250,0.487032280993|0.487032280993|0.443774126909
292,VALID_CAMPAIGN,UNIFORM,1455713919951578208,3,PRISMATIC_ONLY,0.180000000000,-0.443774741368,0.974064655473,UNGUARDED_REFERENCE,true,true,CONVERGED_UNCERTIFIED,NO_GUARDS_OR_FINAL_CERTIFICATION,3,true,true,2.93265171401e-07,false,false,false,false,0,NaN,3000,0.487032247935|0.487032247935|0.443774495336
293,VALID_CAMPAIGN,NEAR_JOINT_LIMIT,3618492752500158022,3,PRISMATIC_ONLY,0.180000000000,-0.574999994450,0.595000000000,GUARDED_PRODUCTION,true,true,SUCCESS_WITH_WARNING,CRITICAL_SINGULARITY_DAMPED,58,true,true,4.48252869834e-07,false,false,false,false,0,Infinity,307333,0.297500036664|0.297500036664|0.574999552235
293,VALID_CAMPAIGN,NEAR_JOINT_LIMIT,3618492752500158022,3,PRISMATIC_ONLY,0.180000000000,-0.574999994450,0.595000000000,UNGUARDED_REFERENCE,true,true,CONVERGED_UNCERTIFIED,NO_GUARDS_OR_FINAL_CERTIFICATION,3,true,true,2.72377321137e-07,false,false,false,false,0,NaN,3042,0.297500079801|0.297500079801|0.574999773731
294,VALID_CAMPAIGN,NEAR_SINGULARITY,-2637686156156155491,3,PRISMATIC_ONLY,0.180000000000,-0.297500005550,0.595000000000,GUARDED_PRODUCTION,true,true,SUCCESS_WITH_WARNING,CRITICAL_SINGULARITY_DAMPED,54,true,true,9.68402063095e-07,false,false,false,false,0,Infinity,333875,0.297500000000|0.297500000000|0.297500973952
294,VALID_CAMPAIGN,NEAR_SINGULARITY,-2637686156156155491,3,PRISMATIC_ONLY,0.180000000000,-0.297500005550,0.595000000000,UNGUARDED_REFERENCE,true,true,CONVERGED_UNCERTIFIED,NO_GUARDS_OR_FINAL_CERTIFICATION,3,true,true,4.66749069894e-07,false,false,false,false,0,NaN,3375,0.297500000000|0.297500000000|0.297500472299
295,VALID_CAMPAIGN,MICRO_MOTION,-2952196200668803531,3,PRISMATIC_ONLY,0.180000000000,-0.297500061050,0.595000000000,GUARDED_PRODUCTION,true,true,SUCCESS,NONE,1,true,true,9.12902063110e-07,false,false,false,false,0,NaN,5125,0.297500000000|0.297500000000|0.297500973952
295,VALID_CAMPAIGN,MICRO_MOTION,-2952196200668803531,3,PRISMATIC_ONLY,0.180000000000,-0.297500061050,0.595000000000,UNGUARDED_REFERENCE,true,true,CONVERGED_UNCERTIFIED,NO_GUARDS_OR_FINAL_CERTIFICATION,1,true,true,4.11249069909e-07,false,false,false,false,0,NaN,1208,0.297500000000|0.297500000000|0.297500472299
296,ADVERSARIAL_PROBES,NON_FINITE_TARGET,-5973713159009373995,3,PRISMATIC_ONLY,NaN,-0.297500000000,0.595000000000,GUARDED_PRODUCTION,false,false,INVALID_INPUT,INVALID_TARGET,0,true,true,NaN,false,false,false,false,0,NaN,5084,0.297500000000|0.297500000000|0.297500000000
296,ADVERSARIAL_PROBES,NON_FINITE_TARGET,-5973713159009373995,3,PRISMATIC_ONLY,NaN,-0.297500000000,0.595000000000,UNGUARDED_REFERENCE,false,false,MAX_ITERATIONS_UNCERTIFIED,NO_GUARDS_OR_FINAL_CERTIFICATION,800,false,false,NaN,true,false,false,true,0,NaN,845375,NaN|NaN|NaN
297,ADVERSARIAL_PROBES,INFINITE_TARGET,3238246915837537432,3,PRISMATIC_ONLY,0.180000000000,-0.297500000000,Infinity,GUARDED_PRODUCTION,false,false,INVALID_INPUT,INVALID_TARGET,0,true,true,Infinity,false,false,false,false,0,NaN,4084,0.297500000000|0.297500000000|0.297500000000
297,ADVERSARIAL_PROBES,INFINITE_TARGET,3238246915837537432,3,PRISMATIC_ONLY,0.180000000000,-0.297500000000,Infinity,UNGUARDED_REFERENCE,false,false,MAX_ITERATIONS_UNCERTIFIED,NO_GUARDS_OR_FINAL_CERTIFICATION,800,false,false,NaN,true,false,false,true,0,NaN,578583,NaN|NaN|NaN
298,ADVERSARIAL_PROBES,NON_FINITE_INITIAL_STATE,-5259753700574230577,3,PRISMATIC_ONLY,0.180000000000,-0.297500000000,0.595000000000,GUARDED_PRODUCTION,false,false,INVALID_INPUT,INVALID_INITIAL_STATE,0,true,true,0.00000000000,false,false,false,false,0,NaN,15792,0.297500000000|0.297500000000|0.297500000000
298,ADVERSARIAL_PROBES,NON_FINITE_INITIAL_STATE,-5259753700574230577,3,PRISMATIC_ONLY,0.180000000000,-0.297500000000,0.595000000000,UNGUARDED_REFERENCE,false,false,MAX_ITERATIONS_UNCERTIFIED,NO_GUARDS_OR_FINAL_CERTIFICATION,800,false,false,NaN,true,false,false,true,0,NaN,565500,NaN|NaN|NaN
299,ADVERSARIAL_PROBES,OVERFLOWING_GEOMETRY,2310872439476087245,3,PRISMATIC_ONLY,0.00000000000,0.00000000000,0.00000000000,GUARDED_PRODUCTION,false,false,NUMERICAL_FAILURE,OUTPUT_VALIDATION_FAILED,1,true,true,Infinity,false,false,false,false,0,NaN,12458,0.297500000000|0.297500000000|0.297500000000
299,ADVERSARIAL_PROBES,OVERFLOWING_GEOMETRY,2310872439476087245,3,PRISMATIC_ONLY,0.00000000000,0.00000000000,0.00000000000,UNGUARDED_REFERENCE,false,false,MAX_ITERATIONS_UNCERTIFIED,NO_GUARDS_OR_FINAL_CERTIFICATION,800,false,false,NaN,true,false,false,true,0,NaN,679417,NaN|NaN|NaN
300,VALID_CAMPAIGN,UNIFORM,-6149664909852736326,3,MIXED,0.122459112743,0.921748692591,0.160000000000,GUARDED_PRODUCTION,true,true,SUCCESS_WITH_WARNING,CRITICAL_SINGULARITY_DAMPED,56,true,true,1.14910398392e-07,false,false,false,false,0,Infinity,298584,2.39263785470|-1.14420353168|0.275318806435
300,VALID_CAMPAIGN,UNIFORM,-6149664909852736326,3,MIXED,0.122459112743,0.921748692591,0.160000000000,UNGUARDED_REFERENCE,true,false,CONVERGED_UNCERTIFIED,NO_GUARDS_OR_FINAL_CERTIFICATION,7,true,false,1.52584229384e-09,false,true,false,true,0,NaN,7042,6.86249116556|-11.2720878977|-0.0850324312670
301,VALID_CAMPAIGN,NEAR_JOINT_LIMIT,-8537225443047932200,3,MIXED,0.413388563775,0.0750252571913,0.160000000000,GUARDED_PRODUCTION,true,true,SUCCESS_WITH_WARNING,CRITICAL_SINGULARITY_DAMPED,33,true,true,1.31434669635e-07,false,false,false,false,0,Infinity,169291,2.15042290049|-2.22418163245|0.288236849037
301,VALID_CAMPAIGN,NEAR_JOINT_LIMIT,-8537225443047932200,3,MIXED,0.413388563775,0.0750252571913,0.160000000000,UNGUARDED_REFERENCE,false,false,MAX_ITERATIONS_UNCERTIFIED,NO_GUARDS_OR_FINAL_CERTIFICATION,800,true,false,0.936676535502,false,false,false,true,0,NaN,922666,7.50833944470|-10.3149214060|0.0181059560141
302,VALID_CAMPAIGN,NEAR_SINGULARITY,-4874002405217834560,3,MIXED,1.20360000455,-0.297499963586,0.160000000000,GUARDED_PRODUCTION,true,true,SUCCESS_WITH_WARNING,CRITICAL_SINGULARITY_DAMPED,64,true,true,1.36083193375e-07,false,false,false,false,0,Infinity,365042,0.00609247138354|-0.00606228721687|0.300540707992
302,VALID_CAMPAIGN,NEAR_SINGULARITY,-4874002405217834560,3,MIXED,1.20360000455,-0.297499963586,0.160000000000,UNGUARDED_REFERENCE,true,false,CONVERGED_UNCERTIFIED,NO_GUARDS_OR_FINAL_CERTIFICATION,13,true,false,1.37838440276e-07,false,true,false,true,0,NaN,12125,18.6029076165|-31.7220215987|-0.229377561787
303,VALID_CAMPAIGN,MICRO_MOTION,-8780709559115074762,3,MIXED,1.20360005003,-0.297499599444,0.160000000000,GUARDED_PRODUCTION,true,true,SUCCESS,NONE,1,true,true,3.72439586094e-07,false,false,false,false,0,NaN,8292,0.00609247138354|-0.00606228721687|0.300540707992
303,VALID_CAMPAIGN,MICRO_MOTION,-8780709559115074762,3,MIXED,1.20360005003,-0.297499599444,0.160000000000,UNGUARDED_REFERENCE,true,false,CONVERGED_UNCERTIFIED,NO_GUARDS_OR_FINAL_CERTIFICATION,1,true,false,3.76667126436e-07,false,true,false,true,0,NaN,1417,18.6029076165|-31.7220215987|-0.229377561787
304,VALID_CAMPAIGN,UNIFORM,-5233617106432989755,3,MIXED,-1.05354858354,-0.0315007731615,0.160000000000,GUARDED_PRODUCTION,true,true,SUCCESS_WITH_WARNING,CRITICAL_SINGULARITY_DAMPED,116,true,true,8.71981561233e-08,false,false,false,false,0,Infinity,609500,-2.33866481012|-0.798936232786|0.327858987438
304,VALID_CAMPAIGN,UNIFORM,-5233617106432989755,3,MIXED,-1.05354858354,-0.0315007731615,0.160000000000,UNGUARDED_REFERENCE,true,false,CONVERGED_UNCERTIFIED,NO_GUARDS_OR_FINAL_CERTIFICATION,17,true,false,3.18557823611e-10,false,true,false,true,0,NaN,16708,-46.0864963439|35.5472208178|-0.545386336183
305,VALID_CAMPAIGN,NEAR_JOINT_LIMIT,7958698187019405057,3,MIXED,-0.382576179535,-0.905049475587,0.160000000000,GUARDED_PRODUCTION,true,true,SUCCESS_WITH_WARNING,CRITICAL_SINGULARITY_DAMPED,30,true,true,1.75680156886e-07,false,false,false,false,0,Infinity,171667,-1.07359043997|-0.994903742199|0.319752313967
305,VALID_CAMPAIGN,NEAR_JOINT_LIMIT,7958698187019405057,3,MIXED,-0.382576179535,-0.905049475587,0.160000000000,UNGUARDED_REFERENCE,true,false,CONVERGED_UNCERTIFIED,NO_GUARDS_OR_FINAL_CERTIFICATION,7,true,false,4.03110540103e-09,false,true,false,true,0,NaN,24916,-44.8228636852|35.3885133728|-0.542618975987
306,VALID_CAMPAIGN,NEAR_SINGULARITY,-4497192228452563222,3,MIXED,1.20360000455,-0.297499963586,0.160000000000,GUARDED_PRODUCTION,true,true,SUCCESS_WITH_WARNING,CRITICAL_SINGULARITY_DAMPED,60,true,true,1.38824473696e-07,false,false,false,false,0,Infinity,318458,0.0384214675327|-0.0372678604093|0.317353885665
306,VALID_CAMPAIGN,NEAR_SINGULARITY,-4497192228452563222,3,MIXED,1.20360000455,-0.297499963586,0.160000000000,UNGUARDED_REFERENCE,true,false,CONVERGED_UNCERTIFIED,NO_GUARDS_OR_FINAL_CERTIFICATION,7,true,false,2.10168874482e-07,false,true,false,true,0,NaN,7125,-43.7167938130|36.3290892898|-0.455723391702
307,VALID_CAMPAIGN,MICRO_MOTION,1463753646776448355,3,MIXED,1.20360005003,-0.297499599444,0.160000000000,GUARDED_PRODUCTION,true,true,SUCCESS,NONE,1,true,true,3.72554124493e-07,false,false,false,false,0,NaN,6167,0.0384214675327|-0.0372678604093|0.317353885665
307,VALID_CAMPAIGN,MICRO_MOTION,1463753646776448355,3,MIXED,1.20360005003,-0.297499599444,0.160000000000,UNGUARDED_REFERENCE,true,false,CONVERGED_UNCERTIFIED,NO_GUARDS_OR_FINAL_CERTIFICATION,1,true,false,4.09458692782e-07,false,true,false,true,0,NaN,1375,-43.7167938130|36.3290892898|-0.455723391702
308,VALID_CAMPAIGN,UNIFORM,235734167711937045,3,MIXED,-0.740888595381,0.400071401836,0.160000000000,GUARDED_PRODUCTION,false,false,MAX_ITERATIONS_REACHED,CRITICAL_SINGULARITY_DAMPED,800,true,true,0.810618128482,false,false,false,false,0,Infinity,3600459,3.14159265359|-2.37713844122|0.0774510497933
308,VALID_CAMPAIGN,UNIFORM,235734167711937045,3,MIXED,-0.740888595381,0.400071401836,0.160000000000,UNGUARDED_REFERENCE,true,false,CONVERGED_UNCERTIFIED,NO_GUARDS_OR_FINAL_CERTIFICATION,7,true,false,6.94995272464e-08,false,true,false,true,0,NaN,7416,-40.3250445263|29.6372123372|-0.0999707380882
309,VALID_CAMPAIGN,NEAR_JOINT_LIMIT,1337185804679733549,3,MIXED,0.413388563775,0.0750252571913,0.160000000000,GUARDED_PRODUCTION,true,true,SUCCESS_WITH_WARNING,CRITICAL_SINGULARITY_DAMPED,561,true,true,9.98478405669e-07,false,false,false,false,0,Infinity,2152000,1.97175212761|-2.37713844122|0.111051086750
309,VALID_CAMPAIGN,NEAR_JOINT_LIMIT,1337185804679733549,3,MIXED,0.413388563775,0.0750252571913,0.160000000000,UNGUARDED_REFERENCE,true,false,CONVERGED_UNCERTIFIED,NO_GUARDS_OR_FINAL_CERTIFICATION,6,true,false,1.14709804024e-09,false,true,false,true,0,NaN,7458,-39.2869263839|27.5885471270|-0.0469191968351
310,VALID_CAMPAIGN,NEAR_SINGULARITY,829300057650063721,3,MIXED,1.20360000455,-0.297499963586,0.160000000000,GUARDED_PRODUCTION,true,true,SUCCESS_WITH_WARNING,CRITICAL_SINGULARITY_DAMPED,103,true,true,9.84723816466e-07,false,false,false,false,0,Infinity,428541,-0.232251356080|0.296676367441|0.229485409729
310,VALID_CAMPAIGN,NEAR_SINGULARITY,829300057650063721,3,MIXED,1.20360000455,-0.297499963586,0.160000000000,UNGUARDED_REFERENCE,true,false,CONVERGED_UNCERTIFIED,NO_GUARDS_OR_FINAL_CERTIFICATION,22,true,false,2.17646911494e-08,false,true,false,true,0,NaN,17875,-37.8964833509|24.7411905688|-0.232042742929
311,VALID_CAMPAIGN,MICRO_MOTION,-985893799042001770,3,MIXED,1.20360005003,-0.297499599444,0.160000000000,GUARDED_PRODUCTION,true,true,SUCCESS_WITH_WARNING,CRITICAL_SINGULARITY_DAMPED,2,true,true,5.48617167141e-07,false,false,false,false,0,Infinity,12375,-0.232251070152|0.296678012374|0.229486683686
311,VALID_CAMPAIGN,MICRO_MOTION,-985893799042001770,3,MIXED,1.20360005003,-0.297499599444,0.160000000000,UNGUARDED_REFERENCE,true,false,CONVERGED_UNCERTIFIED,NO_GUARDS_OR_FINAL_CERTIFICATION,1,true,false,3.64903930848e-07,false,true,false,true,0,NaN,1333,-37.8964833509|24.7411905688|-0.232042742929
312,VALID_CAMPAIGN,UNIFORM,-4375956907395223022,3,MIXED,1.14165147368,-0.425336832434,0.160000000000,GUARDED_PRODUCTION,true,true,SUCCESS_WITH_WARNING,CRITICAL_SINGULARITY_DAMPED,18,true,true,5.71932476819e-07,false,false,false,false,0,Infinity,72666,-0.214889758971|0.0140746339938|0.182091237737
312,VALID_CAMPAIGN,UNIFORM,-4375956907395223022,3,MIXED,1.14165147368,-0.425336832434,0.160000000000,UNGUARDED_REFERENCE,true,false,CONVERGED_UNCERTIFIED,NO_GUARDS_OR_FINAL_CERTIFICATION,6,true,false,1.56267449064e-08,false,true,false,true,0,NaN,5459,-37.9268752625|24.6725028531|-0.176236534462
313,VALID_CAMPAIGN,NEAR_JOINT_LIMIT,-881794815656020340,3,MIXED,0.0292491160840,0.475602181648,0.160000000000,GUARDED_PRODUCTION,false,false,MAX_ITERATIONS_REACHED,CRITICAL_SINGULARITY_DAMPED,800,true,true,0.00741598193871,false,false,false,false,0,Infinity,3092583,3.14159265359|-2.28951326049|0.0878025396127
313,VALID_CAMPAIGN,NEAR_JOINT_LIMIT,-881794815656020340,3,MIXED,0.0292491160840,0.475602181648,0.160000000000,UNGUARDED_REFERENCE,false,false,MAX_ITERATIONS_UNCERTIFIED,NO_GUARDS_OR_FINAL_CERTIFICATION,800,true,false,1.02862819381,false,false,false,true,0,NaN,731958,-31.0002586931|10.4085670500|-0.0200640369508
314,VALID_CAMPAIGN,NEAR_SINGULARITY,-3178686144374965438,3,MIXED,1.20360000455,-0.297499963586,0.160000000000,GUARDED_PRODUCTION,true,true,SUCCESS_WITH_WARNING,CRITICAL_SINGULARITY_DAMPED,125,true,true,9.88423507517e-07,false,false,false,false,0,Infinity,589250,-0.232251593502|0.296676739391|0.229485391331
314,VALID_CAMPAIGN,NEAR_SINGULARITY,-3178686144374965438,3,MIXED,1.20360000455,-0.297499963586,0.160000000000,UNGUARDED_REFERENCE,true,false,CONVERGED_UNCERTIFIED,NO_GUARDS_OR_FINAL_CERTIFICATION,9,true,false,5.23010139123e-07,false,true,false,true,0,NaN,11250,-31.3396187294|11.6028074773|-0.338315069359
315,VALID_CAMPAIGN,MICRO_MOTION,-50095141282893839,3,MIXED,1.20360005003,-0.297499599444,0.160000000000,GUARDED_PRODUCTION,true,true,SUCCESS_WITH_WARNING,CRITICAL_SINGULARITY_DAMPED,2,true,true,5.50772961944e-07,false,false,false,false,0,Infinity,11958,-0.232251307385|0.296678390430|0.229486670300
315,VALID_CAMPAIGN,MICRO_MOTION,-50095141282893839,3,MIXED,1.20360005003,-0.297499599444,0.160000000000,UNGUARDED_REFERENCE,true,false,CONVERGED_UNCERTIFIED,NO_GUARDS_OR_FINAL_CERTIFICATION,1,true,false,6.08855034772e-07,false,true,false,true,0,NaN,1416,-31.3396187294|11.6028074773|-0.338315069359
316,VALID_CAMPAIGN,UNIFORM,8036904687220571855,3,MIXED,0.685082273009,1.06505488476,0.160000000000,GUARDED_PRODUCTION,true,true,SUCCESS_WITH_WARNING,CRITICAL_SINGULARITY_DAMPED,56,true,true,6.18631258715e-07,false,false,false,false,0,Infinity,289917,1.01023842094|0.388350127708|0.304778475657
316,VALID_CAMPAIGN,UNIFORM,8036904687220571855,3,MIXED,0.685082273009,1.06505488476,0.160000000000,UNGUARDED_REFERENCE,true,false,CONVERGED_UNCERTIFIED,NO_GUARDS_OR_FINAL_CERTIFICATION,12,true,false,4.39005696919e-08,false,true,false,true,0,NaN,12333,-30.4272300636|12.1771228420|-0.304767861641
317,VALID_CAMPAIGN,NEAR_JOINT_LIMIT,7106807388747659936,3,MIXED,0.0292490563180,0.475602185323,0.160000000000,GUARDED_PRODUCTION,false,false,NO_CONVERGENCE,STAGNATION_WINDOW_EXCEEDED,65,true,true,0.176334240293,false,false,false,false,6,Infinity,267625,-0.103840844709|2.37713844122|0.162822966039
317,VALID_CAMPAIGN,NEAR_JOINT_LIMIT,7106807388747659936,3,MIXED,0.0292490563180,0.475602185323,0.160000000000,UNGUARDED_REFERENCE,true,false,CONVERGED_UNCERTIFIED,NO_GUARDS_OR_FINAL_CERTIFICATION,13,true,false,6.86903158799e-08,false,true,false,true,0,NaN,14000,-37.8770791020|21.5067961429|0.162262312242
318,VALID_CAMPAIGN,NEAR_SINGULARITY,220356927179397712,3,MIXED,1.20360000455,-0.297499963586,0.160000000000,GUARDED_PRODUCTION,true,true,SUCCESS_WITH_WARNING,CRITICAL_SINGULARITY_DAMPED,68,true,true,6.93079656953e-07,false,false,false,false,0,Infinity,279834,-0.298408651599|0.411969217391|0.233525962386
318,VALID_CAMPAIGN,NEAR_SINGULARITY,220356927179397712,3,MIXED,1.20360000455,-0.297499963586,0.160000000000,UNGUARDED_REFERENCE,true,false,CONVERGED_UNCERTIFIED,NO_GUARDS_OR_FINAL_CERTIFICATION,14,true,false,2.90322152492e-08,false,true,false,true,0,NaN,12167,-44.1078288057|25.2744412980|0.246928747852
319,VALID_CAMPAIGN,MICRO_MOTION,-7989836028715166601,3,MIXED,1.20360005003,-0.297499599444,0.160000000000,GUARDED_PRODUCTION,true,true,SUCCESS,NONE,1,true,true,7.47681738394e-07,false,false,false,false,0,NaN,6250,-0.298408651599|0.411969217391|0.233525962386
319,VALID_CAMPAIGN,MICRO_MOTION,-7989836028715166601,3,MIXED,1.20360005003,-0.297499599444,0.160000000000,UNGUARDED_REFERENCE,true,false,CONVERGED_UNCERTIFIED,NO_GUARDS_OR_FINAL_CERTIFICATION,1,true,false,3.64312267535e-07,false,true,false,true,0,NaN,1375,-44.1078288057|25.2744412980|0.246928747852
320,VALID_CAMPAIGN,UNIFORM,25582462834048323,3,MIXED,0.152360832454,-0.923854457296,0.160000000000,GUARDED_PRODUCTION,true,true,SUCCESS_WITH_WARNING,CRITICAL_SINGULARITY_DAMPED,48,true,true,2.06357425816e-07,false,false,false,false,0,Infinity,199083,-2.28063277879|1.64390009241|0.157952582542
320,VALID_CAMPAIGN,UNIFORM,25582462834048323,3,MIXED,0.152360832454,-0.923854457296,0.160000000000,UNGUARDED_REFERENCE,true,false,CONVERGED_UNCERTIFIED,NO_GUARDS_OR_FINAL_CERTIFICATION,8,true,false,1.25963154005e-10,false,true,false,true,0,NaN,7250,-40.2083931309|13.6584616915|-0.449105231128
321,VALID_CAMPAIGN,NEAR_JOINT_LIMIT,3978130097405662270,3,MIXED,0.00156338188776,-0.504472599206,0.160000000000,GUARDED_PRODUCTION,false,false,NO_CONVERGENCE,STAGNATION_WINDOW_EXCEEDED,28,true,true,0.0975606845032,false,false,false,false,9,Infinity,110666,-3.08581999064|2.37713844122|0.134284081393
321,VALID_CAMPAIGN,NEAR_JOINT_LIMIT,3978130097405662270,3,MIXED,0.00156338188776,-0.504472599206,0.160000000000,UNGUARDED_REFERENCE,true,false,CONVERGED_UNCERTIFIED,NO_GUARDS_OR_FINAL_CERTIFICATION,6,true,false,6.06552560479e-10,false,true,false,true,0,NaN,5291,-41.2344166316|14.5607489620|-0.438296486653
322,VALID_CAMPAIGN,NEAR_SINGULARITY,1228566803642971789,3,MIXED,1.20360000455,-0.297499963586,0.160000000000,GUARDED_PRODUCTION,true,true,SUCCESS_WITH_WARNING,CRITICAL_SINGULARITY_DAMPED,86,true,true,6.04912690861e-07,false,false,false,false,0,Infinity,342334,-0.253090649563|0.331418942828|0.229506326897
322,VALID_CAMPAIGN,NEAR_SINGULARITY,1228566803642971789,3,MIXED,1.20360000455,-0.297499963586,0.160000000000,UNGUARDED_REFERENCE,true,false,CONVERGED_UNCERTIFIED,NO_GUARDS_OR_FINAL_CERTIFICATION,14,true,false,7.97545544713e-07,false,true,false,true,0,NaN,12291,-38.0743640847|12.4450289918|-0.251880743634
323,VALID_CAMPAIGN,MICRO_MOTION,-8346323018972500978,3,MIXED,1.20360005003,-0.297499599444,0.160000000000,GUARDED_PRODUCTION,true,true,SUCCESS,NONE,1,true,true,6.70365125525e-07,false,false,false,false,0,NaN,5500,-0.253090649563|0.331418942828|0.229506326897
323,VALID_CAMPAIGN,MICRO_MOTION,-8346323018972500978,3,MIXED,1.20360005003,-0.297499599444,0.160000000000,UNGUARDED_REFERENCE,true,false,CONVERGED_UNCERTIFIED,NO_GUARDS_OR_FINAL_CERTIFICATION,1,true,false,8.44353549887e-07,false,true,false,true,0,NaN,4667,-38.0743640847|12.4450289918|-0.251880743634
324,VALID_CAMPAIGN,UNIFORM,-460295300579056629,3,MIXED,-0.767038511374,1.00590111937,0.160000000000,GUARDED_PRODUCTION,true,true,SUCCESS_WITH_WARNING,CRITICAL_SINGULARITY_DAMPED,104,true,true,4.74259350467e-07,false,false,false,false,0,Infinity,402208,2.23320733457|0.384335144047|0.301267865814
324,VALID_CAMPAIGN,UNIFORM,-460295300579056629,3,MIXED,-0.767038511374,1.00590111937,0.160000000000,UNGUARDED_REFERENCE,true,false,CONVERGED_UNCERTIFIED,NO_GUARDS_OR_FINAL_CERTIFICATION,11,true,false,6.80722455340e-10,false,true,false,true,0,NaN,9292,-55.4125966093|46.3584275621|0.872029259159
325,VALID_CAMPAIGN,NEAR_JOINT_LIMIT,4189314366857168876,3,MIXED,0.413388554347,0.0750253091393,0.160000000000,GUARDED_PRODUCTION,true,true,SUCCESS_WITH_WARNING,CRITICAL_SINGULARITY_DAMPED,78,true,true,5.96945639529e-07,false,false,false,false,0,Infinity,310792,2.10961410412|-2.24163196100|0.259415896881
325,VALID_CAMPAIGN,NEAR_JOINT_LIMIT,4189314366857168876,3,MIXED,0.413388554347,0.0750253091393,0.160000000000,UNGUARDED_REFERENCE,false,false,MAX_ITERATIONS_UNCERTIFIED,NO_GUARDS_OR_FINAL_CERTIFICATION,800,true,false,0.936676536895,false,false,false,true,0,NaN,684083,-55.3235134989|46.2337463557|0.0181059561060
326,VALID_CAMPAIGN,NEAR_SINGULARITY,-2902256703018936264,3,MIXED,1.20360000455,-0.297499963586,0.160000000000,GUARDED_PRODUCTION,true,true,SUCCESS_WITH_WARNING,CRITICAL_SINGULARITY_DAMPED,66,true,true,7.78261000511e-07,false,false,false,false,0,Infinity,264083,-0.0609571603666|0.0643823473154|0.269734708894
326,VALID_CAMPAIGN,NEAR_SINGULARITY,-2902256703018936264,3,MIXED,1.20360000455,-0.297499963586,0.160000000000,UNGUARDED_REFERENCE,true,false,CONVERGED_UNCERTIFIED,NO_GUARDS_OR_FINAL_CERTIFICATION,13,true,false,1.35122193132e-07,false,true,false,true,0,NaN,11125,-44.2289918474|24.8267227481|-0.229378111607
327,VALID_CAMPAIGN,MICRO_MOTION,-1166168800172434533,3,MIXED,1.20360005003,-0.297499599444,0.160000000000,GUARDED_PRODUCTION,true,true,SUCCESS,NONE,1,true,true,8.13600012215e-07,false,false,false,false,0,NaN,6458,-0.0609571603666|0.0643823473154|0.269734708894
327,VALID_CAMPAIGN,MICRO_MOTION,-1166168800172434533,3,MIXED,1.20360005003,-0.297499599444,0.160000000000,UNGUARDED_REFERENCE,true,false,CONVERGED_UNCERTIFIED,NO_GUARDS_OR_FINAL_CERTIFICATION,1,true,false,3.75986996210e-07,false,true,false,true,0,NaN,1417,-44.2289918474|24.8267227481|-0.229378111607
328,VALID_CAMPAIGN,UNIFORM,7175160133983680538,3,MIXED,0.0563581951144,-1.07209028154,0.160000000000,GUARDED_PRODUCTION,true,true,SUCCESS_WITH_WARNING,CRITICAL_SINGULARITY_DAMPED,36,true,true,3.14527187642e-07,false,false,false,false,0,Infinity,144417,-0.835995307371|-0.748177034951|0.266465526781
328,VALID_CAMPAIGN,UNIFORM,7175160133983680538,3,MIXED,0.0563581951144,-1.07209028154,0.160000000000,UNGUARDED_REFERENCE,true,false,CONVERGED_UNCERTIFIED,NO_GUARDS_OR_FINAL_CERTIFICATION,10,true,false,3.92044509729e-10,false,true,false,true,0,NaN,8875,-50.9595115937|35.8836102158|-0.417435771982
329,VALID_CAMPAIGN,NEAR_JOINT_LIMIT,6259880650579298091,3,MIXED,-0.382576179535,-0.905049475587,0.160000000000,GUARDED_PRODUCTION,true,true,SUCCESS_WITH_WARNING,CRITICAL_SINGULARITY_DAMPED,12,true,true,1.01030424409e-07,false,false,false,false,0,Infinity,49333,-1.11338543076|-1.01159179009|0.269146056978
329,VALID_CAMPAIGN,NEAR_JOINT_LIMIT,6259880650579298091,3,MIXED,-0.382576179535,-0.905049475587,0.160000000000,UNGUARDED_REFERENCE,true,false,CONVERGED_UNCERTIFIED,NO_GUARDS_OR_FINAL_CERTIFICATION,5,true,false,2.32172779190e-08,false,true,false,true,0,NaN,4875,-51.2535930794|35.6622603797|-0.411638656849
330,VALID_CAMPAIGN,NEAR_SINGULARITY,5114899056994219036,3,MIXED,1.20360000455,-0.297499963586,0.160000000000,GUARDED_PRODUCTION,true,true,SUCCESS_WITH_WARNING,CRITICAL_SINGULARITY_DAMPED,64,true,true,2.62988130064e-07,false,false,false,false,0,Infinity,255875,-0.0615951040024|0.0650980029018|0.269474361625
330,VALID_CAMPAIGN,NEAR_SINGULARITY,5114899056994219036,3,MIXED,1.20360000455,-0.297499963586,0.160000000000,UNGUARDED_REFERENCE,true,false,CONVERGED_UNCERTIFIED,NO_GUARDS_OR_FINAL_CERTIFICATION,6,true,false,6.23515705999e-07,false,true,false,true,0,NaN,5416,-50.1966008281|36.7519134342|-0.334111175550
331,VALID_CAMPAIGN,MICRO_MOTION,4297538757407308497,3,MIXED,1.20360005003,-0.297499599444,0.160000000000,GUARDED_PRODUCTION,true,true,SUCCESS,NONE,1,true,true,4.21125937546e-07,false,false,false,false,0,NaN,4375,-0.0615951040024|0.0650980029018|0.269474361625
331,VALID_CAMPAIGN,MICRO_MOTION,4297538757407308497,3,MIXED,1.20360005003,-0.297499599444,0.160000000000,UNGUARDED_REFERENCE,true,false,CONVERGED_UNCERTIFIED,NO_GUARDS_OR_FINAL_CERTIFICATION,1,true,false,6.96622707898e-07,false,true,false,true,0,NaN,1291,-50.1966008281|36.7519134342|-0.334111175550
332,VALID_CAMPAIGN,UNIFORM,-4169353874240818024,3,MIXED,-0.276020006203,-1.21542901594,0.160000000000,GUARDED_PRODUCTION,true,true,SUCCESS_WITH_WARNING,CRITICAL_SINGULARITY_DAMPED,56,true,true,2.43650713586e-07,false,false,false,false,0,Infinity,217750,-1.62640776047|0.103055241212|0.282368475072
332,VALID_CAMPAIGN,UNIFORM,-4169353874240818024,3,MIXED,-0.276020006203,-1.21542901594,0.160000000000,UNGUARDED_REFERENCE,true,false,CONVERGED_UNCERTIFIED,NO_GUARDS_OR_FINAL_CERTIFICATION,19,true,false,5.35374807463e-08,false,true,false,true,0,NaN,15458,-52.1132011527|50.0108039265|-0.253330946595
333,VALID_CAMPAIGN,NEAR_JOINT_LIMIT,5909724631176702988,3,MIXED,-0.382576179535,-0.905049475587,0.160000000000,GUARDED_PRODUCTION,true,true,SUCCESS_WITH_WARNING,CRITICAL_SINGULARITY_DAMPED,28,true,true,4.35607970751e-07,false,false,false,false,0,Infinity,107042,-1.11383552247|-1.01184310873|0.268531122641
333,VALID_CAMPAIGN,NEAR_JOINT_LIMIT,5909724631176702988,3,MIXED,-0.382576179535,-0.905049475587,0.160000000000,UNGUARDED_REFERENCE,true,false,CONVERGED_UNCERTIFIED,NO_GUARDS_OR_FINAL_CERTIFICATION,6,true,false,4.85432977864e-09,false,true,false,true,0,NaN,6750,-53.2086321455|52.2809754235|0.401513265065
334,VALID_CAMPAIGN,NEAR_SINGULARITY,945221232967596580,3,MIXED,1.20360000455,-0.297499963586,0.160000000000,GUARDED_PRODUCTION,true,true,SUCCESS_WITH_WARNING,CRITICAL_SINGULARITY_DAMPED,64,true,true,2.89133742093e-07,false,false,false,false,0,Infinity,238584,-0.0629746051921|0.0666445858201|0.268910450654
334,VALID_CAMPAIGN,NEAR_SINGULARITY,945221232967596580,3,MIXED,1.20360000455,-0.297499963586,0.160000000000,UNGUARDED_REFERENCE,true,false,CONVERGED_UNCERTIFIED,NO_GUARDS_OR_FINAL_CERTIFICATION,14,true,false,1.13126444230e-08,false,true,false,true,0,NaN,13459,-50.5429369172|50.6393802237|0.231000512166
335,VALID_CAMPAIGN,MICRO_MOTION,-8688123548692931850,3,MIXED,1.20360005003,-0.297499599444,0.160000000000,GUARDED_PRODUCTION,true,true,SUCCESS,NONE,1,true,true,4.34951800293e-07,false,false,false,false,0,NaN,4292,-0.0629746051921|0.0666445858201|0.268910450654
335,VALID_CAMPAIGN,MICRO_MOTION,-8688123548692931850,3,MIXED,1.20360005003,-0.297499599444,0.160000000000,UNGUARDED_REFERENCE,true,false,CONVERGED_UNCERTIFIED,NO_GUARDS_OR_FINAL_CERTIFICATION,1,true,false,3.65864960583e-07,false,true,false,true,0,NaN,1250,-50.5429369172|50.6393802237|0.231000512166
336,VALID_CAMPAIGN,UNIFORM,-6882708771842278056,3,MIXED,-0.584479490717,0.906169925175,0.160000000000,GUARDED_PRODUCTION,true,true,SUCCESS_WITH_WARNING,CRITICAL_SINGULARITY_DAMPED,81,true,true,1.96883510544e-07,false,false,false,false,0,Infinity,307958,2.79610401951|-0.739171897005|0.240483613611
336,VALID_CAMPAIGN,UNIFORM,-6882708771842278056,3,MIXED,-0.584479490717,0.906169925175,0.160000000000,UNGUARDED_REFERENCE,true,false,CONVERGED_UNCERTIFIED,NO_GUARDS_OR_FINAL_CERTIFICATION,12,true,false,5.30958033769e-09,false,true,false,true,0,NaN,10167,-39.7809011702|40.5692241069|-1.18627755642
337,VALID_CAMPAIGN,NEAR_JOINT_LIMIT,-8559326596430194774,3,MIXED,-0.382576179535,-0.905049475587,0.160000000000,GUARDED_PRODUCTION,false,false,NO_CONVERGENCE,STAGNATION_WINDOW_EXCEEDED,53,true,true,1.34501937333,false,false,false,false,0,Infinity,191375,3.14159265359|-2.37713844122|0.242121393014
337,VALID_CAMPAIGN,NEAR_JOINT_LIMIT,-8559326596430194774,3,MIXED,-0.382576179535,-0.905049475587,0.160000000000,UNGUARDED_REFERENCE,true,false,CONVERGED_UNCERTIFIED,NO_GUARDS_OR_FINAL_CERTIFICATION,14,true,false,2.44507199206e-09,false,true,false,true,0,NaN,23625,-32.6306176555|42.7755784157|0.0351198800960
338,VALID_CAMPAIGN,NEAR_SINGULARITY,5456254576100414372,3,MIXED,1.20360000455,-0.297499963586,0.160000000000,GUARDED_PRODUCTION,true,true,SUCCESS_WITH_WARNING,CRITICAL_SINGULARITY_DAMPED,84,true,true,3.91684073930e-07,false,false,false,false,0,Infinity,402584,-0.0773557351237|0.0830281501095|0.263220866780
338,VALID_CAMPAIGN,NEAR_SINGULARITY,5456254576100414372,3,MIXED,1.20360000455,-0.297499963586,0.160000000000,UNGUARDED_REFERENCE,true,false,CONVERGED_UNCERTIFIED,NO_GUARDS_OR_FINAL_CERTIFICATION,13,true,false,1.21167922100e-07,false,true,false,true,0,NaN,14959,-31.6577577567|43.6682088252|-0.229352818511
339,VALID_CAMPAIGN,MICRO_MOTION,4249907085458394223,3,MIXED,1.20360005003,-0.297499599444,0.160000000000,GUARDED_PRODUCTION,true,true,SUCCESS,NONE,1,true,true,4.99156230298e-07,false,false,false,false,0,NaN,34083,-0.0773557351237|0.0830281501095|0.263220866780
339,VALID_CAMPAIGN,MICRO_MOTION,4249907085458394223,3,MIXED,1.20360005003,-0.297499599444,0.160000000000,UNGUARDED_REFERENCE,true,false,CONVERGED_UNCERTIFIED,NO_GUARDS_OR_FINAL_CERTIFICATION,1,true,false,3.72711617264e-07,false,true,false,true,0,NaN,1667,-31.6577577567|43.6682088252|-0.229352818511
340,VALID_CAMPAIGN,UNIFORM,3085566893794871858,3,MIXED,0.776937661303,-0.0639755057960,0.160000000000,GUARDED_PRODUCTION,true,true,SUCCESS_WITH_WARNING,CRITICAL_SINGULARITY_DAMPED,42,true,true,1.50397461834e-08,false,false,false,false,0,Infinity,182667,1.10524680761|-1.50501913712|0.251068411899
340,VALID_CAMPAIGN,UNIFORM,3085566893794871858,3,MIXED,0.776937661303,-0.0639755057960,0.160000000000,UNGUARDED_REFERENCE,true,false,CONVERGED_UNCERTIFIED,NO_GUARDS_OR_FINAL_CERTIFICATION,8,true,false,3.09397648547e-07,false,true,false,true,0,NaN,9459,-28.7518593186|42.0524937653|1.03207443421
341,VALID_CAMPAIGN,NEAR_JOINT_LIMIT,-859496258006208255,3,MIXED,0.0292491160840,0.475602181648,0.160000000000,GUARDED_PRODUCTION,false,false,MAX_ITERATIONS_REACHED,CRITICAL_SINGULARITY_DAMPED,800,true,true,0.00841167854304,false,false,false,false,0,Infinity,2981333,3.14159265359|-2.28306923324|0.0931721944144
341,VALID_CAMPAIGN,NEAR_JOINT_LIMIT,-859496258006208255,3,MIXED,0.0292491160840,0.475602181648,0.160000000000,UNGUARDED_REFERENCE,true,false,CONVERGED_UNCERTIFIED,NO_GUARDS_OR_FINAL_CERTIFICATION,8,true,false,3.50911746461e-08,false,true,false,true,0,NaN,9750,-25.7537581863|40.9333041843|0.471306219609
342,VALID_CAMPAIGN,NEAR_SINGULARITY,-5682313649970992325,3,MIXED,1.20360000455,-0.297499963586,0.160000000000,GUARDED_PRODUCTION,true,true,SUCCESS_WITH_WARNING,CRITICAL_SINGULARITY_DAMPED,124,true,true,8.90005065395e-07,false,false,false,false,0,Infinity,512833,-0.232251514964|0.296677020123|0.229485712630
342,VALID_CAMPAIGN,NEAR_SINGULARITY,-5682313649970992325,3,MIXED,1.20360000455,-0.297499963586,0.160000000000,UNGUARDED_REFERENCE,true,false,CONVERGED_UNCERTIFIED,NO_GUARDS_OR_FINAL_CERTIFICATION,7,true,false,7.77249598700e-08,false,true,false,true,0,NaN,6708,-31.3285841033|43.9004673889|0.344640026394
343,VALID_CAMPAIGN,MICRO_MOTION,-3077682097932949379,3,MIXED,1.20360005003,-0.297499599444,0.160000000000,GUARDED_PRODUCTION,true,true,SUCCESS,NONE,1,true,true,9.21891330761e-07,false,false,false,false,0,NaN,42416,-0.232251514964|0.296677020123|0.229485712630
343,VALID_CAMPAIGN,MICRO_MOTION,-3077682097932949379,3,MIXED,1.20360005003,-0.297499599444,0.160000000000,UNGUARDED_REFERENCE,true,false,CONVERGED_UNCERTIFIED,NO_GUARDS_OR_FINAL_CERTIFICATION,1,true,false,3.65907708540e-07,false,true,false,true,0,NaN,1375,-31.3285841033|43.9004673889|0.344640026394
344,VALID_CAMPAIGN,UNIFORM,-6726168088140741757,3,MIXED,-0.0435781260094,1.05870128908,0.160000000000,GUARDED_PRODUCTION,true,true,SUCCESS_WITH_WARNING,CRITICAL_SINGULARITY_DAMPED,48,true,true,1.77214211633e-07,false,false,false,false,0,Infinity,199834,0.962752974768|1.31434407915|0.174577656826
344,VALID_CAMPAIGN,UNIFORM,-6726168088140741757,3,MIXED,-0.0435781260094,1.05870128908,0.160000000000,UNGUARDED_REFERENCE,true,false,CONVERGED_UNCERTIFIED,NO_GUARDS_OR_FINAL_CERTIFICATION,8,true,false,5.17431222181e-08,false,true,false,true,0,NaN,7417,-16.6380123566|30.4194757652|0.00653715386747
345,VALID_CAMPAIGN,NEAR_JOINT_LIMIT,3261066735143300144,3,MIXED,0.0292490563180,0.475602185323,0.160000000000,GUARDED_PRODUCTION,false,false,NO_CONVERGENCE,STAGNATION_WINDOW_EXCEEDED,35,true,true,0.133596037444,false,false,false,false,5,Infinity,137333,-0.0324002034345|2.37713844122|0.140361055351
345,VALID_CAMPAIGN,NEAR_JOINT_LIMIT,3261066735143300144,3,MIXED,0.0292490563180,0.475602185323,0.160000000000,UNGUARDED_REFERENCE,true,false,CONVERGED_UNCERTIFIED,NO_GUARDS_OR_FINAL_CERTIFICATION,8,true,false,9.71598370727e-09,false,true,false,true,0,NaN,7125,-15.7084575334|29.0290332737|0.0129211701622
346,VALID_CAMPAIGN,NEAR_SINGULARITY,6734806738510735800,3,MIXED,1.20360000455,-0.297499963586,0.160000000000,GUARDED_PRODUCTION,true,true,SUCCESS_WITH_WARNING,CRITICAL_SINGULARITY_DAMPED,78,true,true,8.44614822138e-07,false,false,false,false,0,Infinity,299917,-0.246784495813|0.320748362870|0.229376873193
346,VALID_CAMPAIGN,NEAR_SINGULARITY,6734806738510735800,3,MIXED,1.20360000455,-0.297499963586,0.160000000000,UNGUARDED_REFERENCE,true,false,CONVERGED_UNCERTIFIED,NO_GUARDS_OR_FINAL_CERTIFICATION,17,true,false,1.11213735425e-08,false,true,false,true,0,NaN,13834,-19.1554442927|31.2016199683|-0.234701975927
347,VALID_CAMPAIGN,MICRO_MOTION,5160429842780180863,3,MIXED,1.20360005003,-0.297499599444,0.160000000000,GUARDED_PRODUCTION,true,true,SUCCESS,NONE,1,true,true,8.80969080327e-07,false,false,false,false,0,NaN,5291,-0.246784495813|0.320748362870|0.229376873193
347,VALID_CAMPAIGN,MICRO_MOTION,5160429842780180863,3,MIXED,1.20360005003,-0.297499599444,0.160000000000,UNGUARDED_REFERENCE,true,false,CONVERGED_UNCERTIFIED,NO_GUARDS_OR_FINAL_CERTIFICATION,1,true,false,3.65901777818e-07,false,true,false,true,0,NaN,1292,-19.1554442927|31.2016199683|-0.234701975927
348,VALID_CAMPAIGN,UNIFORM,2227205653580262816,3,MIXED,1.27760180993,0.252664708205,0.160000000000,GUARDED_PRODUCTION,true,true,SUCCESS_WITH_WARNING,CRITICAL_SINGULARITY_DAMPED,42,true,true,3.77064105620e-07,false,false,false,false,0,Infinity,161958,0.207688435932|0.480018400506|0.386878388293
348,VALID_CAMPAIGN,UNIFORM,2227205653580262816,3,MIXED,1.27760180993,0.252664708205,0.160000000000,UNGUARDED_REFERENCE,true,false,CONVERGED_UNCERTIFIED,NO_GUARDS_OR_FINAL_CERTIFICATION,9,true,false,1.77253809053e-07,false,true,false,true,0,NaN,7541,-18.4623833404|30.5771287907|-0.416266657899
349,VALID_CAMPAIGN,NEAR_JOINT_LIMIT,6907703763375125826,3,MIXED,0.413388563775,0.0750252571913,0.160000000000,GUARDED_PRODUCTION,false,false,NO_CONVERGENCE,STAGNATION_WINDOW_EXCEEDED,76,true,true,0.237763142037,false,false,false,false,0,Infinity,294833,-1.40717359473|2.37713844122|0.186933221085
349,VALID_CAMPAIGN,NEAR_JOINT_LIMIT,6907703763375125826,3,MIXED,0.413388563775,0.0750252571913,0.160000000000,UNGUARDED_REFERENCE,false,false,MAX_ITERATIONS_UNCERTIFIED,NO_GUARDS_OR_FINAL_CERTIFICATION,800,true,false,0.936677107083,false,false,false,true,0,NaN,1332833,-7.14926684865|10.3149258928|-0.0181052604513
350,VALID_CAMPAIGN,NEAR_SINGULARITY,5022680508140143448,3,MIXED,1.20360000455,-0.297499963586,0.160000000000,GUARDED_PRODUCTION,true,true,SUCCESS_WITH_WARNING,CRITICAL_SINGULARITY_DAMPED,49,true,true,6.74724617925e-07,false,false,false,false,0,Infinity,195500,-0.379367854690|0.570709350875|0.253228696039
350,VALID_CAMPAIGN,NEAR_SINGULARITY,5022680508140143448,3,MIXED,1.20360000455,-0.297499963586,0.160000000000,UNGUARDED_REFERENCE,false,false,MAX_ITERATIONS_UNCERTIFIED,NO_GUARDS_OR_FINAL_CERTIFICATION,800,true,false,1.54455304401,false,false,false,true,0,NaN,881083,-3.28401316014|10.4220913779|-0.0196982169159
351,VALID_CAMPAIGN,MICRO_MOTION,4910925460320829141,3,MIXED,1.20360005003,-0.297499599444,0.160000000000,GUARDED_PRODUCTION,true,true,SUCCESS,NONE,1,true,true,7.34888215795e-07,false,false,false,false,0,NaN,7958,-0.379367854690|0.570709350875|0.253228696039
351,VALID_CAMPAIGN,MICRO_MOTION,4910925460320829141,3,MIXED,1.20360005003,-0.297499599444,0.160000000000,UNGUARDED_REFERENCE,false,false,MAX_ITERATIONS_UNCERTIFIED,NO_GUARDS_OR_FINAL_CERTIFICATION,800,true,false,1.54455297191,false,false,false,true,0,NaN,704917,-3.28401280534|10.4220912941|-0.0196982152019
352,VALID_CAMPAIGN,UNIFORM,936318365097569784,3,MIXED,-1.07584908543,0.170196294296,0.160000000000,GUARDED_PRODUCTION,false,false,NO_CONVERGENCE,STAGNATION_WINDOW_EXCEEDED,87,true,true,1.25153117412,false,false,false,false,0,Infinity,401625,-3.14159265359|2.37713844122|0.147249469876
352,VALID_CAMPAIGN,UNIFORM,936318365097569784,3,MIXED,-1.07584908543,0.170196294296,0.160000000000,UNGUARDED_REFERENCE,true,false,CONVERGED_UNCERTIFIED,NO_GUARDS_OR_FINAL_CERTIFICATION,8,true,false,3.02891882281e-07,false,true,false,true,0,NaN,10667,2.18050924551|-4.49030626391|0.426412198374
353,VALID_CAMPAIGN,NEAR_JOINT_LIMIT,-5677889944528561923,3,MIXED,0.0292491160840,0.475602181648,0.160000000000,GUARDED_PRODUCTION,false,false,NO_CONVERGENCE,STAGNATION_WINDOW_EXCEEDED,148,true,true,0.980465716977,false,false,false,false,0,Infinity,500291,-3.14159265359|2.37713844122|0.0200000000000
353,VALID_CAMPAIGN,NEAR_JOINT_LIMIT,-5677889944528561923,3,MIXED,0.0292491160840,0.475602181648,0.160000000000,UNGUARDED_REFERENCE,false,false,MAX_ITERATIONS_UNCERTIFIED,NO_GUARDS_OR_FINAL_CERTIFICATION,800,true,false,1.02862753694,false,false,false,true,0,NaN,638375,2.60308870700|-4.12537446280|0.0200647347300
354,VALID_CAMPAIGN,NEAR_SINGULARITY,3354479598578177838,3,MIXED,1.20360000455,-0.297499963586,0.160000000000,GUARDED_PRODUCTION,true,true,SUCCESS_WITH_WARNING,CRITICAL_SINGULARITY_DAMPED,113,true,true,8.09820599368e-07,false,false,false,false,0,Infinity,444166,-0.232253006100|0.296679785796|0.229485932488
354,VALID_CAMPAIGN,NEAR_SINGULARITY,3354479598578177838,3,MIXED,1.20360000455,-0.297499963586,0.160000000000,UNGUARDED_REFERENCE,true,false,CONVERGED_UNCERTIFIED,NO_GUARDS_OR_FINAL_CERTIFICATION,16,true,false,6.03087248778e-07,false,true,false,true,0,NaN,14041,6.09406461949|-6.05367133236|0.233110134332
355,VALID_CAMPAIGN,MICRO_MOTION,5971991936969745559,3,MIXED,1.20360005003,-0.297499599444,0.160000000000,GUARDED_PRODUCTION,true,true,SUCCESS,NONE,1,true,true,8.48829700674e-07,false,false,false,false,0,NaN,6917,-0.232253006100|0.296679785796|0.229485932488
355,VALID_CAMPAIGN,MICRO_MOTION,5971991936969745559,3,MIXED,1.20360005003,-0.297499599444,0.160000000000,UNGUARDED_REFERENCE,true,false,CONVERGED_UNCERTIFIED,NO_GUARDS_OR_FINAL_CERTIFICATION,1,true,false,6.59186779262e-07,false,true,false,true,0,NaN,1292,6.09406461949|-6.05367133236|0.233110134332
356,VALID_CAMPAIGN,UNIFORM,6155887451222212465,3,MIXED,-0.660342915360,0.900683005085,0.160000000000,GUARDED_PRODUCTION,true,true,SUCCESS_WITH_WARNING,CRITICAL_SINGULARITY_DAMPED,70,true,true,5.21401087238e-07,false,false,false,false,0,Infinity,283125,1.68061326510|1.11778252380|0.180343508831
356,VALID_CAMPAIGN,UNIFORM,6155887451222212465,3,MIXED,-0.660342915360,0.900683005085,0.160000000000,UNGUARDED_REFERENCE,true,false,CONVERGED_UNCERTIFIED,NO_GUARDS_OR_FINAL_CERTIFICATION,9,true,false,1.32218175881e-09,false,true,false,true,0,NaN,8209,46.6727542648|-63.4862907145|0.115582029188
357,VALID_CAMPAIGN,NEAR_JOINT_LIMIT,3213452389808928599,3,MIXED,0.413388554347,0.0750253091393,0.160000000000,GUARDED_PRODUCTION,false,false,NO_CONVERGENCE,STAGNATION_WINDOW_EXCEEDED,77,true,true,0.166821428834,false,false,false,false,3,Infinity,295542,-1.42632870574|2.37713844122|0.109282622712
357,VALID_CAMPAIGN,NEAR_JOINT_LIMIT,3213452389808928599,3,MIXED,0.413388554347,0.0750253091393,0.160000000000,UNGUARDED_REFERENCE,true,false,CONVERGED_UNCERTIFIED,NO_GUARDS_OR_FINAL_CERTIFICATION,8,true,false,7.90998128514e-08,false,true,false,true,0,NaN,8667,59.9130781556|-85.5295891386|-0.580455543804
358,VALID_CAMPAIGN,NEAR_SINGULARITY,-8819282478651013023,3,MIXED,1.20360000455,-0.297499963586,0.160000000000,GUARDED_PRODUCTION,true,true,SUCCESS_WITH_WARNING,CRITICAL_SINGULARITY_DAMPED,73,true,true,6.04624903523e-07,false,false,false,false,0,Infinity,291167,-0.233445482835|0.298628438337|0.229456363208
358,VALID_CAMPAIGN,NEAR_SINGULARITY,-8819282478651013023,3,MIXED,1.20360000455,-0.297499963586,0.160000000000,UNGUARDED_REFERENCE,true,false,CONVERGED_UNCERTIFIED,NO_GUARDS_OR_FINAL_CERTIFICATION,6,true,false,3.16552371072e-08,false,true,false,true,0,NaN,7375,59.4775641087|-85.9946914640|-1.58426233325
359,VALID_CAMPAIGN,MICRO_MOTION,-5414510332410137522,3,MIXED,1.20360005003,-0.297499599444,0.160000000000,GUARDED_PRODUCTION,true,true,SUCCESS,NONE,1,true,true,6.69374965317e-07,false,false,false,false,0,NaN,17708,-0.233445482835|0.298628438337|0.229456363208
359,VALID_CAMPAIGN,MICRO_MOTION,-5414510332410137522,3,MIXED,1.20360005003,-0.297499599444,0.160000000000,UNGUARDED_REFERENCE,true,false,CONVERGED_UNCERTIFIED,NO_GUARDS_OR_FINAL_CERTIFICATION,1,true,false,3.64399585999e-07,false,true,false,true,0,NaN,1292,59.4775641087|-85.9946914640|-1.58426233325
360,VALID_CAMPAIGN,UNIFORM,-95347680966910505,3,MIXED,-0.314614774601,-0.727228669004,0.160000000000,GUARDED_PRODUCTION,true,true,SUCCESS_WITH_WARNING,CRITICAL_SINGULARITY_DAMPED,53,true,true,1.61972852514e-08,false,false,false,false,0,Infinity,206292,-0.840383435415|-1.50872174282|0.208113335800
360,VALID_CAMPAIGN,UNIFORM,-95347680966910505,3,MIXED,-0.314614774601,-0.727228669004,0.160000000000,UNGUARDED_REFERENCE,true,false,CONVERGED_UNCERTIFIED,NO_GUARDS_OR_FINAL_CERTIFICATION,18,true,false,1.80924905805e-10,false,true,false,true,0,NaN,16042,59.7086847370|-86.4629573093|-0.217085428112
361,VALID_CAMPAIGN,NEAR_JOINT_LIMIT,-4096327336814059346,3,MIXED,0.413388554347,0.0750253091393,0.160000000000,GUARDED_PRODUCTION,true,true,SUCCESS_WITH_WARNING,CRITICAL_SINGULARITY_DAMPED,58,true,true,4.18834850931e-07,false,false,false,false,0,Infinity,227792,2.03758657279|-2.28976565018|0.197132673420
361,VALID_CAMPAIGN,NEAR_JOINT_LIMIT,-4096327336814059346,3,MIXED,0.413388554347,0.0750253091393,0.160000000000,UNGUARDED_REFERENCE,true,false,CONVERGED_UNCERTIFIED,NO_GUARDS_OR_FINAL_CERTIFICATION,5,true,false,5.46666006428e-08,false,true,false,true,0,NaN,4792,58.6164600372|-84.5643241164|-0.225543372264
362,VALID_CAMPAIGN,NEAR_SINGULARITY,-1824985507211998951,3,MIXED,1.20360000455,-0.297499963586,0.160000000000,GUARDED_PRODUCTION,true,true,SUCCESS_WITH_WARNING,CRITICAL_SINGULARITY_DAMPED,84,true,true,8.30093194389e-07,false,false,false,false,0,Infinity,321666,-0.225089797731|0.285082362814|0.229747450237
362,VALID_CAMPAIGN,NEAR_SINGULARITY,-1824985507211998951,3,MIXED,1.20360000455,-0.297499963586,0.160000000000,UNGUARDED_REFERENCE,true,false,CONVERGED_UNCERTIFIED,NO_GUARDS_OR_FINAL_CERTIFICATION,9,true,false,1.41460613166e-07,false,true,false,true,0,NaN,9375,56.2975788445|-81.9802073003|-0.229456374498
363,VALID_CAMPAIGN,MICRO_MOTION,5428607849897109253,3,MIXED,1.20360005003,-0.297499599444,0.160000000000,GUARDED_PRODUCTION,true,true,SUCCESS,NONE,1,true,true,8.66893478501e-07,false,false,false,false,0,NaN,5917,-0.225089797731|0.285082362814|0.229747450237
363,VALID_CAMPAIGN,MICRO_MOTION,5428607849897109253,3,MIXED,1.20360005003,-0.297499599444,0.160000000000,UNGUARDED_REFERENCE,true,false,CONVERGED_UNCERTIFIED,NO_GUARDS_OR_FINAL_CERTIFICATION,1,true,false,4.09523958940e-07,false,true,false,true,0,NaN,1291,56.2975788445|-81.9802073003|-0.229456374498
364,VALID_CAMPAIGN,UNIFORM,5693769221864922316,3,MIXED,0.100988325314,-0.749747998907,0.160000000000,GUARDED_PRODUCTION,true,true,SUCCESS_WITH_WARNING,CRITICAL_SINGULARITY_DAMPED,47,true,true,2.62518944253e-07,false,false,false,false,0,Infinity,182750,-0.240384930811|-1.58891808433|0.206222470156
364,VALID_CAMPAIGN,UNIFORM,5693769221864922316,3,MIXED,0.100988325314,-0.749747998907,0.160000000000,UNGUARDED_REFERENCE,true,false,CONVERGED_UNCERTIFIED,NO_GUARDS_OR_FINAL_CERTIFICATION,30,true,false,3.28498095190e-10,false,true,false,true,0,NaN,26583,22.1807838670|-29.9418961336|-0.524306061521
365,VALID_CAMPAIGN,NEAR_JOINT_LIMIT,-8237708622435254204,3,MIXED,0.0292491160840,0.475602181648,0.160000000000,GUARDED_PRODUCTION,false,false,MAX_ITERATIONS_REACHED,CRITICAL_SINGULARITY_DAMPED,800,true,true,0.00769714128221,false,false,false,false,0,Infinity,2838583,3.14159265359|-2.28764470001|0.0893528041746
365,VALID_CAMPAIGN,NEAR_JOINT_LIMIT,-8237708622435254204,3,MIXED,0.0292491160840,0.475602181648,0.160000000000,UNGUARDED_REFERENCE,false,false,MAX_ITERATIONS_UNCERTIFIED,NO_GUARDS_OR_FINAL_CERTIFICATION,800,true,false,1.02862753659,false,false,false,true,0,NaN,1440667,21.4526446269|-29.2581156914|0.0200647346724
366,VALID_CAMPAIGN,NEAR_SINGULARITY,-8524610693997112151,3,MIXED,1.20360000455,-0.297499963586,0.160000000000,GUARDED_PRODUCTION,true,true,SUCCESS_WITH_WARNING,CRITICAL_SINGULARITY_DAMPED,125,true,true,8.18688887583e-07,false,false,false,false,0,Infinity,571333,-0.232251676468|0.296677579855|0.229485939563
366,VALID_CAMPAIGN,NEAR_SINGULARITY,-8524610693997112151,3,MIXED,1.20360000455,-0.297499963586,0.160000000000,UNGUARDED_REFERENCE,true,false,CONVERGED_UNCERTIFIED,NO_GUARDS_OR_FINAL_CERTIFICATION,16,true,false,6.02344971852e-07,false,true,false,true,0,NaN,17166,24.9436212773|-31.1864136505|0.233110239900
367,VALID_CAMPAIGN,MICRO_MOTION,4390951218271243239,3,MIXED,1.20360005003,-0.297499599444,0.160000000000,GUARDED_PRODUCTION,true,true,SUCCESS,NONE,1,true,true,8.56847514738e-07,false,false,false,false,0,NaN,10750,-0.232251676468|0.296677579855|0.229485939563
367,VALID_CAMPAIGN,MICRO_MOTION,4390951218271243239,3,MIXED,1.20360005003,-0.297499599444,0.160000000000,UNGUARDED_REFERENCE,true,false,CONVERGED_UNCERTIFIED,NO_GUARDS_OR_FINAL_CERTIFICATION,1,true,false,6.58575248035e-07,false,true,false,true,0,NaN,1500,24.9436212773|-31.1864136505|0.233110239900
368,VALID_CAMPAIGN,UNIFORM,1140299029685932112,3,MIXED,-1.21675598397,-0.0259791400423,0.160000000000,GUARDED_PRODUCTION,true,true,SUCCESS_WITH_WARNING,CRITICAL_SINGULARITY_DAMPED,107,true,true,3.58008590320e-07,false,false,false,false,0,Infinity,429041,-2.91681304252|-0.0511640742876|0.209945295784
368,VALID_CAMPAIGN,UNIFORM,1140299029685932112,3,MIXED,-1.21675598397,-0.0259791400423,0.160000000000,UNGUARDED_REFERENCE,true,false,CONVERGED_UNCERTIFIED,NO_GUARDS_OR_FINAL_CERTIFICATION,20,true,false,4.75070442202e-07,false,true,false,true,0,NaN,17958,9.69999517681|-19.5981927671|-0.240554591084
369,VALID_CAMPAIGN,NEAR_JOINT_LIMIT,8463777295890251695,3,MIXED,0.0292490563180,0.475602185323,0.160000000000,GUARDED_PRODUCTION,true,true,SUCCESS_WITH_WARNING,CRITICAL_SINGULARITY_DAMPED,59,true,true,1.20025514840e-07,false,false,false,false,0,Infinity,244875,-3.03622279184|-2.15080698234|0.223204547165
369,VALID_CAMPAIGN,NEAR_JOINT_LIMIT,8463777295890251695,3,MIXED,0.0292490563180,0.475602185323,0.160000000000,UNGUARDED_REFERENCE,true,false,CONVERGED_UNCERTIFIED,NO_GUARDS_OR_FINAL_CERTIFICATION,9,true,false,5.89305414057e-11,false,true,false,true,0,NaN,9916,18.6583445580|-22.9438709811|-0.180380180398
370,VALID_CAMPAIGN,NEAR_SINGULARITY,104865233512702608,3,MIXED,1.20360000455,-0.297499963586,0.160000000000,GUARDED_PRODUCTION,false,false,NO_CONVERGENCE,STAGNATION_WINDOW_EXCEEDED,251,true,true,1.00553660773,false,false,false,false,0,Infinity,935750,-3.14159265359|-2.15655228376|0.575000000000
370,VALID_CAMPAIGN,NEAR_SINGULARITY,104865233512702608,3,MIXED,1.20360000455,-0.297499963586,0.160000000000,UNGUARDED_REFERENCE,true,false,CONVERGED_UNCERTIFIED,NO_GUARDS_OR_FINAL_CERTIFICATION,11,true,false,5.95454160348e-09,false,true,false,true,0,NaN,10250,12.4379053535|-19.3731147325|-0.246087419511
371,VALID_CAMPAIGN,MICRO_MOTION,8983546011032482377,3,MIXED,1.20360005003,-0.297499599444,0.160000000000,GUARDED_PRODUCTION,false,false,NO_CONVERGENCE,STAGNATION_WINDOW_EXCEEDED,7,true,true,1.01090177088,false,false,false,false,0,Infinity,27375,-3.14159265359|-2.14910672422|0.575000000000
371,VALID_CAMPAIGN,MICRO_MOTION,8983546011032482377,3,MIXED,1.20360005003,-0.297499599444,0.160000000000,UNGUARDED_REFERENCE,true,false,CONVERGED_UNCERTIFIED,NO_GUARDS_OR_FINAL_CERTIFICATION,1,true,false,3.66232095425e-07,false,true,false,true,0,NaN,1584,12.4379053535|-19.3731147325|-0.246087419511
372,VALID_CAMPAIGN,UNIFORM,7979402822530891358,3,MIXED,1.25695350279,0.0633097847404,0.160000000000,GUARDED_PRODUCTION,false,false,NO_CONVERGENCE,STAGNATION_WINDOW_EXCEEDED,7,true,true,0.952762599038,false,false,false,false,0,Infinity,26833,-3.14159265359|-2.06840997099|0.575000000000
372,VALID_CAMPAIGN,UNIFORM,7979402822530891358,3,MIXED,1.25695350279,0.0633097847404,0.160000000000,UNGUARDED_REFERENCE,true,false,CONVERGED_UNCERTIFIED,NO_GUARDS_OR_FINAL_CERTIFICATION,7,true,false,2.36850424469e-07,false,true,false,true,0,NaN,6375,12.6064125042|-19.2145746971|-0.284412116278
373,VALID_CAMPAIGN,NEAR_JOINT_LIMIT,-7575456905807534532,3,MIXED,0.0292490563180,0.475602185323,0.160000000000,GUARDED_PRODUCTION,true,true,SUCCESS_WITH_WARNING,CRITICAL_SINGULARITY_DAMPED,17,true,true,2.98845648896e-07,false,false,false,false,0,Infinity,70000,-2.41705239579|-2.09440503996|0.552781914137
373,VALID_CAMPAIGN,NEAR_JOINT_LIMIT,-7575456905807534532,3,MIXED,0.0292490563180,0.475602185323,0.160000000000,UNGUARDED_REFERENCE,false,false,MAX_ITERATIONS_UNCERTIFIED,NO_GUARDS_OR_FINAL_CERTIFICATION,800,true,false,1.02862819356,false,false,false,true,0,NaN,712292,-5.86751734292|4.12538173977|-0.0200640369118
374,VALID_CAMPAIGN,NEAR_SINGULARITY,877880924996440386,3,MIXED,1.20360000455,-0.297499963586,0.160000000000,GUARDED_PRODUCTION,false,false,NO_CONVERGENCE,STAGNATION_WINDOW_EXCEEDED,27,true,true,0.895903448433,false,false,false,false,0,Infinity,107375,-3.14159265359|-2.33154638064|0.575000000000
374,VALID_CAMPAIGN,NEAR_SINGULARITY,877880924996440386,3,MIXED,1.20360000455,-0.297499963586,0.160000000000,UNGUARDED_REFERENCE,true,false,CONVERGED_UNCERTIFIED,NO_GUARDS_OR_FINAL_CERTIFICATION,9,true,false,5.23085017905e-07,false,true,false,true,0,NaN,8167,-6.20687828817|5.31962390513|-0.338314621156
375,VALID_CAMPAIGN,MICRO_MOTION,-6531089254003467461,3,MIXED,1.20360005003,-0.297499599444,0.160000000000,GUARDED_PRODUCTION,false,false,NO_CONVERGENCE,STAGNATION_WINDOW_EXCEEDED,7,true,true,0.920138258226,false,false,false,false,0,Infinity,29334,-3.14159265359|-2.28751645593|0.575000000000
375,VALID_CAMPAIGN,MICRO_MOTION,-6531089254003467461,3,MIXED,1.20360005003,-0.297499599444,0.160000000000,UNGUARDED_REFERENCE,true,false,CONVERGED_UNCERTIFIED,NO_GUARDS_OR_FINAL_CERTIFICATION,1,true,false,6.08916486282e-07,false,true,false,true,0,NaN,1375,-6.20687828817|5.31962390513|-0.338314621156
376,VALID_CAMPAIGN,UNIFORM,-5404933458615106368,3,MIXED,0.355690557224,0.734931351937,0.160000000000,GUARDED_PRODUCTION,false,false,NO_CONVERGENCE,STAGNATION_WINDOW_EXCEEDED,21,true,true,0.229817682294,false,false,false,false,5,Infinity,80667,-3.14159265359|-1.66102414058|0.575000000000
376,VALID_CAMPAIGN,UNIFORM,-5404933458615106368,3,MIXED,0.355690557224,0.734931351937,0.160000000000,UNGUARDED_REFERENCE,true,false,CONVERGED_UNCERTIFIED,NO_GUARDS_OR_FINAL_CERTIFICATION,11,true,false,2.89042995553e-08,false,true,false,true,0,NaN,11583,18.9267478072|-36.0904358409|-0.0575231004981
377,VALID_CAMPAIGN,NEAR_JOINT_LIMIT,1958234410824222705,3,MIXED,0.00156338188776,-0.504472599206,0.160000000000,GUARDED_PRODUCTION,false,false,NO_CONVERGENCE,STAGNATION_WINDOW_EXCEEDED,29,true,true,0.890842758936,false,false,false,false,0,Infinity,118375,-2.08024688905|-2.37713844122|0.517174502685
377,VALID_CAMPAIGN,NEAR_JOINT_LIMIT,1958234410824222705,3,MIXED,0.00156338188776,-0.504472599206,0.160000000000,UNGUARDED_REFERENCE,false,false,MAX_ITERATIONS_UNCERTIFIED,NO_GUARDS_OR_FINAL_CERTIFICATION,800,true,false,1.07579788319,false,false,false,true,0,NaN,667167,18.4011545732|-35.5930238089|0.0211583115504
378,VALID_CAMPAIGN,NEAR_SINGULARITY,2830377298590429285,3,MIXED,1.20360000455,-0.297499963586,0.160000000000,GUARDED_PRODUCTION,false,false,NO_CONVERGENCE,STAGNATION_WINDOW_EXCEEDED,38,true,true,0.902723204087,false,false,false,false,0,Infinity,180208,-3.14159265359|-2.31867597637|0.575000000000
378,VALID_CAMPAIGN,NEAR_SINGULARITY,2830377298590429285,3,MIXED,1.20360000455,-0.297499963586,0.160000000000,UNGUARDED_REFERENCE,true,false,CONVERGED_UNCERTIFIED,NO_GUARDS_OR_FINAL_CERTIFICATION,13,true,false,1.19340863945e-08,false,true,false,true,0,NaN,10875,18.3796972631|-36.9358128558|0.290308386869
379,VALID_CAMPAIGN,MICRO_MOTION,-6836540263725037753,3,MIXED,1.20360005003,-0.297499599444,0.160000000000,GUARDED_PRODUCTION,false,false,NO_CONVERGENCE,STAGNATION_WINDOW_EXCEEDED,7,true,true,0.927790793829,false,false,false,false,0,Infinity,29042,-3.14159265359|-2.27447553426|0.575000000000
379,VALID_CAMPAIGN,MICRO_MOTION,-6836540263725037753,3,MIXED,1.20360005003,-0.297499599444,0.160000000000,UNGUARDED_REFERENCE,true,false,CONVERGED_UNCERTIFIED,NO_GUARDS_OR_FINAL_CERTIFICATION,1,true,false,3.66057266995e-07,false,true,false,true,0,NaN,1334,18.3796972631|-36.9358128558|0.290308386869
380,VALID_CAMPAIGN,UNIFORM,7761930736595059519,3,MIXED,-0.0138158173428,-1.13649037273,0.160000000000,GUARDED_PRODUCTION,false,false,NO_CONVERGENCE,STAGNATION_WINDOW_EXCEEDED,10,true,true,1.29217522617,false,false,false,false,0,Infinity,39666,-3.14159265359|-2.37713844122|0.558439033754
380,VALID_CAMPAIGN,UNIFORM,7761930736595059519,3,MIXED,-0.0138158173428,-1.13649037273,0.160000000000,UNGUARDED_REFERENCE,true,false,CONVERGED_UNCERTIFIED,NO_GUARDS_OR_FINAL_CERTIFICATION,15,true,false,1.35828773284e-07,false,true,false,true,0,NaN,12958,10.5697914635|-30.6230398101|0.0677407348129
381,VALID_CAMPAIGN,NEAR_JOINT_LIMIT,-368975953853181622,3,MIXED,0.0292490563180,0.475602185323,0.160000000000,GUARDED_PRODUCTION,true,true,SUCCESS_WITH_WARNING,CRITICAL_SINGULARITY_DAMPED,24,true,true,5.98109951158e-08,false,false,false,false,0,Infinity,92375,-2.54303329481|-2.07075872761|0.510862813812
381,VALID_CAMPAIGN,NEAR_JOINT_LIMIT,-368975953853181622,3,MIXED,0.0292490563180,0.475602185323,0.160000000000,UNGUARDED_REFERENCE,true,false,CONVERGED_UNCERTIFIED,NO_GUARDS_OR_FINAL_CERTIFICATION,6,true,false,2.12411355395e-10,false,true,false,true,0,NaN,5417,6.11935038855|-22.9032893945|-0.140336586239
382,VALID_CAMPAIGN,NEAR_SINGULARITY,-2597207497568931908,3,MIXED,1.20360000455,-0.297499963586,0.160000000000,GUARDED_PRODUCTION,false,false,NO_CONVERGENCE,STAGNATION_WINDOW_EXCEEDED,23,true,true,0.918548805352,false,false,false,false,0,Infinity,89500,-3.14159265359|-2.30555356081|0.566117076073
382,VALID_CAMPAIGN,NEAR_SINGULARITY,-2597207497568931908,3,MIXED,1.20360000455,-0.297499963586,0.160000000000,UNGUARDED_REFERENCE,true,false,CONVERGED_UNCERTIFIED,NO_GUARDS_OR_FINAL_CERTIFICATION,13,true,false,2.93646055545e-08,false,true,false,true,0,NaN,10959,-0.240669467254|-19.1655842741|-0.229356439948
383,VALID_CAMPAIGN,MICRO_MOTION,-3476998499715349944,3,MIXED,1.20360005003,-0.297499599444,0.160000000000,GUARDED_PRODUCTION,false,false,NO_CONVERGENCE,STAGNATION_WINDOW_EXCEEDED,7,true,true,0.935198927182,false,false,false,false,0,Infinity,77500,-3.14159265359|-2.26217195649|0.575000000000
383,VALID_CAMPAIGN,MICRO_MOTION,-3476998499715349944,3,MIXED,1.20360005003,-0.297499599444,0.160000000000,UNGUARDED_REFERENCE,true,false,CONVERGED_UNCERTIFIED,NO_GUARDS_OR_FINAL_CERTIFICATION,1,true,false,3.64650749011e-07,false,true,false,true,0,NaN,4459,-0.240669467254|-19.1655842741|-0.229356439948
384,VALID_CAMPAIGN,UNIFORM,-9040268609134325677,3,MIXED,-0.760916314383,1.09153292184,0.160000000000,GUARDED_PRODUCTION,false,false,NO_CONVERGENCE,STAGNATION_WINDOW_EXCEEDED,48,true,true,0.227538665883,false,false,false,false,9,Infinity,196959,-3.14159265359|-0.568287020280|0.574322284919
384,VALID_CAMPAIGN,UNIFORM,-9040268609134325677,3,MIXED,-0.760916314383,1.09153292184,0.160000000000,UNGUARDED_REFERENCE,true,false,CONVERGED_UNCERTIFIED,NO_GUARDS_OR_FINAL_CERTIFICATION,16,true,false,3.95774760618e-10,false,true,false,true,0,NaN,16958,-1.67141342389|-14.0345726024|1.58602934668
385,VALID_CAMPAIGN,NEAR_JOINT_LIMIT,-8063324528465601183,3,MIXED,0.413388563775,0.0750252571913,0.160000000000,GUARDED_PRODUCTION,false,false,NO_CONVERGENCE,STAGNATION_WINDOW_EXCEEDED,50,true,true,0.527678863479,false,false,false,false,0,Infinity,192250,-1.84748074341|-2.37713844122|0.519328563636
385,VALID_CAMPAIGN,NEAR_JOINT_LIMIT,-8063324528465601183,3,MIXED,0.413388563775,0.0750252571913,0.160000000000,UNGUARDED_REFERENCE,true,false,CONVERGED_UNCERTIFIED,NO_GUARDS_OR_FINAL_CERTIFICATION,7,true,false,4.40799844277e-08,false,true,false,true,0,NaN,6958,10.5616422822|-29.2253636300|-0.400778380613
386,VALID_CAMPAIGN,NEAR_SINGULARITY,-6451880038106911364,3,MIXED,1.20360000455,-0.297499963586,0.160000000000,GUARDED_PRODUCTION,false,false,NO_CONVERGENCE,STAGNATION_WINDOW_EXCEEDED,59,true,true,0.919090135087,false,false,false,false,0,Infinity,222375,-3.14159265359|-2.28933117857|0.575000000000
386,VALID_CAMPAIGN,NEAR_SINGULARITY,-6451880038106911364,3,MIXED,1.20360000455,-0.297499963586,0.160000000000,UNGUARDED_REFERENCE,true,false,CONVERGED_UNCERTIFIED,NO_GUARDS_OR_FINAL_CERTIFICATION,7,true,false,3.79715964415e-09,false,true,false,true,0,NaN,6459,11.8615547306|-31.2245056086|-0.426275931693
387,VALID_CAMPAIGN,MICRO_MOTION,7068644439948800646,3,MIXED,1.20360005003,-0.297499599444,0.160000000000,GUARDED_PRODUCTION,false,false,NO_CONVERGENCE,STAGNATION_WINDOW_EXCEEDED,7,true,true,0.944504353573,false,false,false,false,0,Infinity,25584,-3.14159265359|-2.24711695927|0.575000000000
387,VALID_CAMPAIGN,MICRO_MOTION,7068644439948800646,3,MIXED,1.20360005003,-0.297499599444,0.160000000000,UNGUARDED_REFERENCE,true,false,CONVERGED_UNCERTIFIED,NO_GUARDS_OR_FINAL_CERTIFICATION,1,true,false,3.66701514189e-07,false,true,false,true,0,NaN,1375,11.8615547306|-31.2245056086|-0.426275931693
388,VALID_CAMPAIGN,UNIFORM,-8330585984124866670,3,MIXED,-0.214286036951,1.09158316003,0.160000000000,GUARDED_PRODUCTION,false,false,NO_CONVERGENCE,STAGNATION_WINDOW_EXCEEDED,34,true,true,0.233413446700,false,false,false,false,8,Infinity,126875,-3.14159265359|-1.05166922701|0.575000000000
388,VALID_CAMPAIGN,UNIFORM,-8330585984124866670,3,MIXED,-0.214286036951,1.09158316003,0.160000000000,UNGUARDED_REFERENCE,true,false,CONVERGED_UNCERTIFIED,NO_GUARDS_OR_FINAL_CERTIFICATION,8,true,false,1.12538782691e-07,false,true,false,true,0,NaN,6916,7.46519054004|-24.5138859976|-0.247214488912
389,VALID_CAMPAIGN,NEAR_JOINT_LIMIT,3809410774126778604,3,MIXED,0.0292491160840,0.475602181648,0.160000000000,GUARDED_PRODUCTION,true,true,SUCCESS_WITH_WARNING,CRITICAL_SINGULARITY_DAMPED,29,true,true,1.96118090190e-07,false,false,false,false,0,Infinity,117084,-2.39383185155|-2.09973498561|0.559668315035
389,VALID_CAMPAIGN,NEAR_JOINT_LIMIT,3809410774126778604,3,MIXED,0.0292491160840,0.475602181648,0.160000000000,UNGUARDED_REFERENCE,true,false,CONVERGED_UNCERTIFIED,NO_GUARDS_OR_FINAL_CERTIFICATION,9,true,false,5.15209327307e-07,false,true,false,true,0,NaN,8167,6.11116602084|-22.9170573319|-0.153419094956
390,VALID_CAMPAIGN,NEAR_SINGULARITY,-4520269996082800049,3,MIXED,1.20360000455,-0.297499963586,0.160000000000,GUARDED_PRODUCTION,false,false,NO_CONVERGENCE,STAGNATION_WINDOW_EXCEEDED,28,true,true,0.896401686487,false,false,false,false,0,Infinity,108666,-3.14159265359|-2.33059148691|0.575000000000
390,VALID_CAMPAIGN,NEAR_SINGULARITY,-4520269996082800049,3,MIXED,1.20360000455,-0.297499963586,0.160000000000,UNGUARDED_REFERENCE,true,false,CONVERGED_UNCERTIFIED,NO_GUARDS_OR_FINAL_CERTIFICATION,12,true,false,5.08203661834e-08,false,true,false,true,0,NaN,10208,-0.187956908865|-19.2583336778|-0.233276735301
391,VALID_CAMPAIGN,MICRO_MOTION,965143149530180260,3,MIXED,1.20360005003,-0.297499599444,0.160000000000,GUARDED_PRODUCTION,false,false,NO_CONVERGENCE,STAGNATION_WINDOW_EXCEEDED,7,true,true,0.920713693049,false,false,false,false,0,Infinity,25667,-3.14159265359|-2.28652328649|0.575000000000
391,VALID_CAMPAIGN,MICRO_MOTION,965143149530180260,3,MIXED,1.20360005003,-0.297499599444,0.160000000000,UNGUARDED_REFERENCE,true,false,CONVERGED_UNCERTIFIED,NO_GUARDS_OR_FINAL_CERTIFICATION,1,true,false,3.64081537065e-07,false,true,false,true,0,NaN,1416,-0.187956908865|-19.2583336778|-0.233276735301
392,VALID_CAMPAIGN,UNIFORM,-8543669744330721702,3,MIXED,0.105487847941,-0.461719082509,0.160000000000,GUARDED_PRODUCTION,false,false,NO_CONVERGENCE,STAGNATION_WINDOW_EXCEEDED,10,true,true,0.684768804141,false,false,false,false,0,Infinity,38625,-2.94774866491|-2.37713844122|0.541686405434
392,VALID_CAMPAIGN,UNIFORM,-8543669744330721702,3,MIXED,0.105487847941,-0.461719082509,0.160000000000,UNGUARDED_REFERENCE,true,false,CONVERGED_UNCERTIFIED,NO_GUARDS_OR_FINAL_CERTIFICATION,12,true,false,7.03642556207e-08,false,true,false,true,0,NaN,12250,9.16304885544|-34.5364831694|0.433687988823
393,VALID_CAMPAIGN,NEAR_JOINT_LIMIT,-2183817009369449908,3,MIXED,0.0292490563180,0.475602185323,0.160000000000,GUARDED_PRODUCTION,true,true,SUCCESS_WITH_WARNING,CRITICAL_SINGULARITY_DAMPED,19,true,true,1.87079245347e-07,false,false,false,false,0,Infinity,74500,-2.53753305170|-2.07158659944|0.512863023808
393,VALID_CAMPAIGN,NEAR_JOINT_LIMIT,-2183817009369449908,3,MIXED,0.0292490563180,0.475602185323,0.160000000000,UNGUARDED_REFERENCE,false,false,MAX_ITERATIONS_UNCERTIFIED,NO_GUARDS_OR_FINAL_CERTIFICATION,800,true,false,1.02862753939,false,false,false,true,0,NaN,667750,8.88627413074|-35.5413010113|0.0200647348900
394,VALID_CAMPAIGN,NEAR_SINGULARITY,7786026607445295261,3,MIXED,1.20360000455,-0.297499963586,0.160000000000,GUARDED_PRODUCTION,false,false,NO_CONVERGENCE,STAGNATION_WINDOW_EXCEEDED,24,true,true,0.912751765350,false,false,false,false,0,Infinity,117375,-3.14159265359|-2.30394055055|0.572998039131
394,VALID_CAMPAIGN,NEAR_SINGULARITY,7786026607445295261,3,MIXED,1.20360000455,-0.297499963586,0.160000000000,UNGUARDED_REFERENCE,true,false,CONVERGED_UNCERTIFIED,NO_GUARDS_OR_FINAL_CERTIFICATION,16,true,false,6.34570988708e-07,false,true,false,true,0,NaN,15042,12.3772167309|-37.4695487423|0.233105382425
395,VALID_CAMPAIGN,MICRO_MOTION,-1545886565153499939,3,MIXED,1.20360005003,-0.297499599444,0.160000000000,GUARDED_PRODUCTION,false,false,NO_CONVERGENCE,STAGNATION_WINDOW_EXCEEDED,7,true,true,0.936282757766,false,false,false,false,0,Infinity,69416,-3.14159265359|-2.26039642984|0.575000000000
395,VALID_CAMPAIGN,MICRO_MOTION,-1545886565153499939,3,MIXED,1.20360005003,-0.297499599444,0.160000000000,UNGUARDED_REFERENCE,true,false,CONVERGED_UNCERTIFIED,NO_GUARDS_OR_FINAL_CERTIFICATION,1,true,false,6.85349624060e-07,false,true,false,true,0,NaN,1417,12.3772167309|-37.4695487423|0.233105382425
396,ADVERSARIAL_PROBES,NON_FINITE_TARGET,-4358747214646375410,3,MIXED,NaN,-0.297500000000,0.160000000000,GUARDED_PRODUCTION,false,false,INVALID_INPUT,INVALID_TARGET,0,true,true,NaN,false,false,false,false,0,NaN,2209,0.00000000000|0.00000000000|0.297500000000
396,ADVERSARIAL_PROBES,NON_FINITE_TARGET,-4358747214646375410,3,MIXED,NaN,-0.297500000000,0.160000000000,UNGUARDED_REFERENCE,false,false,MAX_ITERATIONS_UNCERTIFIED,NO_GUARDS_OR_FINAL_CERTIFICATION,800,false,false,NaN,true,false,false,true,0,NaN,754958,NaN|NaN|NaN
397,ADVERSARIAL_PROBES,INFINITE_TARGET,-8280677148678223381,3,MIXED,1.20360000000,-0.297500000000,Infinity,GUARDED_PRODUCTION,false,false,INVALID_INPUT,INVALID_TARGET,0,true,true,Infinity,false,false,false,false,0,NaN,1833,0.00000000000|0.00000000000|0.297500000000
397,ADVERSARIAL_PROBES,INFINITE_TARGET,-8280677148678223381,3,MIXED,1.20360000000,-0.297500000000,Infinity,UNGUARDED_REFERENCE,false,false,MAX_ITERATIONS_UNCERTIFIED,NO_GUARDS_OR_FINAL_CERTIFICATION,800,false,false,NaN,true,false,false,true,0,NaN,552500,NaN|NaN|NaN
398,ADVERSARIAL_PROBES,NON_FINITE_INITIAL_STATE,-7587247998058731242,3,MIXED,1.20360000000,-0.297500000000,0.160000000000,GUARDED_PRODUCTION,false,false,INVALID_INPUT,INVALID_INITIAL_STATE,0,true,true,0.00000000000,false,false,false,false,0,NaN,32583,0.00000000000|0.00000000000|0.297500000000
398,ADVERSARIAL_PROBES,NON_FINITE_INITIAL_STATE,-7587247998058731242,3,MIXED,1.20360000000,-0.297500000000,0.160000000000,UNGUARDED_REFERENCE,false,false,MAX_ITERATIONS_UNCERTIFIED,NO_GUARDS_OR_FINAL_CERTIFICATION,800,false,false,NaN,true,false,false,true,0,NaN,544417,NaN|NaN|NaN
399,ADVERSARIAL_PROBES,OVERFLOWING_GEOMETRY,5368430019975773103,3,MIXED,0.00000000000,0.00000000000,0.00000000000,GUARDED_PRODUCTION,false,false,NUMERICAL_FAILURE,OUTPUT_VALIDATION_FAILED,1,true,true,Infinity,false,false,false,false,0,NaN,3917,0.00000000000|0.00000000000|0.297500000000
399,ADVERSARIAL_PROBES,OVERFLOWING_GEOMETRY,5368430019975773103,3,MIXED,0.00000000000,0.00000000000,0.00000000000,UNGUARDED_REFERENCE,false,false,MAX_ITERATIONS_UNCERTIFIED,NO_GUARDS_OR_FINAL_CERTIFICATION,800,false,false,NaN,true,false,false,true,0,NaN,1119000,NaN|NaN|NaN
400,VALID_CAMPAIGN,UNIFORM,4020174437705087673,5,AUTO,1.16245350756,-0.184875739537,-0.0950981705289,GUARDED_PRODUCTION,true,true,SUCCESS,NONE,37,true,true,5.47684823034e-07,false,false,false,false,0,21.6707746410,330709,1.00245244298|-1.20812478409|-0.733214829301|0.280603297736|0.249749624555
400,VALID_CAMPAIGN,UNIFORM,4020174437705087673,5,AUTO,1.16245350756,-0.184875739537,-0.0950981705289,UNGUARDED_REFERENCE,true,true,CONVERGED_UNCERTIFIED,NO_GUARDS_OR_FINAL_CERTIFICATION,7,true,true,2.88932767853e-07,false,false,false,false,0,NaN,12333,0.784691686966|-1.14480040950|-0.439311690532|0.0895731858272|0.0275647460686
401,VALID_CAMPAIGN,NEAR_JOINT_LIMIT,6232710920556557889,5,AUTO,-0.546997570685,-0.235364970948,0.438763718590,GUARDED_PRODUCTION,false,false,NO_CONVERGENCE,STAGNATION_WINDOW_EXCEEDED,36,true,true,1.29833762556,false,false,false,false,0,5.90861819943,278375,2.14265694794|-2.37713844122|-0.445018072773|0.272083763451|0.226339800727
401,VALID_CAMPAIGN,NEAR_JOINT_LIMIT,6232710920556557889,5,AUTO,-0.546997570685,-0.235364970948,0.438763718590,UNGUARDED_REFERENCE,true,false,CONVERGED_UNCERTIFIED,NO_GUARDS_OR_FINAL_CERTIFICATION,9,true,false,3.22424963420e-07,false,true,false,true,0,NaN,14667,18.4806513912|-27.6969316349|0.435457566174|0.0464263587978|0.00112180454598
402,VALID_CAMPAIGN,NEAR_SINGULARITY,-8668587789026910395,5,AUTO,1.46555998986,-0.377499950837,0.457500040767,GUARDED_PRODUCTION,true,true,SUCCESS,NONE,66,true,true,4.08996365237e-08,false,false,false,false,0,7.50466265060,557417,-0.0161229828440|0.0212845365350|0.00631980603342|0.295566407820|0.293344708051
402,VALID_CAMPAIGN,NEAR_SINGULARITY,-8668587789026910395,5,AUTO,1.46555998986,-0.377499950837,0.457500040767,UNGUARDED_REFERENCE,true,false,CONVERGED_UNCERTIFIED,NO_GUARDS_OR_FINAL_CERTIFICATION,25,true,false,1.70564322047e-07,false,true,false,true,0,NaN,45833,31.1961106642|-37.2678458421|0.474391354712|0.410226591218|-0.00367987714909
403,VALID_CAMPAIGN,MICRO_MOTION,-1914864205212319765,5,AUTO,1.46555988846,-0.377499459207,0.457500448438,GUARDED_PRODUCTION,true,true,SUCCESS,NONE,1,true,true,6.38019457581e-07,false,false,false,false,0,NaN,10208,-0.0161229828440|0.0212845365350|0.00631980603342|0.295566407820|0.293344708051
403,VALID_CAMPAIGN,MICRO_MOTION,-1914864205212319765,5,AUTO,1.46555988846,-0.377499459207,0.457500448438,UNGUARDED_REFERENCE,true,false,CONVERGED_UNCERTIFIED,NO_GUARDS_OR_FINAL_CERTIFICATION,1,true,false,6.59775524472e-07,false,true,false,true,0,NaN,1833,31.1961106642|-37.2678458421|0.474391354712|0.410226591218|-0.00367987714909
404,VALID_CAMPAIGN,UNIFORM,5534844229675408278,5,AUTO,1.05149907235,-1.07850487728,-0.114309977905,GUARDED_PRODUCTION,true,true,SUCCESS,NONE,30,true,true,3.82641206514e-10,false,false,false,false,0,22.7251966773,236000,-0.489727396697|-0.0798994944028|-0.797026961379|0.296719594704|0.281410704438
404,VALID_CAMPAIGN,UNIFORM,5534844229675408278,5,AUTO,1.05149907235,-1.07850487728,-0.114309977905,UNGUARDED_REFERENCE,true,false,CONVERGED_UNCERTIFIED,NO_GUARDS_OR_FINAL_CERTIFICATION,6,true,false,6.86290327604e-08,false,true,false,true,0,NaN,10083,30.9932226334|-38.7394124863|-0.420487322072|-0.624632610046|-0.00605901444032
405,VALID_CAMPAIGN,NEAR_JOINT_LIMIT,-4789353356346895871,5,AUTO,-0.353536655213,-0.0498426792739,-0.649969271475,GUARDED_PRODUCTION,true,true,SUCCESS,NONE,91,true,true,8.14329145986e-10,false,false,false,false,0,18.6842685725,709583,-1.39400702736|-1.72900541069|-2.11835965004|0.317203751089|0.475974094829
405,VALID_CAMPAIGN,NEAR_JOINT_LIMIT,-4789353356346895871,5,AUTO,-0.353536655213,-0.0498426792739,-0.649969271475,UNGUARDED_REFERENCE,true,false,CONVERGED_UNCERTIFIED,NO_GUARDS_OR_FINAL_CERTIFICATION,13,true,false,3.81213709277e-09,false,true,false,true,0,NaN,21125,53.7509202810|-81.3459289292|-13.8742311801|-0.0435080172011|-0.670057965318
406,VALID_CAMPAIGN,NEAR_SINGULARITY,-5284234387577437677,5,AUTO,1.46555998986,-0.377499950837,0.457500040767,GUARDED_PRODUCTION,false,false,NO_CONVERGENCE,STAGNATION_WINDOW_EXCEEDED,651,true,true,1.16158054520,false,false,false,false,0,14.2330694107,4710000,-1.02883077054|-2.37713844122|-2.67428074637|0.411214006423|0.0200000000000
406,VALID_CAMPAIGN,NEAR_SINGULARITY,-5284234387577437677,5,AUTO,1.46555998986,-0.377499950837,0.457500040767,UNGUARDED_REFERENCE,true,false,CONVERGED_UNCERTIFIED,NO_GUARDS_OR_FINAL_CERTIFICATION,19,true,false,4.61359189822e-08,false,true,false,true,0,NaN,36792,31.2442599775|-79.9908654494|-15.9245498062|0.960329990680|-0.159735085704
407,VALID_CAMPAIGN,MICRO_MOTION,3601901789677600586,5,AUTO,1.46555988846,-0.377499459207,0.457500448438,GUARDED_PRODUCTION,false,false,NO_CONVERGENCE,STAGNATION_WINDOW_EXCEEDED,500,true,true,1.13914420584,false,false,false,false,0,2.94283073650,3427083,-1.17496141099|-2.37713844122|-2.67428074637|0.575000000000|0.0200000000000
407,VALID_CAMPAIGN,MICRO_MOTION,3601901789677600586,5,AUTO,1.46555988846,-0.377499459207,0.457500448438,UNGUARDED_REFERENCE,true,false,CONVERGED_UNCERTIFIED,NO_GUARDS_OR_FINAL_CERTIFICATION,1,true,false,6.35009566662e-07,false,true,false,true,0,NaN,4084,31.2442599775|-79.9908654494|-15.9245498062|0.960329990680|-0.159735085704
408,VALID_CAMPAIGN,UNIFORM,-655054397664498027,5,AUTO,0.565249981310,-0.572280482877,0.684697491246,GUARDED_PRODUCTION,false,false,NO_CONVERGENCE,STAGNATION_WINDOW_EXCEEDED,71,true,true,0.935750230322,false,false,false,false,0,3.25496800642,504334,-2.25533140364|-1.91474502429|-2.67428074637|0.544042649323|0.0200000000000
408,VALID_CAMPAIGN,UNIFORM,-655054397664498027,5,AUTO,0.565249981310,-0.572280482877,0.684697491246,UNGUARDED_REFERENCE,true,false,CONVERGED_UNCERTIFIED,NO_GUARDS_OR_FINAL_CERTIFICATION,8,true,false,1.03750907469e-08,false,true,false,true,0,NaN,14250,30.8361102830|-80.4301471051|-16.4339290280|0.296241819578|-0.117116822601
409,VALID_CAMPAIGN,NEAR_JOINT_LIMIT,2315467560257273860,5,AUTO,-1.05655987961,-0.322036102539,-0.154475026173,GUARDED_PRODUCTION,false,false,MAX_ITERATIONS_REACHED,MAX_ITERATIONS_LIMIT_REACHED,800,true,true,0.636179896037,false,false,false,false,0,3.10291159142,5426875,-3.14159265359|-2.37713844122|-2.67428074637|0.174220763887|0.0402526775889
409,VALID_CAMPAIGN,NEAR_JOINT_LIMIT,2315467560257273860,5,AUTO,-1.05655987961,-0.322036102539,-0.154475026173,UNGUARDED_REFERENCE,true,false,CONVERGED_UNCERTIFIED,NO_GUARDS_OR_FINAL_CERTIFICATION,7,true,false,8.59372945753e-07,false,true,false,true,0,NaN,18500,35.2930676264|-90.5546577771|-15.0734872520|-0.770451616598|-0.0941404163414
410,VALID_CAMPAIGN,NEAR_SINGULARITY,5382321077950998685,5,AUTO,1.46555998986,-0.377499950837,0.457500040767,GUARDED_PRODUCTION,false,false,NO_CONVERGENCE,STAGNATION_WINDOW_EXCEEDED,66,true,true,1.15107026881,false,false,false,false,0,3.40097764703,503250,-0.920132205929|-2.37713844122|-2.67428074637|0.209432893152|0.0200000000000
410,VALID_CAMPAIGN,NEAR_SINGULARITY,5382321077950998685,5,AUTO,1.46555998986,-0.377499950837,0.457500040767,UNGUARDED_REFERENCE,true,false,CONVERGED_UNCERTIFIED,NO_GUARDS_OR_FINAL_CERTIFICATION,14,true,false,2.76295970784e-09,false,true,false,true,0,NaN,25625,37.5701044509|-111.310144271|-15.4306482393|0.911383408950|-0.496742511283
411,VALID_CAMPAIGN,MICRO_MOTION,-1665395569748630528,5,AUTO,1.46555988846,-0.377499459207,0.457500448438,GUARDED_PRODUCTION,false,false,NO_CONVERGENCE,STAGNATION_WINDOW_EXCEEDED,7,true,true,1.15313756074,false,false,false,false,0,3.17020533225,85542,-0.883618753123|-2.37713844122|-2.67428074637|0.209588775072|0.0200000000000
411,VALID_CAMPAIGN,MICRO_MOTION,-1665395569748630528,5,AUTO,1.46555988846,-0.377499459207,0.457500448438,UNGUARDED_REFERENCE,true,false,CONVERGED_UNCERTIFIED,NO_GUARDS_OR_FINAL_CERTIFICATION,1,true,false,6.45938025683e-07,false,true,false,true,0,NaN,2000,37.5701044509|-111.310144271|-15.4306482393|0.911383408950|-0.496742511283
412,VALID_CAMPAIGN,UNIFORM,-9178679637942557028,5,AUTO,0.813867561787,0.0427593227213,0.841790660344,GUARDED_PRODUCTION,false,false,NO_CONVERGENCE,STAGNATION_WINDOW_EXCEEDED,7,true,true,1.04611405856,false,false,false,false,0,3.16961593558,65459,-0.871148735001|-2.28864569382|-2.67428074637|0.209995947705|0.0200000000000
412,VALID_CAMPAIGN,UNIFORM,-9178679637942557028,5,AUTO,0.813867561787,0.0427593227213,0.841790660344,UNGUARDED_REFERENCE,true,false,CONVERGED_UNCERTIFIED,NO_GUARDS_OR_FINAL_CERTIFICATION,7,true,false,1.56379946918e-09,false,true,false,true,0,NaN,12209,38.1796110578|-112.492770257|-16.3546358766|0.366236809772|-0.357173949234
413,VALID_CAMPAIGN,NEAR_JOINT_LIMIT,4006555300743727346,5,AUTO,-0.672420422047,0.0785409064162,-0.154475026173,GUARDED_PRODUCTION,true,true,SUCCESS,NONE,81,true,true,1.66010654214e-07,false,false,false,false,0,3.01865703086,714833,-2.39797857929|0.429997035321|-2.67428042827|0.384516500165|0.0200000000000
413,VALID_CAMPAIGN,NEAR_JOINT_LIMIT,4006555300743727346,5,AUTO,-0.672420422047,0.0785409064162,-0.154475026173,UNGUARDED_REFERENCE,true,false,CONVERGED_UNCERTIFIED,NO_GUARDS_OR_FINAL_CERTIFICATION,9,true,false,1.38955217383e-09,false,true,false,true,0,NaN,17958,42.8099441013|-115.360535604|-12.8817190603|0.143664407833|-0.115980527943
414,VALID_CAMPAIGN,NEAR_SINGULARITY,8822379852194876774,5,AUTO,1.46555998986,-0.377499950837,0.457500040767,GUARDED_PRODUCTION,false,false,NO_CONVERGENCE,STAGNATION_WINDOW_EXCEEDED,92,true,true,1.15151726312,false,false,false,false,0,3.30742127689,650208,-0.981327225514|-2.37713844122|-2.67428074637|0.247501458145|0.0200000000000
414,VALID_CAMPAIGN,NEAR_SINGULARITY,8822379852194876774,5,AUTO,1.46555998986,-0.377499950837,0.457500040767,UNGUARDED_REFERENCE,true,false,CONVERGED_UNCERTIFIED,NO_GUARDS_OR_FINAL_CERTIFICATION,9,true,false,5.48846045562e-08,false,true,false,true,0,NaN,17958,49.6105849336|-118.268122658|-12.0212722431|0.506033975204|-0.0513434520435
415,VALID_CAMPAIGN,MICRO_MOTION,605221210394566612,5,AUTO,1.46555988846,-0.377499459207,0.457500448438,GUARDED_PRODUCTION,false,false,NO_CONVERGENCE,STAGNATION_WINDOW_EXCEEDED,7,true,true,1.15449327286,false,false,false,false,0,3.04995424576,53750,-0.937419861638|-2.37713844122|-2.67428074637|0.248483149540|0.0200000000000
415,VALID_CAMPAIGN,MICRO_MOTION,605221210394566612,5,AUTO,1.46555988846,-0.377499459207,0.457500448438,UNGUARDED_REFERENCE,true,false,CONVERGED_UNCERTIFIED,NO_GUARDS_OR_FINAL_CERTIFICATION,1,true,false,6.39863330823e-07,false,true,false,true,0,NaN,1791,49.6105849336|-118.268122658|-12.0212722431|0.506033975204|-0.0513434520435
416,VALID_CAMPAIGN,UNIFORM,-6117748854690712825,5,AUTO,0.310253030775,-0.894862949315,-0.188268808709,GUARDED_PRODUCTION,false,false,NO_CONVERGENCE,STAGNATION_WINDOW_EXCEEDED,189,true,true,0.454210908218,false,false,false,false,0,3.04744124686,1456625,-1.77185975535|-2.37713844122|-2.67428074637|0.244153689626|0.0379693402228
416,VALID_CAMPAIGN,UNIFORM,-6117748854690712825,5,AUTO,0.310253030775,-0.894862949315,-0.188268808709,UNGUARDED_REFERENCE,true,false,CONVERGED_UNCERTIFIED,NO_GUARDS_OR_FINAL_CERTIFICATION,12,true,false,1.79840387407e-09,false,true,false,true,0,NaN,20417,31.5186061148|-90.0313034516|-13.1126831968|-0.317156088349|-0.00723608565900
417,VALID_CAMPAIGN,NEAR_JOINT_LIMIT,3856837875182917318,5,AUTO,-1.25002080597,-0.136513609356,-0.0567305267123,GUARDED_PRODUCTION,false,false,NO_CONVERGENCE,STAGNATION_WINDOW_EXCEEDED,309,true,true,0.727813776714,false,false,false,false,0,3.09032154469,2052833,-3.14159265359|-2.37713844122|-2.67428074637|0.0200000000000|0.0200000000000
417,VALID_CAMPAIGN,NEAR_JOINT_LIMIT,3856837875182917318,5,AUTO,-1.25002080597,-0.136513609356,-0.0567305267123,UNGUARDED_REFERENCE,true,false,CONVERGED_UNCERTIFIED,NO_GUARDS_OR_FINAL_CERTIFICATION,7,true,false,1.01570455099e-09,false,true,false,true,0,NaN,12625,33.8706331409|-93.2990651303|-12.8977772620|-0.250778756859|-0.00263501082183
418,VALID_CAMPAIGN,NEAR_SINGULARITY,-6888309840324226328,5,AUTO,1.46555998986,-0.377499950837,0.457500040767,GUARDED_PRODUCTION,false,false,NO_CONVERGENCE,STAGNATION_WINDOW_EXCEEDED,97,true,true,1.11747223068,false,false,false,false,0,5.47628851330,638667,-0.624459262311|-2.37713844122|-2.67428074637|0.0200000000000|0.0200000000000
418,VALID_CAMPAIGN,NEAR_SINGULARITY,-6888309840324226328,5,AUTO,1.46555998986,-0.377499950837,0.457500040767,UNGUARDED_REFERENCE,true,false,CONVERGED_UNCERTIFIED,NO_GUARDS_OR_FINAL_CERTIFICATION,14,true,false,2.69897313844e-07,false,true,false,true,0,NaN,23750,38.6294295492|-90.2698847316|-12.2277595244|-1.11306028914|0.0835238984583
419,VALID_CAMPAIGN,MICRO_MOTION,9208552093026234675,5,AUTO,1.46555988846,-0.377499459207,0.457500448438,GUARDED_PRODUCTION,false,false,NO_CONVERGENCE,STAGNATION_WINDOW_EXCEEDED,7,true,true,1.11771652488,false,false,false,false,0,5.47628573583,41375,-0.613530899890|-2.37713844122|-2.67428074637|0.0200000000000|0.0200000000000
419,VALID_CAMPAIGN,MICRO_MOTION,9208552093026234675,5,AUTO,1.46555988846,-0.377499459207,0.457500448438,UNGUARDED_REFERENCE,true,false,CONVERGED_UNCERTIFIED,NO_GUARDS_OR_FINAL_CERTIFICATION,1,true,false,7.94035962092e-07,false,true,false,true,0,NaN,1584,38.6294295492|-90.2698847316|-12.2277595244|-1.11306028914|0.0835238984583
420,VALID_CAMPAIGN,UNIFORM,-4691323289825930294,5,AUTO,0.805459048452,-0.926845575611,0.477230765168,GUARDED_PRODUCTION,false,false,NO_CONVERGENCE,STAGNATION_WINDOW_EXCEEDED,228,true,true,0.906046879377,false,false,false,false,0,5.47628574314,1359084,-1.23027428233|-2.37713844122|-2.67428074637|0.0200000000000|0.0200000000000
420,VALID_CAMPAIGN,UNIFORM,-4691323289825930294,5,AUTO,0.805459048452,-0.926845575611,0.477230765168,UNGUARDED_REFERENCE,true,false,CONVERGED_UNCERTIFIED,NO_GUARDS_OR_FINAL_CERTIFICATION,6,true,false,2.66014478451e-09,false,true,false,true,0,NaN,10833,38.6368646634|-90.9025030009|-12.1959716708|-1.10796050207|0.0846226691771
421,VALID_CAMPAIGN,NEAR_JOINT_LIMIT,7900611904031849928,5,AUTO,-0.353536655213,-0.0498426792739,-0.649969271475,GUARDED_PRODUCTION,true,true,SUCCESS,NONE,113,true,true,1.17621249276e-09,false,false,false,false,0,5.47628573891,967583,-1.95262598695|-1.89414599164|-2.17109984137|0.0758176413954|0.472033073246
421,VALID_CAMPAIGN,NEAR_JOINT_LIMIT,7900611904031849928,5,AUTO,-0.353536655213,-0.0498426792739,-0.649969271475,UNGUARDED_REFERENCE,true,false,CONVERGED_UNCERTIFIED,NO_GUARDS_OR_FINAL_CERTIFICATION,23,true,false,4.60422705658e-07,false,true,false,true,0,NaN,41375,49.7466827139|-83.5444099673|-7.15723163236|0.554503655798|-0.475263588963
422,VALID_CAMPAIGN,NEAR_SINGULARITY,-850067755163335988,5,AUTO,1.46555998986,-0.377499950837,0.457500040767,GUARDED_PRODUCTION,false,false,NO_CONVERGENCE,STAGNATION_WINDOW_EXCEEDED,773,true,true,1.11822914566,false,false,false,false,0,14.6877526348,5393042,-0.597876595112|-2.37713844122|-2.67428074637|0.0200000000000|0.0200000000000
422,VALID_CAMPAIGN,NEAR_SINGULARITY,-850067755163335988,5,AUTO,1.46555998986,-0.377499950837,0.457500040767,UNGUARDED_REFERENCE,true,false,CONVERGED_UNCERTIFIED,NO_GUARDS_OR_FINAL_CERTIFICATION,7,true,false,8.89458826106e-10,false,true,false,true,0,NaN,13500,57.0138285659|-85.9651201710|-10.7556079932|0.138127695478|1.43927787916
423,VALID_CAMPAIGN,MICRO_MOTION,8304884174962043877,5,AUTO,1.46555988846,-0.377499459207,0.457500448438,GUARDED_PRODUCTION,false,false,NO_CONVERGENCE,STAGNATION_WINDOW_EXCEEDED,7,true,true,1.11829462403,false,false,false,false,0,5.47628574160,49667,-0.596220044867|-2.37713844122|-2.67428074637|0.0200000000000|0.0200000000000
423,VALID_CAMPAIGN,MICRO_MOTION,8304884174962043877,5,AUTO,1.46555988846,-0.377499459207,0.457500448438,UNGUARDED_REFERENCE,true,false,CONVERGED_UNCERTIFIED,NO_GUARDS_OR_FINAL_CERTIFICATION,1,true,false,6.46436177476e-07,false,true,false,true,0,NaN,1792,57.0138285659|-85.9651201710|-10.7556079932|0.138127695478|1.43927787916
424,VALID_CAMPAIGN,UNIFORM,-3204704027045619882,5,AUTO,0.583589135114,0.144602383261,-0.462554778148,GUARDED_PRODUCTION,false,false,NO_CONVERGENCE,STAGNATION_WINDOW_EXCEEDED,32,true,true,0.201645597120,false,false,false,false,0,5.47628574125,219959,-0.00358746253467|-2.37713844122|-2.31968686664|0.0200000000000|0.0326670461130
424,VALID_CAMPAIGN,UNIFORM,-3204704027045619882,5,AUTO,0.583589135114,0.144602383261,-0.462554778148,UNGUARDED_REFERENCE,true,false,CONVERGED_UNCERTIFIED,NO_GUARDS_OR_FINAL_CERTIFICATION,5,true,false,8.69999402131e-07,false,true,false,true,0,NaN,8292,58.6726730440|-87.4128631376|-10.0064343758|0.0775362935365|1.17803011674
425,VALID_CAMPAIGN,NEAR_JOINT_LIMIT,4274962056355481538,5,AUTO,-0.149852343976,-0.623469802121,-0.154475026173,GUARDED_PRODUCTION,false,false,NO_CONVERGENCE,STAGNATION_WINDOW_EXCEEDED,71,true,true,0.0866877855591,false,false,false,false,0,9.08941982224,515417,-2.10595941912|-2.37713844122|-2.67428074637|0.0200000000000|0.0249013614001
425,VALID_CAMPAIGN,NEAR_JOINT_LIMIT,4274962056355481538,5,AUTO,-0.149852343976,-0.623469802121,-0.154475026173,UNGUARDED_REFERENCE,true,false,CONVERGED_UNCERTIFIED,NO_GUARDS_OR_FINAL_CERTIFICATION,7,true,false,1.10085845236e-08,false,true,false,true,0,NaN,12542,59.2902335461|-88.9486924940|-10.1747689979|0.0284919789189|1.04317912942
426,VALID_CAMPAIGN,NEAR_SINGULARITY,-8853994724508621616,5,AUTO,1.46555998986,-0.377499950837,0.457500040767,GUARDED_PRODUCTION,false,false,NO_CONVERGENCE,STAGNATION_WINDOW_EXCEEDED,61,true,true,1.11741487719,false,false,false,false,0,5.50184899489,386750,-0.627887274029|-2.37713844122|-2.67428074637|0.0200000000000|0.0200000000000
426,VALID_CAMPAIGN,NEAR_SINGULARITY,-8853994724508621616,5,AUTO,1.46555998986,-0.377499950837,0.457500040767,UNGUARDED_REFERENCE,true,false,CONVERGED_UNCERTIFIED,NO_GUARDS_OR_FINAL_CERTIFICATION,22,true,false,4.76849170939e-09,false,true,false,true,0,NaN,35708,81.4233655496|-123.841587989|-10.1564572930|0.956036816166|0.191406881167
427,VALID_CAMPAIGN,MICRO_MOTION,-2192657779757530360,5,AUTO,1.46555988846,-0.377499459207,0.457500448438,GUARDED_PRODUCTION,false,false,NO_CONVERGENCE,STAGNATION_WINDOW_EXCEEDED,7,true,true,1.11765894035,false,false,false,false,0,5.47628573945,40917,-0.615766931517|-2.37713844122|-2.67428074637|0.0200000000000|0.0200000000000
427,VALID_CAMPAIGN,MICRO_MOTION,-2192657779757530360,5,AUTO,1.46555988846,-0.377499459207,0.457500448438,UNGUARDED_REFERENCE,true,false,CONVERGED_UNCERTIFIED,NO_GUARDS_OR_FINAL_CERTIFICATION,1,true,false,6.45427029648e-07,false,true,false,true,0,NaN,1708,81.4233655496|-123.841587989|-10.1564572930|0.956036816166|0.191406881167
428,VALID_CAMPAIGN,UNIFORM,4099162606014126350,5,AUTO,-0.0217554173040,-0.631832589762,0.790441783673,GUARDED_PRODUCTION,false,false,NO_CONVERGENCE,STAGNATION_WINDOW_EXCEEDED,48,true,true,0.971544367837,false,false,false,false,0,5.47628574024,322042,-2.29309539608|-1.63825807884|-2.67428074637|0.0335605035270|0.0200000000000
428,VALID_CAMPAIGN,UNIFORM,4099162606014126350,5,AUTO,-0.0217554173040,-0.631832589762,0.790441783673,UNGUARDED_REFERENCE,true,false,CONVERGED_UNCERTIFIED,NO_GUARDS_OR_FINAL_CERTIFICATION,7,true,false,4.68797999091e-07,false,true,false,true,0,NaN,12333,80.5936781287|-121.735287789|-10.8143382496|-0.374043215728|0.0955039019982
429,VALID_CAMPAIGN,NEAR_JOINT_LIMIT,8317699483842101420,5,AUTO,-0.149852343976,-0.623469802121,-0.154475026173,GUARDED_PRODUCTION,false,false,NO_CONVERGENCE,STAGNATION_WINDOW_EXCEEDED,24,true,true,0.0722122638125,false,false,false,false,6,3.32302063899,164666,-2.14462128518|-2.37713844122|-2.67428074637|0.0200000000000|0.0217526005072
429,VALID_CAMPAIGN,NEAR_JOINT_LIMIT,8317699483842101420,5,AUTO,-0.149852343976,-0.623469802121,-0.154475026173,UNGUARDED_REFERENCE,true,false,CONVERGED_UNCERTIFIED,NO_GUARDS_OR_FINAL_CERTIFICATION,9,true,false,3.24369844336e-09,false,true,false,true,0,NaN,19416,75.6860092559|-122.011970112|-6.82241264398|-0.190217512215|0.0275213331514
430,VALID_CAMPAIGN,NEAR_SINGULARITY,8824860720019202218,5,AUTO,1.46555998986,-0.377499950837,0.457500040767,GUARDED_PRODUCTION,false,false,NO_CONVERGENCE,STAGNATION_WINDOW_EXCEEDED,62,true,true,1.11741971527,false,false,false,false,0,5.48532022718,392792,-0.627575350231|-2.37713844122|-2.67428074637|0.0200000000000|0.0200000000000
430,VALID_CAMPAIGN,NEAR_SINGULARITY,8824860720019202218,5,AUTO,1.46555998986,-0.377499950837,0.457500040767,UNGUARDED_REFERENCE,true,false,CONVERGED_UNCERTIFIED,NO_GUARDS_OR_FINAL_CERTIFICATION,16,true,false,3.84493553879e-09,false,true,false,true,0,NaN,24917,81.2293068078|-125.602704853|-6.38567296117|-0.316878097488|0.366788573502
431,VALID_CAMPAIGN,MICRO_MOTION,5728830473973290984,5,AUTO,1.46555988846,-0.377499459207,0.457500448438,GUARDED_PRODUCTION,false,false,NO_CONVERGENCE,STAGNATION_WINDOW_EXCEEDED,7,true,true,1.11766401917,false,false,false,false,0,5.47628573859,41541,-0.615563434976|-2.37713844122|-2.67428074637|0.0200000000000|0.0200000000000
431,VALID_CAMPAIGN,MICRO_MOTION,5728830473973290984,5,AUTO,1.46555988846,-0.377499459207,0.457500448438,UNGUARDED_REFERENCE,true,false,CONVERGED_UNCERTIFIED,NO_GUARDS_OR_FINAL_CERTIFICATION,1,true,false,6.46434337146e-07,false,true,false,true,0,NaN,1542,81.2293068078|-125.602704853|-6.38567296117|-0.316878097488|0.366788573502
432,VALID_CAMPAIGN,UNIFORM,4888139384515366633,5,AUTO,-0.454206858562,-1.54193232552,0.285036978058,GUARDED_PRODUCTION,false,false,NO_CONVERGENCE,STAGNATION_WINDOW_EXCEEDED,270,true,true,1.12277940533,false,false,false,false,0,5.47628574071,1570000,-2.15404246870|-2.37713844122|-2.67428074637|0.0200000000000|0.0200000000000
432,VALID_CAMPAIGN,UNIFORM,4888139384515366633,5,AUTO,-0.454206858562,-1.54193232552,0.285036978058,UNGUARDED_REFERENCE,true,false,CONVERGED_UNCERTIFIED,NO_GUARDS_OR_FINAL_CERTIFICATION,21,true,false,1.07177644393e-08,false,true,false,true,0,NaN,39250,92.2986388131|-131.493633386|-5.61198637611|0.293017071235|-0.363263972884
433,VALID_CAMPAIGN,NEAR_JOINT_LIMIT,-7745758378896187361,5,AUTO,-0.672420431917,0.0785408219174,-0.154475026173,GUARDED_PRODUCTION,false,false,NO_CONVERGENCE,STAGNATION_WINDOW_EXCEEDED,61,true,true,0.331479227781,false,false,false,false,0,5.47628574277,306708,-3.14159265359|-2.37713844122|-2.67211577590|0.0200000000000|0.0200000000000
433,VALID_CAMPAIGN,NEAR_JOINT_LIMIT,-7745758378896187361,5,AUTO,-0.672420431917,0.0785408219174,-0.154475026173,UNGUARDED_REFERENCE,true,false,CONVERGED_UNCERTIFIED,NO_GUARDS_OR_FINAL_CERTIFICATION,11,true,false,6.98647647411e-08,false,true,false,true,0,NaN,21458,54.4795069553|-106.758716275|-8.76622976795|0.536480161439|-0.111862559240
434,VALID_CAMPAIGN,NEAR_SINGULARITY,-3455172274296189747,5,AUTO,1.46555998986,-0.377499950837,0.457500040767,GUARDED_PRODUCTION,false,false,NO_CONVERGENCE,STAGNATION_WINDOW_EXCEEDED,97,true,true,1.11747278395,false,false,false,false,0,5.48390180667,452375,-0.624428670043|-2.37713844122|-2.67428074637|0.0200000000000|0.0200000000000
434,VALID_CAMPAIGN,NEAR_SINGULARITY,-3455172274296189747,5,AUTO,1.46555998986,-0.377499950837,0.457500040767,UNGUARDED_REFERENCE,true,false,CONVERGED_UNCERTIFIED,NO_GUARDS_OR_FINAL_CERTIFICATION,13,true,false,1.04354046288e-08,false,true,false,true,0,NaN,22709,68.7996133211|-127.358172778|-9.89908240848|-1.12438168329|0.00362241275230
435,VALID_CAMPAIGN,MICRO_MOTION,283974655554844325,5,AUTO,1.46555988846,-0.377499459207,0.457500448438,GUARDED_PRODUCTION,false,false,NO_CONVERGENCE,STAGNATION_WINDOW_EXCEEDED,7,true,true,1.11771705629,false,false,false,false,0,5.47628574182,30917,-0.613510948806|-2.37713844122|-2.67428074637|0.0200000000000|0.0200000000000
435,VALID_CAMPAIGN,MICRO_MOTION,283974655554844325,5,AUTO,1.46555988846,-0.377499459207,0.457500448438,UNGUARDED_REFERENCE,true,false,CONVERGED_UNCERTIFIED,NO_GUARDS_OR_FINAL_CERTIFICATION,1,true,false,6.43903261349e-07,false,true,false,true,0,NaN,1792,68.7996133211|-127.358172778|-9.89908240848|-1.12438168329|0.00362241275230
436,VALID_CAMPAIGN,UNIFORM,2943915010653478084,5,AUTO,0.419149184663,-0.848394751704,-0.584468878530,GUARDED_PRODUCTION,false,false,NO_CONVERGENCE,STAGNATION_WINDOW_EXCEEDED,295,true,true,0.523160349829,false,false,false,false,0,5.47628574457,1308292,-1.30474113392|-2.37713844122|-2.67428074637|0.0200000000000|0.346204660374
436,VALID_CAMPAIGN,UNIFORM,2943915010653478084,5,AUTO,0.419149184663,-0.848394751704,-0.584468878530,UNGUARDED_REFERENCE,true,false,CONVERGED_UNCERTIFIED,NO_GUARDS_OR_FINAL_CERTIFICATION,7,true,false,4.71347192960e-07,false,true,false,true,0,NaN,11667,69.7140840138|-126.441235740|-8.51591266489|0.993408892107|0.366207923436
437,VALID_CAMPAIGN,NEAR_JOINT_LIMIT,175266942922875150,5,AUTO,-0.353536655213,-0.0498426792739,-0.649969271475,GUARDED_PRODUCTION,true,true,SUCCESS,NONE,41,true,true,2.40009981480e-09,false,false,false,false,0,9.13672215217,192917,-1.83029932737|-2.06427753947|-2.10701447309|0.0346996469621|0.477488338580
437,VALID_CAMPAIGN,NEAR_JOINT_LIMIT,175266942922875150,5,AUTO,-0.353536655213,-0.0498426792739,-0.649969271475,UNGUARDED_REFERENCE,true,false,CONVERGED_UNCERTIFIED,NO_GUARDS_OR_FINAL_CERTIFICATION,9,true,false,6.00719125682e-10,false,true,false,true,0,NaN,14416,70.1292749428|-127.606110835|-9.02273840151|0.648480499348|0.600179700063
438,VALID_CAMPAIGN,NEAR_SINGULARITY,5228087214759054505,5,AUTO,1.46555998986,-0.377499950837,0.457500040767,GUARDED_PRODUCTION,false,false,NO_CONVERGENCE,STAGNATION_WINDOW_EXCEEDED,777,true,true,1.11822929856,false,false,false,false,0,13.5196616830,3531791,-0.597872661028|-2.37713844122|-2.67428074637|0.0200000000000|0.0200000000000
438,VALID_CAMPAIGN,NEAR_SINGULARITY,5228087214759054505,5,AUTO,1.46555998986,-0.377499950837,0.457500040767,UNGUARDED_REFERENCE,true,false,CONVERGED_UNCERTIFIED,NO_GUARDS_OR_FINAL_CERTIFICATION,14,true,false,8.65303352879e-08,false,true,false,true,0,NaN,29167,62.6212558776|-121.223711224|-9.89944883516|-1.12364211469|0.00386439662270
439,VALID_CAMPAIGN,MICRO_MOTION,-3912245542248468634,5,AUTO,1.46555988846,-0.377499459207,0.457500448438,GUARDED_PRODUCTION,false,false,NO_CONVERGENCE,STAGNATION_WINDOW_EXCEEDED,7,true,true,1.11829472676,false,false,false,false,0,5.47628574209,33625,-0.596217486760|-2.37713844122|-2.67428074637|0.0200000000000|0.0200000000000
439,VALID_CAMPAIGN,MICRO_MOTION,-3912245542248468634,5,AUTO,1.46555988846,-0.377499459207,0.457500448438,UNGUARDED_REFERENCE,true,false,CONVERGED_UNCERTIFIED,NO_GUARDS_OR_FINAL_CERTIFICATION,1,true,false,6.30191951739e-07,false,true,false,true,0,NaN,1917,62.6212558776|-121.223711224|-9.89944883516|-1.12364211469|0.00386439662270
440,VALID_CAMPAIGN,UNIFORM,-8750257016382734028,5,AUTO,0.206639051087,1.17813206140,0.883485592069,GUARDED_PRODUCTION,false,false,NO_CONVERGENCE,STAGNATION_WINDOW_EXCEEDED,369,true,true,1.21158821703,false,false,false,false,0,5.47628573844,1636666,0.885692046289|-2.37713844122|-2.67428074637|0.0200000000000|0.0200000000000
440,VALID_CAMPAIGN,UNIFORM,-8750257016382734028,5,AUTO,0.206639051087,1.17813206140,0.883485592069,UNGUARDED_REFERENCE,true,false,CONVERGED_UNCERTIFIED,NO_GUARDS_OR_FINAL_CERTIFICATION,15,true,false,1.16759223198e-08,false,true,false,true,0,NaN,84291,65.1179713126|-125.720724106|-10.5670808057|0.829629447523|-0.299814855223
441,VALID_CAMPAIGN,NEAR_JOINT_LIMIT,-6286867900709451997,5,AUTO,-0.343313151524,-0.808992181364,-0.0567305267123,GUARDED_PRODUCTION,false,false,NO_CONVERGENCE,STAGNATION_WINDOW_EXCEEDED,459,true,true,0.285306154899,false,false,false,false,0,5.47628573779,2015333,3.14159265359|-2.37713844122|-2.67428074637|0.575000000000|0.0200000000000
441,VALID_CAMPAIGN,NEAR_JOINT_LIMIT,-6286867900709451997,5,AUTO,-0.343313151524,-0.808992181364,-0.0567305267123,UNGUARDED_REFERENCE,true,false,CONVERGED_UNCERTIFIED,NO_GUARDS_OR_FINAL_CERTIFICATION,11,true,false,3.73642358145e-08,false,true,false,true,0,NaN,19917,77.8517359477|-136.134403565|-13.3557818332|-0.258690541335|0.356005320681
442,VALID_CAMPAIGN,NEAR_SINGULARITY,-2609515831202233317,5,AUTO,1.46555998986,-0.377499950837,0.457500040767,GUARDED_PRODUCTION,false,false,NO_CONVERGENCE,STAGNATION_WINDOW_EXCEEDED,640,true,true,1.41048730912,false,false,false,false,0,3.25496589335,2801500,3.14159265359|-1.59852977959|-2.67428074637|0.575000000000|0.0200000000000
442,VALID_CAMPAIGN,NEAR_SINGULARITY,-2609515831202233317,5,AUTO,1.46555998986,-0.377499950837,0.457500040767,UNGUARDED_REFERENCE,true,false,CONVERGED_UNCERTIFIED,NO_GUARDS_OR_FINAL_CERTIFICATION,7,true,false,3.47339187507e-07,false,true,false,true,0,NaN,15042,75.2122102670|-132.255335244|-12.6426523967|-0.307794624303|0.348692203159
443,VALID_CAMPAIGN,MICRO_MOTION,1164618876894310974,5,AUTO,1.46555988846,-0.377499459207,0.457500448438,GUARDED_PRODUCTION,false,false,NO_CONVERGENCE,STAGNATION_WINDOW_EXCEEDED,141,true,true,1.41048724250,false,false,false,false,0,4.59427191042,599084,3.14159265359|-1.59852907185|-2.67428074637|0.575000000000|0.0200000000000
443,VALID_CAMPAIGN,MICRO_MOTION,1164618876894310974,5,AUTO,1.46555988846,-0.377499459207,0.457500448438,UNGUARDED_REFERENCE,true,false,CONVERGED_UNCERTIFIED,NO_GUARDS_OR_FINAL_CERTIFICATION,1,true,false,7.06541059955e-07,false,true,false,true,0,NaN,2083,75.2122102670|-132.255335244|-12.6426523967|-0.307794624303|0.348692203159
444,VALID_CAMPAIGN,UNIFORM,2022347728246931942,5,AUTO,-0.122564182217,-0.0603596558217,0.694130137654,GUARDED_PRODUCTION,false,false,NO_CONVERGENCE,STAGNATION_WINDOW_EXCEEDED,72,true,true,0.891405496477,false,false,false,false,0,4.59427754033,310125,3.14159265359|-0.814373645067|-2.67428074637|0.382451725423|0.0200000000000
444,VALID_CAMPAIGN,UNIFORM,2022347728246931942,5,AUTO,-0.122564182217,-0.0603596558217,0.694130137654,UNGUARDED_REFERENCE,true,false,CONVERGED_UNCERTIFIED,NO_GUARDS_OR_FINAL_CERTIFICATION,11,true,false,8.44883175964e-10,false,true,false,true,0,NaN,19041,72.5044428394|-130.618261047|-10.5466465578|-0.390121921078|0.136099171816
445,VALID_CAMPAIGN,NEAR_JOINT_LIMIT,865130122026400446,5,AUTO,-0.353536661476,-0.0498426348472,-0.649969271475,GUARDED_PRODUCTION,true,true,SUCCESS,NONE,332,true,true,9.48825840506e-07,false,false,false,false,0,3.93554984997,1557250,3.14159265359|-2.37712883928|-2.67428074637|0.0200000000000|0.575000000000
445,VALID_CAMPAIGN,NEAR_JOINT_LIMIT,865130122026400446,5,AUTO,-0.353536661476,-0.0498426348472,-0.649969271475,UNGUARDED_REFERENCE,true,false,CONVERGED_UNCERTIFIED,NO_GUARDS_OR_FINAL_CERTIFICATION,13,true,false,4.47797666635e-07,false,true,false,true,0,NaN,24792,77.1077709483|-148.242071324|-13.2208554587|-0.0301610391336|-0.515708494020
446,VALID_CAMPAIGN,NEAR_SINGULARITY,-2759900384815838915,5,AUTO,1.46555998986,-0.377499950837,0.457500040767,GUARDED_PRODUCTION,true,true,SUCCESS,NONE,104,true,true,5.91238020697e-07,false,false,false,false,0,12.1505145234,496625,0.406823779892|-0.764605201010|-0.370592127730|0.0691325935769|0.575000000000
446,VALID_CAMPAIGN,NEAR_SINGULARITY,-2759900384815838915,5,AUTO,1.46555998986,-0.377499950837,0.457500040767,UNGUARDED_REFERENCE,true,false,CONVERGED_UNCERTIFIED,NO_GUARDS_OR_FINAL_CERTIFICATION,16,true,false,3.65977624533e-07,false,true,false,true,0,NaN,27416,75.1438901947|-142.087447603|-10.6658537189|0.622952516007|1.00522904099
447,VALID_CAMPAIGN,MICRO_MOTION,-261147437377791753,5,AUTO,1.46555988846,-0.377499459207,0.457500448438,GUARDED_PRODUCTION,true,true,SUCCESS,NONE,2,true,true,5.98497743090e-08,false,false,false,false,0,9.89569238975,10166,0.406823209840|-0.764604120071|-0.370591029239|0.0691325894921|0.575000000000
447,VALID_CAMPAIGN,MICRO_MOTION,-261147437377791753,5,AUTO,1.46555988846,-0.377499459207,0.457500448438,UNGUARDED_REFERENCE,true,false,CONVERGED_UNCERTIFIED,NO_GUARDS_OR_FINAL_CERTIFICATION,1,true,false,5.67612567339e-07,false,true,false,true,0,NaN,1792,75.1438901947|-142.087447603|-10.6658537189|0.622952516007|1.00522904099
448,VALID_CAMPAIGN,UNIFORM,-5679178930037818276,5,AUTO,1.15527672578,-0.200830161462,0.632721185438,GUARDED_PRODUCTION,true,true,SUCCESS,NONE,21,true,true,2.22695200373e-09,false,false,false,false,0,9.89570446281,101292,1.01752631470|-1.43955358522|-0.113742363602|0.0721997773745|0.551012801314
448,VALID_CAMPAIGN,UNIFORM,-5679178930037818276,5,AUTO,1.15527672578,-0.200830161462,0.632721185438,UNGUARDED_REFERENCE,true,false,CONVERGED_UNCERTIFIED,NO_GUARDS_OR_FINAL_CERTIFICATION,4,true,false,5.30981653918e-07,false,true,false,true,0,NaN,7209,75.2026488276|-142.053265033|-10.7768257185|0.398913459633|0.783510799255
449,VALID_CAMPAIGN,NEAR_JOINT_LIMIT,-8563360206976622403,5,AUTO,-0.343313253185,-0.808992138222,-0.0567305267123,GUARDED_PRODUCTION,false,false,NO_CONVERGENCE,STAGNATION_WINDOW_EXCEEDED,29,true,true,1.16031779197,false,false,false,false,0,6.35906804290,135500,1.57507454040|-2.37713844122|-0.421985568487|0.0795265700599|0.511610051318
449,VALID_CAMPAIGN,NEAR_JOINT_LIMIT,-8563360206976622403,5,AUTO,-0.343313253185,-0.808992138222,-0.0567305267123,UNGUARDED_REFERENCE,true,false,CONVERGED_UNCERTIFIED,NO_GUARDS_OR_FINAL_CERTIFICATION,9,true,false,4.30071516966e-07,false,true,false,true,0,NaN,14709,73.3777992540|-140.780242081|-8.58728976625|-0.285509708500|-0.407073461696
450,VALID_CAMPAIGN,NEAR_SINGULARITY,-4378828443850544117,5,AUTO,1.46555998986,-0.377499950837,0.457500040767,GUARDED_PRODUCTION,true,true,SUCCESS,NONE,43,true,true,9.06392073261e-09,false,false,false,false,0,6.36318933675,227875,0.388302224603|-0.739292127674|-0.359678137050|0.0711111189283|0.565435242992
450,VALID_CAMPAIGN,NEAR_SINGULARITY,-4378828443850544117,5,AUTO,1.46555998986,-0.377499950837,0.457500040767,UNGUARDED_REFERENCE,true,false,CONVERGED_UNCERTIFIED,NO_GUARDS_OR_FINAL_CERTIFICATION,10,true,false,3.70617362145e-08,false,true,false,true,0,NaN,20333,75.0889937053|-142.310394761|-10.5595432771|0.830212046480|0.708740391365
451,VALID_CAMPAIGN,MICRO_MOTION,-9199736196123690625,5,AUTO,1.46555988846,-0.377499459207,0.457500448438,GUARDED_PRODUCTION,true,true,SUCCESS,NONE,1,true,true,6.45628744139e-07,false,false,false,false,0,NaN,6583,0.388302224603|-0.739292127674|-0.359678137050|0.0711111189283|0.565435242992
451,VALID_CAMPAIGN,MICRO_MOTION,-9199736196123690625,5,AUTO,1.46555988846,-0.377499459207,0.457500448438,UNGUARDED_REFERENCE,true,false,CONVERGED_UNCERTIFIED,NO_GUARDS_OR_FINAL_CERTIFICATION,1,true,false,6.39761535479e-07,false,true,false,true,0,NaN,1834,75.0889937053|-142.310394761|-10.5595432771|0.830212046480|0.708740391365
452,VALID_CAMPAIGN,UNIFORM,4966590081385602820,5,AUTO,-0.653891916386,0.668858708860,0.920380121308,GUARDED_PRODUCTION,true,true,SUCCESS,NONE,82,true,true,4.24229530909e-08,false,false,false,false,0,10.1093450967,448667,2.93675291446|-0.838407243823|0.652232307712|0.0233901611261|0.453904667913
452,VALID_CAMPAIGN,UNIFORM,4966590081385602820,5,AUTO,-0.653891916386,0.668858708860,0.920380121308,UNGUARDED_REFERENCE,true,false,CONVERGED_UNCERTIFIED,NO_GUARDS_OR_FINAL_CERTIFICATION,15,true,false,2.43497727673e-07,false,true,false,true,0,NaN,25916,67.1516131503|-135.530926429|-4.19662634336|-1.20566881923|-0.380358714049
453,VALID_CAMPAIGN,NEAR_JOINT_LIMIT,-3994610686335921953,5,AUTO,-0.876104811632,-0.495086235262,-0.649969271475,GUARDED_PRODUCTION,false,false,NO_CONVERGENCE,STAGNATION_WINDOW_EXCEEDED,12,true,true,1.89667614575,false,false,false,false,0,14.2991471082,59542,3.14159265359|-1.02094152362|0.655199961033|0.0242058664042|0.420349523557
453,VALID_CAMPAIGN,NEAR_JOINT_LIMIT,-3994610686335921953,5,AUTO,-0.876104811632,-0.495086235262,-0.649969271475,UNGUARDED_REFERENCE,true,false,CONVERGED_UNCERTIFIED,NO_GUARDS_OR_FINAL_CERTIFICATION,14,true,false,3.61127125870e-07,false,true,false,true,0,NaN,24500,59.8768290433|-119.965698766|-7.36222056888|-0.629951757661|-0.486156669997
454,VALID_CAMPAIGN,NEAR_SINGULARITY,7129971042422831362,5,AUTO,1.46555998986,-0.377499950837,0.457500040767,GUARDED_PRODUCTION,true,true,SUCCESS,NONE,93,true,true,4.46491745008e-08,false,false,false,false,0,12.3830856157,444375,0.0779269512414|-0.328142263147|-0.195351134215|0.0666051887694|0.433556923652
454,VALID_CAMPAIGN,NEAR_SINGULARITY,7129971042422831362,5,AUTO,1.46555998986,-0.377499950837,0.457500040767,UNGUARDED_REFERENCE,true,false,CONVERGED_UNCERTIFIED,NO_GUARDS_OR_FINAL_CERTIFICATION,6,true,false,5.69844969578e-07,false,true,false,true,0,NaN,11500,57.2518693701|-121.249137043|-12.6747107628|-0.851499462486|0.370870459538
455,VALID_CAMPAIGN,MICRO_MOTION,-1233297969812803792,5,AUTO,1.46555988846,-0.377499459207,0.457500448438,GUARDED_PRODUCTION,true,true,SUCCESS,NONE,1,true,true,6.38521194370e-07,false,false,false,false,0,NaN,3667,0.0779269512414|-0.328142263147|-0.195351134215|0.0666051887694|0.433556923652
455,VALID_CAMPAIGN,MICRO_MOTION,-1233297969812803792,5,AUTO,1.46555988846,-0.377499459207,0.457500448438,UNGUARDED_REFERENCE,true,false,CONVERGED_UNCERTIFIED,NO_GUARDS_OR_FINAL_CERTIFICATION,1,true,false,9.52825369515e-07,false,true,false,true,0,NaN,1583,57.2518693701|-121.249137043|-12.6747107628|-0.851499462486|0.370870459538
456,VALID_CAMPAIGN,UNIFORM,7224194260904595040,5,AUTO,-0.828809524253,-0.303052186680,-0.470199051849,GUARDED_PRODUCTION,true,true,SUCCESS,NONE,158,true,true,5.05405965721e-10,false,false,false,false,0,17.0483498278,730833,-1.63007854960|-1.44500180971|-1.50156611170|0.115218811822|0.385453032475
456,VALID_CAMPAIGN,UNIFORM,7224194260904595040,5,AUTO,-0.828809524253,-0.303052186680,-0.470199051849,UNGUARDED_REFERENCE,true,false,CONVERGED_UNCERTIFIED,NO_GUARDS_OR_FINAL_CERTIFICATION,8,true,false,4.01051107016e-09,false,true,false,true,0,NaN,13125,65.2124421469|-130.905102689|-14.0282445230|-0.526582614956|0.223894297793
457,VALID_CAMPAIGN,NEAR_JOINT_LIMIT,-4623864181206680884,5,AUTO,-0.727452700876,-0.408415213766,-0.0567305267123,GUARDED_PRODUCTION,true,true,SUCCESS,NONE,29,true,true,2.58302828312e-08,false,false,false,false,0,7.22369957715,135875,-0.626986326550|-2.20003915447|-0.795461669173|0.117314482098|0.362192720181
457,VALID_CAMPAIGN,NEAR_JOINT_LIMIT,-4623864181206680884,5,AUTO,-0.727452700876,-0.408415213766,-0.0567305267123,UNGUARDED_REFERENCE,true,false,CONVERGED_UNCERTIFIED,NO_GUARDS_OR_FINAL_CERTIFICATION,6,true,false,9.12318073996e-09,false,true,false,true,0,NaN,9666,64.5939330528|-130.003208648|-13.0855752819|-0.451532493617|0.126674599893
458,VALID_CAMPAIGN,NEAR_SINGULARITY,-1627044713527027453,5,AUTO,1.46555998986,-0.377499950837,0.457500040767,GUARDED_PRODUCTION,true,true,SUCCESS,NONE,84,true,true,9.25297714861e-09,false,false,false,false,0,5.41788851223,407292,0.00337626582453|-0.190164787697|-0.150521694071|0.103083691305|0.400767198241
458,VALID_CAMPAIGN,NEAR_SINGULARITY,-1627044713527027453,5,AUTO,1.46555998986,-0.377499950837,0.457500040767,UNGUARDED_REFERENCE,true,false,CONVERGED_UNCERTIFIED,NO_GUARDS_OR_FINAL_CERTIFICATION,18,true,false,6.67907889982e-07,false,true,false,true,0,NaN,30709,50.4693035578|-106.870103084|-12.1163245095|0.534245387369|0.0122985020892
459,VALID_CAMPAIGN,MICRO_MOTION,-4863395389406436858,5,AUTO,1.46555988846,-0.377499459207,0.457500448438,GUARDED_PRODUCTION,true,true,SUCCESS,NONE,1,true,true,6.44953787630e-07,false,false,false,false,0,NaN,4291,0.00337626582453|-0.190164787697|-0.150521694071|0.103083691305|0.400767198241
459,VALID_CAMPAIGN,MICRO_MOTION,-4863395389406436858,5,AUTO,1.46555988846,-0.377499459207,0.457500448438,UNGUARDED_REFERENCE,true,false,CONVERGED_UNCERTIFIED,NO_GUARDS_OR_FINAL_CERTIFICATION,1,true,false,8.63261345974e-07,false,true,false,true,0,NaN,1541,50.4693035578|-106.870103084|-12.1163245095|0.534245387369|0.0122985020892
460,VALID_CAMPAIGN,UNIFORM,1250276069093503470,5,AUTO,0.499586024743,-0.267672389159,0.468268091953,GUARDED_PRODUCTION,false,false,NO_CONVERGENCE,STAGNATION_WINDOW_EXCEEDED,64,true,true,0.165280154263,false,false,false,false,13,20.6961152187,312209,1.84450844683|-2.37713844122|-0.00227282726324|0.107367578771|0.325059916830
460,VALID_CAMPAIGN,UNIFORM,1250276069093503470,5,AUTO,0.499586024743,-0.267672389159,0.468268091953,UNGUARDED_REFERENCE,true,false,CONVERGED_UNCERTIFIED,NO_GUARDS_OR_FINAL_CERTIFICATION,9,true,false,1.33830370542e-08,false,true,false,true,0,NaN,14583,52.6237816569|-109.446746930|-12.0847824786|0.259698012150|0.00370892985205
461,VALID_CAMPAIGN,NEAR_JOINT_LIMIT,-7260038616970310107,5,AUTO,-1.25002080597,-0.136513609356,-0.0567305267123,GUARDED_PRODUCTION,false,false,NO_CONVERGENCE,STAGNATION_WINDOW_EXCEEDED,7,true,true,2.01698368395,false,false,false,false,0,6.15360422578,33666,2.03094543884|-2.37713844122|0.0206133970336|0.107852322122|0.318174176469
461,VALID_CAMPAIGN,NEAR_JOINT_LIMIT,-7260038616970310107,5,AUTO,-1.25002080597,-0.136513609356,-0.0567305267123,UNGUARDED_REFERENCE,true,false,CONVERGED_UNCERTIFIED,NO_GUARDS_OR_FINAL_CERTIFICATION,8,true,false,3.04224978170e-07,false,true,false,true,0,NaN,12792,80.1244122495|-126.785957442|-12.9988734630|0.757305578884|0.0652601892492
462,VALID_CAMPAIGN,NEAR_SINGULARITY,-7384544185546332657,5,AUTO,1.46555998986,-0.377499950837,0.457500040767,GUARDED_PRODUCTION,true,true,SUCCESS,NONE,62,true,true,1.68280668449e-08,false,false,false,false,0,6.15507450555,287792,-0.0265855566328|-0.146188491932|-0.138501995852|0.104900658243|0.392159356729
462,VALID_CAMPAIGN,NEAR_SINGULARITY,-7384544185546332657,5,AUTO,1.46555998986,-0.377499950837,0.457500040767,UNGUARDED_REFERENCE,true,false,CONVERGED_UNCERTIFIED,NO_GUARDS_OR_FINAL_CERTIFICATION,10,true,false,5.99707653146e-10,false,true,false,true,0,NaN,18041,119.782685100|-164.895886213|-12.0667755832|-0.799557067598|-0.0204367249603
463,VALID_CAMPAIGN,MICRO_MOTION,2923044169394311602,5,AUTO,1.46555988846,-0.377499459207,0.457500448438,GUARDED_PRODUCTION,true,true,SUCCESS,NONE,1,true,true,6.43317943552e-07,false,false,false,false,0,NaN,3458,-0.0265855566328|-0.146188491932|-0.138501995852|0.104900658243|0.392159356729
463,VALID_CAMPAIGN,MICRO_MOTION,2923044169394311602,5,AUTO,1.46555988846,-0.377499459207,0.457500448438,UNGUARDED_REFERENCE,true,false,CONVERGED_UNCERTIFIED,NO_GUARDS_OR_FINAL_CERTIFICATION,1,true,false,6.46578891358e-07,false,true,false,true,0,NaN,1584,119.782685100|-164.895886213|-12.0667755832|-0.799557067598|-0.0204367249603
464,VALID_CAMPAIGN,UNIFORM,4866508473536275564,5,AUTO,0.309616124089,0.815394581705,0.820273669791,GUARDED_PRODUCTION,true,true,SUCCESS,NONE,53,true,true,4.89536226124e-10,false,false,false,false,0,22.5459185615,246750,2.05870883611|-1.11086466005|0.752487160051|0.0954165005016|0.288028908346
464,VALID_CAMPAIGN,UNIFORM,4866508473536275564,5,AUTO,0.309616124089,0.815394581705,0.820273669791,UNGUARDED_REFERENCE,true,false,CONVERGED_UNCERTIFIED,NO_GUARDS_OR_FINAL_CERTIFICATION,14,true,false,2.02265483329e-07,false,true,false,true,0,NaN,22458,120.635405438|-164.024444359|-11.0694601118|-0.308919784282|0.0491732307490
465,VALID_CAMPAIGN,NEAR_JOINT_LIMIT,-7069645378719844510,5,AUTO,-0.865881341125,0.264063158018,-0.0567305267123,GUARDED_PRODUCTION,false,false,NO_CONVERGENCE,STAGNATION_WINDOW_EXCEEDED,29,true,true,1.18071858357,false,false,false,false,0,10.6322803576,135208,3.14159265359|-1.78579999046|0.609972727785|0.0970614044235|0.241487189730
465,VALID_CAMPAIGN,NEAR_JOINT_LIMIT,-7069645378719844510,5,AUTO,-0.865881341125,0.264063158018,-0.0567305267123,UNGUARDED_REFERENCE,true,false,CONVERGED_UNCERTIFIED,NO_GUARDS_OR_FINAL_CERTIFICATION,11,true,false,2.78886730332e-07,false,true,false,true,0,NaN,19458,82.6605665802|-126.574634232|4.40206151332|-0.0500771426698|-1.34347691991
466,VALID_CAMPAIGN,NEAR_SINGULARITY,2252044545812778932,5,AUTO,1.46555998986,-0.377499950837,0.457500040767,GUARDED_PRODUCTION,true,true,SUCCESS,NONE,98,true,true,3.76252842755e-08,false,false,false,false,0,6.02181144649,493542,-0.229160360232|0.161259144824|-0.0858093285366|0.125576483126|0.355238050204
466,VALID_CAMPAIGN,NEAR_SINGULARITY,2252044545812778932,5,AUTO,1.46555998986,-0.377499950837,0.457500040767,UNGUARDED_REFERENCE,true,false,CONVERGED_UNCERTIFIED,NO_GUARDS_OR_FINAL_CERTIFICATION,13,true,false,6.87846715759e-08,false,true,false,true,0,NaN,25083,62.7634950113|-108.862353607|2.81278225321|-1.13244037088|-0.0896828742716
467,VALID_CAMPAIGN,MICRO_MOTION,3433861030490071056,5,AUTO,1.46555988846,-0.377499459207,0.457500448438,GUARDED_PRODUCTION,true,true,SUCCESS,NONE,1,true,true,6.47624801579e-07,false,false,false,false,0,NaN,8875,-0.229160360232|0.161259144824|-0.0858093285366|0.125576483126|0.355238050204
467,VALID_CAMPAIGN,MICRO_MOTION,3433861030490071056,5,AUTO,1.46555988846,-0.377499459207,0.457500448438,UNGUARDED_REFERENCE,true,false,CONVERGED_UNCERTIFIED,NO_GUARDS_OR_FINAL_CERTIFICATION,1,true,false,6.29932764155e-07,false,true,false,true,0,NaN,1583,62.7634950113|-108.862353607|2.81278225321|-1.13244037088|-0.0896828742716
468,VALID_CAMPAIGN,UNIFORM,-3765227774618674159,5,AUTO,0.110624203286,-0.0611082728365,0.837076966875,GUARDED_PRODUCTION,true,true,SUCCESS,NONE,84,true,true,1.90288913393e-09,false,false,false,false,0,38.9142357418,407167,-0.408250967546|-1.35143925200|1.52778653921|0.235220854205|0.447614722683
468,VALID_CAMPAIGN,UNIFORM,-3765227774618674159,5,AUTO,0.110624203286,-0.0611082728365,0.837076966875,UNGUARDED_REFERENCE,true,false,CONVERGED_UNCERTIFIED,NO_GUARDS_OR_FINAL_CERTIFICATION,11,true,false,1.66460659311e-07,false,true,false,true,0,NaN,18375,65.8057060015|-108.465290364|2.59188488577|0.486843591122|-0.390631788236
469,VALID_CAMPAIGN,NEAR_JOINT_LIMIT,-8805114232336192467,5,AUTO,-0.162858122994,-0.635941895404,0.438763718590,GUARDED_PRODUCTION,true,true,SUCCESS,NONE,51,true,true,1.85287751966e-07,false,false,false,false,0,8.61083419097,245667,-0.938957855888|0.731137227039|2.22085500319|0.278031953100|0.405441087167
469,VALID_CAMPAIGN,NEAR_JOINT_LIMIT,-8805114232336192467,5,AUTO,-0.162858122994,-0.635941895404,0.438763718590,UNGUARDED_REFERENCE,true,false,CONVERGED_UNCERTIFIED,NO_GUARDS_OR_FINAL_CERTIFICATION,7,true,false,3.56345611031e-10,false,true,false,true,0,NaN,11125,66.2144453526|-109.096983009|3.29724402454|0.401141431654|-0.385497851521
470,VALID_CAMPAIGN,NEAR_SINGULARITY,-6262763650584139940,5,AUTO,1.46555998986,-0.377499950837,0.457500040767,GUARDED_PRODUCTION,false,false,NO_CONVERGENCE,STAGNATION_WINDOW_EXCEEDED,139,true,true,0.274601329506,false,false,false,false,0,3.23238094808,646291,-0.298271486610|2.18471119066|2.06903929617|0.575000000000|0.575000000000
470,VALID_CAMPAIGN,NEAR_SINGULARITY,-6262763650584139940,5,AUTO,1.46555998986,-0.377499950837,0.457500040767,UNGUARDED_REFERENCE,true,false,CONVERGED_UNCERTIFIED,NO_GUARDS_OR_FINAL_CERTIFICATION,9,true,false,3.06456663944e-09,false,true,false,true,0,NaN,16709,74.7108006333|-120.619417154|2.28367092851|-1.16361366131|0.306722535421
471,VALID_CAMPAIGN,MICRO_MOTION,8582716356229395256,5,AUTO,1.46555988846,-0.377499459207,0.457500448438,GUARDED_PRODUCTION,false,false,NO_CONVERGENCE,STAGNATION_WINDOW_EXCEEDED,7,true,true,0.274768562896,false,false,false,false,0,17.8995829710,31250,-0.295751336171|2.18328451797|2.06429188296|0.575000000000|0.575000000000
471,VALID_CAMPAIGN,MICRO_MOTION,8582716356229395256,5,AUTO,1.46555988846,-0.377499459207,0.457500448438,UNGUARDED_REFERENCE,true,false,CONVERGED_UNCERTIFIED,NO_GUARDS_OR_FINAL_CERTIFICATION,1,true,false,6.45829303247e-07,false,true,false,true,0,NaN,1584,74.7108006333|-120.619417154|2.28367092851|-1.16361366131|0.306722535421
472,VALID_CAMPAIGN,UNIFORM,6585857435110528111,5,AUTO,0.673953985176,0.0389760228054,0.869932470476,GUARDED_PRODUCTION,true,true,SUCCESS,NONE,126,true,true,9.80110679844e-07,false,false,false,false,0,17.8904332873,574959,-0.375580494320|2.37713844122|1.41845984116|0.239938562074|0.389578318807
472,VALID_CAMPAIGN,UNIFORM,6585857435110528111,5,AUTO,0.673953985176,0.0389760228054,0.869932470476,UNGUARDED_REFERENCE,true,false,CONVERGED_UNCERTIFIED,NO_GUARDS_OR_FINAL_CERTIFICATION,7,true,false,1.47919738978e-08,false,true,false,true,0,NaN,12625,71.7166018186|-117.107365913|1.19104900042|-1.09186457898|0.265456139688
473,VALID_CAMPAIGN,NEAR_JOINT_LIMIT,900612452984824780,5,AUTO,-1.05655992008,-0.322035969768,-0.154475026173,GUARDED_PRODUCTION,false,false,NO_CONVERGENCE,STAGNATION_WINDOW_EXCEEDED,227,true,true,0.100677368501,false,false,false,false,0,7.92627200819,1949750,-2.86338752357|2.37713844122|2.67428074637|0.389730074440|0.575000000000
473,VALID_CAMPAIGN,NEAR_JOINT_LIMIT,900612452984824780,5,AUTO,-1.05655992008,-0.322035969768,-0.154475026173,UNGUARDED_REFERENCE,true,false,CONVERGED_UNCERTIFIED,NO_GUARDS_OR_FINAL_CERTIFICATION,25,true,false,8.12255942218e-08,false,true,false,true,0,NaN,46375,110.122433357|-167.524887380|3.68758499559|0.547842433349|-0.0320973190536
474,VALID_CAMPAIGN,NEAR_SINGULARITY,-3379681301125664134,5,AUTO,1.46555998986,-0.377499950837,0.457500040767,GUARDED_PRODUCTION,false,false,NO_CONVERGENCE,STAGNATION_WINDOW_EXCEEDED,113,true,true,0.269849893758,false,false,false,false,0,16.8992500054,527042,-0.302897883023|2.20969520797|2.08375016436|0.575000000000|0.575000000000
474,VALID_CAMPAIGN,NEAR_SINGULARITY,-3379681301125664134,5,AUTO,1.46555998986,-0.377499950837,0.457500040767,UNGUARDED_REFERENCE,true,false,CONVERGED_UNCERTIFIED,NO_GUARDS_OR_FINAL_CERTIFICATION,7,true,false,2.63657057883e-09,false,true,false,true,0,NaN,11917,105.895304735|-157.941310867|2.66568395453|-1.25352315830|0.00468214172040
475,VALID_CAMPAIGN,MICRO_MOTION,-7459061612267762877,5,AUTO,1.46555988846,-0.377499459207,0.457500448438,GUARDED_PRODUCTION,false,false,NO_CONVERGENCE,STAGNATION_WINDOW_EXCEEDED,7,true,true,0.270712838080,false,false,false,false,0,17.9334757356,33250,-0.295730689071|2.19774789392|2.07656913957|0.575000000000|0.575000000000
475,VALID_CAMPAIGN,MICRO_MOTION,-7459061612267762877,5,AUTO,1.46555988846,-0.377499459207,0.457500448438,UNGUARDED_REFERENCE,true,false,CONVERGED_UNCERTIFIED,NO_GUARDS_OR_FINAL_CERTIFICATION,1,true,false,6.45863959249e-07,false,true,false,true,0,NaN,1709,105.895304735|-157.941310867|2.66568395453|-1.25352315830|0.00468214172040
476,VALID_CAMPAIGN,UNIFORM,7930682897621196655,5,AUTO,0.985926545522,-0.967423571752,0.593634779229,GUARDED_PRODUCTION,false,false,NO_CONVERGENCE,STAGNATION_WINDOW_EXCEEDED,63,true,true,0.170990740038,false,false,false,false,0,17.9228215337,271875,-0.767633865770|2.11142399622|1.89679004716|0.575000000000|0.575000000000
476,VALID_CAMPAIGN,UNIFORM,7930682897621196655,5,AUTO,0.985926545522,-0.967423571752,0.593634779229,UNGUARDED_REFERENCE,true,false,CONVERGED_UNCERTIFIED,NO_GUARDS_OR_FINAL_CERTIFICATION,5,true,false,3.55944505022e-07,false,true,false,true,0,NaN,8041,105.187644848|-157.619117499|2.42163838522|-1.20966273696|0.000675435500970
477,VALID_CAMPAIGN,NEAR_JOINT_LIMIT,6455867090876978573,5,AUTO,-0.149852343976,-0.623469802121,-0.154475026173,GUARDED_PRODUCTION,false,false,NO_CONVERGENCE,STAGNATION_WINDOW_EXCEEDED,164,true,true,0.100677368498,false,false,false,false,0,17.5081209881,717542,-0.497819126705|0.322134158787|2.67428074637|0.418851800142|0.575000000000
477,VALID_CAMPAIGN,NEAR_JOINT_LIMIT,6455867090876978573,5,AUTO,-0.149852343976,-0.623469802121,-0.154475026173,UNGUARDED_REFERENCE,true,false,CONVERGED_UNCERTIFIED,NO_GUARDS_OR_FINAL_CERTIFICATION,6,true,false,3.58208455339e-09,false,true,false,true,0,NaN,9792,103.083364903|-156.486676659|3.61141217119|-0.952155220237|0.0183732811566
478,VALID_CAMPAIGN,NEAR_SINGULARITY,-6058228461062703041,5,AUTO,1.46555998986,-0.377499950837,0.457500040767,GUARDED_PRODUCTION,false,false,NO_CONVERGENCE,STAGNATION_WINDOW_EXCEEDED,77,true,true,0.265076651702,false,false,false,false,0,3.03460069229,333000,-0.275353460888|2.18632860357|2.11674299038|0.575000000000|0.575000000000
478,VALID_CAMPAIGN,NEAR_SINGULARITY,-6058228461062703041,5,AUTO,1.46555998986,-0.377499950837,0.457500040767,UNGUARDED_REFERENCE,true,false,CONVERGED_UNCERTIFIED,NO_GUARDS_OR_FINAL_CERTIFICATION,17,true,false,3.09395150806e-07,false,true,false,true,0,NaN,26375,100.348716407|-149.111286250|2.67158020913|0.964664379482|0.000791573815302
479,VALID_CAMPAIGN,MICRO_MOTION,3288221751015133115,5,AUTO,1.46555988846,-0.377499459207,0.457500448438,GUARDED_PRODUCTION,false,false,NO_CONVERGENCE,STAGNATION_WINDOW_EXCEEDED,7,true,true,0.265968549030,false,false,false,false,0,17.9619139478,29042,-0.279926771912|2.18936402124|2.10449150857|0.575000000000|0.575000000000
479,VALID_CAMPAIGN,MICRO_MOTION,3288221751015133115,5,AUTO,1.46555988846,-0.377499459207,0.457500448438,UNGUARDED_REFERENCE,true,false,CONVERGED_UNCERTIFIED,NO_GUARDS_OR_FINAL_CERTIFICATION,1,true,false,6.26258906633e-07,false,true,false,true,0,NaN,1541,100.348716407|-149.111286250|2.67158020913|0.964664379482|0.000791573815302
480,VALID_CAMPAIGN,UNIFORM,-1459812418910933495,5,AUTO,-0.372157321359,-1.58252382350,0.0660941215171,GUARDED_PRODUCTION,false,false,NO_CONVERGENCE,STAGNATION_WINDOW_EXCEEDED,96,true,true,0.358780120474,false,false,false,false,0,17.9556359353,388916,-1.80518070143|2.23074699221|2.43019532363|0.575000000000|0.575000000000
480,VALID_CAMPAIGN,UNIFORM,-1459812418910933495,5,AUTO,-0.372157321359,-1.58252382350,0.0660941215171,UNGUARDED_REFERENCE,true,false,CONVERGED_UNCERTIFIED,NO_GUARDS_OR_FINAL_CERTIFICATION,13,true,false,3.01177614817e-09,false,true,false,true,0,NaN,20209,95.9395162701|-137.078372313|3.29084127299|-2.10946645491|-0.00404593232545
481,VALID_CAMPAIGN,NEAR_JOINT_LIMIT,-6432720437482138097,5,AUTO,-0.876104749417,-0.495086345357,-0.649969271475,GUARDED_PRODUCTION,false,false,NO_CONVERGENCE,STAGNATION_WINDOW_EXCEEDED,91,true,true,0.610296680764,false,false,false,false,0,18.2449111394,385791,-2.16780080511|1.36322899416|2.67428074637|0.465479351530|0.575000000000
481,VALID_CAMPAIGN,NEAR_JOINT_LIMIT,-6432720437482138097,5,AUTO,-0.876104749417,-0.495086345357,-0.649969271475,UNGUARDED_REFERENCE,true,false,CONVERGED_UNCERTIFIED,NO_GUARDS_OR_FINAL_CERTIFICATION,24,true,false,1.09004589098e-08,false,true,false,true,0,NaN,38500,89.7739698128|-136.431551865|-1.75660148385|-0.562863069284|0.881586592811
482,VALID_CAMPAIGN,NEAR_SINGULARITY,-4568878684630873276,5,AUTO,1.46555998986,-0.377499950837,0.457500040767,GUARDED_PRODUCTION,false,false,NO_CONVERGENCE,STAGNATION_WINDOW_EXCEEDED,110,true,true,0.268221464637,false,false,false,false,0,6.44405531780,483000,-0.287507231383|2.18843160914|2.09805081290|0.575000000000|0.575000000000
482,VALID_CAMPAIGN,NEAR_SINGULARITY,-4568878684630873276,5,AUTO,1.46555998986,-0.377499950837,0.457500040767,UNGUARDED_REFERENCE,true,false,CONVERGED_UNCERTIFIED,NO_GUARDS_OR_FINAL_CERTIFICATION,14,true,false,4.51596066299e-08,false,true,false,true,0,NaN,22417,75.0762267875|-111.164991258|2.34242081819|0.952283500664|0.250187431333
483,VALID_CAMPAIGN,MICRO_MOTION,-1947500000813082229,5,AUTO,1.46555988846,-0.377499459207,0.457500448438,GUARDED_PRODUCTION,false,false,NO_CONVERGENCE,STAGNATION_WINDOW_EXCEEDED,7,true,true,0.269086038672,false,false,false,false,0,17.9457960058,28125,-0.288366009964|2.18853300211|2.08867712853|0.575000000000|0.575000000000
483,VALID_CAMPAIGN,MICRO_MOTION,-1947500000813082229,5,AUTO,1.46555988846,-0.377499459207,0.457500448438,UNGUARDED_REFERENCE,true,false,CONVERGED_UNCERTIFIED,NO_GUARDS_OR_FINAL_CERTIFICATION,1,true,false,6.36882653603e-07,false,true,false,true,0,NaN,1541,75.0762267875|-111.164991258|2.34242081819|0.952283500664|0.250187431333
484,VALID_CAMPAIGN,UNIFORM,-4544327404035871975,5,AUTO,-0.479441611865,1.55432302083,-0.0370782661010,GUARDED_PRODUCTION,false,false,NO_CONVERGENCE,STAGNATION_WINDOW_EXCEEDED,564,true,true,0.374347623758,false,false,false,false,0,17.9336135682,2291625,1.81713586740|2.23053076211|2.53092940581|0.575000000000|0.575000000000
484,VALID_CAMPAIGN,UNIFORM,-4544327404035871975,5,AUTO,-0.479441611865,1.55432302083,-0.0370782661010,UNGUARDED_REFERENCE,true,false,CONVERGED_UNCERTIFIED,NO_GUARDS_OR_FINAL_CERTIFICATION,14,true,false,2.46254197311e-09,false,true,false,true,0,NaN,21833,64.7849707304|-92.5635336198|3.45320453468|1.07208847375|-0.00503762762817
485,VALID_CAMPAIGN,NEAR_JOINT_LIMIT,1343043728929633781,5,AUTO,-0.876104811632,-0.495086235262,-0.649969271475,GUARDED_PRODUCTION,false,false,NO_CONVERGENCE,STAGNATION_WINDOW_EXCEEDED,76,true,true,0.851529791880,false,false,false,false,0,18.2125410547,312584,3.14159265359|2.37713844122|2.67428074637|0.371360297771|0.482562618852
485,VALID_CAMPAIGN,NEAR_JOINT_LIMIT,1343043728929633781,5,AUTO,-0.876104811632,-0.495086235262,-0.649969271475,UNGUARDED_REFERENCE,true,false,CONVERGED_UNCERTIFIED,NO_GUARDS_OR_FINAL_CERTIFICATION,17,true,false,8.28100196345e-09,false,true,false,true,0,NaN,27416,78.8109934414|-124.708182063|18.0962419192|0.213490078336|-0.492931368236
486,VALID_CAMPAIGN,NEAR_SINGULARITY,-989572906522890986,5,AUTO,1.46555998986,-0.377499950837,0.457500040767,GUARDED_PRODUCTION,false,false,MAX_ITERATIONS_REACHED,MAX_ITERATIONS_LIMIT_REACHED,800,true,true,1.23556488759,false,false,false,false,0,16.4093175285,3295833,3.14159265359|2.37713844122|-0.400107049449|0.0200000000000|0.575000000000
486,VALID_CAMPAIGN,NEAR_SINGULARITY,-989572906522890986,5,AUTO,1.46555998986,-0.377499950837,0.457500040767,UNGUARDED_REFERENCE,true,false,CONVERGED_UNCERTIFIED,NO_GUARDS_OR_FINAL_CERTIFICATION,7,true,false,3.12635745146e-11,false,true,false,true,0,NaN,20250,76.5237663385|-117.722506184|14.3394047822|-0.364322856415|1.73014573693
487,VALID_CAMPAIGN,MICRO_MOTION,164187965780619253,5,AUTO,1.46555988846,-0.377499459207,0.457500448438,GUARDED_PRODUCTION,false,false,NO_CONVERGENCE,STAGNATION_WINDOW_EXCEEDED,183,true,true,1.23546525011,false,false,false,false,0,5.67893152591,762334,3.14159265359|2.37713844122|-0.401317533868|0.0200000000000|0.575000000000
487,VALID_CAMPAIGN,MICRO_MOTION,164187965780619253,5,AUTO,1.46555988846,-0.377499459207,0.457500448438,UNGUARDED_REFERENCE,true,false,CONVERGED_UNCERTIFIED,NO_GUARDS_OR_FINAL_CERTIFICATION,1,true,false,6.46659707938e-07,false,true,false,true,0,NaN,2292,76.5237663385|-117.722506184|14.3394047822|-0.364322856415|1.73014573693
488,VALID_CAMPAIGN,UNIFORM,-1638970933439153014,5,AUTO,0.363246473934,1.30488459671,-0.244723293251,GUARDED_PRODUCTION,false,false,NO_CONVERGENCE,STAGNATION_WINDOW_EXCEEDED,7,true,true,2.34519227337,false,false,false,false,0,5.67873983495,32709,2.98258294547|2.37713844122|-0.428361306429|0.0200000000000|0.567124510109
488,VALID_CAMPAIGN,UNIFORM,-1638970933439153014,5,AUTO,0.363246473934,1.30488459671,-0.244723293251,UNGUARDED_REFERENCE,true,false,CONVERGED_UNCERTIFIED,NO_GUARDS_OR_FINAL_CERTIFICATION,8,true,false,1.07671466489e-10,false,true,false,true,0,NaN,14292,77.7821023455|-117.472806048|14.8148343234|-0.299493044940|1.46364516299
489,VALID_CAMPAIGN,NEAR_JOINT_LIMIT,8232487186330244150,5,AUTO,-1.06956569753,-0.309563874850,0.438763718590,GUARDED_PRODUCTION,true,true,SUCCESS,NONE,29,true,true,2.40610829112e-08,false,false,false,false,0,5.64671672926,130334,1.90166470830|1.99838685392|-0.368049364041|0.0250577382412|0.552680348071
489,VALID_CAMPAIGN,NEAR_JOINT_LIMIT,8232487186330244150,5,AUTO,-1.06956569753,-0.309563874850,0.438763718590,UNGUARDED_REFERENCE,true,false,CONVERGED_UNCERTIFIED,NO_GUARDS_OR_FINAL_CERTIFICATION,8,true,false,3.92423552468e-07,false,true,false,true,0,NaN,13208,86.4306263913|-127.068643979|13.4059097939|0.271997674397|-0.316464014375
490,VALID_CAMPAIGN,NEAR_SINGULARITY,-8953467122697028840,5,AUTO,1.46555998986,-0.377499950837,0.457500040767,GUARDED_PRODUCTION,false,false,NO_CONVERGENCE,STAGNATION_WINDOW_EXCEEDED,16,true,true,2.29449980810,false,false,false,false,0,5.39872102355,69042,1.61588993049|2.37713844122|-0.187946440360|0.0200000000000|0.538263472231
490,VALID_CAMPAIGN,NEAR_SINGULARITY,-8953467122697028840,5,AUTO,1.46555998986,-0.377499950837,0.457500040767,UNGUARDED_REFERENCE,true,false,CONVERGED_UNCERTIFIED,NO_GUARDS_OR_FINAL_CERTIFICATION,14,true,false,2.08047599478e-07,false,true,false,true,0,NaN,22167,100.272335644|-144.030323852|12.9733639366|0.406897623007|0.0401348618675
491,VALID_CAMPAIGN,MICRO_MOTION,-1598155296763055015,5,AUTO,1.46555988846,-0.377499459207,0.457500448438,GUARDED_PRODUCTION,false,false,NO_CONVERGENCE,STAGNATION_WINDOW_EXCEEDED,7,true,true,2.30724057623,false,false,false,false,0,5.60263223023,30791,1.50037701551|2.37713844122|-0.101291692849|0.0200000000000|0.532310339532
491,VALID_CAMPAIGN,MICRO_MOTION,-1598155296763055015,5,AUTO,1.46555988846,-0.377499459207,0.457500448438,UNGUARDED_REFERENCE,true,false,CONVERGED_UNCERTIFIED,NO_GUARDS_OR_FINAL_CERTIFICATION,1,true,false,6.68741776056e-07,false,true,false,true,0,NaN,1625,100.272335644|-144.030323852|12.9733639366|0.406897623007|0.0401348618675
492,VALID_CAMPAIGN,UNIFORM,-6329725376290346502,5,AUTO,1.01986002305,-0.195165359050,-0.573638646402,GUARDED_PRODUCTION,false,false,NO_CONVERGENCE,STAGNATION_WINDOW_EXCEEDED,7,true,true,2.21718768733,false,false,false,false,0,5.61876427058,29375,1.31059813287|2.37713844122|-0.155076427829|0.0200000000000|0.523565369174
492,VALID_CAMPAIGN,UNIFORM,-6329725376290346502,5,AUTO,1.01986002305,-0.195165359050,-0.573638646402,UNGUARDED_REFERENCE,true,false,CONVERGED_UNCERTIFIED,NO_GUARDS_OR_FINAL_CERTIFICATION,8,true,false,1.19271480517e-08,false,true,false,true,0,NaN,13459,97.4953339911|-142.977113009|11.3262486494|-1.52913373783|-0.341475369617
493,VALID_CAMPAIGN,NEAR_JOINT_LIMIT,-6527295542292019623,5,AUTO,0.0306028428158,-0.450419555458,-0.649969271475,GUARDED_PRODUCTION,true,true,SUCCESS,NONE,110,true,true,2.41873291139e-09,false,false,false,false,0,5.56432984420,480291,-2.17849462601|2.24789029206|-2.30085584781|0.0238153186433|0.478836518604
493,VALID_CAMPAIGN,NEAR_JOINT_LIMIT,-6527295542292019623,5,AUTO,0.0306028428158,-0.450419555458,-0.649969271475,UNGUARDED_REFERENCE,true,false,CONVERGED_UNCERTIFIED,NO_GUARDS_OR_FINAL_CERTIFICATION,8,true,false,5.22447080132e-08,false,true,false,true,0,NaN,13125,94.7149665372|-142.379548371|11.3000732175|-0.827633073755|-0.606437890797
494,VALID_CAMPAIGN,NEAR_SINGULARITY,-5433656374530343411,5,AUTO,1.46555998986,-0.377499950837,0.457500040767,GUARDED_PRODUCTION,true,true,SUCCESS,NONE,67,true,true,2.50962745760e-08,false,false,false,false,0,12.5972900424,306625,-0.770079445048|0.825512139605|-0.295468755754|0.0503257846282|0.511390816271
494,VALID_CAMPAIGN,NEAR_SINGULARITY,-5433656374530343411,5,AUTO,1.46555998986,-0.377499950837,0.457500040767,UNGUARDED_REFERENCE,true,false,CONVERGED_UNCERTIFIED,NO_GUARDS_OR_FINAL_CERTIFICATION,17,true,false,2.11178197229e-11,false,true,false,true,0,NaN,28292,67.2148073455|-100.453761649|9.76876986219|-1.62779913400|-0.551889427891
495,VALID_CAMPAIGN,MICRO_MOTION,1723588429719494399,5,AUTO,1.46555988846,-0.377499459207,0.457500448438,GUARDED_PRODUCTION,true,true,SUCCESS,NONE,1,true,true,6.37035324713e-07,false,false,false,false,0,NaN,5042,-0.770079445048|0.825512139605|-0.295468755754|0.0503257846282|0.511390816271
495,VALID_CAMPAIGN,MICRO_MOTION,1723588429719494399,5,AUTO,1.46555988846,-0.377499459207,0.457500448438,UNGUARDED_REFERENCE,true,false,CONVERGED_UNCERTIFIED,NO_GUARDS_OR_FINAL_CERTIFICATION,1,true,false,6.46667142498e-07,false,true,false,true,0,NaN,1583,67.2148073455|-100.453761649|9.76876986219|-1.62779913400|-0.551889427891
496,ADVERSARIAL_PROBES,NON_FINITE_TARGET,711038572572525781,5,AUTO,NaN,-0.377500000000,0.457500000000,GUARDED_PRODUCTION,false,false,INVALID_INPUT,INVALID_TARGET,0,true,true,NaN,false,false,false,false,0,NaN,2458,0.00000000000|0.00000000000|0.00000000000|0.297500000000|0.297500000000
496,ADVERSARIAL_PROBES,NON_FINITE_TARGET,711038572572525781,5,AUTO,NaN,-0.377500000000,0.457500000000,UNGUARDED_REFERENCE,false,false,MAX_ITERATIONS_UNCERTIFIED,NO_GUARDS_OR_FINAL_CERTIFICATION,800,false,false,NaN,true,false,false,true,0,NaN,1097541,NaN|NaN|NaN|NaN|NaN
497,ADVERSARIAL_PROBES,INFINITE_TARGET,-1354444998820713575,5,AUTO,1.46556000000,-0.377500000000,Infinity,GUARDED_PRODUCTION,false,false,INVALID_INPUT,INVALID_TARGET,0,true,true,Infinity,false,false,false,false,0,NaN,1958,0.00000000000|0.00000000000|0.00000000000|0.297500000000|0.297500000000
497,ADVERSARIAL_PROBES,INFINITE_TARGET,-1354444998820713575,5,AUTO,1.46556000000,-0.377500000000,Infinity,UNGUARDED_REFERENCE,false,false,MAX_ITERATIONS_UNCERTIFIED,NO_GUARDS_OR_FINAL_CERTIFICATION,800,false,false,NaN,true,false,false,true,0,NaN,1110792,NaN|NaN|NaN|NaN|NaN
498,ADVERSARIAL_PROBES,NON_FINITE_INITIAL_STATE,159162723927590511,5,AUTO,1.46556000000,-0.377500000000,0.457500000000,GUARDED_PRODUCTION,false,false,INVALID_INPUT,INVALID_INITIAL_STATE,0,true,true,0.00000000000,false,false,false,false,0,NaN,5042,0.00000000000|0.00000000000|0.00000000000|0.297500000000|0.297500000000
498,ADVERSARIAL_PROBES,NON_FINITE_INITIAL_STATE,159162723927590511,5,AUTO,1.46556000000,-0.377500000000,0.457500000000,UNGUARDED_REFERENCE,false,false,MAX_ITERATIONS_UNCERTIFIED,NO_GUARDS_OR_FINAL_CERTIFICATION,800,false,false,NaN,true,false,false,true,0,NaN,1106500,NaN|NaN|NaN|NaN|NaN
499,ADVERSARIAL_PROBES,OVERFLOWING_GEOMETRY,-5733208981702570629,5,AUTO,0.00000000000,0.00000000000,0.00000000000,GUARDED_PRODUCTION,false,false,NUMERICAL_FAILURE,OUTPUT_VALIDATION_FAILED,1,true,true,Infinity,false,false,false,false,0,NaN,8291,0.00000000000|0.00000000000|0.00000000000|0.297500000000|0.297500000000
499,ADVERSARIAL_PROBES,OVERFLOWING_GEOMETRY,-5733208981702570629,5,AUTO,0.00000000000,0.00000000000,0.00000000000,UNGUARDED_REFERENCE,false,false,MAX_ITERATIONS_UNCERTIFIED,NO_GUARDS_OR_FINAL_CERTIFICATION,800,false,false,NaN,true,false,false,true,0,NaN,1091125,NaN|NaN|NaN|NaN|NaN
500,VALID_CAMPAIGN,UNIFORM,6362076177214348078,5,REVOLUTE_ONLY,1.06221150636,-0.681610846134,0.450102905613,GUARDED_PRODUCTION,true,true,SUCCESS,NONE,24,true,true,4.09207833037e-10,false,false,false,false,0,85.8564830964,111708,0.0852418657050|-0.861330345185|0.270830914333|0.222342807506|-0.00459402234338
500,VALID_CAMPAIGN,UNIFORM,6362076177214348078,5,REVOLUTE_ONLY,1.06221150636,-0.681610846134,0.450102905613,UNGUARDED_REFERENCE,true,false,CONVERGED_UNCERTIFIED,NO_GUARDS_OR_FINAL_CERTIFICATION,10,true,false,4.44161678172e-08,false,true,false,true,0,NaN,17958,5.89302973183|-12.5414967094|-5.87344301709|6.51237154027|4.92450772309
501,VALID_CAMPAIGN,NEAR_JOINT_LIMIT,4600200255025232572,5,REVOLUTE_ONLY,-0.365313116878,0.196725088895,0.446938717189,GUARDED_PRODUCTION,true,true,SUCCESS,NONE,131,true,true,7.33424822327e-07,false,false,false,false,0,8.94683838770,573500,2.87526913319|-1.47060240571|1.16732592863|1.78285383091|0.171581455628
501,VALID_CAMPAIGN,NEAR_JOINT_LIMIT,4600200255025232572,5,REVOLUTE_ONLY,-0.365313116878,0.196725088895,0.446938717189,UNGUARDED_REFERENCE,true,false,CONVERGED_UNCERTIFIED,NO_GUARDS_OR_FINAL_CERTIFICATION,7,true,false,1.05421299297e-08,false,true,false,true,0,NaN,12375,7.94955906111|-16.0605022421|-5.30270253278|7.95597528181|-1.65586833657
502,VALID_CAMPAIGN,NEAR_SINGULARITY,284055064042981369,5,REVOLUTE_ONLY,1.46556000051,-0.0799999503281,0.200000021585,GUARDED_PRODUCTION,true,true,SUCCESS,NONE,125,true,true,2.65095323067e-08,false,false,false,false,0,3.89691408609,554125,-0.0552829818336|0.0988046088612|-0.0401388925097|0.0692559736445|-0.116129961283
502,VALID_CAMPAIGN,NEAR_SINGULARITY,284055064042981369,5,REVOLUTE_ONLY,1.46556000051,-0.0799999503281,0.200000021585,UNGUARDED_REFERENCE,true,false,CONVERGED_UNCERTIFIED,NO_GUARDS_OR_FINAL_CERTIFICATION,13,true,false,9.60184828046e-08,false,true,false,true,0,NaN,22000,6.22271561960|-12.4435238940|-6.14580357181|12.3294003380|-0.216768556360
503,VALID_CAMPAIGN,MICRO_MOTION,5690830144355352224,5,REVOLUTE_ONLY,1.46556000561,-0.0799994536091,0.200000237431,GUARDED_PRODUCTION,true,true,SUCCESS,NONE,1,true,true,5.42093841770e-07,false,false,false,false,0,NaN,3500,-0.0552829818336|0.0988046088612|-0.0401388925097|0.0692559736445|-0.116129961283
503,VALID_CAMPAIGN,MICRO_MOTION,5690830144355352224,5,REVOLUTE_ONLY,1.46556000561,-0.0799994536091,0.200000237431,UNGUARDED_REFERENCE,true,false,CONVERGED_UNCERTIFIED,NO_GUARDS_OR_FINAL_CERTIFICATION,1,true,false,5.48260024354e-07,false,true,false,true,0,NaN,1542,6.22271561960|-12.4435238940|-6.14580357181|12.3294003380|-0.216768556360
504,VALID_CAMPAIGN,UNIFORM,-620924838695379069,5,REVOLUTE_ONLY,0.276615882556,1.03080957715,-0.0520965794884,GUARDED_PRODUCTION,true,true,SUCCESS,NONE,42,true,true,1.49127947114e-07,false,false,false,false,0,112.465537738,185750,0.144961168043|1.66929590100|-0.520067472285|0.219659373764|0.0407950825759
504,VALID_CAMPAIGN,UNIFORM,-620924838695379069,5,REVOLUTE_ONLY,0.276615882556,1.03080957715,-0.0520965794884,UNGUARDED_REFERENCE,true,false,CONVERGED_UNCERTIFIED,NO_GUARDS_OR_FINAL_CERTIFICATION,15,true,false,1.64834144345e-08,false,true,false,true,0,NaN,25959,1.31237964813|0.179442146170|11.9716219549|-20.1933989480|-28.0679455526
505,VALID_CAMPAIGN,NEAR_JOINT_LIMIT,-1058483866014930919,5,REVOLUTE_ONLY,-0.365313092157,0.196725134801,0.446938717189,GUARDED_PRODUCTION,false,false,NO_CONVERGENCE,STAGNATION_WINDOW_EXCEEDED,25,true,true,0.802902143423,false,false,false,false,0,5.11148593541,109667,-0.521475697186|2.37713844122|-0.255090086613|0.398571016795|0.178658518446
505,VALID_CAMPAIGN,NEAR_JOINT_LIMIT,-1058483866014930919,5,REVOLUTE_ONLY,-0.365313092157,0.196725134801,0.446938717189,UNGUARDED_REFERENCE,true,false,CONVERGED_UNCERTIFIED,NO_GUARDS_OR_FINAL_CERTIFICATION,9,true,false,6.96244149561e-09,false,true,false,true,0,NaN,15541,1.84234371543|-3.53561700933|13.3162870097|-35.7498146519|-44.9040860131
506,VALID_CAMPAIGN,NEAR_SINGULARITY,8139357700904954567,5,REVOLUTE_ONLY,1.46556000051,-0.0799999503281,0.200000021585,GUARDED_PRODUCTION,true,true,SUCCESS,NONE,65,true,true,1.00041815483e-08,false,false,false,false,0,4.38955096352,289000,-0.0829920503583|0.135022061548|-0.0353633771527|0.0609864974332|-0.0947035238151
506,VALID_CAMPAIGN,NEAR_SINGULARITY,8139357700904954567,5,REVOLUTE_ONLY,1.46556000051,-0.0799999503281,0.200000021585,UNGUARDED_REFERENCE,true,false,CONVERGED_UNCERTIFIED,NO_GUARDS_OR_FINAL_CERTIFICATION,23,true,false,1.06626731808e-07,false,true,false,true,0,NaN,39667,-0.0557515983986|0.100962165642|12.5269535579|-56.4806441531|-44.1073742327
507,VALID_CAMPAIGN,MICRO_MOTION,6382205964043965207,5,REVOLUTE_ONLY,1.46556000561,-0.0799994536091,0.200000237431,GUARDED_PRODUCTION,true,true,SUCCESS,NONE,1,true,true,5.41627058623e-07,false,false,false,false,0,NaN,3584,-0.0829920503583|0.135022061548|-0.0353633771527|0.0609864974332|-0.0947035238151
507,VALID_CAMPAIGN,MICRO_MOTION,6382205964043965207,5,REVOLUTE_ONLY,1.46556000561,-0.0799994536091,0.200000237431,UNGUARDED_REFERENCE,true,false,CONVERGED_UNCERTIFIED,NO_GUARDS_OR_FINAL_CERTIFICATION,1,true,false,5.50742168417e-07,false,true,false,true,0,NaN,1583,-0.0557515983986|0.100962165642|12.5269535579|-56.4806441531|-44.1073742327
508,VALID_CAMPAIGN,UNIFORM,2491926241636131827,5,REVOLUTE_ONLY,0.0378849394238,1.23326046379,-0.140293189989,GUARDED_PRODUCTION,true,true,SUCCESS,NONE,42,true,true,2.13605945096e-08,false,false,false,false,0,101.604870148,187625,0.806743315141|1.13495718377|-0.560562015351|0.0455553581278|0.0119366948413
508,VALID_CAMPAIGN,UNIFORM,2491926241636131827,5,REVOLUTE_ONLY,0.0378849394238,1.23326046379,-0.140293189989,UNGUARDED_REFERENCE,true,false,CONVERGED_UNCERTIFIED,NO_GUARDS_OR_FINAL_CERTIFICATION,28,true,false,4.98419585668e-08,false,true,false,true,0,NaN,49750,-17.3502847780|25.5173312467|-7.22571557565|-5.83936924001|-39.1411374460
509,VALID_CAMPAIGN,NEAR_JOINT_LIMIT,6488497367766179795,5,REVOLUTE_ONLY,-0.476056037443,-0.312206713167,0.446938717189,GUARDED_PRODUCTION,false,false,NO_CONVERGENCE,STAGNATION_WINDOW_EXCEEDED,37,true,true,1.16294584231,false,false,false,false,0,7.95404588881,185166,-0.122176182398|2.37713844122|-0.290927294981|0.214850667334|0.238643786054
509,VALID_CAMPAIGN,NEAR_JOINT_LIMIT,6488497367766179795,5,REVOLUTE_ONLY,-0.476056037443,-0.312206713167,0.446938717189,UNGUARDED_REFERENCE,true,false,CONVERGED_UNCERTIFIED,NO_GUARDS_OR_FINAL_CERTIFICATION,9,true,false,1.58105749278e-07,false,true,false,true,0,NaN,15750,-15.2404905287|27.4959432804|-9.18406147503|-1.55717460685|-50.5623024889
510,VALID_CAMPAIGN,NEAR_SINGULARITY,7248922824816806900,5,REVOLUTE_ONLY,1.46556000051,-0.0799999503281,0.200000021585,GUARDED_PRODUCTION,true,true,SUCCESS,NONE,71,true,true,1.65191358871e-08,false,false,false,false,0,4.47539483607,311333,-0.101535872200|0.155145771428|-0.0224528519145|0.0386932731004|-0.0558905047197
510,VALID_CAMPAIGN,NEAR_SINGULARITY,7248922824816806900,5,REVOLUTE_ONLY,1.46556000051,-0.0799999503281,0.200000021585,UNGUARDED_REFERENCE,true,false,CONVERGED_UNCERTIFIED,NO_GUARDS_OR_FINAL_CERTIFICATION,32,true,false,7.92545652968e-08,false,true,false,true,0,NaN,56333,-6.32929915908|50.3169005788|-6.20723339779|-18.9802766390|-50.1761929234
511,VALID_CAMPAIGN,MICRO_MOTION,1921888985677170843,5,REVOLUTE_ONLY,1.46556000561,-0.0799994536091,0.200000237431,GUARDED_PRODUCTION,true,true,SUCCESS,NONE,1,true,true,5.41691020028e-07,false,false,false,false,0,NaN,4250,-0.101535872200|0.155145771428|-0.0224528519145|0.0386932731004|-0.0558905047197
511,VALID_CAMPAIGN,MICRO_MOTION,1921888985677170843,5,REVOLUTE_ONLY,1.46556000561,-0.0799994536091,0.200000237431,UNGUARDED_REFERENCE,true,false,CONVERGED_UNCERTIFIED,NO_GUARDS_OR_FINAL_CERTIFICATION,1,true,false,5.46042789560e-07,false,true,false,true,0,NaN,2917,-6.32929915908|50.3169005788|-6.20723339779|-18.9802766390|-50.1761929234
512,VALID_CAMPAIGN,UNIFORM,-6839080839712717648,5,REVOLUTE_ONLY,0.661880089586,-0.858942300293,-0.101918532730,GUARDED_PRODUCTION,true,true,SUCCESS,NONE,48,true,true,1.86071613309e-07,false,false,false,false,0,87.2517460865,214625,-1.97476816260|1.52072158745|-0.633932631044|0.265323876349|0.261146925250
512,VALID_CAMPAIGN,UNIFORM,-6839080839712717648,5,REVOLUTE_ONLY,0.661880089586,-0.858942300293,-0.101918532730,UNGUARDED_REFERENCE,true,false,CONVERGED_UNCERTIFIED,NO_GUARDS_OR_FINAL_CERTIFICATION,10,true,false,4.05566979553e-09,false,true,false,true,0,NaN,17750,-7.17615515167|43.8260264333|-1.11364320047|-24.3795803963|-23.1619907926
513,VALID_CAMPAIGN,NEAR_JOINT_LIMIT,-3590714131647863219,5,REVOLUTE_ONLY,-0.201186403917,-0.115495378219,-0.0766745104401,GUARDED_PRODUCTION,true,true,SUCCESS,NONE,195,true,true,5.27849624849e-07,false,false,false,false,0,5.41952816631,937750,-3.14159265359|2.37713805256|-2.67427882610|1.78285383091|1.78285383091
513,VALID_CAMPAIGN,NEAR_JOINT_LIMIT,-3590714131647863219,5,REVOLUTE_ONLY,-0.201186403917,-0.115495378219,-0.0766745104401,UNGUARDED_REFERENCE,true,false,CONVERGED_UNCERTIFIED,NO_GUARDS_OR_FINAL_CERTIFICATION,12,true,false,1.43884779565e-07,false,true,false,true,0,NaN,28250,-0.817681806265|41.1005597038|-1.70589185303|-29.7242191993|-23.5841933421
514,VALID_CAMPAIGN,NEAR_SINGULARITY,3709088977698645649,5,REVOLUTE_ONLY,1.46556000051,-0.0799999503281,0.200000021585,GUARDED_PRODUCTION,true,true,SUCCESS,NONE,137,true,true,7.00956928824e-09,false,false,false,false,0,2.82418823517,661292,-0.0504157984502|0.0706736985541|-0.0231778867343|0.0399319255586|0.0107487271783
514,VALID_CAMPAIGN,NEAR_SINGULARITY,3709088977698645649,5,REVOLUTE_ONLY,1.46556000051,-0.0799999503281,0.200000021585,UNGUARDED_REFERENCE,true,false,CONVERGED_UNCERTIFIED,NO_GUARDS_OR_FINAL_CERTIFICATION,19,true,false,2.85436225809e-07,false,true,false,true,0,NaN,35542,6.22452384003|31.5309704663|0.149734238899|-25.3906314416|-31.6009482670
515,VALID_CAMPAIGN,MICRO_MOTION,4472654390548907335,5,REVOLUTE_ONLY,1.46556000561,-0.0799994536091,0.200000237431,GUARDED_PRODUCTION,true,true,SUCCESS,NONE,1,true,true,5.41570173239e-07,false,false,false,false,0,NaN,4500,-0.0504157984502|0.0706736985541|-0.0231778867343|0.0399319255586|0.0107487271783
515,VALID_CAMPAIGN,MICRO_MOTION,4472654390548907335,5,REVOLUTE_ONLY,1.46556000561,-0.0799994536091,0.200000237431,UNGUARDED_REFERENCE,true,false,CONVERGED_UNCERTIFIED,NO_GUARDS_OR_FINAL_CERTIFICATION,1,true,false,6.07451651498e-07,false,true,false,true,0,NaN,1709,6.22452384003|31.5309704663|0.149734238899|-25.3906314416|-31.6009482670
516,VALID_CAMPAIGN,UNIFORM,9050468348604883318,5,REVOLUTE_ONLY,-0.982259667412,0.0780055450180,0.634581642555,GUARDED_PRODUCTION,false,false,NO_CONVERGENCE,STAGNATION_WINDOW_EXCEEDED,139,true,true,0.424617326700,false,false,false,false,0,112.397313309,652666,2.88439066233|-2.37713844122|2.52695174234|-0.0616474956296|0.377762071623
516,VALID_CAMPAIGN,UNIFORM,9050468348604883318,5,REVOLUTE_ONLY,-0.982259667412,0.0780055450180,0.634581642555,UNGUARDED_REFERENCE,true,false,CONVERGED_UNCERTIFIED,NO_GUARDS_OR_FINAL_CERTIFICATION,8,true,false,1.32171007603e-07,false,true,false,true,0,NaN,15208,3.31831735401|43.4729340419|44.4813658450|-99.4620094529|-74.6978282855
517,VALID_CAMPAIGN,NEAR_JOINT_LIMIT,-5239680228381943743,5,REVOLUTE_ONLY,-0.363873504250,0.0405159257295,0.196425017321,GUARDED_PRODUCTION,true,true,SUCCESS,NONE,132,true,true,9.26188011851e-07,false,false,false,false,0,9.90168461524,606667,2.39566732529|-1.18406505893|2.67428074637|0.594415217599|0.128619781242
517,VALID_CAMPAIGN,NEAR_JOINT_LIMIT,-5239680228381943743,5,REVOLUTE_ONLY,-0.363873504250,0.0405159257295,0.196425017321,UNGUARDED_REFERENCE,true,false,CONVERGED_UNCERTIFIED,NO_GUARDS_OR_FINAL_CERTIFICATION,7,true,false,1.71212266635e-09,false,true,false,true,0,NaN,12458,4.53298647625|41.4742144296|44.4704060112|-97.1843610314|-73.0847879034
518,VALID_CAMPAIGN,NEAR_SINGULARITY,-5943246669891035797,5,REVOLUTE_ONLY,1.46556000051,-0.0799999503281,0.200000021585,GUARDED_PRODUCTION,false,false,NO_CONVERGENCE,STAGNATION_WINDOW_EXCEEDED,98,true,true,0.744619757590,false,false,false,false,0,2.58808852602,452792,0.0266684125317|2.27616461916|2.67428074637|0.172608387862|-0.907707951350
518,VALID_CAMPAIGN,NEAR_SINGULARITY,-5943246669891035797,5,REVOLUTE_ONLY,1.46556000051,-0.0799999503281,0.200000021585,UNGUARDED_REFERENCE,true,false,CONVERGED_UNCERTIFIED,NO_GUARDS_OR_FINAL_CERTIFICATION,25,true,false,3.11344592049e-07,false,true,false,true,0,NaN,65458,12.5071577965|50.3891386729|44.1111912698|-94.4703056470|-88.1973819787
519,VALID_CAMPAIGN,MICRO_MOTION,1220364441907713108,5,REVOLUTE_ONLY,1.46556000561,-0.0799994536091,0.200000237431,GUARDED_PRODUCTION,false,false,NO_CONVERGENCE,STAGNATION_WINDOW_EXCEEDED,7,true,true,0.755295651029,false,false,false,false,0,41.9762506937,29834,0.0154948407704|2.33091396149|2.67428074637|0.0789018079960|-0.835886373643
519,VALID_CAMPAIGN,MICRO_MOTION,1220364441907713108,5,REVOLUTE_ONLY,1.46556000561,-0.0799994536091,0.200000237431,UNGUARDED_REFERENCE,true,false,CONVERGED_UNCERTIFIED,NO_GUARDS_OR_FINAL_CERTIFICATION,1,true,false,6.19426762973e-07,false,true,false,true,0,NaN,917,12.5071577965|50.3891386729|44.1111912698|-94.4703056470|-88.1973819787
520,VALID_CAMPAIGN,UNIFORM,-8107539425595497798,5,REVOLUTE_ONLY,0.120798123304,0.218787548643,0.367838410593,GUARDED_PRODUCTION,false,false,NO_CONVERGENCE,STAGNATION_WINDOW_EXCEEDED,67,true,true,0.578653481057,false,false,false,false,0,60.3555562227,293042,-0.585871907599|2.37713844122|1.91862710995|0.870323560401|-1.78285383091
520,VALID_CAMPAIGN,UNIFORM,-8107539425595497798,5,REVOLUTE_ONLY,0.120798123304,0.218787548643,0.367838410593,UNGUARDED_REFERENCE,true,false,CONVERGED_UNCERTIFIED,NO_GUARDS_OR_FINAL_CERTIFICATION,10,true,false,7.58843642469e-10,false,true,false,true,0,NaN,16584,11.2343601649|59.6535605919|63.4605122977|-126.190524088|-122.123917279
521,VALID_CAMPAIGN,NEAR_JOINT_LIMIT,-4005900801755725308,5,REVOLUTE_ONLY,-0.197260635348,-0.102420197473,0.103375649618,GUARDED_PRODUCTION,false,false,NO_CONVERGENCE,STAGNATION_WINDOW_EXCEEDED,135,true,true,0.372424680049,false,false,false,false,0,4.87019648832,563583,-3.14159265359|2.37713844122|2.67428074637|1.78285383091|-1.78285383091
521,VALID_CAMPAIGN,NEAR_JOINT_LIMIT,-4005900801755725308,5,REVOLUTE_ONLY,-0.197260635348,-0.102420197473,0.103375649618,UNGUARDED_REFERENCE,true,false,CONVERGED_UNCERTIFIED,NO_GUARDS_OR_FINAL_CERTIFICATION,37,true,false,3.06946146831e-07,false,true,false,true,0,NaN,62250,10.1645233341|59.6420484938|61.5589190848|-122.153807732|-124.601644510
522,VALID_CAMPAIGN,NEAR_SINGULARITY,-2762335520585171274,5,REVOLUTE_ONLY,1.46556000051,-0.0799999503281,0.200000021585,GUARDED_PRODUCTION,true,true,SUCCESS,NONE,251,true,true,1.26662749826e-08,false,false,false,false,0,4.27270810735,1096875,-0.0606633486511|0.126257382827|-0.00449449463366|0.00778161784409|-0.235968090358
522,VALID_CAMPAIGN,NEAR_SINGULARITY,-2762335520585171274,5,REVOLUTE_ONLY,1.46556000051,-0.0799999503281,0.200000021585,UNGUARDED_REFERENCE,true,false,CONVERGED_UNCERTIFIED,NO_GUARDS_OR_FINAL_CERTIFICATION,19,true,false,4.55613405929e-08,false,true,false,true,0,NaN,32417,18.7911641282|37.8203391709|69.2483705491|-125.893793622|-107.039274576
523,VALID_CAMPAIGN,MICRO_MOTION,-4797191026491765898,5,REVOLUTE_ONLY,1.46556000561,-0.0799994536091,0.200000237431,GUARDED_PRODUCTION,true,true,SUCCESS,NONE,1,true,true,5.41608877071e-07,false,false,false,false,0,NaN,3583,-0.0606633486511|0.126257382827|-0.00449449463366|0.00778161784409|-0.235968090358
523,VALID_CAMPAIGN,MICRO_MOTION,-4797191026491765898,5,REVOLUTE_ONLY,1.46556000561,-0.0799994536091,0.200000237431,UNGUARDED_REFERENCE,true,false,CONVERGED_UNCERTIFIED,NO_GUARDS_OR_FINAL_CERTIFICATION,1,true,false,5.42659701720e-07,false,true,false,true,0,NaN,750,18.7911641282|37.8203391709|69.2483705491|-125.893793622|-107.039274576
524,VALID_CAMPAIGN,UNIFORM,-4471268496850648717,5,REVOLUTE_ONLY,-0.452426937793,-0.848947080889,-0.419027390548,GUARDED_PRODUCTION,true,true,SUCCESS,NONE,52,true,true,4.23165769054e-08,false,false,false,false,0,112.413994176,274792,-1.43549580399|-0.790850379739|-1.06589349931|-0.220089035954|-0.478526871729
524,VALID_CAMPAIGN,UNIFORM,-4471268496850648717,5,REVOLUTE_ONLY,-0.452426937793,-0.848947080889,-0.419027390548,UNGUARDED_REFERENCE,true,false,CONVERGED_UNCERTIFIED,NO_GUARDS_OR_FINAL_CERTIFICATION,10,true,false,5.01504130658e-09,false,true,false,true,0,NaN,18167,17.0438215181|50.0991657606|99.6427405599|-170.484677900|-157.561569762
525,VALID_CAMPAIGN,NEAR_JOINT_LIMIT,-7636811124921811650,5,REVOLUTE_ONLY,-0.431135471948,-0.355283996222,-0.0766745104401,GUARDED_PRODUCTION,true,true,SUCCESS,NONE,47,true,true,6.82088135118e-10,false,false,false,false,0,12.3471260498,218125,-0.272076895703|-2.33173112430|-0.438586829373|-0.154384512440|-1.20580569098
525,VALID_CAMPAIGN,NEAR_JOINT_LIMIT,-7636811124921811650,5,REVOLUTE_ONLY,-0.431135471948,-0.355283996222,-0.0766745104401,UNGUARDED_REFERENCE,true,false,CONVERGED_UNCERTIFIED,NO_GUARDS_OR_FINAL_CERTIFICATION,7,true,false,1.37673043914e-07,false,true,false,true,0,NaN,11708,17.2625013420|48.8546605508|99.3863898934|-172.459873764|-159.793575418
526,VALID_CAMPAIGN,NEAR_SINGULARITY,-6822314279399095537,5,REVOLUTE_ONLY,1.46556000051,-0.0799999503281,0.200000021585,GUARDED_PRODUCTION,true,true,SUCCESS,NONE,100,true,true,8.55260491345e-07,false,false,false,false,0,4.70868246044,457584,-0.0602977576438|0.132910934099|0.0593457310205|-0.102850359789|-0.280287133073
526,VALID_CAMPAIGN,NEAR_SINGULARITY,-6822314279399095537,5,REVOLUTE_ONLY,1.46556000051,-0.0799999503281,0.200000021585,UNGUARDED_REFERENCE,true,false,CONVERGED_UNCERTIFIED,NO_GUARDS_OR_FINAL_CERTIFICATION,14,true,false,9.05446549113e-07,false,true,false,true,0,NaN,24792,18.8023978125|50.3252125436|94.3734884325|-169.862006173|-157.031308211
527,VALID_CAMPAIGN,MICRO_MOTION,-5074576532094198383,5,REVOLUTE_ONLY,1.46556000561,-0.0799994536091,0.200000237431,GUARDED_PRODUCTION,true,true,SUCCESS,NONE,1,true,true,9.63887400780e-07,false,false,false,false,0,NaN,3292,-0.0602977576438|0.132910934099|0.0593457310205|-0.102850359789|-0.280287133073
527,VALID_CAMPAIGN,MICRO_MOTION,-5074576532094198383,5,REVOLUTE_ONLY,1.46556000561,-0.0799994536091,0.200000237431,UNGUARDED_REFERENCE,true,false,CONVERGED_UNCERTIFIED,NO_GUARDS_OR_FINAL_CERTIFICATION,2,true,false,3.98987401501e-08,false,true,false,true,0,NaN,2667,18.8023962620|50.3252193167|94.3734773103|-169.861986398|-157.031332911
528,VALID_CAMPAIGN,UNIFORM,8185181651406514078,5,REVOLUTE_ONLY,0.274049344017,0.454357543964,-0.322129063298,GUARDED_PRODUCTION,true,true,SUCCESS,NONE,259,true,true,9.43536608892e-07,false,false,false,false,0,112.899596082,1173375,0.0155198254809|2.37713844122|-0.745747944237|-1.37381176601|-0.877053469750
528,VALID_CAMPAIGN,UNIFORM,8185181651406514078,5,REVOLUTE_ONLY,0.274049344017,0.454357543964,-0.322129063298,UNGUARDED_REFERENCE,true,false,CONVERGED_UNCERTIFIED,NO_GUARDS_OR_FINAL_CERTIFICATION,8,true,false,8.88652746430e-09,false,true,false,true,0,NaN,13291,20.6707819633|48.6794552699|110.644816644|-205.921555115|-119.309861470
529,VALID_CAMPAIGN,NEAR_JOINT_LIMIT,-3459908671092763449,5,REVOLUTE_ONLY,-0.246106969413,-0.0724180951636,0.446938717189,GUARDED_PRODUCTION,false,false,NO_CONVERGENCE,STAGNATION_WINDOW_EXCEEDED,24,true,true,1.02321575828,false,false,false,false,0,6.52559089153,98958,-0.0172840150785|2.37713844122|-0.713458870967|-1.78285383091|-1.03540151667
529,VALID_CAMPAIGN,NEAR_JOINT_LIMIT,-3459908671092763449,5,REVOLUTE_ONLY,-0.246106969413,-0.0724180951636,0.446938717189,UNGUARDED_REFERENCE,true,false,CONVERGED_UNCERTIFIED,NO_GUARDS_OR_FINAL_CERTIFICATION,7,true,false,4.72907617779e-07,false,true,false,true,0,NaN,11167,20.1785132089|46.9081334535|108.887246272|-203.122116012|-119.458883672
530,VALID_CAMPAIGN,NEAR_SINGULARITY,7627255393692301186,5,REVOLUTE_ONLY,1.46556000051,-0.0799999503281,0.200000021585,GUARDED_PRODUCTION,true,true,SUCCESS,NONE,107,true,true,1.09106570844e-08,false,false,false,false,0,5.18135895622,455125,-0.0603165843800|0.125817331700|0.126556053333|-0.218535823144|-0.236323944606
530,VALID_CAMPAIGN,NEAR_SINGULARITY,7627255393692301186,5,REVOLUTE_ONLY,1.46556000051,-0.0799999503281,0.200000021585,UNGUARDED_REFERENCE,true,false,CONVERGED_UNCERTIFIED,NO_GUARDS_OR_FINAL_CERTIFICATION,11,true,false,1.05550723704e-07,false,true,false,true,0,NaN,17334,18.8018711262|50.3212817714|106.914944133|-201.235278714|-119.304020162
531,VALID_CAMPAIGN,MICRO_MOTION,-5780667799562005934,5,REVOLUTE_ONLY,1.46556000561,-0.0799994536091,0.200000237431,GUARDED_PRODUCTION,true,true,SUCCESS,NONE,1,true,true,5.41499890171e-07,false,false,false,false,0,NaN,3416,-0.0603165843800|0.125817331700|0.126556053333|-0.218535823144|-0.236323944606
531,VALID_CAMPAIGN,MICRO_MOTION,-5780667799562005934,5,REVOLUTE_ONLY,1.46556000561,-0.0799994536091,0.200000237431,UNGUARDED_REFERENCE,true,false,CONVERGED_UNCERTIFIED,NO_GUARDS_OR_FINAL_CERTIFICATION,1,true,false,5.49942138625e-07,false,true,false,true,0,NaN,708,18.8018711262|50.3212817714|106.914944133|-201.235278714|-119.304020162
532,VALID_CAMPAIGN,UNIFORM,-5696688281704502069,5,REVOLUTE_ONLY,-0.0841251842970,0.924140992661,0.645076277329,GUARDED_PRODUCTION,true,true,SUCCESS,NONE,49,true,true,1.76820999625e-08,false,false,false,false,0,113.593472136,223958,0.606759008941|1.72256755560|0.804019301802|-0.0446518332076|-0.321546643943
532,VALID_CAMPAIGN,UNIFORM,-5696688281704502069,5,REVOLUTE_ONLY,-0.0841251842970,0.924140992661,0.645076277329,UNGUARDED_REFERENCE,true,false,CONVERGED_UNCERTIFIED,NO_GUARDS_OR_FINAL_CERTIFICATION,17,true,false,1.74199716076e-09,false,true,false,true,0,NaN,28584,21.0774561339|42.8683629437|120.569734487|-220.203960358|-67.8337687466
533,VALID_CAMPAIGN,NEAR_JOINT_LIMIT,-6655413604092815592,5,REVOLUTE_ONLY,-0.246106960313,-0.0724181260904,0.446938717189,GUARDED_PRODUCTION,false,false,NO_CONVERGENCE,STAGNATION_WINDOW_EXCEEDED,23,true,true,0.787057611697,false,false,false,false,0,6.52868553424,109458,-0.0422744703501|2.37713844122|0.744876303460|-0.0363930505458|-0.288933192457
533,VALID_CAMPAIGN,NEAR_JOINT_LIMIT,-6655413604092815592,5,REVOLUTE_ONLY,-0.246106960313,-0.0724181260904,0.446938717189,UNGUARDED_REFERENCE,true,false,CONVERGED_UNCERTIFIED,NO_GUARDS_OR_FINAL_CERTIFICATION,7,true,false,4.52678950836e-08,false,true,false,true,0,NaN,11625,22.1060585752|40.9018289740|121.440181546|-220.373208699|-66.1184563938
534,VALID_CAMPAIGN,NEAR_SINGULARITY,8708536030796014893,5,REVOLUTE_ONLY,1.46556000051,-0.0799999503281,0.200000021585,GUARDED_PRODUCTION,true,true,SUCCESS,NONE,71,true,true,1.11022802067e-07,false,false,false,false,0,5.11548582723,329584,-0.0935698439482|0.176962776461|0.0797173346567|-0.137938393066|-0.257524594447
534,VALID_CAMPAIGN,NEAR_SINGULARITY,8708536030796014893,5,REVOLUTE_ONLY,1.46556000051,-0.0799999503281,0.200000021585,UNGUARDED_REFERENCE,true,false,CONVERGED_UNCERTIFIED,NO_GUARDS_OR_FINAL_CERTIFICATION,21,true,false,5.11819011274e-08,false,true,false,true,0,NaN,35542,31.3557761653|69.2333031275|125.638284130|-226.150720922|-63.0234608511
535,VALID_CAMPAIGN,MICRO_MOTION,4110153636077927311,5,REVOLUTE_ONLY,1.46556000561,-0.0799994536091,0.200000237431,GUARDED_PRODUCTION,true,true,SUCCESS,NONE,1,true,true,5.49593061961e-07,false,false,false,false,0,NaN,4750,-0.0935698439482|0.176962776461|0.0797173346567|-0.137938393066|-0.257524594447
535,VALID_CAMPAIGN,MICRO_MOTION,4110153636077927311,5,REVOLUTE_ONLY,1.46556000561,-0.0799994536091,0.200000237431,UNGUARDED_REFERENCE,true,false,CONVERGED_UNCERTIFIED,NO_GUARDS_OR_FINAL_CERTIFICATION,1,true,false,5.43384079199e-07,false,true,false,true,0,NaN,750,31.3557761653|69.2333031275|125.638284130|-226.150720922|-63.0234608511
536,VALID_CAMPAIGN,UNIFORM,-169995648110463928,5,REVOLUTE_ONLY,0.803888739133,-0.799323522597,0.0550267960747,GUARDED_PRODUCTION,true,true,SUCCESS,NONE,48,true,true,1.60141806357e-07,false,false,false,false,0,99.4269010395,214417,-1.80839979124|1.62976990955|-0.0294848484002|-0.381482419310|-0.771777714177
536,VALID_CAMPAIGN,UNIFORM,-169995648110463928,5,REVOLUTE_ONLY,0.803888739133,-0.799323522597,0.0550267960747,UNGUARDED_REFERENCE,true,false,CONVERGED_UNCERTIFIED,NO_GUARDS_OR_FINAL_CERTIFICATION,34,true,false,8.43489522262e-09,false,true,false,true,0,NaN,60250,36.9437488040|75.3185492293|99.0386250640|-186.608456734|-99.8725058076
537,VALID_CAMPAIGN,NEAR_JOINT_LIMIT,6675197854304771750,5,REVOLUTE_ONLY,-0.427209673245,0.137368449426,0.103375649618,GUARDED_PRODUCTION,false,false,NO_CONVERGENCE,STAGNATION_WINDOW_EXCEEDED,266,true,true,0.825586117882,false,false,false,false,0,5.48385628454,1235208,-3.14159265359|2.37713844122|0.102493252576|-1.78285383091|-1.78285383091
537,VALID_CAMPAIGN,NEAR_JOINT_LIMIT,6675197854304771750,5,REVOLUTE_ONLY,-0.427209673245,0.137368449426,0.103375649618,UNGUARDED_REFERENCE,true,false,CONVERGED_UNCERTIFIED,NO_GUARDS_OR_FINAL_CERTIFICATION,8,true,false,6.71801837171e-09,false,true,false,true,0,NaN,18084,41.9924637665|67.2468608155|94.7806096810|-178.505854922|-95.8874765268
538,VALID_CAMPAIGN,NEAR_SINGULARITY,2208593140118685894,5,REVOLUTE_ONLY,1.46556000051,-0.0799999503281,0.200000021585,GUARDED_PRODUCTION,true,true,SUCCESS,NONE,120,true,true,8.52191625710e-09,false,false,false,false,0,3.44066566385,609750,-0.0607652345816|0.127258917319|0.123202788456|-0.212809245298|-0.241223648559
538,VALID_CAMPAIGN,NEAR_SINGULARITY,2208593140118685894,5,REVOLUTE_ONLY,1.46556000051,-0.0799999503281,0.200000021585,UNGUARDED_REFERENCE,true,false,CONVERGED_UNCERTIFIED,NO_GUARDS_OR_FINAL_CERTIFICATION,25,true,false,6.94778423093e-07,false,true,false,true,0,NaN,46541,43.9231949649|44.1078297760|94.3682410113|-182.420500287|-88.2098904492
539,VALID_CAMPAIGN,MICRO_MOTION,-6479039652577148814,5,REVOLUTE_ONLY,1.46556000561,-0.0799994536091,0.200000237431,GUARDED_PRODUCTION,true,true,SUCCESS,NONE,1,true,true,5.41507940996e-07,false,false,false,false,0,NaN,6042,-0.0607652345816|0.127258917319|0.123202788456|-0.212809245298|-0.241223648559
539,VALID_CAMPAIGN,MICRO_MOTION,-6479039652577148814,5,REVOLUTE_ONLY,1.46556000561,-0.0799994536091,0.200000237431,UNGUARDED_REFERENCE,true,false,CONVERGED_UNCERTIFIED,NO_GUARDS_OR_FINAL_CERTIFICATION,1,true,false,8.71815162378e-07,false,true,false,true,0,NaN,959,43.9231949649|44.1078297760|94.3682410113|-182.420500287|-88.2098904492
540,VALID_CAMPAIGN,UNIFORM,-1364981665334663883,5,REVOLUTE_ONLY,0.630820728765,-0.409877986885,0.607937401194,GUARDED_PRODUCTION,true,true,SUCCESS,NONE,53,true,true,7.53273168410e-08,false,false,false,false,0,113.603967611,241417,0.652465062087|-1.51105016175|0.965362830376|-0.213417733292|-1.15764887027
540,VALID_CAMPAIGN,UNIFORM,-1364981665334663883,5,REVOLUTE_ONLY,0.630820728765,-0.409877986885,0.607937401194,UNGUARDED_REFERENCE,true,false,CONVERGED_UNCERTIFIED,NO_GUARDS_OR_FINAL_CERTIFICATION,8,true,false,2.29016379911e-09,false,true,false,true,0,NaN,13959,43.8632552080|49.1383075824|102.746480750|-196.284368372|-112.082786368
541,VALID_CAMPAIGN,NEAR_JOINT_LIMIT,-7729371253749206203,5,REVOLUTE_ONLY,-0.365313092157,0.196725134801,0.446938717189,GUARDED_PRODUCTION,true,true,SUCCESS,NONE,167,true,true,8.61863024868e-07,false,false,false,false,0,5.27715288845,741083,2.04260335245|-2.37713844122|2.41078368868|0.179320924599|-1.28127031602
541,VALID_CAMPAIGN,NEAR_JOINT_LIMIT,-7729371253749206203,5,REVOLUTE_ONLY,-0.365313092157,0.196725134801,0.446938717189,UNGUARDED_REFERENCE,true,false,CONVERGED_UNCERTIFIED,NO_GUARDS_OR_FINAL_CERTIFICATION,9,true,false,9.69708581572e-08,false,true,false,true,0,NaN,16458,39.4471260737|46.5309028307|102.451826180|-196.881960643|-109.436071642
542,VALID_CAMPAIGN,NEAR_SINGULARITY,-5327705949372924298,5,REVOLUTE_ONLY,1.46556000051,-0.0799999503281,0.200000021585,GUARDED_PRODUCTION,true,true,SUCCESS,NONE,126,true,true,1.12395297018e-08,false,false,false,false,0,2.63395544738,585459,-0.0618273331325|0.135051762269|0.0579018114608|-0.100349059973|-0.279942437582
542,VALID_CAMPAIGN,NEAR_SINGULARITY,-5327705949372924298,5,REVOLUTE_ONLY,1.46556000051,-0.0799999503281,0.200000021585,UNGUARDED_REFERENCE,true,false,CONVERGED_UNCERTIFIED,NO_GUARDS_OR_FINAL_CERTIFICATION,16,true,false,5.88144347627e-08,false,true,false,true,0,NaN,31917,31.3542745187|62.9659622997|100.614082126|-188.639500356|-107.089806659
543,VALID_CAMPAIGN,MICRO_MOTION,6903146389714297079,5,REVOLUTE_ONLY,1.46556000561,-0.0799994536091,0.200000237431,GUARDED_PRODUCTION,true,true,SUCCESS,NONE,1,true,true,5.41495843451e-07,false,false,false,false,0,NaN,4958,-0.0618273331325|0.135051762269|0.0579018114608|-0.100349059973|-0.279942437582
543,VALID_CAMPAIGN,MICRO_MOTION,6903146389714297079,5,REVOLUTE_ONLY,1.46556000561,-0.0799994536091,0.200000237431,UNGUARDED_REFERENCE,true,false,CONVERGED_UNCERTIFIED,NO_GUARDS_OR_FINAL_CERTIFICATION,1,true,false,5.43780201556e-07,false,true,false,true,0,NaN,834,31.3542745187|62.9659622997|100.614082126|-188.639500356|-107.089806659
544,VALID_CAMPAIGN,UNIFORM,2520545462977448321,5,REVOLUTE_ONLY,0.532569993742,-0.277257934652,-0.301049777413,GUARDED_PRODUCTION,true,true,SUCCESS,NONE,61,true,true,4.37095140681e-08,false,false,false,false,0,112.960805816,306625,0.693925427591|-1.50770845727|-0.942683600797|-0.730367745659|-1.43873990963
544,VALID_CAMPAIGN,UNIFORM,2520545462977448321,5,REVOLUTE_ONLY,0.532569993742,-0.277257934652,-0.301049777413,UNGUARDED_REFERENCE,true,false,CONVERGED_UNCERTIFIED,NO_GUARDS_OR_FINAL_CERTIFICATION,7,true,false,1.23754032212e-09,false,true,false,true,0,NaN,12750,30.8007463446|69.0724506816|105.017395378|-195.391910128|-143.122057197
545,VALID_CAMPAIGN,NEAR_JOINT_LIMIT,-7476600709465685495,5,REVOLUTE_ONLY,-0.246106969413,-0.0724180951636,0.446938717189,GUARDED_PRODUCTION,false,false,NO_CONVERGENCE,STAGNATION_WINDOW_EXCEEDED,36,true,true,0.785570185159,false,false,false,false,0,5.64217091249,163250,1.44111106535|-2.37713844122|-0.488397643295|-1.03456802141|-1.78285383091
545,VALID_CAMPAIGN,NEAR_JOINT_LIMIT,-7476600709465685495,5,REVOLUTE_ONLY,-0.246106969413,-0.0724180951636,0.446938717189,UNGUARDED_REFERENCE,true,false,CONVERGED_UNCERTIFIED,NO_GUARDS_OR_FINAL_CERTIFICATION,11,true,false,1.71043330889e-09,false,true,false,true,0,NaN,19709,33.9523868803|71.8472933209|113.240355365|-192.584980257|-125.603118956
546,VALID_CAMPAIGN,NEAR_SINGULARITY,7779436962296234088,5,REVOLUTE_ONLY,1.46556000051,-0.0799999503281,0.200000021585,GUARDED_PRODUCTION,true,true,SUCCESS,NONE,93,true,true,1.64633344004e-08,false,false,false,false,0,4.55621010418,475000,-0.0610233374172|0.131098914839|0.104123529352|-0.180115978291|-0.262609822511
546,VALID_CAMPAIGN,NEAR_SINGULARITY,7779436962296234088,5,REVOLUTE_ONLY,1.46556000051,-0.0799999503281,0.200000021585,UNGUARDED_REFERENCE,true,false,CONVERGED_UNCERTIFIED,NO_GUARDS_OR_FINAL_CERTIFICATION,74,true,false,3.52160839928e-07,false,true,false,true,0,NaN,162958,31.3695577979|75.4518286162|125.761767295|-194.947408275|-119.302194077
547,VALID_CAMPAIGN,MICRO_MOTION,-8355864645047529684,5,REVOLUTE_ONLY,1.46556000561,-0.0799994536091,0.200000237431,GUARDED_PRODUCTION,true,true,SUCCESS,NONE,1,true,true,5.41468677800e-07,false,false,false,false,0,NaN,9542,-0.0610233374172|0.131098914839|0.104123529352|-0.180115978291|-0.262609822511
547,VALID_CAMPAIGN,MICRO_MOTION,-8355864645047529684,5,REVOLUTE_ONLY,1.46556000561,-0.0799994536091,0.200000237431,UNGUARDED_REFERENCE,true,false,CONVERGED_UNCERTIFIED,NO_GUARDS_OR_FINAL_CERTIFICATION,1,true,false,6.40788694039e-07,false,true,false,true,0,NaN,1708,31.3695577979|75.4518286162|125.761767295|-194.947408275|-119.302194077
548,VALID_CAMPAIGN,UNIFORM,8166076610117988180,5,REVOLUTE_ONLY,-0.0813321165613,0.409120482433,0.704602090922,GUARDED_PRODUCTION,true,true,SUCCESS,NONE,77,true,true,5.62109440261e-08,false,false,false,false,0,113.535094772,358458,1.90865954452|-0.350498580520|2.12356268959|-0.0245645386495|0.0785875392318
548,VALID_CAMPAIGN,UNIFORM,8166076610117988180,5,REVOLUTE_ONLY,-0.0813321165613,0.409120482433,0.704602090922,UNGUARDED_REFERENCE,true,false,CONVERGED_UNCERTIFIED,NO_GUARDS_OR_FINAL_CERTIFICATION,28,true,false,2.33624435984e-08,false,true,false,true,0,NaN,38208,39.5264645731|74.6099357633|134.144573601|-194.949147754|-56.3035804313
549,VALID_CAMPAIGN,NEAR_JOINT_LIMIT,-659100944947531773,5,REVOLUTE_ONLY,-0.427209673245,0.137368449426,0.103375649618,GUARDED_PRODUCTION,true,true,SUCCESS,NONE,161,true,true,9.44174117319e-07,false,false,false,false,0,18.1019826824,753875,2.45538999165|-1.12241767374|2.67428074637|0.927556367269|0.831821112644
549,VALID_CAMPAIGN,NEAR_JOINT_LIMIT,-659100944947531773,5,REVOLUTE_ONLY,-0.427209673245,0.137368449426,0.103375649618,UNGUARDED_REFERENCE,true,false,CONVERGED_UNCERTIFIED,NO_GUARDS_OR_FINAL_CERTIFICATION,8,true,false,1.15356674705e-08,false,true,false,true,0,NaN,10125,40.1508502925|65.2609840652|135.508083392|-197.869062620|-59.5333652914
550,VALID_CAMPAIGN,NEAR_SINGULARITY,-298530805909651153,5,REVOLUTE_ONLY,1.46556000051,-0.0799999503281,0.200000021585,GUARDED_PRODUCTION,false,false,NO_CONVERGENCE,STAGNATION_WINDOW_EXCEEDED,105,true,true,0.735769498220,false,false,false,false,0,3.59283877203,493959,-0.00246555364583|2.37713844122|2.67428074637|0.247773389719|-0.693060450095
550,VALID_CAMPAIGN,NEAR_SINGULARITY,-298530805909651153,5,REVOLUTE_ONLY,1.46556000051,-0.0799999503281,0.200000021585,UNGUARDED_REFERENCE,true,false,CONVERGED_UNCERTIFIED,NO_GUARDS_OR_FINAL_CERTIFICATION,15,true,false,2.36498250696e-07,false,true,false,true,0,NaN,18834,37.6375741970|75.5276385627|138.348357222|-194.983135730|-63.0795176390
551,VALID_CAMPAIGN,MICRO_MOTION,7855031372100713954,5,REVOLUTE_ONLY,1.46556000561,-0.0799994536091,0.200000237431,GUARDED_PRODUCTION,false,false,NO_CONVERGENCE,STAGNATION_WINDOW_EXCEEDED,7,true,true,0.748692567932,false,false,false,false,0,32.4741656149,29416,-0.0241325080833|2.37713844122|2.67428074637|0.120869366183|-0.710321530563
551,VALID_CAMPAIGN,MICRO_MOTION,7855031372100713954,5,REVOLUTE_ONLY,1.46556000561,-0.0799994536091,0.200000237431,UNGUARDED_REFERENCE,true,false,CONVERGED_UNCERTIFIED,NO_GUARDS_OR_FINAL_CERTIFICATION,1,true,false,5.86824658925e-07,false,true,false,true,0,NaN,625,37.6375741970|75.5276385627|138.348357222|-194.983135730|-63.0795176390
552,VALID_CAMPAIGN,UNIFORM,-6245277109266134513,5,REVOLUTE_ONLY,-0.193607665615,0.689479358731,0.667153822542,GUARDED_PRODUCTION,true,true,SUCCESS,NONE,57,true,true,4.99727046271e-08,false,false,false,false,0,50.0038175875,264208,1.64641096952|1.46990446999|1.82350599059|0.0828554771457|-1.23794652453
552,VALID_CAMPAIGN,UNIFORM,-6245277109266134513,5,REVOLUTE_ONLY,-0.193607665615,0.689479358731,0.667153822542,UNGUARDED_REFERENCE,true,false,CONVERGED_UNCERTIFIED,NO_GUARDS_OR_FINAL_CERTIFICATION,11,true,false,4.82228075844e-08,false,true,false,true,0,NaN,14583,40.3045689995|86.6902733545|163.885964449|-237.536160670|-113.066979579
553,VALID_CAMPAIGN,NEAR_JOINT_LIMIT,-7583530775029584447,5,REVOLUTE_ONLY,-0.476056037443,-0.312206713167,0.446938717189,GUARDED_PRODUCTION,true,true,SUCCESS,NONE,346,true,true,9.52375762238e-07,false,false,false,false,0,8.85580955202,1507834,3.14159265359|2.37713844122|1.51967262828|1.33745527829|-1.78285383091
553,VALID_CAMPAIGN,NEAR_JOINT_LIMIT,-7583530775029584447,5,REVOLUTE_ONLY,-0.476056037443,-0.312206713167,0.446938717189,UNGUARDED_REFERENCE,true,false,CONVERGED_UNCERTIFIED,NO_GUARDS_OR_FINAL_CERTIFICATION,6,true,false,3.14477152861e-07,false,true,false,true,0,NaN,6833,42.4037437176|86.2163100089|163.117142672|-236.673936977|-112.886766400
554,VALID_CAMPAIGN,NEAR_SINGULARITY,-5779102216767535661,5,REVOLUTE_ONLY,1.46556000051,-0.0799999503281,0.200000021585,GUARDED_PRODUCTION,false,false,MAX_ITERATIONS_REACHED,MAX_ITERATIONS_LIMIT_REACHED,800,true,true,1.72209003847,false,false,false,false,0,3.92277950810,3188375,3.14159265359|2.37713844122|-0.417402548918|1.78285383091|-1.78285383091
554,VALID_CAMPAIGN,NEAR_SINGULARITY,-5779102216767535661,5,REVOLUTE_ONLY,1.46556000051,-0.0799999503281,0.200000021585,UNGUARDED_REFERENCE,true,false,CONVERGED_UNCERTIFIED,NO_GUARDS_OR_FINAL_CERTIFICATION,13,true,false,1.41879425450e-07,false,true,false,true,0,NaN,18083,37.6427328495|88.0675359454|163.324088707|-232.411009831|-113.228917186
555,VALID_CAMPAIGN,MICRO_MOTION,-2715994112137910855,5,REVOLUTE_ONLY,1.46556000561,-0.0799994536091,0.200000237431,GUARDED_PRODUCTION,false,false,MAX_ITERATIONS_REACHED,MAX_ITERATIONS_LIMIT_REACHED,800,true,true,1.72126441639,false,false,false,false,0,3.31624716816,3297041,3.14159265359|2.37713844122|-0.440655096146|1.78285383091|-1.78285383091
555,VALID_CAMPAIGN,MICRO_MOTION,-2715994112137910855,5,REVOLUTE_ONLY,1.46556000561,-0.0799994536091,0.200000237431,UNGUARDED_REFERENCE,true,false,CONVERGED_UNCERTIFIED,NO_GUARDS_OR_FINAL_CERTIFICATION,1,true,false,5.58251865936e-07,false,true,false,true,0,NaN,2291,37.6427328495|88.0675359454|163.324088707|-232.411009831|-113.228917186
556,VALID_CAMPAIGN,UNIFORM,3175708867503684624,5,REVOLUTE_ONLY,-1.12337835000,-0.731763153277,0.247083836679,GUARDED_PRODUCTION,false,false,NO_CONVERGENCE,STAGNATION_WINDOW_EXCEEDED,37,true,true,0.292949076516,false,false,false,false,4,3.29914953320,187334,3.14159265359|0.988137882598|-0.462351184598|1.40799863614|-1.53035965353
556,VALID_CAMPAIGN,UNIFORM,3175708867503684624,5,REVOLUTE_ONLY,-1.12337835000,-0.731763153277,0.247083836679,UNGUARDED_REFERENCE,true,false,CONVERGED_UNCERTIFIED,NO_GUARDS_OR_FINAL_CERTIFICATION,9,true,false,1.25717342624e-07,false,true,false,true,0,NaN,15916,35.0798937389|94.4349051806|114.009632817|-145.879061825|-132.027434610
557,VALID_CAMPAIGN,NEAR_JOINT_LIMIT,950708781152522676,5,REVOLUTE_ONLY,-0.427209690507,0.137368395742,0.103375649618,GUARDED_PRODUCTION,false,false,NO_CONVERGENCE,STAGNATION_WINDOW_EXCEEDED,58,true,true,0.196255073432,false,false,false,false,2,8.04483787468,249792,1.38944931609|2.37713844122|-0.844602460711|1.78285383091|-1.78285383091
557,VALID_CAMPAIGN,NEAR_JOINT_LIMIT,950708781152522676,5,REVOLUTE_ONLY,-0.427209690507,0.137368395742,0.103375649618,UNGUARDED_REFERENCE,true,false,CONVERGED_UNCERTIFIED,NO_GUARDS_OR_FINAL_CERTIFICATION,8,true,false,4.48896245111e-07,false,true,false,true,0,NaN,9625,34.9194188848|95.0400047505|116.646970580|-151.451483159|-132.237632752
558,VALID_CAMPAIGN,NEAR_SINGULARITY,-3439435595062147511,5,REVOLUTE_ONLY,1.46556000051,-0.0799999503281,0.200000021585,GUARDED_PRODUCTION,true,true,SUCCESS,NONE,132,true,true,1.23275172397e-08,false,false,false,false,0,3.30493339842,576334,-0.0599018814384|0.122620920089|-0.0134788473800|0.0233243859408|-0.220376695231
558,VALID_CAMPAIGN,NEAR_SINGULARITY,-3439435595062147511,5,REVOLUTE_ONLY,1.46556000051,-0.0799999503281,0.200000021585,UNGUARDED_REFERENCE,true,false,CONVERGED_UNCERTIFIED,NO_GUARDS_OR_FINAL_CERTIFICATION,32,true,false,9.22535061794e-07,false,true,false,true,0,NaN,40334,69.0591577429|81.7794511968|132.109366293|-144.792409961|-144.619630460
559,VALID_CAMPAIGN,MICRO_MOTION,-1660470055241670032,5,REVOLUTE_ONLY,1.46556000561,-0.0799994536091,0.200000237431,GUARDED_PRODUCTION,true,true,SUCCESS,NONE,1,true,true,5.41621136135e-07,false,false,false,false,0,NaN,3250,-0.0599018814384|0.122620920089|-0.0134788473800|0.0233243859408|-0.220376695231
559,VALID_CAMPAIGN,MICRO_MOTION,-1660470055241670032,5,REVOLUTE_ONLY,1.46556000561,-0.0799994536091,0.200000237431,UNGUARDED_REFERENCE,true,false,CONVERGED_UNCERTIFIED,NO_GUARDS_OR_FINAL_CERTIFICATION,2,true,false,4.05374370109e-08,false,true,false,true,0,NaN,1709,69.0591585463|81.7794501440|132.109348448|-144.792378741|-144.619628614
560,VALID_CAMPAIGN,UNIFORM,-8741536752642509365,5,REVOLUTE_ONLY,0.531624966722,0.375448568787,0.608414661031,GUARDED_PRODUCTION,true,true,SUCCESS,NONE,62,true,true,1.44429570890e-08,false,false,false,false,0,112.409324703,273375,-0.118635092466|1.88947692400|0.562495400206|1.46511619419|-0.572475851480
560,VALID_CAMPAIGN,UNIFORM,-8741536752642509365,5,REVOLUTE_ONLY,0.531624966722,0.375448568787,0.608414661031,UNGUARDED_REFERENCE,true,false,CONVERGED_UNCERTIFIED,NO_GUARDS_OR_FINAL_CERTIFICATION,7,true,false,1.11086261361e-08,false,true,false,true,0,NaN,8458,68.9994210061|83.7597754332|152.471494475|-176.424309282|-146.327219595
561,VALID_CAMPAIGN,NEAR_JOINT_LIMIT,8272537117664195850,5,REVOLUTE_ONLY,-0.197260635348,-0.102420197473,0.103375649618,GUARDED_PRODUCTION,false,false,NO_CONVERGENCE,STAGNATION_WINDOW_EXCEEDED,166,true,true,0.340525285832,false,false,false,false,0,6.41850994393,716292,0.792756433919|2.37713844122|-0.766787228843|1.78285383091|1.61167710408
561,VALID_CAMPAIGN,NEAR_JOINT_LIMIT,8272537117664195850,5,REVOLUTE_ONLY,-0.197260635348,-0.102420197473,0.103375649618,UNGUARDED_REFERENCE,true,false,CONVERGED_UNCERTIFIED,NO_GUARDS_OR_FINAL_CERTIFICATION,11,true,false,4.99912399478e-09,false,true,false,true,0,NaN,13792,72.0184090846|78.9658152675|153.501815343|-179.971258560|-146.230006224
562,VALID_CAMPAIGN,NEAR_SINGULARITY,5878335590841482184,5,REVOLUTE_ONLY,1.46556000051,-0.0799999503281,0.200000021585,GUARDED_PRODUCTION,true,true,SUCCESS,NONE,132,true,true,2.39521054217e-08,false,false,false,false,0,2.33157433318,574334,-0.0487699336530|0.0625975065525|-0.00658186941747|0.0113388029580|0.0450126570205
562,VALID_CAMPAIGN,NEAR_SINGULARITY,5878335590841482184,5,REVOLUTE_ONLY,1.46556000051,-0.0799999503281,0.200000021585,UNGUARDED_REFERENCE,true,false,CONVERGED_UNCERTIFIED,NO_GUARDS_OR_FINAL_CERTIFICATION,26,true,false,7.39379283127e-08,false,true,false,true,0,NaN,32959,75.3431053307|75.4993563550|163.523460657|-182.488540226|-150.928040629
563,VALID_CAMPAIGN,MICRO_MOTION,7707709161272876798,5,REVOLUTE_ONLY,1.46556000561,-0.0799994536091,0.200000237431,GUARDED_PRODUCTION,true,true,SUCCESS,NONE,1,true,true,5.41873381585e-07,false,false,false,false,0,NaN,3583,-0.0487699336530|0.0625975065525|-0.00658186941747|0.0113388029580|0.0450126570205
563,VALID_CAMPAIGN,MICRO_MOTION,7707709161272876798,5,REVOLUTE_ONLY,1.46556000561,-0.0799994536091,0.200000237431,UNGUARDED_REFERENCE,true,false,CONVERGED_UNCERTIFIED,NO_GUARDS_OR_FINAL_CERTIFICATION,1,true,false,5.45185105875e-07,false,true,false,true,0,NaN,667,75.3431053307|75.4993563550|163.523460657|-182.488540226|-150.928040629
564,VALID_CAMPAIGN,UNIFORM,-4370101939107922826,5,REVOLUTE_ONLY,-0.271655791973,0.630776201587,-0.306809200665,GUARDED_PRODUCTION,true,true,SUCCESS,NONE,65,true,true,1.64325950934e-08,false,false,false,false,0,112.483775368,291417,0.677995381161|1.85932118633|-0.868699252638|-0.248057967434|0.998818581638
564,VALID_CAMPAIGN,UNIFORM,-4370101939107922826,5,REVOLUTE_ONLY,-0.271655791973,0.630776201587,-0.306809200665,UNGUARDED_REFERENCE,true,false,CONVERGED_UNCERTIFIED,NO_GUARDS_OR_FINAL_CERTIFICATION,6,true,false,2.62302729498e-07,false,true,false,true,0,NaN,7083,76.7522015242|76.9686472014|198.625113838|-243.567659929|-163.548550781
565,VALID_CAMPAIGN,NEAR_JOINT_LIMIT,8593187168504067702,5,REVOLUTE_ONLY,-0.483079646623,0.0837910222757,0.196425017321,GUARDED_PRODUCTION,false,false,NO_CONVERGENCE,STAGNATION_WINDOW_EXCEEDED,30,true,true,0.459608637221,false,false,false,false,0,4.86104437322,132666,0.157690641513|2.37713844122|-0.219158989164|-0.122559984531|1.43315966818
565,VALID_CAMPAIGN,NEAR_JOINT_LIMIT,8593187168504067702,5,REVOLUTE_ONLY,-0.483079646623,0.0837910222757,0.196425017321,UNGUARDED_REFERENCE,true,false,CONVERGED_UNCERTIFIED,NO_GUARDS_OR_FINAL_CERTIFICATION,6,true,false,4.68357386369e-07,false,true,false,true,0,NaN,7041,77.0154011091|77.7850589175|196.695922526|-241.410445107|-163.575018507
566,VALID_CAMPAIGN,NEAR_SINGULARITY,-6601620783412207498,5,REVOLUTE_ONLY,1.46556000051,-0.0799999503281,0.200000021585,GUARDED_PRODUCTION,true,true,SUCCESS,NONE,101,true,true,7.11041412965e-07,false,false,false,false,0,3.77011869243,442833,-0.0474219995014|0.0528976117029|0.0607872992262|-0.104657453225|0.0917003701960
566,VALID_CAMPAIGN,NEAR_SINGULARITY,-6601620783412207498,5,REVOLUTE_ONLY,1.46556000051,-0.0799999503281,0.200000021585,UNGUARDED_REFERENCE,true,false,CONVERGED_UNCERTIFIED,NO_GUARDS_OR_FINAL_CERTIFICATION,22,true,false,1.76686924267e-07,false,true,false,true,0,NaN,27667,69.0582534382|88.0705636135|188.654189482|-239.033866284|-157.225979839
567,VALID_CAMPAIGN,MICRO_MOTION,6876948424072598378,5,REVOLUTE_ONLY,1.46556000561,-0.0799994536091,0.200000237431,GUARDED_PRODUCTION,true,true,SUCCESS,NONE,1,true,true,9.00898427677e-07,false,false,false,false,0,NaN,21042,-0.0474219995014|0.0528976117029|0.0607872992262|-0.104657453225|0.0917003701960
567,VALID_CAMPAIGN,MICRO_MOTION,6876948424072598378,5,REVOLUTE_ONLY,1.46556000561,-0.0799994536091,0.200000237431,UNGUARDED_REFERENCE,true,false,CONVERGED_UNCERTIFIED,NO_GUARDS_OR_FINAL_CERTIFICATION,1,true,false,5.66476038517e-07,false,true,false,true,0,NaN,625,69.0582534382|88.0705636135|188.654189482|-239.033866284|-157.225979839
568,VALID_CAMPAIGN,UNIFORM,488509292135929057,5,REVOLUTE_ONLY,0.145743459922,0.401701671614,-0.248765184366,GUARDED_PRODUCTION,true,true,SUCCESS,NONE,72,true,true,3.50697860053e-10,false,false,false,false,0,112.973722352,314625,-0.513591843517|2.32982292224|-0.631521094748|-0.790511425100|1.32048089063
568,VALID_CAMPAIGN,UNIFORM,488509292135929057,5,REVOLUTE_ONLY,0.145743459922,0.401701671614,-0.248765184366,UNGUARDED_REFERENCE,true,false,CONVERGED_UNCERTIFIED,NO_GUARDS_OR_FINAL_CERTIFICATION,8,true,false,2.42533824566e-09,false,true,false,true,0,NaN,9375,69.4203250316|90.6703380524|212.743277824|-284.418149863|-170.714707824
569,VALID_CAMPAIGN,NEAR_JOINT_LIMIT,-8229823886660614684,5,REVOLUTE_ONLY,-0.537952611073,-0.252850020014,0.103375649618,GUARDED_PRODUCTION,false,false,NO_CONVERGENCE,STAGNATION_WINDOW_EXCEEDED,9,true,true,0.988235621382,false,false,false,false,0,4.02063978992,39542,-0.642475637868|2.37713844122|-0.609424689498|-0.857058052583|1.45148246774
569,VALID_CAMPAIGN,NEAR_JOINT_LIMIT,-8229823886660614684,5,REVOLUTE_ONLY,-0.537952611073,-0.252850020014,0.103375649618,UNGUARDED_REFERENCE,true,false,CONVERGED_UNCERTIFIED,NO_GUARDS_OR_FINAL_CERTIFICATION,10,true,false,6.18670296942e-10,false,true,false,true,0,NaN,11875,72.2841962273|90.0353275891|212.269110371|-285.337372411|-170.435604665
570,VALID_CAMPAIGN,NEAR_SINGULARITY,7838936869415605467,5,REVOLUTE_ONLY,1.46556000051,-0.0799999503281,0.200000021585,GUARDED_PRODUCTION,true,true,SUCCESS,NONE,90,true,true,1.83266608253e-08,false,false,false,false,0,3.93081648710,398542,-0.0477849106390|0.0552894182240|0.0954253343575|-0.164144833251|0.0804352811725
570,VALID_CAMPAIGN,NEAR_SINGULARITY,7838936869415605467,5,REVOLUTE_ONLY,1.46556000051,-0.0799999503281,0.200000021585,UNGUARDED_REFERENCE,true,false,CONVERGED_UNCERTIFIED,NO_GUARDS_OR_FINAL_CERTIFICATION,30,true,false,3.56322971497e-07,false,true,false,true,0,NaN,38000,69.0525389732|100.663606133|213.736049502|-282.929678279|-163.621861217
571,VALID_CAMPAIGN,MICRO_MOTION,9193263329191475969,5,REVOLUTE_ONLY,1.46556000561,-0.0799994536091,0.200000237431,GUARDED_PRODUCTION,true,true,SUCCESS,NONE,1,true,true,5.41624521665e-07,false,false,false,false,0,NaN,44750,-0.0477849106390|0.0552894182240|0.0954253343575|-0.164144833251|0.0804352811725
571,VALID_CAMPAIGN,MICRO_MOTION,9193263329191475969,5,REVOLUTE_ONLY,1.46556000561,-0.0799994536091,0.200000237431,UNGUARDED_REFERENCE,true,false,CONVERGED_UNCERTIFIED,NO_GUARDS_OR_FINAL_CERTIFICATION,1,true,false,6.42424431420e-07,false,true,false,true,0,NaN,625,69.0525389732|100.663606133|213.736049502|-282.929678279|-163.621861217
572,VALID_CAMPAIGN,UNIFORM,7073753983753823581,5,REVOLUTE_ONLY,-0.580827555517,-0.367117523054,-0.236468785298,GUARDED_PRODUCTION,true,true,SUCCESS,NONE,171,true,true,9.20247327860e-07,false,false,false,false,0,112.983764512,779833,-2.46854769864|-0.474186291104|-0.921069882484|-1.78285383091|0.796443765262
572,VALID_CAMPAIGN,UNIFORM,7073753983753823581,5,REVOLUTE_ONLY,-0.580827555517,-0.367117523054,-0.236468785298,UNGUARDED_REFERENCE,true,false,CONVERGED_UNCERTIFIED,NO_GUARDS_OR_FINAL_CERTIFICATION,11,true,false,8.51686397869e-08,false,true,false,true,0,NaN,13167,65.6174487136|114.572693532|231.452358091|-314.723747333|-230.591439464
573,VALID_CAMPAIGN,NEAR_JOINT_LIMIT,-5363435407793924036,5,REVOLUTE_ONLY,-0.483079636094,0.0837910829813,0.196425017321,GUARDED_PRODUCTION,false,false,MAX_ITERATIONS_REACHED,MAX_ITERATIONS_LIMIT_REACHED,800,true,true,0.150430270862,false,false,false,false,0,5.55834671766,3620041,-3.14159265359|-1.09936800447|-2.27200135508|-1.78285383091|0.792725810681
573,VALID_CAMPAIGN,NEAR_JOINT_LIMIT,-5363435407793924036,5,REVOLUTE_ONLY,-0.483079636094,0.0837910829813,0.196425017321,UNGUARDED_REFERENCE,true,false,CONVERGED_UNCERTIFIED,NO_GUARDS_OR_FINAL_CERTIFICATION,6,true,false,2.47567431091e-07,false,true,false,true,0,NaN,8083,64.0019594467|115.468936575|232.703190146|-315.016209560|-230.164245704
574,VALID_CAMPAIGN,NEAR_SINGULARITY,8876048746143950940,5,REVOLUTE_ONLY,1.46556000051,-0.0799999503281,0.200000021585,GUARDED_PRODUCTION,false,false,NO_CONVERGENCE,STAGNATION_WINDOW_EXCEEDED,99,true,true,0.834133388683,false,false,false,false,0,4.92143240099,442458,-0.240779596997|-2.37713844122|-2.67428074637|-0.619759145657|0.586248552872
574,VALID_CAMPAIGN,NEAR_SINGULARITY,8876048746143950940,5,REVOLUTE_ONLY,1.46556000051,-0.0799999503281,0.200000021585,UNGUARDED_REFERENCE,true,false,CONVERGED_UNCERTIFIED,NO_GUARDS_OR_FINAL_CERTIFICATION,14,true,false,1.33531149836e-07,false,true,false,true,0,NaN,16791,43.9218521960|132.072984324|232.604038175|-314.377162336|-232.714740347
575,VALID_CAMPAIGN,MICRO_MOTION,4343086309619359488,5,REVOLUTE_ONLY,1.46556000561,-0.0799994536091,0.200000237431,GUARDED_PRODUCTION,false,false,NO_CONVERGENCE,STAGNATION_WINDOW_EXCEEDED,7,true,true,0.843050582411,false,false,false,false,0,7.84278293037,29458,-0.195160005452|-2.37713844122|-2.67428074637|-0.553563080083|0.571001854086
575,VALID_CAMPAIGN,MICRO_MOTION,4343086309619359488,5,REVOLUTE_ONLY,1.46556000561,-0.0799994536091,0.200000237431,UNGUARDED_REFERENCE,true,false,CONVERGED_UNCERTIFIED,NO_GUARDS_OR_FINAL_CERTIFICATION,1,true,false,5.55367765915e-07,false,true,false,true,0,NaN,667,43.9218521960|132.072984324|232.604038175|-314.377162336|-232.714740347
576,VALID_CAMPAIGN,UNIFORM,8958961747600200128,5,REVOLUTE_ONLY,0.527994359975,-1.29300952708,0.0479818548811,GUARDED_PRODUCTION,false,false,NO_CONVERGENCE,STAGNATION_WINDOW_EXCEEDED,77,true,true,0.801984567123,false,false,false,false,0,7.96978712698,329208,-1.21112567027|-2.37713844122|-2.67428074637|-0.246589800099|0.515551418384
576,VALID_CAMPAIGN,UNIFORM,8958961747600200128,5,REVOLUTE_ONLY,0.527994359975,-1.29300952708,0.0479818548811,UNGUARDED_REFERENCE,true,false,CONVERGED_UNCERTIFIED,NO_GUARDS_OR_FINAL_CERTIFICATION,12,true,false,4.66658497807e-09,false,true,false,true,0,NaN,14792,42.7983719367|138.457349657|245.131125277|-333.658943552|-252.227326603
577,VALID_CAMPAIGN,NEAR_JOINT_LIMIT,8697036903856722316,5,REVOLUTE_ONLY,-0.483079646623,0.0837910222757,0.196425017321,GUARDED_PRODUCTION,false,false,NO_CONVERGENCE,STAGNATION_WINDOW_EXCEEDED,255,true,true,0.152104149911,false,false,false,false,0,8.91561631932,1121375,-3.14159265359|-0.885082423315|-2.30635193734|-1.78285383091|0.886166839850
577,VALID_CAMPAIGN,NEAR_JOINT_LIMIT,8697036903856722316,5,REVOLUTE_ONLY,-0.483079646623,0.0837910222757,0.196425017321,UNGUARDED_REFERENCE,true,false,CONVERGED_UNCERTIFIED,NO_GUARDS_OR_FINAL_CERTIFICATION,8,true,false,8.71716114215e-11,false,true,false,true,0,NaN,10875,42.1007152068|142.139726205|250.769008479|-343.742634626|-262.124182576
578,VALID_CAMPAIGN,NEAR_SINGULARITY,-463931116503674054,5,REVOLUTE_ONLY,1.46556000051,-0.0799999503281,0.200000021585,GUARDED_PRODUCTION,false,false,NO_CONVERGENCE,STAGNATION_WINDOW_EXCEEDED,101,true,true,0.836186850051,false,false,false,false,0,4.42271768328,467125,-0.227085260958|-2.37713844122|-2.67428074637|-0.603701086609|0.685273281527
578,VALID_CAMPAIGN,NEAR_SINGULARITY,-463931116503674054,5,REVOLUTE_ONLY,1.46556000051,-0.0799999503281,0.200000021585,UNGUARDED_REFERENCE,true,false,CONVERGED_UNCERTIFIED,NO_GUARDS_OR_FINAL_CERTIFICATION,15,true,false,8.73557004273e-08,false,true,false,true,0,NaN,19500,43.9311186823|138.308141416|251.293378790|-345.516545196|-263.920769481
579,VALID_CAMPAIGN,MICRO_MOTION,8933226453516450470,5,REVOLUTE_ONLY,1.46556000561,-0.0799994536091,0.200000237431,GUARDED_PRODUCTION,false,false,NO_CONVERGENCE,STAGNATION_WINDOW_EXCEEDED,7,true,true,0.844190320211,false,false,false,false,0,8.55490060332,30542,-0.186612629153|-2.37713844122|-2.67428074637|-0.537362102929|0.652568873337
579,VALID_CAMPAIGN,MICRO_MOTION,8933226453516450470,5,REVOLUTE_ONLY,1.46556000561,-0.0799994536091,0.200000237431,UNGUARDED_REFERENCE,true,false,CONVERGED_UNCERTIFIED,NO_GUARDS_OR_FINAL_CERTIFICATION,1,true,false,5.47508264924e-07,false,true,false,true,0,NaN,625,43.9311186823|138.308141416|251.293378790|-345.516545196|-263.920769481
580,VALID_CAMPAIGN,UNIFORM,7190964431802826828,5,REVOLUTE_ONLY,-0.415677064886,-0.337756906850,0.675094496312,GUARDED_PRODUCTION,false,false,NO_CONVERGENCE,STAGNATION_WINDOW_EXCEEDED,126,true,true,0.325480934077,false,false,false,false,0,8.59131228128,584416,-2.21185271944|-0.712303032439|-2.67428074637|-1.78285383091|0.197022549963
580,VALID_CAMPAIGN,UNIFORM,7190964431802826828,5,REVOLUTE_ONLY,-0.415677064886,-0.337756906850,0.675094496312,UNGUARDED_REFERENCE,true,false,CONVERGED_UNCERTIFIED,NO_GUARDS_OR_FINAL_CERTIFICATION,8,true,false,4.29222001344e-09,false,true,false,true,0,NaN,9834,48.5504160158|130.000478720|214.953927332|-282.372673544|-243.722208198
581,VALID_CAMPAIGN,NEAR_JOINT_LIMIT,8517679308958671757,5,REVOLUTE_ONLY,-0.0904434833502,1.37653117648e-05,-0.0766745104401,GUARDED_PRODUCTION,false,false,NO_CONVERGENCE,STAGNATION_WINDOW_EXCEEDED,59,true,true,0.0899178123969,false,false,false,false,5,4.03625783858,280166,-2.84539872766|-0.663820363141|-2.67428074637|-0.187314187260|-0.577519633602
581,VALID_CAMPAIGN,NEAR_JOINT_LIMIT,8517679308958671757,5,REVOLUTE_ONLY,-0.0904434833502,1.37653117648e-05,-0.0766745104401,UNGUARDED_REFERENCE,true,false,CONVERGED_UNCERTIFIED,NO_GUARDS_OR_FINAL_CERTIFICATION,7,true,false,5.00041490153e-07,false,true,false,true,0,NaN,8667,47.2050733548|129.406328537|216.663228640|-280.513088373|-239.505999574
582,VALID_CAMPAIGN,NEAR_SINGULARITY,-2805038311361336862,5,REVOLUTE_ONLY,1.46556000051,-0.0799999503281,0.200000021585,GUARDED_PRODUCTION,false,false,NO_CONVERGENCE,STAGNATION_WINDOW_EXCEEDED,81,true,true,0.889523788526,false,false,false,false,0,75.2495412877,378417,-0.340972834987|-2.37713844122|-2.67428074637|-0.294785930798|0.0545976584636
582,VALID_CAMPAIGN,NEAR_SINGULARITY,-2805038311361336862,5,REVOLUTE_ONLY,1.46556000051,-0.0799999503281,0.200000021585,UNGUARDED_REFERENCE,true,false,CONVERGED_UNCERTIFIED,NO_GUARDS_OR_FINAL_CERTIFICATION,36,true,false,6.48342499550e-07,false,true,false,true,0,NaN,48917,43.9252093639|100.643044202|226.165641398|-295.259538925|-238.941781833
583,VALID_CAMPAIGN,MICRO_MOTION,-4873693218742328992,5,REVOLUTE_ONLY,1.46556000561,-0.0799994536091,0.200000237431,GUARDED_PRODUCTION,false,false,NO_CONVERGENCE,STAGNATION_WINDOW_EXCEEDED,7,true,true,0.891805117747,false,false,false,false,0,5.74090261389,33166,-0.292418976973|-2.37713844122|-2.67428074637|-0.291045032907|0.101470645479
583,VALID_CAMPAIGN,MICRO_MOTION,-4873693218742328992,5,REVOLUTE_ONLY,1.46556000561,-0.0799994536091,0.200000237431,UNGUARDED_REFERENCE,true,false,CONVERGED_UNCERTIFIED,NO_GUARDS_OR_FINAL_CERTIFICATION,1,true,false,8.40645212469e-07,false,true,false,true,0,NaN,625,43.9252093639|100.643044202|226.165641398|-295.259538925|-238.941781833
584,VALID_CAMPAIGN,UNIFORM,-2936329292454759228,5,REVOLUTE_ONLY,0.753505521755,-0.321765304972,-0.416791785170,GUARDED_PRODUCTION,false,false,NO_CONVERGENCE,STAGNATION_WINDOW_EXCEEDED,389,true,true,0.347005694595,false,false,false,false,0,5.97738340445,1715750,-0.350013480823|-2.37713844122|-2.37436518885|-0.109860665040|0.486165085291
584,VALID_CAMPAIGN,UNIFORM,-2936329292454759228,5,REVOLUTE_ONLY,0.753505521755,-0.321765304972,-0.416791785170,UNGUARDED_REFERENCE,true,false,CONVERGED_UNCERTIFIED,NO_GUARDS_OR_FINAL_CERTIFICATION,10,true,false,2.63337774003e-07,false,true,false,true,0,NaN,14125,42.7176811654|102.188997548|212.758664698|-270.790615784|-251.698976659
585,VALID_CAMPAIGN,NEAR_JOINT_LIMIT,-5652382933953733176,5,REVOLUTE_ONLY,-0.593822542147,-0.199272721170,0.196425017321,GUARDED_PRODUCTION,false,false,NO_CONVERGENCE,STAGNATION_WINDOW_EXCEEDED,347,true,true,0.0203206507690,false,false,false,false,0,18.8262196132,1627084,-3.06796122850|-2.37713844122|-2.67428074637|-0.970849698415|0.463570209643
585,VALID_CAMPAIGN,NEAR_JOINT_LIMIT,-5652382933953733176,5,REVOLUTE_ONLY,-0.593822542147,-0.199272721170,0.196425017321,UNGUARDED_REFERENCE,true,false,CONVERGED_UNCERTIFIED,NO_GUARDS_OR_FINAL_CERTIFICATION,7,true,false,7.09259327411e-09,false,true,false,true,0,NaN,13042,35.4974098095|112.447691166|216.899003313|-273.278288652|-253.012148432
586,VALID_CAMPAIGN,NEAR_SINGULARITY,6529579640621279150,5,REVOLUTE_ONLY,1.46556000051,-0.0799999503281,0.200000021585,GUARDED_PRODUCTION,false,false,NO_CONVERGENCE,STAGNATION_WINDOW_EXCEEDED,84,true,true,0.835152643272,false,false,false,false,0,6.30413679557,434375,-0.300503988693|-2.37713844122|-2.67428074637|-0.601277186208|0.370686251268
586,VALID_CAMPAIGN,NEAR_SINGULARITY,6529579640621279150,5,REVOLUTE_ONLY,1.46556000051,-0.0799999503281,0.200000021585,UNGUARDED_REFERENCE,true,false,CONVERGED_UNCERTIFIED,NO_GUARDS_OR_FINAL_CERTIFICATION,14,true,false,1.01538789258e-07,false,true,false,true,0,NaN,18292,37.6473735233|106.890671485|219.880761726|-276.407214906|-257.623511701
587,VALID_CAMPAIGN,MICRO_MOTION,6853381325442011775,5,REVOLUTE_ONLY,1.46556000561,-0.0799994536091,0.200000237431,GUARDED_PRODUCTION,false,false,NO_CONVERGENCE,STAGNATION_WINDOW_EXCEEDED,7,true,true,0.844385306677,false,false,false,false,0,6.62139042140,32042,-0.241037385397|-2.37713844122|-2.67428074637|-0.544327345133|0.384654434477
587,VALID_CAMPAIGN,MICRO_MOTION,6853381325442011775,5,REVOLUTE_ONLY,1.46556000561,-0.0799994536091,0.200000237431,UNGUARDED_REFERENCE,true,false,CONVERGED_UNCERTIFIED,NO_GUARDS_OR_FINAL_CERTIFICATION,1,true,false,5.49768482860e-07,false,true,false,true,0,NaN,666,37.6473735233|106.890671485|219.880761726|-276.407214906|-257.623511701
588,VALID_CAMPAIGN,UNIFORM,8537027169289742713,5,REVOLUTE_ONLY,-0.414837640026,0.00216441282317,0.796875121458,GUARDED_PRODUCTION,false,false,NO_CONVERGENCE,STAGNATION_WINDOW_EXCEEDED,56,true,true,0.888408798614,false,false,false,false,0,6.84689995104,254541,-0.116759127470|-0.477154244669|-2.67428074637|-0.805012265956|-0.253637814105
588,VALID_CAMPAIGN,UNIFORM,8537027169289742713,5,REVOLUTE_ONLY,-0.414837640026,0.00216441282317,0.796875121458,UNGUARDED_REFERENCE,true,false,CONVERGED_UNCERTIFIED,NO_GUARDS_OR_FINAL_CERTIFICATION,10,true,false,9.19300564114e-08,false,true,false,true,0,NaN,12125,35.2547811683|105.315497079|190.293523935|-220.136255242|-232.892132580
589,VALID_CAMPAIGN,NEAR_JOINT_LIMIT,2358534591648351461,5,REVOLUTE_ONLY,-0.537952579299,-0.252850087615,0.103375649618,GUARDED_PRODUCTION,true,true,SUCCESS,NONE,147,true,true,8.95167817504e-07,false,false,false,false,0,9.92757147704,673083,-2.20928924906|1.03698896921|-2.67428074637|-0.801392032926|-0.870509375817
589,VALID_CAMPAIGN,NEAR_JOINT_LIMIT,2358534591648351461,5,REVOLUTE_ONLY,-0.537952579299,-0.252850087615,0.103375649618,UNGUARDED_REFERENCE,true,false,CONVERGED_UNCERTIFIED,NO_GUARDS_OR_FINAL_CERTIFICATION,8,true,false,7.77065381923e-10,false,true,false,true,0,NaN,9333,33.7159462249|109.201520149|194.040565581|-224.392489688|-234.585109600
590,VALID_CAMPAIGN,NEAR_SINGULARITY,8858590846872908314,5,REVOLUTE_ONLY,1.46556000051,-0.0799999503281,0.200000021585,GUARDED_PRODUCTION,false,false,NO_CONVERGENCE,STAGNATION_WINDOW_EXCEEDED,97,true,true,0.746824091228,false,false,false,false,0,3.77161506807,444792,-0.0345480858568|2.22362909240|-2.67428074637|-0.591671287879|-1.02096167396
590,VALID_CAMPAIGN,NEAR_SINGULARITY,8858590846872908314,5,REVOLUTE_ONLY,1.46556000051,-0.0799999503281,0.200000021585,UNGUARDED_REFERENCE,true,false,CONVERGED_UNCERTIFIED,NO_GUARDS_OR_FINAL_CERTIFICATION,18,true,false,3.04779350721e-07,false,true,false,true,0,NaN,23208,37.6381072230|100.664359191|194.858646830|-232.616249232|-239.038029588
591,VALID_CAMPAIGN,MICRO_MOTION,3233849065053856363,5,REVOLUTE_ONLY,1.46556000561,-0.0799994536091,0.200000237431,GUARDED_PRODUCTION,false,false,NO_CONVERGENCE,STAGNATION_WINDOW_EXCEEDED,7,true,true,0.756663436265,false,false,false,false,0,31.2785854429,31958,-0.0174261511236|2.28216953867|-2.67428074637|-0.465768840971|-0.941453811383
591,VALID_CAMPAIGN,MICRO_MOTION,3233849065053856363,5,REVOLUTE_ONLY,1.46556000561,-0.0799994536091,0.200000237431,UNGUARDED_REFERENCE,true,false,CONVERGED_UNCERTIFIED,NO_GUARDS_OR_FINAL_CERTIFICATION,1,true,false,6.16355258387e-07,false,true,false,true,0,NaN,667,37.6381072230|100.664359191|194.858646830|-232.616249232|-239.038029588
592,VALID_CAMPAIGN,UNIFORM,2397376814460886349,5,REVOLUTE_ONLY,0.860411958354,-0.188704333370,-0.387090987056,GUARDED_PRODUCTION,true,true,SUCCESS,NONE,58,true,true,1.64192697420e-08,false,false,false,false,0,39.1071358948,269792,-0.532756688943|1.13607027708|-1.55422821437|0.0126558184442|-1.21057313853
592,VALID_CAMPAIGN,UNIFORM,2397376814460886349,5,REVOLUTE_ONLY,0.860411958354,-0.188704333370,-0.387090987056,UNGUARDED_REFERENCE,true,false,CONVERGED_UNCERTIFIED,NO_GUARDS_OR_FINAL_CERTIFICATION,14,true,false,3.27864213510e-08,false,true,false,true,0,NaN,19208,43.6467441449|101.306646021|199.877662190|-233.282280774|-264.915978049
593,VALID_CAMPAIGN,NEAR_JOINT_LIMIT,5539766603518772817,5,REVOLUTE_ONLY,-0.476056037443,-0.312206713167,0.446938717189,GUARDED_PRODUCTION,false,false,NO_CONVERGENCE,STAGNATION_WINDOW_EXCEEDED,205,true,true,0.0832698486313,false,false,false,false,0,11.5727700816,941125,-2.35853332181|0.585102765415|-2.67428074637|-1.78285383091|-0.473536605361
593,VALID_CAMPAIGN,NEAR_JOINT_LIMIT,5539766603518772817,5,REVOLUTE_ONLY,-0.476056037443,-0.312206713167,0.446938717189,UNGUARDED_REFERENCE,true,false,CONVERGED_UNCERTIFIED,NO_GUARDS_OR_FINAL_CERTIFICATION,9,true,false,1.07293115915e-09,false,true,false,true,0,NaN,10708,46.7720327453|102.178345818|195.524208587|-237.435869372|-268.135715489
594,VALID_CAMPAIGN,NEAR_SINGULARITY,1574402251035391735,5,REVOLUTE_ONLY,1.46556000051,-0.0799999503281,0.200000021585,GUARDED_PRODUCTION,false,false,NO_CONVERGENCE,STAGNATION_WINDOW_EXCEEDED,113,true,true,0.771799572771,false,false,false,false,0,4.18109583605,524125,-0.0772910717410|1.50000713176|-2.54242278031|-1.78285383091|-1.60070681360
594,VALID_CAMPAIGN,NEAR_SINGULARITY,1574402251035391735,5,REVOLUTE_ONLY,1.46556000051,-0.0799999503281,0.200000021585,UNGUARDED_REFERENCE,true,false,CONVERGED_UNCERTIFIED,NO_GUARDS_OR_FINAL_CERTIFICATION,15,true,false,5.14213743646e-08,false,true,false,true,0,NaN,21750,43.9207023843|81.8123145727|194.889389181|-238.952350872|-270.433316538
595,VALID_CAMPAIGN,MICRO_MOTION,-7779808467226954639,5,REVOLUTE_ONLY,1.46556000561,-0.0799994536091,0.200000237431,GUARDED_PRODUCTION,false,false,NO_CONVERGENCE,STAGNATION_WINDOW_EXCEEDED,7,true,true,0.771840439364,false,false,false,false,0,110.348520092,32875,-0.0781930907908|1.49963098817|-2.54175214497|-1.78285383091|-1.60175807901
595,VALID_CAMPAIGN,MICRO_MOTION,-7779808467226954639,5,REVOLUTE_ONLY,1.46556000561,-0.0799994536091,0.200000237431,UNGUARDED_REFERENCE,true,false,CONVERGED_UNCERTIFIED,NO_GUARDS_OR_FINAL_CERTIFICATION,1,true,false,5.43116272080e-07,false,true,false,true,0,NaN,625,43.9207023843|81.8123145727|194.889389181|-238.952350872|-270.433316538
596,ADVERSARIAL_PROBES,NON_FINITE_TARGET,3398228498088879170,5,REVOLUTE_ONLY,NaN,-0.0800000000000,0.200000000000,GUARDED_PRODUCTION,false,false,INVALID_INPUT,INVALID_TARGET,0,true,true,NaN,false,false,false,false,0,NaN,3041,0.00000000000|0.00000000000|0.00000000000|0.00000000000|0.00000000000
596,ADVERSARIAL_PROBES,NON_FINITE_TARGET,3398228498088879170,5,REVOLUTE_ONLY,NaN,-0.0800000000000,0.200000000000,UNGUARDED_REFERENCE,false,false,MAX_ITERATIONS_UNCERTIFIED,NO_GUARDS_OR_FINAL_CERTIFICATION,800,false,false,NaN,true,false,false,true,0,NaN,747875,NaN|NaN|NaN|NaN|NaN
597,ADVERSARIAL_PROBES,INFINITE_TARGET,4736548801550165307,5,REVOLUTE_ONLY,1.46556000000,-0.0800000000000,Infinity,GUARDED_PRODUCTION,false,false,INVALID_INPUT,INVALID_TARGET,0,true,true,Infinity,false,false,false,false,0,NaN,1958,0.00000000000|0.00000000000|0.00000000000|0.00000000000|0.00000000000
597,ADVERSARIAL_PROBES,INFINITE_TARGET,4736548801550165307,5,REVOLUTE_ONLY,1.46556000000,-0.0800000000000,Infinity,UNGUARDED_REFERENCE,false,false,MAX_ITERATIONS_UNCERTIFIED,NO_GUARDS_OR_FINAL_CERTIFICATION,800,false,false,NaN,true,false,false,true,0,NaN,736459,NaN|NaN|NaN|NaN|NaN
598,ADVERSARIAL_PROBES,NON_FINITE_INITIAL_STATE,2784377499695084388,5,REVOLUTE_ONLY,1.46556000000,-0.0800000000000,0.200000000000,GUARDED_PRODUCTION,false,false,INVALID_INPUT,INVALID_INITIAL_STATE,0,true,true,0.00000000000,false,false,false,false,0,NaN,4709,0.00000000000|0.00000000000|0.00000000000|0.00000000000|0.00000000000
598,ADVERSARIAL_PROBES,NON_FINITE_INITIAL_STATE,2784377499695084388,5,REVOLUTE_ONLY,1.46556000000,-0.0800000000000,0.200000000000,UNGUARDED_REFERENCE,false,false,MAX_ITERATIONS_UNCERTIFIED,NO_GUARDS_OR_FINAL_CERTIFICATION,800,false,false,NaN,true,false,false,true,0,NaN,741958,NaN|NaN|NaN|NaN|NaN
599,ADVERSARIAL_PROBES,OVERFLOWING_GEOMETRY,3433781043447470597,5,REVOLUTE_ONLY,0.00000000000,0.00000000000,0.00000000000,GUARDED_PRODUCTION,false,false,NUMERICAL_FAILURE,OUTPUT_VALIDATION_FAILED,1,true,true,Infinity,false,false,false,false,0,NaN,4084,0.00000000000|0.00000000000|0.00000000000|0.00000000000|0.00000000000
599,ADVERSARIAL_PROBES,OVERFLOWING_GEOMETRY,3433781043447470597,5,REVOLUTE_ONLY,0.00000000000,0.00000000000,0.00000000000,UNGUARDED_REFERENCE,false,false,MAX_ITERATIONS_UNCERTIFIED,NO_GUARDS_OR_FINAL_CERTIFICATION,800,false,false,NaN,true,false,false,true,0,NaN,774875,NaN|NaN|NaN|NaN|NaN
600,VALID_CAMPAIGN,UNIFORM,-8708891647111415025,5,PRISMATIC_ONLY,0.260000000000,-0.440302066838,1.69274748563,GUARDED_PRODUCTION,true,true,SUCCESS_WITH_WARNING,CRITICAL_SINGULARITY_DAMPED,57,true,true,2.40928614575e-07,false,false,false,false,0,Infinity,365917,0.423186870853|0.423186870853|0.440301825920|0.423186870855|0.423186870854
600,VALID_CAMPAIGN,UNIFORM,-8708891647111415025,5,PRISMATIC_ONLY,0.260000000000,-0.440302066838,1.69274748563,UNGUARDED_REFERENCE,true,true,CONVERGED_UNCERTIFIED,NO_GUARDS_OR_FINAL_CERTIFICATION,3,true,true,2.45958184164e-07,false,false,false,false,0,NaN,3750,0.423186858162|0.423186858162|0.440301826648|0.423186858190|0.423186858162
601,VALID_CAMPAIGN,NEAR_JOINT_LIMIT,-970928606356964638,5,PRISMATIC_ONLY,0.260000000000,-0.0200000055500,1.19000000000,GUARDED_PRODUCTION,true,true,SUCCESS_WITH_WARNING,CRITICAL_SINGULARITY_DAMPED,93,true,true,9.61248441745e-07,false,false,false,false,0,Infinity,420750,0.297500000796|0.297500000796|0.0200009667932|0.297500000799|0.297500000797
601,VALID_CAMPAIGN,NEAR_JOINT_LIMIT,-970928606356964638,5,PRISMATIC_ONLY,0.260000000000,-0.0200000055500,1.19000000000,UNGUARDED_REFERENCE,true,true,CONVERGED_UNCERTIFIED,NO_GUARDS_OR_FINAL_CERTIFICATION,3,true,true,7.08919742365e-07,false,false,false,false,0,NaN,3000,0.297500013238|0.297500013238|0.0200007124893|0.297500013238|0.297500013238
602,VALID_CAMPAIGN,NEAR_SINGULARITY,5913189607160199918,5,PRISMATIC_ONLY,0.260000000000,-0.297500005550,1.19000000000,GUARDED_PRODUCTION,true,true,SUCCESS_WITH_WARNING,CRITICAL_SINGULARITY_DAMPED,54,true,true,9.68313428940e-07,false,false,false,false,0,Infinity,225125,0.297499999999|0.297499999999|0.297499037237|0.297500000001|0.297500000000
602,VALID_CAMPAIGN,NEAR_SINGULARITY,5913189607160199918,5,PRISMATIC_ONLY,0.260000000000,-0.297500005550,1.19000000000,UNGUARDED_REFERENCE,true,true,CONVERGED_UNCERTIFIED,NO_GUARDS_OR_FINAL_CERTIFICATION,3,true,true,4.66748260763e-07,false,false,false,false,0,NaN,2625,0.297500000000|0.297500000000|0.297499538802|0.297500000000|0.297500000000
603,VALID_CAMPAIGN,MICRO_MOTION,3246843702905954557,5,PRISMATIC_ONLY,0.260000000000,-0.297500061050,1.19000000000,GUARDED_PRODUCTION,true,true,SUCCESS_WITH_WARNING,CRITICAL_SINGULARITY_DAMPED,2,true,true,1.17671251076e-07,false,false,false,false,0,Infinity,8250,0.297499999999|0.297499999999|0.297499943379|0.297500000001|0.297500000000
603,VALID_CAMPAIGN,MICRO_MOTION,3246843702905954557,5,PRISMATIC_ONLY,0.260000000000,-0.297500061050,1.19000000000,UNGUARDED_REFERENCE,true,true,CONVERGED_UNCERTIFIED,NO_GUARDS_OR_FINAL_CERTIFICATION,1,true,true,5.22248260748e-07,false,false,false,false,0,NaN,583,0.297500000000|0.297500000000|0.297499538802|0.297500000000|0.297500000000
604,VALID_CAMPAIGN,UNIFORM,-5271202727753213265,5,PRISMATIC_ONLY,0.260000000000,-0.0807367462456,1.20910720162,GUARDED_PRODUCTION,true,true,SUCCESS_WITH_WARNING,CRITICAL_SINGULARITY_DAMPED,44,true,true,1.21794367210e-07,false,false,false,false,0,Infinity,184292,0.302276800402|0.302276800402|0.0807368680400|0.302276800404|0.302276800403
604,VALID_CAMPAIGN,UNIFORM,-5271202727753213265,5,PRISMATIC_ONLY,0.260000000000,-0.0807367462456,1.20910720162,UNGUARDED_REFERENCE,true,true,CONVERGED_UNCERTIFIED,NO_GUARDS_OR_FINAL_CERTIFICATION,3,true,true,3.64596236240e-07,false,false,false,false,0,NaN,2791,0.302276799903|0.302276799903|0.0807371108363|0.302276799902|0.302276799902
605,VALID_CAMPAIGN,NEAR_JOINT_LIMIT,7667699461587608675,5,PRISMATIC_ONLY,0.260000000000,-0.574999994450,1.74499998890,GUARDED_PRODUCTION,true,true,SUCCESS_WITH_WARNING,CRITICAL_SINGULARITY_DAMPED,107,true,true,3.73395307526e-07,false,false,false,false,0,Infinity,458416,0.436249997016|0.436249997016|0.574999621056|0.436249997020|0.436249997017
605,VALID_CAMPAIGN,NEAR_JOINT_LIMIT,7667699461587608675,5,PRISMATIC_ONLY,0.260000000000,-0.574999994450,1.74499998890,UNGUARDED_REFERENCE,true,true,CONVERGED_UNCERTIFIED,NO_GUARDS_OR_FINAL_CERTIFICATION,3,true,true,8.33254310498e-07,false,false,false,false,0,NaN,2667,0.436249983114|0.436249983114|0.574999163110|0.436249983113|0.436249983113
606,VALID_CAMPAIGN,NEAR_SINGULARITY,-2224444554071138202,5,PRISMATIC_ONLY,0.260000000000,-0.297500005550,1.19000000000,GUARDED_PRODUCTION,true,true,SUCCESS_WITH_WARNING,CRITICAL_SINGULARITY_DAMPED,76,true,true,3.32302539402e-07,false,false,false,false,0,Infinity,310417,0.297500000395|0.297500000395|0.297500337849|0.297500000398|0.297500000395
606,VALID_CAMPAIGN,NEAR_SINGULARITY,-2224444554071138202,5,PRISMATIC_ONLY,0.260000000000,-0.297500005550,1.19000000000,UNGUARDED_REFERENCE,true,true,CONVERGED_UNCERTIFIED,NO_GUARDS_OR_FINAL_CERTIFICATION,3,true,true,4.70394507560e-07,false,false,false,false,0,NaN,2708,0.297500014615|0.297500014615|0.297500472298|0.297500014614|0.297500014614
607,VALID_CAMPAIGN,MICRO_MOTION,-6066345118629381778,5,PRISMATIC_ONLY,0.260000000000,-0.297500061050,1.19000000000,GUARDED_PRODUCTION,true,true,SUCCESS,NONE,1,true,true,2.76803295530e-07,false,false,false,false,0,NaN,3333,0.297500000395|0.297500000395|0.297500337849|0.297500000398|0.297500000395
607,VALID_CAMPAIGN,MICRO_MOTION,-6066345118629381778,5,PRISMATIC_ONLY,0.260000000000,-0.297500061050,1.19000000000,UNGUARDED_REFERENCE,true,true,CONVERGED_UNCERTIFIED,NO_GUARDS_OR_FINAL_CERTIFICATION,1,true,true,4.15382004908e-07,false,false,false,false,0,NaN,500,0.297500014615|0.297500014615|0.297500472298|0.297500014614|0.297500014614
608,VALID_CAMPAIGN,UNIFORM,-262034566484145500,5,PRISMATIC_ONLY,0.260000000000,-0.164774179839,0.954350853562,GUARDED_PRODUCTION,true,true,SUCCESS_WITH_WARNING,CRITICAL_SINGULARITY_DAMPED,36,true,true,8.44497288557e-07,false,false,false,false,0,Infinity,149042,0.238587714830|0.238587714830|0.164775024317|0.238587714834|0.238587714830
608,VALID_CAMPAIGN,UNIFORM,-262034566484145500,5,PRISMATIC_ONLY,0.260000000000,-0.164774179839,0.954350853562,UNGUARDED_REFERENCE,true,true,CONVERGED_UNCERTIFIED,NO_GUARDS_OR_FINAL_CERTIFICATION,3,true,true,2.24618532306e-07,false,false,false,false,0,NaN,2583,0.238587719599|0.238587719599|0.164774403082|0.238587719585|0.238587719598
609,VALID_CAMPAIGN,NEAR_JOINT_LIMIT,8381382045200747147,5,PRISMATIC_ONLY,0.260000000000,-0.574999994450,1.19000000000,GUARDED_PRODUCTION,true,true,SUCCESS_WITH_WARNING,CRITICAL_SINGULARITY_DAMPED,81,true,true,9.71883932208e-07,false,false,false,false,0,Infinity,345708,0.297499999563|0.297499999563|0.574999022568|0.297499999566|0.297499999562
609,VALID_CAMPAIGN,NEAR_JOINT_LIMIT,8381382045200747147,5,PRISMATIC_ONLY,0.260000000000,-0.574999994450,1.19000000000,UNGUARDED_REFERENCE,true,true,CONVERGED_UNCERTIFIED,NO_GUARDS_OR_FINAL_CERTIFICATION,3,true,true,6.90437552338e-07,false,false,false,false,0,NaN,3833,0.297499993799|0.297499993799|0.574999304459|0.297499993785|0.297499993798
610,VALID_CAMPAIGN,NEAR_SINGULARITY,1990123839704098415,5,PRISMATIC_ONLY,0.260000000000,-0.297500005550,1.19000000000,GUARDED_PRODUCTION,true,true,SUCCESS_WITH_WARNING,CRITICAL_SINGULARITY_DAMPED,54,true,true,9.68309635418e-07,false,false,false,false,0,Infinity,226917,0.297499999999|0.297499999999|0.297500973860|0.297500000002|0.297499999999
610,VALID_CAMPAIGN,NEAR_SINGULARITY,1990123839704098415,5,PRISMATIC_ONLY,0.260000000000,-0.297500005550,1.19000000000,UNGUARDED_REFERENCE,true,true,CONVERGED_UNCERTIFIED,NO_GUARDS_OR_FINAL_CERTIFICATION,3,true,true,4.66748280581e-07,false,false,false,false,0,NaN,2542,0.297500000004|0.297500000004|0.297500472298|0.297499999990|0.297500000003
611,VALID_CAMPAIGN,MICRO_MOTION,3931683498193532401,5,PRISMATIC_ONLY,0.260000000000,-0.297500061050,1.19000000000,GUARDED_PRODUCTION,true,true,SUCCESS,NONE,1,true,true,9.12809635434e-07,false,false,false,false,0,NaN,3250,0.297499999999|0.297499999999|0.297500973860|0.297500000002|0.297499999999
611,VALID_CAMPAIGN,MICRO_MOTION,3931683498193532401,5,PRISMATIC_ONLY,0.260000000000,-0.297500061050,1.19000000000,UNGUARDED_REFERENCE,true,true,CONVERGED_UNCERTIFIED,NO_GUARDS_OR_FINAL_CERTIFICATION,1,true,true,4.11248280596e-07,false,false,false,false,0,NaN,458,0.297500000004|0.297500000004|0.297500472298|0.297499999990|0.297500000003
612,VALID_CAMPAIGN,UNIFORM,-5473649694442577432,5,PRISMATIC_ONLY,0.260000000000,-0.466596563280,1.23987322577,GUARDED_PRODUCTION,true,true,SUCCESS_WITH_WARNING,CRITICAL_SINGULARITY_DAMPED,35,true,true,7.71059964224e-07,false,false,false,false,0,Infinity,141417,0.309968306232|0.309968306232|0.466595792220|0.309968306235|0.309968306231
612,VALID_CAMPAIGN,UNIFORM,-5473649694442577432,5,PRISMATIC_ONLY,0.260000000000,-0.466596563280,1.23987322577,UNGUARDED_REFERENCE,true,true,CONVERGED_UNCERTIFIED,NO_GUARDS_OR_FINAL_CERTIFICATION,3,true,true,2.84464744052e-07,false,false,false,false,0,NaN,2542,0.309968305132|0.309968305132|0.466596278863|0.309968305118|0.309968305131
613,VALID_CAMPAIGN,NEAR_JOINT_LIMIT,-3880608377975678765,5,PRISMATIC_ONLY,0.260000000000,-0.0200000055500,0.635000011100,GUARDED_PRODUCTION,true,true,SUCCESS_WITH_WARNING,CRITICAL_SINGULARITY_DAMPED,103,true,true,4.64945815583e-07,false,false,false,false,0,Infinity,424333,0.158750003124|0.158750003124|0.0200004704937|0.158750003127|0.158750003122
613,VALID_CAMPAIGN,NEAR_JOINT_LIMIT,-3880608377975678765,5,PRISMATIC_ONLY,0.260000000000,-0.0200000055500,0.635000011100,UNGUARDED_REFERENCE,true,true,CONVERGED_UNCERTIFIED,NO_GUARDS_OR_FINAL_CERTIFICATION,3,true,true,7.53862967107e-07,false,false,false,false,0,NaN,2541,0.158750018706|0.158750018706|0.0200007567160|0.158750018692|0.158750018705
614,VALID_CAMPAIGN,NEAR_SINGULARITY,8916528587316374265,5,PRISMATIC_ONLY,0.260000000000,-0.297500005550,1.19000000000,GUARDED_PRODUCTION,true,true,SUCCESS_WITH_WARNING,CRITICAL_SINGULARITY_DAMPED,76,true,true,3.32293701859e-07,false,false,false,false,0,Infinity,310167,0.297499999604|0.297499999604|0.297499673260|0.297499999606|0.297499999603
614,VALID_CAMPAIGN,NEAR_SINGULARITY,8916528587316374265,5,PRISMATIC_ONLY,0.260000000000,-0.297500005550,1.19000000000,UNGUARDED_REFERENCE,true,true,CONVERGED_UNCERTIFIED,NO_GUARDS_OR_FINAL_CERTIFICATION,3,true,true,4.70394654856e-07,false,false,false,false,0,NaN,2500,0.297499985389|0.297499985389|0.297499538802|0.297499985375|0.297499985388
615,VALID_CAMPAIGN,MICRO_MOTION,4965974435837883663,5,PRISMATIC_ONLY,0.260000000000,-0.297500061050,1.19000000000,GUARDED_PRODUCTION,true,true,SUCCESS,NONE,1,true,true,3.87793162162e-07,false,false,false,false,0,NaN,3250,0.297499999604|0.297499999604|0.297499673260|0.297499999606|0.297499999603
615,VALID_CAMPAIGN,MICRO_MOTION,4965974435837883663,5,PRISMATIC_ONLY,0.260000000000,-0.297500061050,1.19000000000,UNGUARDED_REFERENCE,true,true,CONVERGED_UNCERTIFIED,NO_GUARDS_OR_FINAL_CERTIFICATION,1,true,true,5.25509685914e-07,false,false,false,false,0,NaN,459,0.297499985389|0.297499985389|0.297499538802|0.297499985375|0.297499985388
616,VALID_CAMPAIGN,UNIFORM,6818249207030893078,5,PRISMATIC_ONLY,0.260000000000,-0.382224763702,1.11663202949,GUARDED_PRODUCTION,true,true,SUCCESS_WITH_WARNING,CRITICAL_SINGULARITY_DAMPED,21,true,true,6.00383779058e-07,false,false,false,false,0,Infinity,87542,0.279158007861|0.279158007861|0.382224163322|0.279158007863|0.279158007859
616,VALID_CAMPAIGN,UNIFORM,6818249207030893078,5,PRISMATIC_ONLY,0.260000000000,-0.382224763702,1.11663202949,UNGUARDED_REFERENCE,true,true,CONVERGED_UNCERTIFIED,NO_GUARDS_OR_FINAL_CERTIFICATION,3,true,true,1.42715504295e-07,false,false,false,false,0,NaN,2500,0.279158009310|0.279158009310|0.382224621196|0.279158009291|0.279158009309
617,VALID_CAMPAIGN,NEAR_JOINT_LIMIT,-8300869774807276244,5,PRISMATIC_ONLY,0.260000000000,-0.574999994450,0.0800000222000,GUARDED_PRODUCTION,true,true,SUCCESS_WITH_WARNING,CRITICAL_SINGULARITY_DAMPED,105,true,true,5.04034079030e-07,false,false,false,false,0,Infinity,440667,0.0200000070850|0.0200000070850|0.574999490453|0.0200000070886|0.0200000070829
617,VALID_CAMPAIGN,NEAR_JOINT_LIMIT,-8300869774807276244,5,PRISMATIC_ONLY,0.260000000000,-0.574999994450,0.0800000222000,UNGUARDED_REFERENCE,true,true,CONVERGED_UNCERTIFIED,NO_GUARDS_OR_FINAL_CERTIFICATION,3,true,true,3.42134748048e-07,false,false,false,false,0,NaN,2542,0.0200000328516|0.0200000328516|0.574999670206|0.0200000328334|0.0200000328505
618,VALID_CAMPAIGN,NEAR_SINGULARITY,9223143051871950784,5,PRISMATIC_ONLY,0.260000000000,-0.297500005550,1.19000000000,GUARDED_PRODUCTION,true,true,SUCCESS_WITH_WARNING,CRITICAL_SINGULARITY_DAMPED,118,true,true,7.47443846688e-07,false,false,false,false,0,Infinity,485917,0.297499998372|0.297499998372|0.297500752965|0.297499998374|0.297499998368
618,VALID_CAMPAIGN,NEAR_SINGULARITY,9223143051871950784,5,PRISMATIC_ONLY,0.260000000000,-0.297500005550,1.19000000000,UNGUARDED_REFERENCE,true,true,CONVERGED_UNCERTIFIED,NO_GUARDS_OR_FINAL_CERTIFICATION,3,true,true,4.81168979136e-07,false,false,false,false,0,NaN,2583,0.297499970776|0.297499970776|0.297500472299|0.297499970758|0.297499970775
619,VALID_CAMPAIGN,MICRO_MOTION,1746979364612312201,5,PRISMATIC_ONLY,0.260000000000,-0.297500061050,1.19000000000,GUARDED_PRODUCTION,true,true,SUCCESS,NONE,1,true,true,6.91946123106e-07,false,false,false,false,0,NaN,5333,0.297499998372|0.297499998372|0.297500752965|0.297499998374|0.297499998368
619,VALID_CAMPAIGN,MICRO_MOTION,1746979364612312201,5,PRISMATIC_ONLY,0.260000000000,-0.297500061050,1.19000000000,UNGUARDED_REFERENCE,true,true,CONVERGED_UNCERTIFIED,NO_GUARDS_OR_FINAL_CERTIFICATION,1,true,true,4.27544978998e-07,false,false,false,false,0,NaN,542,0.297499970776|0.297499970776|0.297500472299|0.297499970758|0.297499970775
620,VALID_CAMPAIGN,UNIFORM,-2440526982651787886,5,PRISMATIC_ONLY,0.260000000000,-0.368709547237,1.19077898159,GUARDED_PRODUCTION,true,true,SUCCESS_WITH_WARNING,CRITICAL_SINGULARITY_DAMPED,17,true,true,8.04421088964e-07,false,false,false,false,0,Infinity,67458,0.297694745388|0.297694745388|0.368708742816|0.297694745390|0.297694745384
620,VALID_CAMPAIGN,UNIFORM,-2440526982651787886,5,PRISMATIC_ONLY,0.260000000000,-0.368709547237,1.19077898159,UNGUARDED_REFERENCE,true,true,CONVERGED_UNCERTIFIED,NO_GUARDS_OR_FINAL_CERTIFICATION,3,true,true,1.19772265407e-07,false,false,false,false,0,NaN,3542,0.297694745381|0.297694745381|0.368709427464|0.297694745363|0.297694745380
621,VALID_CAMPAIGN,NEAR_JOINT_LIMIT,5992160204696313526,5,PRISMATIC_ONLY,0.260000000000,-0.574999994450,1.74499998890,GUARDED_PRODUCTION,true,true,SUCCESS_WITH_WARNING,CRITICAL_SINGULARITY_DAMPED,67,true,true,5.61907257837e-07,false,false,false,false,0,Infinity,277542,0.436249996119|0.436249996119|0.574999432560|0.436249996121|0.436249996111
621,VALID_CAMPAIGN,NEAR_JOINT_LIMIT,5992160204696313526,5,PRISMATIC_ONLY,0.260000000000,-0.574999994450,1.74499998890,UNGUARDED_REFERENCE,true,true,CONVERGED_UNCERTIFIED,NO_GUARDS_OR_FINAL_CERTIFICATION,3,true,true,3.51852878427e-07,false,false,false,false,0,NaN,2625,0.436249982636|0.436249982636|0.574999647473|0.436249982618|0.436249982635
622,VALID_CAMPAIGN,NEAR_SINGULARITY,-5436425240215287490,5,PRISMATIC_ONLY,0.260000000000,-0.297500005550,1.19000000000,GUARDED_PRODUCTION,true,true,SUCCESS_WITH_WARNING,CRITICAL_SINGULARITY_DAMPED,76,true,true,3.32281705893e-07,false,false,false,false,0,Infinity,310625,0.297500000396|0.297500000396|0.297500337828|0.297500000400|0.297500000391
622,VALID_CAMPAIGN,NEAR_SINGULARITY,-5436425240215287490,5,PRISMATIC_ONLY,0.260000000000,-0.297500005550,1.19000000000,UNGUARDED_REFERENCE,true,true,CONVERGED_UNCERTIFIED,NO_GUARDS_OR_FINAL_CERTIFICATION,3,true,true,4.70395325860e-07,false,false,false,false,0,NaN,2375,0.297500014619|0.297500014619|0.297500472299|0.297500014601|0.297500014618
623,VALID_CAMPAIGN,MICRO_MOTION,989950609736408123,5,PRISMATIC_ONLY,0.260000000000,-0.297500061050,1.19000000000,GUARDED_PRODUCTION,true,true,SUCCESS,NONE,1,true,true,2.76782461998e-07,false,false,false,false,0,NaN,3250,0.297500000396|0.297500000396|0.297500337828|0.297500000400|0.297500000391
623,VALID_CAMPAIGN,MICRO_MOTION,989950609736408123,5,PRISMATIC_ONLY,0.260000000000,-0.297500061050,1.19000000000,UNGUARDED_REFERENCE,true,true,CONVERGED_UNCERTIFIED,NO_GUARDS_OR_FINAL_CERTIFICATION,1,true,true,4.15382822732e-07,false,false,false,false,0,NaN,500,0.297500014619|0.297500014619|0.297500472299|0.297500014601|0.297500014618
624,VALID_CAMPAIGN,UNIFORM,3300315933260226414,5,PRISMATIC_ONLY,0.260000000000,-0.502057012382,1.06800848017,GUARDED_PRODUCTION,true,true,SUCCESS_WITH_WARNING,CRITICAL_SINGULARITY_DAMPED,43,true,true,4.52502458776e-07,false,false,false,false,0,Infinity,175125,0.267002120258|0.267002120258|0.502056559881|0.267002120262|0.267002120252
624,VALID_CAMPAIGN,UNIFORM,3300315933260226414,5,PRISMATIC_ONLY,0.260000000000,-0.502057012382,1.06800848017,UNGUARDED_REFERENCE,true,true,CONVERGED_UNCERTIFIED,NO_GUARDS_OR_FINAL_CERTIFICATION,3,true,true,3.44299864649e-07,false,false,false,false,0,NaN,2542,0.267002123260|0.267002123260|0.502056668322|0.267002123242|0.267002123259
625,VALID_CAMPAIGN,NEAR_JOINT_LIMIT,5643630318019893955,5,PRISMATIC_ONLY,0.260000000000,-0.0200000055500,2.29999997780,GUARDED_PRODUCTION,true,true,SUCCESS_WITH_WARNING,CRITICAL_SINGULARITY_DAMPED,150,true,true,9.52424182950e-07,false,false,false,false,0,Infinity,616291,0.574999993317|0.574999993317|0.0200009579634|0.574999993319|0.574999993310
625,VALID_CAMPAIGN,NEAR_JOINT_LIMIT,5643630318019893955,5,PRISMATIC_ONLY,0.260000000000,-0.0200000055500,2.29999997780,UNGUARDED_REFERENCE,true,true,CONVERGED_UNCERTIFIED,NO_GUARDS_OR_FINAL_CERTIFICATION,3,true,true,8.21127914694e-07,false,false,false,false,0,NaN,2459,0.574999962048|0.574999962048|0.0200008163597|0.574999961961|0.574999961979
626,VALID_CAMPAIGN,NEAR_SINGULARITY,807431118156064491,5,PRISMATIC_ONLY,0.260000000000,-0.297500005550,1.19000000000,GUARDED_PRODUCTION,true,true,SUCCESS_WITH_WARNING,CRITICAL_SINGULARITY_DAMPED,118,true,true,7.47414425905e-07,false,false,false,false,0,Infinity,489709,0.297500001629|0.297500001629|0.297499258164|0.297500001633|0.297500001622
626,VALID_CAMPAIGN,NEAR_SINGULARITY,807431118156064491,5,PRISMATIC_ONLY,0.260000000000,-0.297500005550,1.19000000000,UNGUARDED_REFERENCE,true,true,CONVERGED_UNCERTIFIED,NO_GUARDS_OR_FINAL_CERTIFICATION,3,true,true,4.81168185839e-07,false,false,false,false,0,NaN,5250,0.297500029268|0.297500029268|0.297499538802|0.297500029181|0.297500029198
627,VALID_CAMPAIGN,MICRO_MOTION,-2277813011298361750,5,PRISMATIC_ONLY,0.260000000000,-0.297500061050,1.19000000000,GUARDED_PRODUCTION,true,true,SUCCESS,NONE,1,true,true,8.02912464197e-07,false,false,false,false,0,NaN,3416,0.297500001629|0.297500001629|0.297499258164|0.297500001633|0.297500001622
627,VALID_CAMPAIGN,MICRO_MOTION,-2277813011298361750,5,PRISMATIC_ONLY,0.260000000000,-0.297500061050,1.19000000000,UNGUARDED_REFERENCE,true,true,CONVERGED_UNCERTIFIED,NO_GUARDS_OR_FINAL_CERTIFICATION,1,true,true,5.35174841151e-07,false,false,false,false,0,NaN,458,0.297500029268|0.297500029268|0.297499538802|0.297500029181|0.297500029198
628,VALID_CAMPAIGN,UNIFORM,8735655392903431694,5,PRISMATIC_ONLY,0.260000000000,-0.445139928555,0.924454571110,GUARDED_PRODUCTION,true,true,SUCCESS_WITH_WARNING,CRITICAL_SINGULARITY_DAMPED,40,true,true,6.97958037650e-07,false,false,false,false,0,Infinity,163959,0.231113643922|0.231113643922|0.445139230612|0.231113643926|0.231113643914
628,VALID_CAMPAIGN,UNIFORM,8735655392903431694,5,PRISMATIC_ONLY,0.260000000000,-0.445139928555,0.924454571110,UNGUARDED_REFERENCE,true,true,CONVERGED_UNCERTIFIED,NO_GUARDS_OR_FINAL_CERTIFICATION,3,true,true,2.49898336283e-07,false,false,false,false,0,NaN,2417,0.231113649809|0.231113649809|0.445139680227|0.231113649722|0.231113649739
629,VALID_CAMPAIGN,NEAR_JOINT_LIMIT,3972694134260388812,5,PRISMATIC_ONLY,0.260000000000,-0.574999994450,1.19000000000,GUARDED_PRODUCTION,true,true,SUCCESS_WITH_WARNING,CRITICAL_SINGULARITY_DAMPED,38,true,true,4.27371009468e-07,false,false,false,false,0,Infinity,154584,0.297499999268|0.297499999268|0.574999567089|0.297499999272|0.297499999260
629,VALID_CAMPAIGN,NEAR_JOINT_LIMIT,3972694134260388812,5,PRISMATIC_ONLY,0.260000000000,-0.574999994450,1.19000000000,UNGUARDED_REFERENCE,true,true,CONVERGED_UNCERTIFIED,NO_GUARDS_OR_FINAL_CERTIFICATION,3,true,true,2.20205953909e-07,false,false,false,false,0,NaN,2459,0.297499993047|0.297499993047|0.574999776028|0.297499992960|0.297499992977
630,VALID_CAMPAIGN,NEAR_SINGULARITY,3810727470630822197,5,PRISMATIC_ONLY,0.260000000000,-0.297500005550,1.19000000000,GUARDED_PRODUCTION,true,true,SUCCESS_WITH_WARNING,CRITICAL_SINGULARITY_DAMPED,54,true,true,9.68404655022e-07,false,false,false,false,0,Infinity,218750,0.297500000001|0.297500000001|0.297500973955|0.297500000005|0.297499999993
630,VALID_CAMPAIGN,NEAR_SINGULARITY,3810727470630822197,5,PRISMATIC_ONLY,0.260000000000,-0.297500005550,1.19000000000,UNGUARDED_REFERENCE,true,true,CONVERGED_UNCERTIFIED,NO_GUARDS_OR_FINAL_CERTIFICATION,3,true,true,4.66749073724e-07,false,false,false,false,0,NaN,2500,0.297500000039|0.297500000039|0.297500472299|0.297499999952|0.297499999970
631,VALID_CAMPAIGN,MICRO_MOTION,-400358088574749894,5,PRISMATIC_ONLY,0.260000000000,-0.297500061050,1.19000000000,GUARDED_PRODUCTION,true,true,SUCCESS,NONE,1,true,true,9.12904655037e-07,false,false,false,false,0,NaN,3209,0.297500000001|0.297500000001|0.297500973955|0.297500000005|0.297499999993
631,VALID_CAMPAIGN,MICRO_MOTION,-400358088574749894,5,PRISMATIC_ONLY,0.260000000000,-0.297500061050,1.19000000000,UNGUARDED_REFERENCE,true,true,CONVERGED_UNCERTIFIED,NO_GUARDS_OR_FINAL_CERTIFICATION,1,true,true,4.11249073740e-07,false,false,false,false,0,NaN,500,0.297500000039|0.297500000039|0.297500472299|0.297499999952|0.297499999970
632,VALID_CAMPAIGN,UNIFORM,1389494895333069326,5,PRISMATIC_ONLY,0.260000000000,-0.425868222345,0.955549208623,GUARDED_PRODUCTION,true,true,SUCCESS_WITH_WARNING,CRITICAL_SINGULARITY_DAMPED,36,true,true,3.17159503274e-07,false,false,false,false,0,Infinity,159417,0.238887302602|0.238887302602|0.425867905191|0.238887302607|0.238887302595
632,VALID_CAMPAIGN,UNIFORM,1389494895333069326,5,PRISMATIC_ONLY,0.260000000000,-0.425868222345,0.955549208623,UNGUARDED_REFERENCE,true,true,CONVERGED_UNCERTIFIED,NO_GUARDS_OR_FINAL_CERTIFICATION,3,true,true,2.17319572121e-07,false,false,false,false,0,NaN,2458,0.238887308368|0.238887308368|0.425868006433|0.238887308282|0.238887308299
633,VALID_CAMPAIGN,NEAR_JOINT_LIMIT,-2512762205967037251,5,PRISMATIC_ONLY,0.260000000000,-0.574999994450,1.19000000000,GUARDED_PRODUCTION,true,true,SUCCESS_WITH_WARNING,CRITICAL_SINGULARITY_DAMPED,39,true,true,2.08061777130e-07,false,false,false,false,0,Infinity,161708,0.297499999801|0.297499999801|0.574999786390|0.297499999806|0.297499999795
633,VALID_CAMPAIGN,NEAR_JOINT_LIMIT,-2512762205967037251,5,PRISMATIC_ONLY,0.260000000000,-0.574999994450,1.19000000000,UNGUARDED_REFERENCE,true,true,CONVERGED_UNCERTIFIED,NO_GUARDS_OR_FINAL_CERTIFICATION,3,true,true,2.52049649719e-07,false,false,false,false,0,NaN,2500,0.297499993865|0.297499993865|0.574999743613|0.297499993779|0.297499993796
634,VALID_CAMPAIGN,NEAR_SINGULARITY,-3772913540525336188,5,PRISMATIC_ONLY,0.260000000000,-0.297500005550,1.19000000000,GUARDED_PRODUCTION,true,true,SUCCESS_WITH_WARNING,CRITICAL_SINGULARITY_DAMPED,54,true,true,9.68442923244e-07,false,false,false,false,0,Infinity,222667,0.297500000000|0.297500000000|0.297500973993|0.297500000005|0.297499999994
634,VALID_CAMPAIGN,NEAR_SINGULARITY,-3772913540525336188,5,PRISMATIC_ONLY,0.260000000000,-0.297500005550,1.19000000000,UNGUARDED_REFERENCE,true,true,CONVERGED_UNCERTIFIED,NO_GUARDS_OR_FINAL_CERTIFICATION,3,true,true,4.66749019212e-07,false,false,false,false,0,NaN,2500,0.297500000039|0.297500000039|0.297500472299|0.297499999952|0.297499999970
635,VALID_CAMPAIGN,MICRO_MOTION,-1510394872752447937,5,PRISMATIC_ONLY,0.260000000000,-0.297500061050,1.19000000000,GUARDED_PRODUCTION,true,true,SUCCESS,NONE,1,true,true,9.12942923259e-07,false,false,false,false,0,NaN,3208,0.297500000000|0.297500000000|0.297500973993|0.297500000005|0.297499999994
635,VALID_CAMPAIGN,MICRO_MOTION,-1510394872752447937,5,PRISMATIC_ONLY,0.260000000000,-0.297500061050,1.19000000000,UNGUARDED_REFERENCE,true,true,CONVERGED_UNCERTIFIED,NO_GUARDS_OR_FINAL_CERTIFICATION,1,true,true,4.11249019228e-07,false,false,false,false,0,NaN,458,0.297500000039|0.297500000039|0.297500472299|0.297499999952|0.297499999970
636,VALID_CAMPAIGN,UNIFORM,2924748073341955484,5,PRISMATIC_ONLY,0.260000000000,-0.113224978179,1.04310217020,GUARDED_PRODUCTION,true,true,SUCCESS_WITH_WARNING,CRITICAL_SINGULARITY_DAMPED,40,true,true,7.15123274545e-07,false,false,false,false,0,Infinity,169208,0.260775543062|0.260775543062|0.113225693299|0.260775543067|0.260775543056
636,VALID_CAMPAIGN,UNIFORM,2924748073341955484,5,PRISMATIC_ONLY,0.260000000000,-0.113224978179,1.04310217020,UNGUARDED_REFERENCE,true,true,CONVERGED_UNCERTIFIED,NO_GUARDS_OR_FINAL_CERTIFICATION,3,true,true,3.10333649045e-07,false,false,false,false,0,NaN,5292,0.260775546457|0.260775546457|0.113225288126|0.260775546370|0.260775546388
637,VALID_CAMPAIGN,NEAR_JOINT_LIMIT,1099534871033859619,5,PRISMATIC_ONLY,0.260000000000,-0.574999994450,0.635000011100,GUARDED_PRODUCTION,true,true,SUCCESS_WITH_WARNING,CRITICAL_SINGULARITY_DAMPED,96,true,true,4.62049088870e-07,false,false,false,false,0,Infinity,518000,0.158750003019|0.158750003019|0.574999532402|0.158750003025|0.158750003013
637,VALID_CAMPAIGN,NEAR_JOINT_LIMIT,1099534871033859619,5,PRISMATIC_ONLY,0.260000000000,-0.574999994450,0.635000011100,UNGUARDED_REFERENCE,true,true,CONVERGED_UNCERTIFIED,NO_GUARDS_OR_FINAL_CERTIFICATION,3,true,true,7.77884402375e-07,false,false,false,false,0,NaN,12958,0.158750013560|0.158750013560|0.574999217754|0.158750013474|0.158750013491
638,VALID_CAMPAIGN,NEAR_SINGULARITY,-4880689197753251876,5,PRISMATIC_ONLY,0.260000000000,-0.297500005550,1.19000000000,GUARDED_PRODUCTION,true,true,SUCCESS_WITH_WARNING,CRITICAL_SINGULARITY_DAMPED,76,true,true,3.32292827320e-07,false,false,false,false,0,Infinity,346792,0.297499999605|0.297499999605|0.297500337839|0.297499999610|0.297499999597
638,VALID_CAMPAIGN,NEAR_SINGULARITY,-4880689197753251876,5,PRISMATIC_ONLY,0.260000000000,-0.297500005550,1.19000000000,UNGUARDED_REFERENCE,true,true,CONVERGED_UNCERTIFIED,NO_GUARDS_OR_FINAL_CERTIFICATION,3,true,true,4.70394599574e-07,false,false,false,false,0,NaN,2917,0.297499985421|0.297499985421|0.297500472298|0.297499985334|0.297499985367
639,VALID_CAMPAIGN,MICRO_MOTION,-8570823009372763786,5,PRISMATIC_ONLY,0.260000000000,-0.297500061050,1.19000000000,GUARDED_PRODUCTION,true,true,SUCCESS,NONE,1,true,true,2.76793583438e-07,false,false,false,false,0,NaN,7000,0.297499999605|0.297499999605|0.297500337839|0.297499999610|0.297499999597
639,VALID_CAMPAIGN,MICRO_MOTION,-8570823009372763786,5,PRISMATIC_ONLY,0.260000000000,-0.297500061050,1.19000000000,UNGUARDED_REFERENCE,true,true,CONVERGED_UNCERTIFIED,NO_GUARDS_OR_FINAL_CERTIFICATION,1,true,true,4.15382096826e-07,false,false,false,false,0,NaN,917,0.297499985421|0.297499985421|0.297500472298|0.297499985334|0.297499985367
640,VALID_CAMPAIGN,UNIFORM,-3061476630528772366,5,PRISMATIC_ONLY,0.260000000000,-0.163817366858,1.34719474421,GUARDED_PRODUCTION,true,true,SUCCESS_WITH_WARNING,CRITICAL_SINGULARITY_DAMPED,32,true,true,8.65744857570e-07,false,false,false,false,0,Infinity,141750,0.336798685069|0.336798685069|0.163818232594|0.336798685074|0.336798685061
640,VALID_CAMPAIGN,UNIFORM,-3061476630528772366,5,PRISMATIC_ONLY,0.260000000000,-0.163817366858,1.34719474421,UNGUARDED_REFERENCE,true,true,CONVERGED_UNCERTIFIED,NO_GUARDS_OR_FINAL_CERTIFICATION,3,true,true,2.25461079124e-07,false,false,false,false,0,NaN,2666,0.336798681949|0.336798681949|0.163817591710|0.336798681862|0.336798681894
641,VALID_CAMPAIGN,NEAR_JOINT_LIMIT,1918647968590684717,5,PRISMATIC_ONLY,0.260000000000,-0.0200000055500,1.19000000000,GUARDED_PRODUCTION,true,true,SUCCESS_WITH_WARNING,CRITICAL_SINGULARITY_DAMPED,34,true,true,5.08434115287e-07,false,false,false,false,0,Infinity,145708,0.297500000479|0.297500000479|0.0200005139805|0.297500000484|0.297500000470
641,VALID_CAMPAIGN,NEAR_JOINT_LIMIT,1918647968590684717,5,PRISMATIC_ONLY,0.260000000000,-0.0200000055500,1.19000000000,UNGUARDED_REFERENCE,true,true,CONVERGED_UNCERTIFIED,NO_GUARDS_OR_FINAL_CERTIFICATION,3,true,true,2.42464284319e-07,false,false,false,false,0,NaN,2542,0.297500004174|0.297500004174|0.0200002474483|0.297500004088|0.297500004120
642,VALID_CAMPAIGN,NEAR_SINGULARITY,5320685000756715052,5,PRISMATIC_ONLY,0.260000000000,-0.297500005550,1.19000000000,GUARDED_PRODUCTION,true,true,SUCCESS_WITH_WARNING,CRITICAL_SINGULARITY_DAMPED,54,true,true,9.68392445289e-07,false,false,false,false,0,Infinity,230208,0.297500000001|0.297500000001|0.297499037158|0.297500000006|0.297499999992
642,VALID_CAMPAIGN,NEAR_SINGULARITY,5320685000756715052,5,PRISMATIC_ONLY,0.260000000000,-0.297500005550,1.19000000000,UNGUARDED_REFERENCE,true,true,CONVERGED_UNCERTIFIED,NO_GUARDS_OR_FINAL_CERTIFICATION,3,true,true,4.66749042971e-07,false,false,false,false,0,NaN,2541,0.297500000035|0.297500000035|0.297499538801|0.297499999949|0.297499999981
643,VALID_CAMPAIGN,MICRO_MOTION,-1711692484667898983,5,PRISMATIC_ONLY,0.260000000000,-0.297500061050,1.19000000000,GUARDED_PRODUCTION,true,true,SUCCESS_WITH_WARNING,CRITICAL_SINGULARITY_DAMPED,2,true,true,1.17680332756e-07,false,false,false,false,0,Infinity,8083,0.297500000001|0.297500000001|0.297499943370|0.297500000006|0.297499999992
643,VALID_CAMPAIGN,MICRO_MOTION,-1711692484667898983,5,PRISMATIC_ONLY,0.260000000000,-0.297500061050,1.19000000000,UNGUARDED_REFERENCE,true,true,CONVERGED_UNCERTIFIED,NO_GUARDS_OR_FINAL_CERTIFICATION,1,true,true,5.22249042956e-07,false,false,false,false,0,NaN,2833,0.297500000035|0.297500000035|0.297499538801|0.297499999949|0.297499999981
644,VALID_CAMPAIGN,UNIFORM,4613854550960367137,5,PRISMATIC_ONLY,0.260000000000,-0.108894403603,0.808804763194,GUARDED_PRODUCTION,true,true,SUCCESS_WITH_WARNING,CRITICAL_SINGULARITY_DAMPED,53,true,true,4.14392255907e-07,false,false,false,false,0,Infinity,222458,0.202201191431|0.202201191431|0.108894817988|0.202201191435|0.202201191421
644,VALID_CAMPAIGN,UNIFORM,4613854550960367137,5,PRISMATIC_ONLY,0.260000000000,-0.108894403603,0.808804763194,UNGUARDED_REFERENCE,true,true,CONVERGED_UNCERTIFIED,NO_GUARDS_OR_FINAL_CERTIFICATION,3,true,true,3.19760842648e-07,false,false,false,false,0,NaN,2625,0.202201200871|0.202201200871|0.108894720833|0.202201200785|0.202201200817
645,VALID_CAMPAIGN,NEAR_JOINT_LIMIT,-8592938001171108951,5,PRISMATIC_ONLY,0.260000000000,-0.574999994450,0.635000011100,GUARDED_PRODUCTION,true,true,SUCCESS_WITH_WARNING,CRITICAL_SINGULARITY_DAMPED,90,true,true,4.82072265772e-07,false,false,false,false,0,Infinity,369916,0.158750002893|0.158750002893|0.574999512378|0.158750002898|0.158750002883
645,VALID_CAMPAIGN,NEAR_JOINT_LIMIT,-8592938001171108951,5,PRISMATIC_ONLY,0.260000000000,-0.574999994450,0.635000011100,UNGUARDED_REFERENCE,true,true,CONVERGED_UNCERTIFIED,NO_GUARDS_OR_FINAL_CERTIFICATION,3,true,true,7.84193489658e-07,false,false,false,false,0,NaN,2625,0.158750007386|0.158750007386|0.574999210470|0.158750007304|0.158750007332
646,VALID_CAMPAIGN,NEAR_SINGULARITY,6347411919828754560,5,PRISMATIC_ONLY,0.260000000000,-0.297500005550,1.19000000000,GUARDED_PRODUCTION,true,true,SUCCESS_WITH_WARNING,CRITICAL_SINGULARITY_DAMPED,76,true,true,3.32290663843e-07,false,false,false,false,0,Infinity,316958,0.297499999605|0.297499999605|0.297500337837|0.297499999611|0.297499999596
646,VALID_CAMPAIGN,NEAR_SINGULARITY,6347411919828754560,5,PRISMATIC_ONLY,0.260000000000,-0.297500005550,1.19000000000,UNGUARDED_REFERENCE,true,true,CONVERGED_UNCERTIFIED,NO_GUARDS_OR_FINAL_CERTIFICATION,3,true,true,4.70394589581e-07,false,false,false,false,0,NaN,2500,0.297499985420|0.297499985420|0.297500472298|0.297499985338|0.297499985366
647,VALID_CAMPAIGN,MICRO_MOTION,-5019696433677908693,5,PRISMATIC_ONLY,0.260000000000,-0.297500061050,1.19000000000,GUARDED_PRODUCTION,true,true,SUCCESS,NONE,1,true,true,2.76791419958e-07,false,false,false,false,0,NaN,3208,0.297499999605|0.297499999605|0.297500337837|0.297499999611|0.297499999596
647,VALID_CAMPAIGN,MICRO_MOTION,-5019696433677908693,5,PRISMATIC_ONLY,0.260000000000,-0.297500061050,1.19000000000,UNGUARDED_REFERENCE,true,true,CONVERGED_UNCERTIFIED,NO_GUARDS_OR_FINAL_CERTIFICATION,1,true,true,4.15382087149e-07,false,false,false,false,0,NaN,459,0.297499985420|0.297499985420|0.297500472298|0.297499985338|0.297499985366
648,VALID_CAMPAIGN,UNIFORM,4144020047599267724,5,PRISMATIC_ONLY,0.260000000000,-0.527209045555,0.689270186480,GUARDED_PRODUCTION,true,true,SUCCESS_WITH_WARNING,CRITICAL_SINGULARITY_DAMPED,66,true,true,5.39655394309e-07,false,false,false,false,0,Infinity,317875,0.172317547481|0.172317547481|0.527208505910|0.172317547487|0.172317547471
648,VALID_CAMPAIGN,UNIFORM,4144020047599267724,5,PRISMATIC_ONLY,0.260000000000,-0.527209045555,0.689270186480,UNGUARDED_REFERENCE,true,true,CONVERGED_UNCERTIFIED,NO_GUARDS_OR_FINAL_CERTIFICATION,3,true,true,3.89948355914e-07,false,false,false,false,0,NaN,2833,0.172317559846|0.172317559846|0.527208659190|0.172317559765|0.172317559764
649,VALID_CAMPAIGN,NEAR_JOINT_LIMIT,8606414065922461662,5,PRISMATIC_ONLY,0.260000000000,-0.574999994450,1.19000000000,GUARDED_PRODUCTION,true,true,SUCCESS_WITH_WARNING,CRITICAL_SINGULARITY_DAMPED,50,true,true,2.75695859063e-07,false,false,false,false,0,Infinity,203250,0.297499997518|0.297499997518|0.574999718933|0.297499997522|0.297499997506
649,VALID_CAMPAIGN,NEAR_JOINT_LIMIT,8606414065922461662,5,PRISMATIC_ONLY,0.260000000000,-0.574999994450,1.19000000000,UNGUARDED_REFERENCE,true,true,CONVERGED_UNCERTIFIED,NO_GUARDS_OR_FINAL_CERTIFICATION,3,true,true,9.61417284365e-08,false,false,false,false,0,NaN,2541,0.297499986859|0.297499986859|0.574999914066|0.297499986777|0.297499986763
650,VALID_CAMPAIGN,NEAR_SINGULARITY,-8482191457966529786,5,PRISMATIC_ONLY,0.260000000000,-0.297500005550,1.19000000000,GUARDED_PRODUCTION,true,true,SUCCESS_WITH_WARNING,CRITICAL_SINGULARITY_DAMPED,54,true,true,9.68431152049e-07,false,false,false,false,0,Infinity,231583,0.297500000002|0.297500000002|0.297500973981|0.297500000006|0.297499999990
650,VALID_CAMPAIGN,NEAR_SINGULARITY,-8482191457966529786,5,PRISMATIC_ONLY,0.260000000000,-0.297500005550,1.19000000000,UNGUARDED_REFERENCE,true,true,CONVERGED_UNCERTIFIED,NO_GUARDS_OR_FINAL_CERTIFICATION,3,true,true,4.66749305927e-07,false,false,false,false,0,NaN,2625,0.297500000044|0.297500000044|0.297500472299|0.297499999963|0.297499999949
651,VALID_CAMPAIGN,MICRO_MOTION,-4096993825291944352,5,PRISMATIC_ONLY,0.260000000000,-0.297500061050,1.19000000000,GUARDED_PRODUCTION,true,true,SUCCESS,NONE,1,true,true,9.12931152064e-07,false,false,false,false,0,NaN,4042,0.297500000002|0.297500000002|0.297500973981|0.297500000006|0.297499999990
651,VALID_CAMPAIGN,MICRO_MOTION,-4096993825291944352,5,PRISMATIC_ONLY,0.260000000000,-0.297500061050,1.19000000000,UNGUARDED_REFERENCE,true,true,CONVERGED_UNCERTIFIED,NO_GUARDS_OR_FINAL_CERTIFICATION,1,true,true,4.11249305943e-07,false,false,false,false,0,NaN,500,0.297500000044|0.297500000044|0.297500472299|0.297499999963|0.297499999949
652,VALID_CAMPAIGN,UNIFORM,348656538857615113,5,PRISMATIC_ONLY,0.260000000000,-0.229830166898,1.15256841254,GUARDED_PRODUCTION,true,true,SUCCESS_WITH_WARNING,CRITICAL_SINGULARITY_DAMPED,17,true,true,6.22840769811e-07,false,false,false,false,0,Infinity,68250,0.288142103470|0.288142103470|0.229830789738|0.288142103474|0.288142103458
652,VALID_CAMPAIGN,UNIFORM,348656538857615113,5,PRISMATIC_ONLY,0.260000000000,-0.229830166898,1.15256841254,UNGUARDED_REFERENCE,true,true,CONVERGED_UNCERTIFIED,NO_GUARDS_OR_FINAL_CERTIFICATION,3,true,true,1.13888363997e-07,false,false,false,false,0,NaN,2500,0.288142104166|0.288142104166|0.229830280718|0.288142104084|0.288142104070
653,VALID_CAMPAIGN,NEAR_JOINT_LIMIT,5377353792690040851,5,PRISMATIC_ONLY,0.260000000000,-0.0200000055500,1.19000000000,GUARDED_PRODUCTION,true,true,SUCCESS_WITH_WARNING,CRITICAL_SINGULARITY_DAMPED,42,true,true,9.26830987240e-07,false,false,false,false,0,Infinity,169042,0.297499999848|0.297499999848|0.0200009323808|0.297499999853|0.297499999837
653,VALID_CAMPAIGN,NEAR_JOINT_LIMIT,5377353792690040851,5,PRISMATIC_ONLY,0.260000000000,-0.0200000055500,1.19000000000,UNGUARDED_REFERENCE,true,true,CONVERGED_UNCERTIFIED,NO_GUARDS_OR_FINAL_CERTIFICATION,3,true,true,3.52952354584e-07,false,false,false,false,0,NaN,2500,0.297499999059|0.297499999059|0.0200003584803|0.297499998977|0.297499998963
654,VALID_CAMPAIGN,NEAR_SINGULARITY,-7454103853777586882,5,PRISMATIC_ONLY,0.260000000000,-0.297500005550,1.19000000000,GUARDED_PRODUCTION,true,true,SUCCESS_WITH_WARNING,CRITICAL_SINGULARITY_DAMPED,54,true,true,9.68319433969e-07,false,false,false,false,0,Infinity,221208,0.297500000002|0.297500000002|0.297499037231|0.297500000006|0.297499999990
654,VALID_CAMPAIGN,NEAR_SINGULARITY,-7454103853777586882,5,PRISMATIC_ONLY,0.260000000000,-0.297500005550,1.19000000000,UNGUARDED_REFERENCE,true,true,CONVERGED_UNCERTIFIED,NO_GUARDS_OR_FINAL_CERTIFICATION,3,true,true,4.66748856232e-07,false,false,false,false,0,NaN,2459,0.297500000044|0.297500000044|0.297499538801|0.297499999963|0.297499999949
655,VALID_CAMPAIGN,MICRO_MOTION,7352152137825533202,5,PRISMATIC_ONLY,0.260000000000,-0.297500061050,1.19000000000,GUARDED_PRODUCTION,true,true,SUCCESS_WITH_WARNING,CRITICAL_SINGULARITY_DAMPED,2,true,true,1.17671941247e-07,false,false,false,false,0,Infinity,9583,0.297500000002|0.297500000002|0.297499943378|0.297500000006|0.297499999990
655,VALID_CAMPAIGN,MICRO_MOTION,7352152137825533202,5,PRISMATIC_ONLY,0.260000000000,-0.297500061050,1.19000000000,UNGUARDED_REFERENCE,true,true,CONVERGED_UNCERTIFIED,NO_GUARDS_OR_FINAL_CERTIFICATION,1,true,true,5.22248856216e-07,false,false,false,false,0,NaN,500,0.297500000044|0.297500000044|0.297499538801|0.297499999963|0.297499999949
656,VALID_CAMPAIGN,UNIFORM,-4704034104775171095,5,PRISMATIC_ONLY,0.260000000000,-0.171730652769,1.90810094683,GUARDED_PRODUCTION,true,true,SUCCESS_WITH_WARNING,CRITICAL_SINGULARITY_DAMPED,73,true,true,4.86583073233e-07,false,false,false,false,0,Infinity,293500,0.477025234712|0.477025234712|0.171731139287|0.477025234719|0.477025234702
656,VALID_CAMPAIGN,UNIFORM,-4704034104775171095,5,PRISMATIC_ONLY,0.260000000000,-0.171730652769,1.90810094683,UNGUARDED_REFERENCE,true,true,CONVERGED_UNCERTIFIED,NO_GUARDS_OR_FINAL_CERTIFICATION,3,true,true,2.24656116938e-07,false,false,false,false,0,NaN,2541,0.477025217823|0.477025217823|0.171730864310|0.477025217781|0.477025217767
657,VALID_CAMPAIGN,NEAR_JOINT_LIMIT,-1051506894405732733,5,PRISMATIC_ONLY,0.260000000000,-0.574999994450,0.635000011100,GUARDED_PRODUCTION,true,true,SUCCESS_WITH_WARNING,CRITICAL_SINGULARITY_DAMPED,144,true,true,9.03372494723e-07,false,false,false,false,0,Infinity,580584,0.158750004141|0.158750004141|0.574999091094|0.158750004145|0.158750004129
657,VALID_CAMPAIGN,NEAR_JOINT_LIMIT,-1051506894405732733,5,PRISMATIC_ONLY,0.260000000000,-0.574999994450,0.635000011100,UNGUARDED_REFERENCE,true,true,CONVERGED_UNCERTIFIED,NO_GUARDS_OR_FINAL_CERTIFICATION,3,true,true,6.91418363762e-07,false,false,false,false,0,NaN,3417,0.158750036323|0.158750036323|0.574999316159|0.158750036281|0.158750036267
658,VALID_CAMPAIGN,NEAR_SINGULARITY,1661437662282615576,5,PRISMATIC_ONLY,0.260000000000,-0.297500005550,1.19000000000,GUARDED_PRODUCTION,true,true,SUCCESS_WITH_WARNING,CRITICAL_SINGULARITY_DAMPED,76,true,true,3.32244271794e-07,false,false,false,false,0,Infinity,303209,0.297499999606|0.297499999606|0.297500337791|0.297499999609|0.297499999595
658,VALID_CAMPAIGN,NEAR_SINGULARITY,1661437662282615576,5,PRISMATIC_ONLY,0.260000000000,-0.297500005550,1.19000000000,UNGUARDED_REFERENCE,true,true,CONVERGED_UNCERTIFIED,NO_GUARDS_OR_FINAL_CERTIFICATION,3,true,true,4.70394763191e-07,false,false,false,false,0,NaN,2416,0.297499985402|0.297499985402|0.297500472298|0.297499985376|0.297499985362
659,VALID_CAMPAIGN,MICRO_MOTION,8170251875067300228,5,PRISMATIC_ONLY,0.260000000000,-0.297500061050,1.19000000000,GUARDED_PRODUCTION,true,true,SUCCESS,NONE,1,true,true,2.76745027859e-07,false,false,false,false,0,NaN,4875,0.297499999606|0.297499999606|0.297500337791|0.297499999609|0.297499999595
659,VALID_CAMPAIGN,MICRO_MOTION,8170251875067300228,5,PRISMATIC_ONLY,0.260000000000,-0.297500061050,1.19000000000,UNGUARDED_REFERENCE,true,true,CONVERGED_UNCERTIFIED,NO_GUARDS_OR_FINAL_CERTIFICATION,1,true,true,4.15382260002e-07,false,false,false,false,0,NaN,542,0.297499985402|0.297499985402|0.297500472298|0.297499985376|0.297499985362
660,VALID_CAMPAIGN,UNIFORM,5885454701777845278,5,PRISMATIC_ONLY,0.260000000000,-0.227762819431,1.37490103081,GUARDED_PRODUCTION,true,true,SUCCESS_WITH_WARNING,CRITICAL_SINGULARITY_DAMPED,25,true,true,6.25448414162e-07,false,false,false,false,0,Infinity,100625,0.343725256051|0.343725256051|0.227763444844|0.343725256053|0.343725256041
660,VALID_CAMPAIGN,UNIFORM,5885454701777845278,5,PRISMATIC_ONLY,0.260000000000,-0.227762819431,1.37490103081,UNGUARDED_REFERENCE,true,true,CONVERGED_UNCERTIFIED,NO_GUARDS_OR_FINAL_CERTIFICATION,3,true,true,1.18903131920e-07,false,false,false,false,0,NaN,2542,0.343725252851|0.343725252851|0.227762936728|0.343725252824|0.343725252810
661,VALID_CAMPAIGN,NEAR_JOINT_LIMIT,6612550517622831975,5,PRISMATIC_ONLY,0.260000000000,-0.574999994450,1.19000000000,GUARDED_PRODUCTION,true,true,SUCCESS_WITH_WARNING,CRITICAL_SINGULARITY_DAMPED,69,true,true,7.60192828370e-07,false,false,false,false,0,Infinity,276541,0.297500000326|0.297500000326|0.574999234258|0.297500000328|0.297500000316
661,VALID_CAMPAIGN,NEAR_JOINT_LIMIT,6612550517622831975,5,PRISMATIC_ONLY,0.260000000000,-0.574999994450,1.19000000000,UNGUARDED_REFERENCE,true,true,CONVERGED_UNCERTIFIED,NO_GUARDS_OR_FINAL_CERTIFICATION,3,true,true,5.84370429420e-07,false,false,false,false,0,NaN,2459,0.297500004893|0.297500004893|0.574999410404|0.297500004846|0.297500004843
662,VALID_CAMPAIGN,NEAR_SINGULARITY,-9016497727727132820,5,PRISMATIC_ONLY,0.260000000000,-0.297500005550,1.19000000000,GUARDED_PRODUCTION,true,true,SUCCESS_WITH_WARNING,CRITICAL_SINGULARITY_DAMPED,54,true,true,9.68346575703e-07,false,false,false,false,0,Infinity,214625,0.297500000002|0.297500000002|0.297500973897|0.297500000004|0.297499999992
662,VALID_CAMPAIGN,NEAR_SINGULARITY,-9016497727727132820,5,PRISMATIC_ONLY,0.260000000000,-0.297500005550,1.19000000000,UNGUARDED_REFERENCE,true,true,CONVERGED_UNCERTIFIED,NO_GUARDS_OR_FINAL_CERTIFICATION,3,true,true,4.66748458772e-07,false,false,false,false,0,NaN,2417,0.297500000024|0.297500000024|0.297500472298|0.297499999977|0.297499999974
663,VALID_CAMPAIGN,MICRO_MOTION,6713830249335618743,5,PRISMATIC_ONLY,0.260000000000,-0.297500061050,1.19000000000,GUARDED_PRODUCTION,true,true,SUCCESS,NONE,1,true,true,9.12846575718e-07,false,false,false,false,0,NaN,3083,0.297500000002|0.297500000002|0.297500973897|0.297500000004|0.297499999992
663,VALID_CAMPAIGN,MICRO_MOTION,6713830249335618743,5,PRISMATIC_ONLY,0.260000000000,-0.297500061050,1.19000000000,UNGUARDED_REFERENCE,true,true,CONVERGED_UNCERTIFIED,NO_GUARDS_OR_FINAL_CERTIFICATION,1,true,true,4.11248458787e-07,false,false,false,false,0,NaN,542,0.297500000024|0.297500000024|0.297500472298|0.297499999977|0.297499999974
664,VALID_CAMPAIGN,UNIFORM,29736703513932668,5,PRISMATIC_ONLY,0.260000000000,-0.343797554960,0.947265955447,GUARDED_PRODUCTION,true,true,SUCCESS_WITH_WARNING,CRITICAL_SINGULARITY_DAMPED,28,true,true,2.13289748833e-07,false,false,false,false,0,Infinity,112333,0.236816489835|0.236816489835|0.343797341706|0.236816489836|0.236816489825
664,VALID_CAMPAIGN,UNIFORM,29736703513932668,5,PRISMATIC_ONLY,0.260000000000,-0.343797554960,0.947265955447,UNGUARDED_REFERENCE,true,true,CONVERGED_UNCERTIFIED,NO_GUARDS_OR_FINAL_CERTIFICATION,3,true,true,8.19604670224e-08,false,false,false,false,0,NaN,2458,0.236816495278|0.236816495278|0.343797477089|0.236816495231|0.236816495227
665,VALID_CAMPAIGN,NEAR_JOINT_LIMIT,-859349872848859512,5,PRISMATIC_ONLY,0.260000000000,-0.0200000055500,1.74499998890,GUARDED_PRODUCTION,true,true,SUCCESS_WITH_WARNING,CRITICAL_SINGULARITY_DAMPED,99,true,true,2.14880931796e-07,false,false,false,false,0,Infinity,396167,0.436249997008|0.436249997008|0.0200002204291|0.436249997008|0.436249996997
665,VALID_CAMPAIGN,NEAR_JOINT_LIMIT,-859349872848859512,5,PRISMATIC_ONLY,0.260000000000,-0.0200000055500,1.74499998890,UNGUARDED_REFERENCE,true,true,CONVERGED_UNCERTIFIED,NO_GUARDS_OR_FINAL_CERTIFICATION,3,true,true,5.51064389758e-07,false,false,false,false,0,NaN,5125,0.436249976243|0.436249976243|0.0200005501709|0.436249976196|0.436249976193
666,VALID_CAMPAIGN,NEAR_SINGULARITY,8169304798771210497,5,PRISMATIC_ONLY,0.260000000000,-0.297500005550,1.19000000000,GUARDED_PRODUCTION,true,true,SUCCESS_WITH_WARNING,CRITICAL_SINGULARITY_DAMPED,76,true,true,3.32321102794e-07,false,false,false,false,0,Infinity,304583,0.297500000398|0.297500000398|0.297499673233|0.297500000401|0.297500000387
666,VALID_CAMPAIGN,NEAR_SINGULARITY,8169304798771210497,5,PRISMATIC_ONLY,0.260000000000,-0.297500005550,1.19000000000,UNGUARDED_REFERENCE,true,true,CONVERGED_UNCERTIFIED,NO_GUARDS_OR_FINAL_CERTIFICATION,3,true,true,4.70395001787e-07,false,false,false,false,0,NaN,2458,0.297500014639|0.297500014639|0.297499538801|0.297500014592|0.297500014588
667,VALID_CAMPAIGN,MICRO_MOTION,-3934115381099282104,5,PRISMATIC_ONLY,0.260000000000,-0.297500061050,1.19000000000,GUARDED_PRODUCTION,true,true,SUCCESS,NONE,1,true,true,3.87820563061e-07,false,false,false,false,0,NaN,4584,0.297500000398|0.297500000398|0.297499673233|0.297500000401|0.297500000387
667,VALID_CAMPAIGN,MICRO_MOTION,-3934115381099282104,5,PRISMATIC_ONLY,0.260000000000,-0.297500061050,1.19000000000,UNGUARDED_REFERENCE,true,true,CONVERGED_UNCERTIFIED,NO_GUARDS_OR_FINAL_CERTIFICATION,1,true,true,5.25510033147e-07,false,false,false,false,0,NaN,500,0.297500014639|0.297500014639|0.297499538801|0.297500014592|0.297500014588
668,VALID_CAMPAIGN,UNIFORM,-272018913780786146,5,PRISMATIC_ONLY,0.260000000000,-0.186617279006,1.53956450240,GUARDED_PRODUCTION,true,true,SUCCESS_WITH_WARNING,CRITICAL_SINGULARITY_DAMPED,42,true,true,2.75041340072e-07,false,false,false,false,0,Infinity,165875,0.384891124943|0.384891124943|0.186617554034|0.384891124945|0.384891124933
668,VALID_CAMPAIGN,UNIFORM,-272018913780786146,5,PRISMATIC_ONLY,0.260000000000,-0.186617279006,1.53956450240,UNGUARDED_REFERENCE,true,true,CONVERGED_UNCERTIFIED,NO_GUARDS_OR_FINAL_CERTIFICATION,3,true,true,1.90101416723e-07,false,false,false,false,0,NaN,2459,0.384891116429|0.384891116429|0.186617465507|0.384891116363|0.384891116359
669,VALID_CAMPAIGN,NEAR_JOINT_LIMIT,-668599272785076521,5,PRISMATIC_ONLY,0.260000000000,-0.0200000055500,1.19000000000,GUARDED_PRODUCTION,true,true,SUCCESS_WITH_WARNING,CRITICAL_SINGULARITY_DAMPED,48,true,true,5.20717250072e-07,false,false,false,false,0,Infinity,205083,0.297500000903|0.297500000903|0.0200005262548|0.297500000904|0.297500000891
669,VALID_CAMPAIGN,NEAR_JOINT_LIMIT,-668599272785076521,5,PRISMATIC_ONLY,0.260000000000,-0.0200000055500,1.19000000000,UNGUARDED_REFERENCE,true,true,CONVERGED_UNCERTIFIED,NO_GUARDS_OR_FINAL_CERTIFICATION,3,true,true,2.82655557623e-07,false,false,false,false,0,NaN,2500,0.297500009239|0.297500009239|0.0200002857972|0.297500009173|0.297500009169
670,VALID_CAMPAIGN,NEAR_SINGULARITY,-1767206573347932117,5,PRISMATIC_ONLY,0.260000000000,-0.297500005550,1.19000000000,GUARDED_PRODUCTION,true,true,SUCCESS_WITH_WARNING,CRITICAL_SINGULARITY_DAMPED,54,true,true,9.68390303391e-07,false,false,false,false,0,Infinity,215000,0.297500000003|0.297500000003|0.297499037160|0.297500000004|0.297499999991
670,VALID_CAMPAIGN,NEAR_SINGULARITY,-1767206573347932117,5,PRISMATIC_ONLY,0.260000000000,-0.297500005550,1.19000000000,UNGUARDED_REFERENCE,true,true,CONVERGED_UNCERTIFIED,NO_GUARDS_OR_FINAL_CERTIFICATION,3,true,true,4.66748978467e-07,false,false,false,false,0,NaN,3792,0.297500000034|0.297500000034|0.297499538801|0.297499999968|0.297499999964
671,VALID_CAMPAIGN,MICRO_MOTION,574753134302909552,5,PRISMATIC_ONLY,0.260000000000,-0.297500061050,1.19000000000,GUARDED_PRODUCTION,true,true,SUCCESS_WITH_WARNING,CRITICAL_SINGULARITY_DAMPED,2,true,true,1.17680086564e-07,false,false,false,false,0,Infinity,7667,0.297500000003|0.297500000003|0.297499943370|0.297500000004|0.297499999991
671,VALID_CAMPAIGN,MICRO_MOTION,574753134302909552,5,PRISMATIC_ONLY,0.260000000000,-0.297500061050,1.19000000000,UNGUARDED_REFERENCE,true,true,CONVERGED_UNCERTIFIED,NO_GUARDS_OR_FINAL_CERTIFICATION,1,true,true,5.22248978452e-07,false,false,false,false,0,NaN,458,0.297500000034|0.297500000034|0.297499538801|0.297499999968|0.297499999964
672,VALID_CAMPAIGN,UNIFORM,5032770305956174432,5,PRISMATIC_ONLY,0.260000000000,-0.416184100016,1.53432529545,GUARDED_PRODUCTION,true,true,SUCCESS_WITH_WARNING,CRITICAL_SINGULARITY_DAMPED,42,true,true,5.41602692214e-07,false,false,false,false,0,Infinity,169250,0.383581322476|0.383581322476|0.416183558442|0.383581322479|0.383581322465
672,VALID_CAMPAIGN,UNIFORM,5032770305956174432,5,PRISMATIC_ONLY,0.260000000000,-0.416184100016,1.53432529545,UNGUARDED_REFERENCE,true,true,CONVERGED_UNCERTIFIED,NO_GUARDS_OR_FINAL_CERTIFICATION,3,true,true,2.02892780676e-07,false,false,false,false,0,NaN,2459,0.383581314829|0.383581314829|0.416183900391|0.383581314763|0.383581314759
673,VALID_CAMPAIGN,NEAR_JOINT_LIMIT,3811178799254909006,5,PRISMATIC_ONLY,0.260000000000,-0.574999994450,1.19000000000,GUARDED_PRODUCTION,true,true,SUCCESS_WITH_WARNING,CRITICAL_SINGULARITY_DAMPED,47,true,true,2.71715297920e-07,false,false,false,false,0,Infinity,187000,0.297500000409|0.297500000409|0.574999722740|0.297500000411|0.297500000397
673,VALID_CAMPAIGN,NEAR_JOINT_LIMIT,3811178799254909006,5,PRISMATIC_ONLY,0.260000000000,-0.574999994450,1.19000000000,UNGUARDED_REFERENCE,true,true,CONVERGED_UNCERTIFIED,NO_GUARDS_OR_FINAL_CERTIFICATION,3,true,true,2.69576238283e-07,false,false,false,false,0,NaN,2459,0.297500009096|0.297500009096|0.574999727325|0.297500009030|0.297500009045
674,VALID_CAMPAIGN,NEAR_SINGULARITY,-5599480330235160714,5,PRISMATIC_ONLY,0.260000000000,-0.297500005550,1.19000000000,GUARDED_PRODUCTION,true,true,SUCCESS_WITH_WARNING,CRITICAL_SINGULARITY_DAMPED,54,true,true,9.68431816240e-07,false,false,false,false,0,Infinity,215875,0.297500000002|0.297500000002|0.297500973982|0.297500000005|0.297499999990
674,VALID_CAMPAIGN,NEAR_SINGULARITY,-5599480330235160714,5,PRISMATIC_ONLY,0.260000000000,-0.297500005550,1.19000000000,UNGUARDED_REFERENCE,true,true,CONVERGED_UNCERTIFIED,NO_GUARDS_OR_FINAL_CERTIFICATION,3,true,true,4.66748991790e-07,false,false,false,false,0,NaN,2416,0.297500000029|0.297500000029|0.297500472299|0.297499999963|0.297499999978
675,VALID_CAMPAIGN,MICRO_MOTION,-4862237119113798870,5,PRISMATIC_ONLY,0.260000000000,-0.297500061050,1.19000000000,GUARDED_PRODUCTION,true,true,SUCCESS,NONE,1,true,true,9.12931816255e-07,false,false,false,false,0,NaN,3209,0.297500000002|0.297500000002|0.297500973982|0.297500000005|0.297499999990
675,VALID_CAMPAIGN,MICRO_MOTION,-4862237119113798870,5,PRISMATIC_ONLY,0.260000000000,-0.297500061050,1.19000000000,UNGUARDED_REFERENCE,true,true,CONVERGED_UNCERTIFIED,NO_GUARDS_OR_FINAL_CERTIFICATION,1,true,true,4.11248991805e-07,false,false,false,false,0,NaN,459,0.297500000029|0.297500000029|0.297500472299|0.297499999963|0.297499999978
676,VALID_CAMPAIGN,UNIFORM,5651748905590625837,5,PRISMATIC_ONLY,0.260000000000,-0.427241521149,1.26796414386,GUARDED_PRODUCTION,true,true,SUCCESS_WITH_WARNING,CRITICAL_SINGULARITY_DAMPED,29,true,true,3.98365619947e-07,false,false,false,false,0,Infinity,122416,0.316991035775|0.316991035775|0.427241122784|0.316991035778|0.316991035764
676,VALID_CAMPAIGN,UNIFORM,5651748905590625837,5,PRISMATIC_ONLY,0.260000000000,-0.427241521149,1.26796414386,UNGUARDED_REFERENCE,true,true,CONVERGED_UNCERTIFIED,NO_GUARDS_OR_FINAL_CERTIFICATION,3,true,true,2.18376298810e-07,false,false,false,false,0,NaN,2375,0.316991033942|0.316991033942|0.427241302927|0.316991033875|0.316991033891
677,VALID_CAMPAIGN,NEAR_JOINT_LIMIT,-2204429503580411078,5,PRISMATIC_ONLY,0.260000000000,-0.0200000055500,1.74499998890,GUARDED_PRODUCTION,true,true,SUCCESS_WITH_WARNING,CRITICAL_SINGULARITY_DAMPED,90,true,true,6.63179661316e-07,false,false,false,false,0,Infinity,361375,0.436249996712|0.436249996712|0.0200006687265|0.436249996714|0.436249996700
677,VALID_CAMPAIGN,NEAR_JOINT_LIMIT,-2204429503580411078,5,PRISMATIC_ONLY,0.260000000000,-0.0200000055500,1.74499998890,UNGUARDED_REFERENCE,true,true,CONVERGED_UNCERTIFIED,NO_GUARDS_OR_FINAL_CERTIFICATION,3,true,true,6.86812099985e-07,false,false,false,false,0,NaN,2458,0.436249984693|0.436249984693|0.0200006905217|0.436249984627|0.436249984642
678,VALID_CAMPAIGN,NEAR_SINGULARITY,-5706778367627889128,5,PRISMATIC_ONLY,0.260000000000,-0.297500005550,1.19000000000,GUARDED_PRODUCTION,true,true,SUCCESS_WITH_WARNING,CRITICAL_SINGULARITY_DAMPED,76,true,true,3.32271966221e-07,false,false,false,false,0,Infinity,304542,0.297500000396|0.297500000396|0.297499673282|0.297500000401|0.297500000389
678,VALID_CAMPAIGN,NEAR_SINGULARITY,-5706778367627889128,5,PRISMATIC_ONLY,0.260000000000,-0.297500005550,1.19000000000,UNGUARDED_REFERENCE,true,true,CONVERGED_UNCERTIFIED,NO_GUARDS_OR_FINAL_CERTIFICATION,3,true,true,4.70394761816e-07,false,false,false,false,0,NaN,2417,0.297500014644|0.297500014644|0.297499538802|0.297500014577|0.297500014593
679,VALID_CAMPAIGN,MICRO_MOTION,7181393301720995215,5,PRISMATIC_ONLY,0.260000000000,-0.297500061050,1.19000000000,GUARDED_PRODUCTION,true,true,SUCCESS,NONE,1,true,true,3.87771426553e-07,false,false,false,false,0,NaN,3125,0.297500000396|0.297500000396|0.297499673282|0.297500000401|0.297500000389
679,VALID_CAMPAIGN,MICRO_MOTION,7181393301720995215,5,PRISMATIC_ONLY,0.260000000000,-0.297500061050,1.19000000000,UNGUARDED_REFERENCE,true,true,CONVERGED_UNCERTIFIED,NO_GUARDS_OR_FINAL_CERTIFICATION,1,true,true,5.25509793416e-07,false,false,false,false,0,NaN,459,0.297500014644|0.297500014644|0.297499538802|0.297500014577|0.297500014593
680,VALID_CAMPAIGN,UNIFORM,5848413861704559925,5,PRISMATIC_ONLY,0.260000000000,-0.238435611912,1.23884194428,GUARDED_PRODUCTION,true,true,SUCCESS_WITH_WARNING,CRITICAL_SINGULARITY_DAMPED,16,true,true,4.88774491891e-07,false,false,false,false,0,Infinity,64208,0.309710485695|0.309710485695|0.238436100685|0.309710485701|0.309710485688
680,VALID_CAMPAIGN,UNIFORM,5848413861704559925,5,PRISMATIC_ONLY,0.260000000000,-0.238435611912,1.23884194428,UNGUARDED_REFERENCE,true,true,CONVERGED_UNCERTIFIED,NO_GUARDS_OR_FINAL_CERTIFICATION,3,true,true,9.94774545141e-08,false,false,false,false,0,NaN,2417,0.309710484813|0.309710484813|0.238435711257|0.309710484744|0.309710484760
681,VALID_CAMPAIGN,NEAR_JOINT_LIMIT,-5699551934519652307,5,PRISMATIC_ONLY,0.260000000000,-0.0200000055500,1.74499998890,GUARDED_PRODUCTION,true,true,SUCCESS_WITH_WARNING,CRITICAL_SINGULARITY_DAMPED,65,true,true,5.31662667855e-07,false,false,false,false,0,Infinity,267209,0.436249996321|0.436249996321|0.0200005372004|0.436249996326|0.436249996312
681,VALID_CAMPAIGN,NEAR_JOINT_LIMIT,-5699551934519652307,5,PRISMATIC_ONLY,0.260000000000,-0.0200000055500,1.74499998890,UNGUARDED_REFERENCE,true,true,CONVERGED_UNCERTIFIED,NO_GUARDS_OR_FINAL_CERTIFICATION,3,true,true,3.71252373329e-07,false,false,false,false,0,NaN,2500,0.436249983920|0.436249983920|0.0200003729545|0.436249983879|0.436249983867
682,VALID_CAMPAIGN,NEAR_SINGULARITY,4363612525454851128,5,PRISMATIC_ONLY,0.260000000000,-0.297500005550,1.19000000000,GUARDED_PRODUCTION,true,true,SUCCESS_WITH_WARNING,CRITICAL_SINGULARITY_DAMPED,76,true,true,3.32286276214e-07,false,false,false,false,0,Infinity,317125,0.297500000397|0.297500000397|0.297499673267|0.297500000401|0.297500000387
682,VALID_CAMPAIGN,NEAR_SINGULARITY,4363612525454851128,5,PRISMATIC_ONLY,0.260000000000,-0.297500005550,1.19000000000,UNGUARDED_REFERENCE,true,true,CONVERGED_UNCERTIFIED,NO_GUARDS_OR_FINAL_CERTIFICATION,3,true,true,4.70395291749e-07,false,false,false,false,0,NaN,2584,0.297500014653|0.297500014653|0.297499538801|0.297500014582|0.297500014569
683,VALID_CAMPAIGN,MICRO_MOTION,-3107863729851730776,5,PRISMATIC_ONLY,0.260000000000,-0.297500061050,1.19000000000,GUARDED_PRODUCTION,true,true,SUCCESS,NONE,1,true,true,3.87785736527e-07,false,false,false,false,0,NaN,411292,0.297500000397|0.297500000397|0.297499673267|0.297500000401|0.297500000387
683,VALID_CAMPAIGN,MICRO_MOTION,-3107863729851730776,5,PRISMATIC_ONLY,0.260000000000,-0.297500061050,1.19000000000,UNGUARDED_REFERENCE,true,true,CONVERGED_UNCERTIFIED,NO_GUARDS_OR_FINAL_CERTIFICATION,1,true,true,5.25510324180e-07,false,false,false,false,0,NaN,5875,0.297500014653|0.297500014653|0.297499538801|0.297500014582|0.297500014569
684,VALID_CAMPAIGN,UNIFORM,-6127993057736628148,5,PRISMATIC_ONLY,0.260000000000,-0.218057248328,1.11471939682,GUARDED_PRODUCTION,true,true,SUCCESS_WITH_WARNING,CRITICAL_SINGULARITY_DAMPED,20,true,true,7.80172919039e-07,false,false,false,false,0,Infinity,119375,0.278679849944|0.278679849944|0.218058028496|0.278679849948|0.278679849933
684,VALID_CAMPAIGN,UNIFORM,-6127993057736628148,5,PRISMATIC_ONLY,0.260000000000,-0.218057248328,1.11471939682,UNGUARDED_REFERENCE,true,true,CONVERGED_UNCERTIFIED,NO_GUARDS_OR_FINAL_CERTIFICATION,3,true,true,1.33855401338e-07,false,false,false,false,0,NaN,4542,0.278679851228|0.278679851228|0.218057381949|0.278679851156|0.278679851139
685,VALID_CAMPAIGN,NEAR_JOINT_LIMIT,-7323842050461811466,5,PRISMATIC_ONLY,0.260000000000,-0.574999994450,1.74499998890,GUARDED_PRODUCTION,true,true,SUCCESS_WITH_WARNING,CRITICAL_SINGULARITY_DAMPED,91,true,true,8.45715339008e-07,false,false,false,false,0,Infinity,375375,0.436249996227|0.436249996227|0.574999148744|0.436249996232|0.436249996214
685,VALID_CAMPAIGN,NEAR_JOINT_LIMIT,-7323842050461811466,5,PRISMATIC_ONLY,0.260000000000,-0.574999994450,1.74499998890,UNGUARDED_REFERENCE,true,true,CONVERGED_UNCERTIFIED,NO_GUARDS_OR_FINAL_CERTIFICATION,3,true,true,6.04029588057e-07,false,false,false,false,0,NaN,2750,0.436249980668|0.436249980668|0.574999394080|0.436249980597|0.436249980580
686,VALID_CAMPAIGN,NEAR_SINGULARITY,6447092448261299318,5,PRISMATIC_ONLY,0.260000000000,-0.297500005550,1.19000000000,GUARDED_PRODUCTION,true,true,SUCCESS_WITH_WARNING,CRITICAL_SINGULARITY_DAMPED,76,true,true,3.32250663414e-07,false,false,false,false,0,Infinity,322375,0.297500000398|0.297500000398|0.297500337797|0.297500000403|0.297500000384
686,VALID_CAMPAIGN,NEAR_SINGULARITY,6447092448261299318,5,PRISMATIC_ONLY,0.260000000000,-0.297500005550,1.19000000000,UNGUARDED_REFERENCE,true,true,CONVERGED_UNCERTIFIED,NO_GUARDS_OR_FINAL_CERTIFICATION,3,true,true,4.70394899087e-07,false,false,false,false,0,NaN,3875,0.297500014662|0.297500014662|0.297500472298|0.297500014590|0.297500014543
687,VALID_CAMPAIGN,MICRO_MOTION,6217917729412166646,5,PRISMATIC_ONLY,0.260000000000,-0.297500061050,1.19000000000,GUARDED_PRODUCTION,true,true,SUCCESS,NONE,1,true,true,2.76751419487e-07,false,false,false,false,0,NaN,4791,0.297500000398|0.297500000398|0.297500337797|0.297500000403|0.297500000384
687,VALID_CAMPAIGN,MICRO_MOTION,6217917729412166646,5,PRISMATIC_ONLY,0.260000000000,-0.297500061050,1.19000000000,UNGUARDED_REFERENCE,true,true,CONVERGED_UNCERTIFIED,NO_GUARDS_OR_FINAL_CERTIFICATION,1,true,true,4.15382396384e-07,false,false,false,false,0,NaN,584,0.297500014662|0.297500014662|0.297500472298|0.297500014590|0.297500014543
688,VALID_CAMPAIGN,UNIFORM,-6977254978258974533,5,PRISMATIC_ONLY,0.260000000000,-0.359433209713,0.693356425405,GUARDED_PRODUCTION,true,true,SUCCESS_WITH_WARNING,CRITICAL_SINGULARITY_DAMPED,50,true,true,7.55189305972e-07,false,false,false,false,0,Infinity,265208,0.173339118850|0.173339118850|0.359432456180|0.173339118856|0.173339118837
688,VALID_CAMPAIGN,UNIFORM,-6977254978258974533,5,PRISMATIC_ONLY,0.260000000000,-0.359433209713,0.693356425405,UNGUARDED_REFERENCE,true,true,CONVERGED_UNCERTIFIED,NO_GUARDS_OR_FINAL_CERTIFICATION,3,true,true,1.16566402395e-07,false,false,false,false,0,NaN,3334,0.173339119470|0.173339119470|0.359433105544|0.173339119398|0.173339119378
689,VALID_CAMPAIGN,NEAR_JOINT_LIMIT,1135700767734712570,5,PRISMATIC_ONLY,0.260000000000,-0.0200000055500,1.74499998890,GUARDED_PRODUCTION,true,true,SUCCESS_WITH_WARNING,CRITICAL_SINGULARITY_DAMPED,120,true,true,4.10842551800e-07,false,false,false,false,0,Infinity,560500,0.436249996629|0.436249996629|0.0200004163856|0.436249996630|0.436249996615
689,VALID_CAMPAIGN,NEAR_JOINT_LIMIT,1135700767734712570,5,PRISMATIC_ONLY,0.260000000000,-0.0200000055500,1.74499998890,UNGUARDED_REFERENCE,true,true,CONVERGED_UNCERTIFIED,NO_GUARDS_OR_FINAL_CERTIFICATION,3,true,true,5.81565881117e-07,false,false,false,false,0,NaN,4458,0.436249969588|0.436249969588|0.0200005764697|0.436249969488|0.436249969467
690,VALID_CAMPAIGN,NEAR_SINGULARITY,8330122310759972659,5,PRISMATIC_ONLY,0.260000000000,-0.297500005550,1.19000000000,GUARDED_PRODUCTION,true,true,SUCCESS_WITH_WARNING,CRITICAL_SINGULARITY_DAMPED,76,true,true,3.32299568665e-07,false,false,false,false,0,Infinity,331625,0.297500000398|0.297500000398|0.297499673254|0.297500000401|0.297500000386
690,VALID_CAMPAIGN,NEAR_SINGULARITY,8330122310759972659,5,PRISMATIC_ONLY,0.260000000000,-0.297500005550,1.19000000000,UNGUARDED_REFERENCE,true,true,CONVERGED_UNCERTIFIED,NO_GUARDS_OR_FINAL_CERTIFICATION,3,true,true,4.70394951375e-07,false,false,false,false,0,NaN,2792,0.297500014670|0.297500014670|0.297499538802|0.297500014569|0.297500014549
691,VALID_CAMPAIGN,MICRO_MOTION,-7254414245996720212,5,PRISMATIC_ONLY,0.260000000000,-0.297500061050,1.19000000000,GUARDED_PRODUCTION,true,true,SUCCESS,NONE,1,true,true,3.87799028961e-07,false,false,false,false,0,NaN,6333,0.297500000398|0.297500000398|0.297499673254|0.297500000401|0.297500000386
691,VALID_CAMPAIGN,MICRO_MOTION,-7254414245996720212,5,PRISMATIC_ONLY,0.260000000000,-0.297500061050,1.19000000000,UNGUARDED_REFERENCE,true,true,CONVERGED_UNCERTIFIED,NO_GUARDS_OR_FINAL_CERTIFICATION,1,true,true,5.25509983356e-07,false,false,false,false,0,NaN,584,0.297500014670|0.297500014670|0.297499538802|0.297500014569|0.297500014549
692,VALID_CAMPAIGN,UNIFORM,-8171567208324633934,5,PRISMATIC_ONLY,0.260000000000,-0.158011958284,0.858187388310,GUARDED_PRODUCTION,true,true,SUCCESS_WITH_WARNING,CRITICAL_SINGULARITY_DAMPED,44,true,true,1.36280868499e-07,false,false,false,false,0,Infinity,185458,0.214546847229|0.214546847229|0.158012094564|0.214546847233|0.214546847217
692,VALID_CAMPAIGN,UNIFORM,-8171567208324633934,5,PRISMATIC_ONLY,0.260000000000,-0.158011958284,0.858187388310,UNGUARDED_REFERENCE,true,true,CONVERGED_UNCERTIFIED,NO_GUARDS_OR_FINAL_CERTIFICATION,3,true,true,2.37204141261e-07,false,false,false,false,0,NaN,2583,0.214546855870|0.214546855870|0.158012192900|0.214546855769|0.214546855749
693,VALID_CAMPAIGN,NEAR_JOINT_LIMIT,6424839910888309808,5,PRISMATIC_ONLY,0.260000000000,-0.574999994450,0.635000011100,GUARDED_PRODUCTION,true,true,SUCCESS_WITH_WARNING,CRITICAL_SINGULARITY_DAMPED,82,true,true,8.42586013279e-07,false,false,false,false,0,Infinity,339667,0.158750003120|0.158750003120|0.574999151865|0.158750003124|0.158750003108
693,VALID_CAMPAIGN,NEAR_JOINT_LIMIT,6424839910888309808,5,PRISMATIC_ONLY,0.260000000000,-0.574999994450,0.635000011100,UNGUARDED_REFERENCE,true,true,CONVERGED_UNCERTIFIED,NO_GUARDS_OR_FINAL_CERTIFICATION,3,true,true,7.01759026167e-07,false,false,false,false,0,NaN,3667,0.158750008708|0.158750008708|0.574999293085|0.158750008607|0.158750008586
694,VALID_CAMPAIGN,NEAR_SINGULARITY,-743303831567683338,5,PRISMATIC_ONLY,0.260000000000,-0.297500005550,1.19000000000,GUARDED_PRODUCTION,true,true,SUCCESS_WITH_WARNING,CRITICAL_SINGULARITY_DAMPED,76,true,true,3.32251151644e-07,false,false,false,false,0,Infinity,304041,0.297499999607|0.297499999607|0.297500337797|0.297499999609|0.297499999594
694,VALID_CAMPAIGN,NEAR_SINGULARITY,-743303831567683338,5,PRISMATIC_ONLY,0.260000000000,-0.297500005550,1.19000000000,UNGUARDED_REFERENCE,true,true,CONVERGED_UNCERTIFIED,NO_GUARDS_OR_FINAL_CERTIFICATION,3,true,true,4.70394729822e-07,false,false,false,false,0,NaN,2500,0.297499985441|0.297499985441|0.297500472298|0.297499985340|0.297499985320
695,VALID_CAMPAIGN,MICRO_MOTION,-7868523669803483798,5,PRISMATIC_ONLY,0.260000000000,-0.297500061050,1.19000000000,GUARDED_PRODUCTION,true,true,SUCCESS,NONE,1,true,true,2.76751907717e-07,false,false,false,false,0,NaN,5667,0.297499999607|0.297499999607|0.297500337797|0.297499999609|0.297499999594
695,VALID_CAMPAIGN,MICRO_MOTION,-7868523669803483798,5,PRISMATIC_ONLY,0.260000000000,-0.297500061050,1.19000000000,UNGUARDED_REFERENCE,true,true,CONVERGED_UNCERTIFIED,NO_GUARDS_OR_FINAL_CERTIFICATION,1,true,true,4.15382227398e-07,false,false,false,false,0,NaN,542,0.297499985441|0.297499985441|0.297500472298|0.297499985340|0.297499985320
696,ADVERSARIAL_PROBES,NON_FINITE_TARGET,-1246338528977658564,5,PRISMATIC_ONLY,NaN,-0.297500000000,1.19000000000,GUARDED_PRODUCTION,false,false,INVALID_INPUT,INVALID_TARGET,0,true,true,NaN,false,false,false,false,0,NaN,3875,0.297500000000|0.297500000000|0.297500000000|0.297500000000|0.297500000000
696,ADVERSARIAL_PROBES,NON_FINITE_TARGET,-1246338528977658564,5,PRISMATIC_ONLY,NaN,-0.297500000000,1.19000000000,UNGUARDED_REFERENCE,false,false,MAX_ITERATIONS_UNCERTIFIED,NO_GUARDS_OR_FINAL_CERTIFICATION,800,false,false,NaN,true,false,false,true,0,NaN,726667,NaN|NaN|NaN|NaN|NaN
697,ADVERSARIAL_PROBES,INFINITE_TARGET,-2175898419372290188,5,PRISMATIC_ONLY,0.260000000000,-0.297500000000,Infinity,GUARDED_PRODUCTION,false,false,INVALID_INPUT,INVALID_TARGET,0,true,true,Infinity,false,false,false,false,0,NaN,2708,0.297500000000|0.297500000000|0.297500000000|0.297500000000|0.297500000000
697,ADVERSARIAL_PROBES,INFINITE_TARGET,-2175898419372290188,5,PRISMATIC_ONLY,0.260000000000,-0.297500000000,Infinity,UNGUARDED_REFERENCE,false,false,MAX_ITERATIONS_UNCERTIFIED,NO_GUARDS_OR_FINAL_CERTIFICATION,800,false,false,NaN,true,false,false,true,0,NaN,723917,NaN|NaN|NaN|NaN|NaN
698,ADVERSARIAL_PROBES,NON_FINITE_INITIAL_STATE,912422634654195039,5,PRISMATIC_ONLY,0.260000000000,-0.297500000000,1.19000000000,GUARDED_PRODUCTION,false,false,INVALID_INPUT,INVALID_INITIAL_STATE,0,true,true,0.00000000000,false,false,false,false,0,NaN,5334,0.297500000000|0.297500000000|0.297500000000|0.297500000000|0.297500000000
698,ADVERSARIAL_PROBES,NON_FINITE_INITIAL_STATE,912422634654195039,5,PRISMATIC_ONLY,0.260000000000,-0.297500000000,1.19000000000,UNGUARDED_REFERENCE,false,false,MAX_ITERATIONS_UNCERTIFIED,NO_GUARDS_OR_FINAL_CERTIFICATION,800,false,false,NaN,true,false,false,true,0,NaN,734792,NaN|NaN|NaN|NaN|NaN
699,ADVERSARIAL_PROBES,OVERFLOWING_GEOMETRY,1154977279564660272,5,PRISMATIC_ONLY,0.00000000000,0.00000000000,0.00000000000,GUARDED_PRODUCTION,false,false,NUMERICAL_FAILURE,OUTPUT_VALIDATION_FAILED,1,true,true,Infinity,false,false,false,false,0,NaN,4917,0.297500000000|0.297500000000|0.297500000000|0.297500000000|0.297500000000
699,ADVERSARIAL_PROBES,OVERFLOWING_GEOMETRY,1154977279564660272,5,PRISMATIC_ONLY,0.00000000000,0.00000000000,0.00000000000,UNGUARDED_REFERENCE,false,false,MAX_ITERATIONS_UNCERTIFIED,NO_GUARDS_OR_FINAL_CERTIFICATION,800,false,false,NaN,true,false,false,true,0,NaN,1788791,NaN|NaN|NaN|NaN|NaN
700,VALID_CAMPAIGN,UNIFORM,8435146914948282608,5,MIXED,1.36465215617,0.133242808028,-0.105085404327,GUARDED_PRODUCTION,true,true,SUCCESS,NONE,32,true,true,6.04935662657e-08,false,false,false,false,0,26.0814377016,147750,0.413110961100|-0.163824469452|0.289073551332|-0.865796665932|0.0516647220841
700,VALID_CAMPAIGN,UNIFORM,8435146914948282608,5,MIXED,1.36465215617,0.133242808028,-0.105085404327,UNGUARDED_REFERENCE,true,true,CONVERGED_UNCERTIFIED,NO_GUARDS_OR_FINAL_CERTIFICATION,8,true,true,8.18299476378e-08,false,false,false,false,0,NaN,8458,0.209174189314|0.0218331770832|0.198322260942|-0.870397277679|0.149538455142
701,VALID_CAMPAIGN,NEAR_JOINT_LIMIT,1266419332063889177,5,MIXED,0.116388092438,-0.336908281744,-0.0210988429887,GUARDED_PRODUCTION,false,false,NO_CONVERGENCE,STAGNATION_WINDOW_EXCEEDED,65,true,true,0.330653750699,false,false,false,false,6,22.9653608324,291583,1.57487889825|-2.37713844122|0.289584254788|-1.24574353446|0.569512112078
701,VALID_CAMPAIGN,NEAR_JOINT_LIMIT,1266419332063889177,5,MIXED,0.116388092438,-0.336908281744,-0.0210988429887,UNGUARDED_REFERENCE,true,false,CONVERGED_UNCERTIFIED,NO_GUARDS_OR_FINAL_CERTIFICATION,8,true,false,1.81624645857e-07,false,true,false,true,0,NaN,10167,9.40774369803|-16.0936100013|-0.0696831403957|-1.70903810685|10.7873761875
702,VALID_CAMPAIGN,NEAR_SINGULARITY,5086621290480591674,5,MIXED,1.46556000597,-0.297499955878,0.199999986368,GUARDED_PRODUCTION,true,true,SUCCESS,NONE,76,true,true,2.29131292529e-08,false,false,false,false,0,9.77266192474,334958,-0.103851345943|0.121160186614|0.295535288303|-3.98114108895e-08|0.157334924301
702,VALID_CAMPAIGN,NEAR_SINGULARITY,5086621290480591674,5,MIXED,1.46556000597,-0.297499955878,0.199999986368,UNGUARDED_REFERENCE,true,false,CONVERGED_UNCERTIFIED,NO_GUARDS_OR_FINAL_CERTIFICATION,18,true,false,7.89486173985e-08,false,true,false,true,0,NaN,21959,-31.3818088307|30.7597163690|-0.286896525554|-5.35845302869e-08|19.1682191688
703,VALID_CAMPAIGN,MICRO_MOTION,-6940313731781633325,5,MIXED,1.46556006572,-0.297499514659,0.199999850043,GUARDED_PRODUCTION,true,true,SUCCESS,NONE,1,true,true,4.64027295342e-07,false,false,false,false,0,NaN,4209,-0.103851345943|0.121160186614|0.295535288303|-3.98114108895e-08|0.157334924301
703,VALID_CAMPAIGN,MICRO_MOTION,-6940313731781633325,5,MIXED,1.46556006572,-0.297499514659,0.199999850043,UNGUARDED_REFERENCE,true,false,CONVERGED_UNCERTIFIED,NO_GUARDS_OR_FINAL_CERTIFICATION,1,true,false,4.65644961560e-07,false,true,false,true,0,NaN,583,-31.3818088307|30.7597163690|-0.286896525554|-5.35845302869e-08|19.1682191688
704,VALID_CAMPAIGN,UNIFORM,5134917866648318387,5,MIXED,0.453370799216,0.864415328676,0.482057881270,GUARDED_PRODUCTION,true,true,SUCCESS,NONE,61,true,true,2.04679691048e-08,false,false,false,false,0,34.0726050317,273208,1.81709272807|-0.959212597935|0.270365784433|1.27267151533|0.849341044048
704,VALID_CAMPAIGN,UNIFORM,5134917866648318387,5,MIXED,0.453370799216,0.864415328676,0.482057881270,UNGUARDED_REFERENCE,true,false,CONVERGED_UNCERTIFIED,NO_GUARDS_OR_FINAL_CERTIFICATION,8,true,false,9.92135675869e-07,false,true,false,true,0,NaN,10000,-29.4212410675|24.1592931373|0.182135404544|1.18996205249|18.0504756319
705,VALID_CAMPAIGN,NEAR_JOINT_LIMIT,-773822764744607828,5,MIXED,-0.170008432714,-0.522565777831,0.324261104992,GUARDED_PRODUCTION,false,false,NO_CONVERGENCE,STAGNATION_WINDOW_EXCEEDED,135,true,true,0.0175940689682,false,false,false,false,0,14.9082444057,585833,-0.432295053931|-1.90165817875|0.345922947727|1.30997393997|1.78285383091
705,VALID_CAMPAIGN,NEAR_JOINT_LIMIT,-773822764744607828,5,MIXED,-0.170008432714,-0.522565777831,0.324261104992,UNGUARDED_REFERENCE,true,false,CONVERGED_UNCERTIFIED,NO_GUARDS_OR_FINAL_CERTIFICATION,9,true,false,2.74636074021e-08,false,true,false,true,0,NaN,11333,-28.6758268224|21.0121343894|0.0631649507809|0.843727915351|14.3034739082
706,VALID_CAMPAIGN,NEAR_SINGULARITY,-5199871592308886614,5,MIXED,1.46556000597,-0.297499955878,0.199999986368,GUARDED_PRODUCTION,true,true,SUCCESS,NONE,106,true,true,5.51279940730e-09,false,false,false,false,0,7.80101694859,474959,-0.176056397211|0.257814666996|0.371037881619|-3.83955722613e-08|0.415381988383
706,VALID_CAMPAIGN,NEAR_SINGULARITY,-5199871592308886614,5,MIXED,1.46556000597,-0.297499955878,0.199999986368,UNGUARDED_REFERENCE,true,false,CONVERGED_UNCERTIFIED,NO_GUARDS_OR_FINAL_CERTIFICATION,18,true,false,7.59095511718e-09,false,true,false,true,0,NaN,21291,-25.4462493049|19.2795326419|0.243665346410|-3.80701438572e-08|12.3517221690
707,VALID_CAMPAIGN,MICRO_MOTION,-7608905333322416365,5,MIXED,1.46556006572,-0.297499514659,0.199999850043,GUARDED_PRODUCTION,true,true,SUCCESS,NONE,1,true,true,4.65639534703e-07,false,false,false,false,0,NaN,4750,-0.176056397211|0.257814666996|0.371037881619|-3.83955722613e-08|0.415381988383
707,VALID_CAMPAIGN,MICRO_MOTION,-7608905333322416365,5,MIXED,1.46556006572,-0.297499514659,0.199999850043,UNGUARDED_REFERENCE,true,false,CONVERGED_UNCERTIFIED,NO_GUARDS_OR_FINAL_CERTIFICATION,1,true,false,4.65091240316e-07,false,true,false,true,0,NaN,584,-25.4462493049|19.2795326419|0.243665346410|-3.80701438572e-08|12.3517221690
708,VALID_CAMPAIGN,UNIFORM,7488694976715575367,5,MIXED,1.25303831153,-0.415469494068,0.270692649960,GUARDED_PRODUCTION,true,true,SUCCESS,NONE,32,true,true,2.03166991058e-10,false,false,false,false,0,25.4319421795,141667,-0.173872688879|-0.0238893604315|0.337658930681|0.294497711996|1.35078804490
708,VALID_CAMPAIGN,UNIFORM,7488694976715575367,5,MIXED,1.25303831153,-0.415469494068,0.270692649960,UNGUARDED_REFERENCE,true,false,CONVERGED_UNCERTIFIED,NO_GUARDS_OR_FINAL_CERTIFICATION,6,true,false,9.40242735528e-07,false,true,false,true,0,NaN,8708,-26.1148941613|19.8330544060|0.0446830649702|0.187849611859|12.5594867764
709,VALID_CAMPAIGN,NEAR_JOINT_LIMIT,-3532743212724679928,5,MIXED,0.241816814841,0.0931184571799,0.324261104992,GUARDED_PRODUCTION,false,false,MAX_ITERATIONS_REACHED,MAX_ITERATIONS_LIMIT_REACHED,800,true,true,5.60679348794e-06,false,false,false,false,0,14.6666863567,3408250,2.34781561969|-2.37713844122|0.374664065605|1.78285383091|1.78285279310
709,VALID_CAMPAIGN,NEAR_JOINT_LIMIT,-3532743212724679928,5,MIXED,0.241816814841,0.0931184571799,0.324261104992,UNGUARDED_REFERENCE,true,false,CONVERGED_UNCERTIFIED,NO_GUARDS_OR_FINAL_CERTIFICATION,10,true,false,1.12595790044e-09,false,true,false,true,0,NaN,11583,-27.6556129235|21.7369772956|0.0511059443886|1.02158332721|14.4009112838
710,VALID_CAMPAIGN,NEAR_SINGULARITY,-4526813801463444040,5,MIXED,1.46556000597,-0.297499955878,0.199999986368,GUARDED_PRODUCTION,true,true,SUCCESS,NONE,115,true,true,1.59667153122e-08,false,false,false,false,0,4.98707104859,499417,-0.171560711075|0.282388012435|0.420923596324|-3.95270237891e-08|0.540576870256
710,VALID_CAMPAIGN,NEAR_SINGULARITY,-4526813801463444040,5,MIXED,1.46556000597,-0.297499955878,0.199999986368,UNGUARDED_REFERENCE,true,false,CONVERGED_UNCERTIFIED,NO_GUARDS_OR_FINAL_CERTIFICATION,16,true,false,1.09315774752e-08,false,true,false,true,0,NaN,18750,-25.8166227284|18.4683137467|-0.864295931779|-4.05862606224|15.0208627428
711,VALID_CAMPAIGN,MICRO_MOTION,1523096029136894053,5,MIXED,1.46556006572,-0.297499514659,0.199999850043,GUARDED_PRODUCTION,true,true,SUCCESS,NONE,1,true,true,4.67879158745e-07,false,false,false,false,0,NaN,4709,-0.171560711075|0.282388012435|0.420923596324|-3.95270237891e-08|0.540576870256
711,VALID_CAMPAIGN,MICRO_MOTION,1523096029136894053,5,MIXED,1.46556006572,-0.297499514659,0.199999850043,UNGUARDED_REFERENCE,true,false,CONVERGED_UNCERTIFIED,NO_GUARDS_OR_FINAL_CERTIFICATION,1,true,false,4.67145429124e-07,false,true,false,true,0,NaN,625,-25.8166227284|18.4683137467|-0.864295931779|-4.05862606224|15.0208627428
712,VALID_CAMPAIGN,UNIFORM,-8739728459034947452,5,MIXED,1.25410417865,0.531118938409,0.407856377614,GUARDED_PRODUCTION,true,true,SUCCESS,NONE,31,true,true,6.04413947019e-09,false,false,false,false,0,21.8858010188,134208,0.311115162169|0.453725115557|0.403180459701|0.695626175452|0.731599068875
712,VALID_CAMPAIGN,UNIFORM,-8739728459034947452,5,MIXED,1.25410417865,0.531118938409,0.407856377614,UNGUARDED_REFERENCE,true,false,CONVERGED_UNCERTIFIED,NO_GUARDS_OR_FINAL_CERTIFICATION,6,true,false,5.11176198477e-08,false,true,false,true,0,NaN,6417,-25.8604676742|19.4732548443|-0.780968706707|-5.50147255464|13.5143049612
713,VALID_CAMPAIGN,NEAR_JOINT_LIMIT,-2831120313229147388,5,MIXED,-0.113561017929,-0.576696914373,-0.0210988429887,GUARDED_PRODUCTION,false,false,NO_CONVERGENCE,STAGNATION_WINDOW_EXCEEDED,635,true,true,0.353169754787,false,false,false,false,0,18.3625210574,2651041,-2.82434422896|2.21630974170|0.300273226674|1.78285383091|1.78285383091
713,VALID_CAMPAIGN,NEAR_JOINT_LIMIT,-2831120313229147388,5,MIXED,-0.113561017929,-0.576696914373,-0.0210988429887,UNGUARDED_REFERENCE,true,false,CONVERGED_UNCERTIFIED,NO_GUARDS_OR_FINAL_CERTIFICATION,10,true,false,6.21450589485e-08,false,true,false,true,0,NaN,35209,-25.2173729887|17.0777476979|0.216621455506|-14.1527372742|23.3730764027
714,VALID_CAMPAIGN,NEAR_SINGULARITY,2918850190597177654,5,MIXED,1.46556000597,-0.297499955878,0.199999986368,GUARDED_PRODUCTION,true,true,SUCCESS,NONE,119,true,true,2.37395783986e-09,false,false,false,false,0,6.61864930001,514583,-0.187361478128|0.314306477124|0.435598339498|-3.91535643539e-08|0.578046792573
714,VALID_CAMPAIGN,NEAR_SINGULARITY,2918850190597177654,5,MIXED,1.46556000597,-0.297499955878,0.199999986368,UNGUARDED_REFERENCE,true,false,CONVERGED_UNCERTIFIED,NO_GUARDS_OR_FINAL_CERTIFICATION,6,true,false,2.66400240343e-08,false,true,false,true,0,NaN,6833,-15.7276756741|16.8488333614|1.74542886540|-10.3302853769|28.9724074597
715,VALID_CAMPAIGN,MICRO_MOTION,-8300666593384684935,5,MIXED,1.46556006572,-0.297499514659,0.199999850043,GUARDED_PRODUCTION,true,true,SUCCESS,NONE,1,true,true,4.65619269281e-07,false,false,false,false,0,NaN,20458,-0.187361478128|0.314306477124|0.435598339498|-3.91535643539e-08|0.578046792573
715,VALID_CAMPAIGN,MICRO_MOTION,-8300666593384684935,5,MIXED,1.46556006572,-0.297499514659,0.199999850043,UNGUARDED_REFERENCE,true,false,CONVERGED_UNCERTIFIED,NO_GUARDS_OR_FINAL_CERTIFICATION,1,true,false,4.65983634420e-07,false,true,false,true,0,NaN,1958,-15.7276756741|16.8488333614|1.74542886540|-10.3302853769|28.9724074597
716,VALID_CAMPAIGN,UNIFORM,6502769597583299425,5,MIXED,0.910477988381,0.869450871661,0.478242829261,GUARDED_PRODUCTION,true,true,SUCCESS,NONE,48,true,true,8.72619051566e-09,false,false,false,false,0,21.0629826780,216542,0.524145256960|0.735128407237|0.407498994768|1.04449999440|0.677314555554
716,VALID_CAMPAIGN,UNIFORM,6502769597583299425,5,MIXED,0.910477988381,0.869450871661,0.478242829261,UNGUARDED_REFERENCE,true,false,CONVERGED_UNCERTIFIED,NO_GUARDS_OR_FINAL_CERTIFICATION,8,true,false,2.35243308702e-09,false,true,false,true,0,NaN,10625,-17.2065887394|18.5844741999|0.976708487799|-10.9962538485|26.0312997717
717,VALID_CAMPAIGN,NEAR_JOINT_LIMIT,-2116016921181972377,5,MIXED,-0.170008432714,-0.522565777831,0.324261104992,GUARDED_PRODUCTION,true,true,SUCCESS,NONE,126,true,true,4.59679490387e-07,false,false,false,false,0,18.3007154027,564958,-3.10038203754|2.24874744719|0.290861031120|1.78285383091|1.78285258583
717,VALID_CAMPAIGN,NEAR_JOINT_LIMIT,-2116016921181972377,5,MIXED,-0.170008432714,-0.522565777831,0.324261104992,UNGUARDED_REFERENCE,true,false,CONVERGED_UNCERTIFIED,NO_GUARDS_OR_FINAL_CERTIFICATION,10,true,false,3.73693980627e-07,false,true,false,true,0,NaN,12209,-16.6968009825|16.2828532600|0.951783798442|-10.2438273118|26.4057423299
718,VALID_CAMPAIGN,NEAR_SINGULARITY,3200500246309432397,5,MIXED,1.46556000597,-0.297499955878,0.199999986368,GUARDED_PRODUCTION,true,true,SUCCESS,NONE,124,true,true,1.49168284109e-08,false,false,false,false,0,6.42522671234,555333,-0.186218297684|0.302936896182|0.420655705549|-3.94530339428e-08|0.541459840104
718,VALID_CAMPAIGN,NEAR_SINGULARITY,3200500246309432397,5,MIXED,1.46556000597,-0.297499955878,0.199999986368,UNGUARDED_REFERENCE,true,false,CONVERGED_UNCERTIFIED,NO_GUARDS_OR_FINAL_CERTIFICATION,8,true,false,2.48531886483e-07,false,true,false,true,0,NaN,10833,-19.0568706041|19.8815869551|1.01292122034|-10.2632743521|27.5099355020
719,VALID_CAMPAIGN,MICRO_MOTION,-301033268984051405,5,MIXED,1.46556006572,-0.297499514659,0.199999850043,GUARDED_PRODUCTION,true,true,SUCCESS,NONE,1,true,true,4.68034651807e-07,false,false,false,false,0,NaN,4375,-0.186218297684|0.302936896182|0.420655705549|-3.94530339428e-08|0.541459840104
719,VALID_CAMPAIGN,MICRO_MOTION,-301033268984051405,5,MIXED,1.46556006572,-0.297499514659,0.199999850043,UNGUARDED_REFERENCE,true,false,CONVERGED_UNCERTIFIED,NO_GUARDS_OR_FINAL_CERTIFICATION,1,true,false,4.18043950856e-07,false,true,false,true,0,NaN,625,-19.0568706041|19.8815869551|1.01292122034|-10.2632743521|27.5099355020
720,VALID_CAMPAIGN,UNIFORM,-5994410320420590099,5,MIXED,1.25689303023,0.481121513483,0.00786772812820,GUARDED_PRODUCTION,true,true,SUCCESS,NONE,32,true,true,5.75830237401e-08,false,false,false,false,0,21.8580070672,156209,0.0950423290104|0.661330772004|0.387557261762|-0.672696372454|1.06743322363
720,VALID_CAMPAIGN,UNIFORM,-5994410320420590099,5,MIXED,1.25689303023,0.481121513483,0.00786772812820,UNGUARDED_REFERENCE,true,false,CONVERGED_UNCERTIFIED,NO_GUARDS_OR_FINAL_CERTIFICATION,6,true,false,1.03266203772e-09,false,true,false,true,0,NaN,6666,-18.5497372118|19.6411540535|0.736628901444|-7.75078880812|27.0350949745
721,VALID_CAMPAIGN,NEAR_JOINT_LIMIT,-1813098687797406697,5,MIXED,0.0599406353164,-0.282777159828,0.324261104992,GUARDED_PRODUCTION,false,false,MAX_ITERATIONS_REACHED,MAX_ITERATIONS_LIMIT_REACHED,800,true,true,2.29316461834e-06,false,false,false,false,0,12.7763907153,3453625,-3.14158822440|2.37713844122|0.0200033018448|1.78285383091|1.78285339175
721,VALID_CAMPAIGN,NEAR_JOINT_LIMIT,-1813098687797406697,5,MIXED,0.0599406353164,-0.282777159828,0.324261104992,UNGUARDED_REFERENCE,true,false,CONVERGED_UNCERTIFIED,NO_GUARDS_OR_FINAL_CERTIFICATION,8,true,false,9.42286877437e-09,false,true,false,true,0,NaN,13791,-18.1479950081|22.1810751078|-0.301788551057|-11.1381150925|29.5328989597
722,VALID_CAMPAIGN,NEAR_SINGULARITY,-4289579293711329295,5,MIXED,1.46556000597,-0.297499955878,0.199999986368,GUARDED_PRODUCTION,true,true,SUCCESS,NONE,173,true,true,1.61378969945e-07,false,false,false,false,0,4.90621048751,744125,-0.192659860508|0.244199369005|0.227934522858|-9.29566519253e-08|-0.218469795215
722,VALID_CAMPAIGN,NEAR_SINGULARITY,-4289579293711329295,5,MIXED,1.46556000597,-0.297499955878,0.199999986368,UNGUARDED_REFERENCE,true,false,CONVERGED_UNCERTIFIED,NO_GUARDS_OR_FINAL_CERTIFICATION,18,true,false,4.52121571818e-07,false,true,false,true,0,NaN,21209,-12.8721931130|17.9684374545|-0.779315149332|-10.2120682430|27.4556713278
723,VALID_CAMPAIGN,MICRO_MOTION,4219839470935792523,5,MIXED,1.46556006572,-0.297499514659,0.199999850043,GUARDED_PRODUCTION,true,true,SUCCESS,NONE,1,true,true,4.45625866544e-07,false,false,false,false,0,NaN,5458,-0.192659860508|0.244199369005|0.227934522858|-9.29566519253e-08|-0.218469795215
723,VALID_CAMPAIGN,MICRO_MOTION,4219839470935792523,5,MIXED,1.46556006572,-0.297499514659,0.199999850043,UNGUARDED_REFERENCE,true,false,CONVERGED_UNCERTIFIED,NO_GUARDS_OR_FINAL_CERTIFICATION,1,true,false,6.86215203221e-07,false,true,false,true,0,NaN,667,-12.8721931130|17.9684374545|-0.779315149332|-10.2120682430|27.4556713278
724,VALID_CAMPAIGN,UNIFORM,1740861525878542172,5,MIXED,-0.946267516841,-0.162595953021,0.0595758066494,GUARDED_PRODUCTION,true,true,SUCCESS,NONE,102,true,true,1.94627131185e-09,false,false,false,false,0,76.2437117425,470542,-1.46258274363|-1.68811852712|0.211736201571|-0.379512346029|-0.361074522279
724,VALID_CAMPAIGN,UNIFORM,1740861525878542172,5,MIXED,-0.946267516841,-0.162595953021,0.0595758066494,UNGUARDED_REFERENCE,true,false,CONVERGED_UNCERTIFIED,NO_GUARDS_OR_FINAL_CERTIFICATION,10,true,false,1.23748642044e-10,false,true,false,true,0,NaN,11917,-4.03957191752|13.0588242899|-0.566453662027|-9.16790075040|20.2392859290
725,VALID_CAMPAIGN,NEAR_JOINT_LIMIT,303280159578791949,5,MIXED,0.298264217924,0.147249624109,-0.0210988429887,GUARDED_PRODUCTION,false,false,NO_CONVERGENCE,STAGNATION_WINDOW_EXCEEDED,109,true,true,0.0736512481569,false,false,false,false,8,6.19788471124,468708,3.01383752364|-2.37713844122|0.152126167020|-1.42222682023|-1.65830410812
725,VALID_CAMPAIGN,NEAR_JOINT_LIMIT,303280159578791949,5,MIXED,0.298264217924,0.147249624109,-0.0210988429887,UNGUARDED_REFERENCE,true,false,CONVERGED_UNCERTIFIED,NO_GUARDS_OR_FINAL_CERTIFICATION,10,true,false,1.90665989882e-10,false,true,false,true,0,NaN,11542,-4.94851036274|16.0099849493|-0.163165148339|-9.03804010336|18.9171295769
726,VALID_CAMPAIGN,NEAR_SINGULARITY,5441309365964958477,5,MIXED,1.46556000597,-0.297499955878,0.199999986368,GUARDED_PRODUCTION,true,true,SUCCESS,NONE,109,true,true,1.70918275266e-09,false,false,false,false,0,6.89654082299,477250,-0.194472752029|0.311444217898|0.243983787878|-3.84620974615e-08|-0.529586544369
726,VALID_CAMPAIGN,NEAR_SINGULARITY,5441309365964958477,5,MIXED,1.46556000597,-0.297499955878,0.199999986368,UNGUARDED_REFERENCE,true,false,CONVERGED_UNCERTIFIED,NO_GUARDS_OR_FINAL_CERTIFICATION,17,true,false,1.18033685300e-07,false,true,false,true,0,NaN,20958,-6.41869925381|19.7882565691|0.776490310676|-10.2063051816|16.5329642193
727,VALID_CAMPAIGN,MICRO_MOTION,-7523221257486837264,5,MIXED,1.46556006572,-0.297499514659,0.199999850043,GUARDED_PRODUCTION,true,true,SUCCESS,NONE,1,true,true,4.65486886155e-07,false,false,false,false,0,NaN,4625,-0.194472752029|0.311444217898|0.243983787878|-3.84620974615e-08|-0.529586544369
727,VALID_CAMPAIGN,MICRO_MOTION,-7523221257486837264,5,MIXED,1.46556006572,-0.297499514659,0.199999850043,UNGUARDED_REFERENCE,true,false,CONVERGED_UNCERTIFIED,NO_GUARDS_OR_FINAL_CERTIFICATION,1,true,false,4.86987919966e-07,false,true,false,true,0,NaN,625,-6.41869925381|19.7882565691|0.776490310676|-10.2063051816|16.5329642193
728,VALID_CAMPAIGN,UNIFORM,-906714191254642059,5,MIXED,-0.996369585317,-0.000981995022006,-0.0369941821275,GUARDED_PRODUCTION,true,true,SUCCESS,NONE,131,true,true,4.11067984238e-11,false,false,false,false,0,49.8039967926,603750,-1.86926671154|-1.36171550863|0.219830134337|-0.765923794840|-0.840368136172
728,VALID_CAMPAIGN,UNIFORM,-906714191254642059,5,MIXED,-0.996369585317,-0.000981995022006,-0.0369941821275,UNGUARDED_REFERENCE,true,false,CONVERGED_UNCERTIFIED,NO_GUARDS_OR_FINAL_CERTIFICATION,8,true,false,4.43804698784e-09,false,true,false,true,0,NaN,9166,-5.28807181523|13.9534945133|-0.956404696393|-1.75846250151|7.96888400261
729,VALID_CAMPAIGN,NEAR_JOINT_LIMIT,7989410317116648147,5,MIXED,-0.113560945460,-0.576696928643,-0.0210988429887,GUARDED_PRODUCTION,true,true,SUCCESS,NONE,47,true,true,1.05407074480e-08,false,false,false,false,0,8.25740959801,213584,0.314764698792|-2.11008613597|0.199741538455|-0.947810155016|-1.33723547600
729,VALID_CAMPAIGN,NEAR_JOINT_LIMIT,7989410317116648147,5,MIXED,-0.113560945460,-0.576696928643,-0.0210988429887,UNGUARDED_REFERENCE,true,false,CONVERGED_UNCERTIFIED,NO_GUARDS_OR_FINAL_CERTIFICATION,8,true,false,5.85189618250e-10,false,true,false,true,0,NaN,10500,-5.83249588642|15.1484250915|-0.663857387088|-2.57263037585|7.48557647779
730,VALID_CAMPAIGN,NEAR_SINGULARITY,88978509323954058,5,MIXED,1.46556000597,-0.297499955878,0.199999986368,GUARDED_PRODUCTION,true,true,SUCCESS,NONE,86,true,true,1.14348395177e-09,false,false,false,false,0,7.17624693281,397000,-0.188894224031|0.317779170828|0.250495751239|-3.88179736106e-08|-0.582915146082
730,VALID_CAMPAIGN,NEAR_SINGULARITY,88978509323954058,5,MIXED,1.46556000597,-0.297499955878,0.199999986368,UNGUARDED_REFERENCE,true,false,CONVERGED_UNCERTIFIED,NO_GUARDS_OR_FINAL_CERTIFICATION,10,true,false,4.54573759801e-07,false,true,false,true,0,NaN,11583,-0.297272434329|11.6729030395|-0.778518588772|-3.92540803050|8.60229896922
731,VALID_CAMPAIGN,MICRO_MOTION,-9048350788888701318,5,MIXED,1.46556006572,-0.297499514659,0.199999850043,GUARDED_PRODUCTION,true,true,SUCCESS,NONE,1,true,true,4.65538408120e-07,false,false,false,false,0,NaN,4333,-0.188894224031|0.317779170828|0.250495751239|-3.88179736106e-08|-0.582915146082
731,VALID_CAMPAIGN,MICRO_MOTION,-9048350788888701318,5,MIXED,1.46556006572,-0.297499514659,0.199999850043,UNGUARDED_REFERENCE,true,false,CONVERGED_UNCERTIFIED,NO_GUARDS_OR_FINAL_CERTIFICATION,1,true,false,6.87358427926e-07,false,true,false,true,0,NaN,583,-0.297272434329|11.6729030395|-0.778518588772|-3.92540803050|8.60229896922
732,VALID_CAMPAIGN,UNIFORM,-8432281287857010472,5,MIXED,0.428239432563,1.13831481986,0.100189218752,GUARDED_PRODUCTION,true,true,SUCCESS,NONE,42,true,true,3.62041570283e-07,false,false,false,false,0,45.4327594286,191875,0.302213060116|1.58484338425|0.184212598736|-0.310097918983|-0.878711116999
732,VALID_CAMPAIGN,UNIFORM,-8432281287857010472,5,MIXED,0.428239432563,1.13831481986,0.100189218752,UNGUARDED_REFERENCE,true,false,CONVERGED_UNCERTIFIED,NO_GUARDS_OR_FINAL_CERTIFICATION,10,true,false,7.36565952253e-08,false,true,false,true,0,NaN,12375,0.640272326648|14.1951028917|0.576251038834|-2.51891498850|9.65181839516
733,VALID_CAMPAIGN,NEAR_JOINT_LIMIT,7350511202570251676,5,MIXED,0.298264236427,0.147249586628,-0.0210988429887,GUARDED_PRODUCTION,false,false,NO_CONVERGENCE,STAGNATION_WINDOW_EXCEEDED,48,true,true,0.518199277731,false,false,false,false,0,7.92476832657,285917,-1.41900747071|2.37713844122|0.136878237276|-0.659818008320|-1.03363363008
733,VALID_CAMPAIGN,NEAR_JOINT_LIMIT,7350511202570251676,5,MIXED,0.298264236427,0.147249586628,-0.0210988429887,UNGUARDED_REFERENCE,true,false,CONVERGED_UNCERTIFIED,NO_GUARDS_OR_FINAL_CERTIFICATION,14,true,false,2.10342604486e-07,false,true,false,true,0,NaN,18333,-11.1554894837|28.5057523412|-0.150433470132|-2.74471672176|25.4641341204
734,VALID_CAMPAIGN,NEAR_SINGULARITY,7491337423198162687,5,MIXED,1.46556000597,-0.297499955878,0.199999986368,GUARDED_PRODUCTION,true,true,SUCCESS,NONE,63,true,true,7.25885261866e-08,false,false,false,false,0,7.02934146618,312500,-0.212111553867|0.330504471921|0.241479099031|-5.34361894884e-08|-0.505588812217
734,VALID_CAMPAIGN,NEAR_SINGULARITY,7491337423198162687,5,MIXED,1.46556000597,-0.297499955878,0.199999986368,UNGUARDED_REFERENCE,true,false,CONVERGED_UNCERTIFIED,NO_GUARDS_OR_FINAL_CERTIFICATION,10,true,false,1.65766953389e-07,false,true,false,true,0,NaN,12125,-26.7904473677|50.6751768059|-1.61918944737|2.87587961020|30.3819847306
735,VALID_CAMPAIGN,MICRO_MOTION,-311336298029895830,5,MIXED,1.46556006572,-0.297499514659,0.199999850043,GUARDED_PRODUCTION,true,true,SUCCESS,NONE,1,true,true,4.62787923995e-07,false,false,false,false,0,NaN,5625,-0.212111553867|0.330504471921|0.241479099031|-5.34361894884e-08|-0.505588812217
735,VALID_CAMPAIGN,MICRO_MOTION,-311336298029895830,5,MIXED,1.46556006572,-0.297499514659,0.199999850043,UNGUARDED_REFERENCE,true,false,CONVERGED_UNCERTIFIED,NO_GUARDS_OR_FINAL_CERTIFICATION,1,true,false,3.27845291394e-07,false,true,false,true,0,NaN,709,-26.7904473677|50.6751768059|-1.61918944737|2.87587961020|30.3819847306
736,VALID_CAMPAIGN,UNIFORM,8212290104401715933,5,MIXED,-1.08115850866,-0.259508012414,0.00331113137829,GUARDED_PRODUCTION,true,true,SUCCESS,NONE,94,true,true,2.81248117651e-10,false,false,false,false,0,51.5331600357,436584,-1.85374073479|-1.10219644799|0.204236540694|-0.650730749609|-0.950292066972
736,VALID_CAMPAIGN,UNIFORM,8212290104401715933,5,MIXED,-1.08115850866,-0.259508012414,0.00331113137829,UNGUARDED_REFERENCE,true,false,CONVERGED_UNCERTIFIED,NO_GUARDS_OR_FINAL_CERTIFICATION,8,true,false,1.92541445789e-07,false,true,false,true,0,NaN,8916,-40.2612790442|67.4831917805|-0.505712667832|3.50475202423|32.1736281146
737,VALID_CAMPAIGN,NEAR_JOINT_LIMIT,-1117617821457117885,5,MIXED,-0.324198776840,-0.683354076751,0.324261104992,GUARDED_PRODUCTION,true,true,SUCCESS,NONE,52,true,true,1.52689941858e-10,false,false,false,false,0,8.54256812947,239375,-0.340963105784|-1.77679043739|0.195183044994|0.520151476433|-1.28281249756
737,VALID_CAMPAIGN,NEAR_JOINT_LIMIT,-1117617821457117885,5,MIXED,-0.324198776840,-0.683354076751,0.324261104992,UNGUARDED_REFERENCE,true,false,CONVERGED_UNCERTIFIED,NO_GUARDS_OR_FINAL_CERTIFICATION,8,true,false,8.33518640090e-09,false,true,false,true,0,NaN,8750,-39.1385083155|67.1005620092|-0.357975409442|2.59530618913|31.3516073386
738,VALID_CAMPAIGN,NEAR_SINGULARITY,1210578758467676932,5,MIXED,1.46556000597,-0.297499955878,0.199999986368,GUARDED_PRODUCTION,true,true,SUCCESS,NONE,84,true,true,7.07666456650e-08,false,false,false,false,0,8.15451123622,395833,-0.190884095574|0.300222219742|0.241432055899|-5.41255348061e-08|-0.505650903840
738,VALID_CAMPAIGN,NEAR_SINGULARITY,1210578758467676932,5,MIXED,1.46556000597,-0.297499955878,0.199999986368,UNGUARDED_REFERENCE,true,false,CONVERGED_UNCERTIFIED,NO_GUARDS_OR_FINAL_CERTIFICATION,9,true,false,1.40592642920e-07,false,true,false,true,0,NaN,10208,-37.9119886561|68.0719532314|-0.770256879086|2.52267697898|33.5262595368
739,VALID_CAMPAIGN,MICRO_MOTION,-8736444147223042043,5,MIXED,1.46556006572,-0.297499514659,0.199999850043,GUARDED_PRODUCTION,true,true,SUCCESS,NONE,1,true,true,4.59536224446e-07,false,false,false,false,0,NaN,5292,-0.190884095574|0.300222219742|0.241432055899|-5.41255348061e-08|-0.505650903840
739,VALID_CAMPAIGN,MICRO_MOTION,-8736444147223042043,5,MIXED,1.46556006572,-0.297499514659,0.199999850043,UNGUARDED_REFERENCE,true,false,CONVERGED_UNCERTIFIED,NO_GUARDS_OR_FINAL_CERTIFICATION,1,true,false,5.89526536938e-07,false,true,false,true,0,NaN,541,-37.9119886561|68.0719532314|-0.770256879086|2.52267697898|33.5262595368
740,VALID_CAMPAIGN,UNIFORM,-4510461189773305109,5,MIXED,0.731012301024,-1.30381275608,0.139072211450,GUARDED_PRODUCTION,true,true,SUCCESS,NONE,27,true,true,2.26661675273e-07,false,false,false,false,0,51.8229659471,120125,-0.973716435262|0.191568844059|0.242062569884|-0.168083948628|-0.508426606430
740,VALID_CAMPAIGN,UNIFORM,-4510461189773305109,5,MIXED,0.731012301024,-1.30381275608,0.139072211450,UNGUARDED_REFERENCE,true,false,CONVERGED_UNCERTIFIED,NO_GUARDS_OR_FINAL_CERTIFICATION,10,true,false,9.22292451002e-09,false,true,false,true,0,NaN,11250,-38.7725174837|68.0706322091|-0.772140146617|2.99009861473|33.5384061086
741,VALID_CAMPAIGN,NEAR_JOINT_LIMIT,-5967676869461246148,5,MIXED,0.298264217924,0.147249624109,-0.0210988429887,GUARDED_PRODUCTION,false,false,NO_CONVERGENCE,STAGNATION_WINDOW_EXCEEDED,110,true,true,0.0741596305927,false,false,false,false,8,40.9839768531,491250,3.05407755222|-2.37713844122|0.168053708771|-1.41527582881|-1.70283668239
741,VALID_CAMPAIGN,NEAR_JOINT_LIMIT,-5967676869461246148,5,MIXED,0.298264217924,0.147249624109,-0.0210988429887,UNGUARDED_REFERENCE,true,false,CONVERGED_UNCERTIFIED,NO_GUARDS_OR_FINAL_CERTIFICATION,9,true,false,1.12529501766e-09,false,true,false,true,0,NaN,11167,-36.2108863564|67.1576533358|0.0173157640856|9.89284687227|30.5483266004
742,VALID_CAMPAIGN,NEAR_SINGULARITY,6498099603596911000,5,MIXED,1.46556000597,-0.297499955878,0.199999986368,GUARDED_PRODUCTION,true,true,SUCCESS,NONE,106,true,true,1.74166795061e-08,false,false,false,false,0,6.96864924891,476875,-0.186862575036|0.326682924632|0.256217095587|-4.33998600581e-08|-0.625524670890
742,VALID_CAMPAIGN,NEAR_SINGULARITY,6498099603596911000,5,MIXED,1.46556000597,-0.297499955878,0.199999986368,UNGUARDED_REFERENCE,true,false,CONVERGED_UNCERTIFIED,NO_GUARDS_OR_FINAL_CERTIFICATION,13,true,false,9.13708247943e-07,false,true,false,true,0,NaN,16542,-37.5071831498|75.6926426768|0.698147031843|6.28318660350|29.0620131201
743,VALID_CAMPAIGN,MICRO_MOTION,-968715313834970611,5,MIXED,1.46556006572,-0.297499514659,0.199999850043,GUARDED_PRODUCTION,true,true,SUCCESS,NONE,1,true,true,4.63557180815e-07,false,false,false,false,0,NaN,4209,-0.186862575036|0.326682924632|0.256217095587|-4.33998600581e-08|-0.625524670890
743,VALID_CAMPAIGN,MICRO_MOTION,-968715313834970611,5,MIXED,1.46556006572,-0.297499514659,0.199999850043,UNGUARDED_REFERENCE,true,false,CONVERGED_UNCERTIFIED,NO_GUARDS_OR_FINAL_CERTIFICATION,1,true,false,9.79804695028e-07,false,true,false,true,0,NaN,583,-37.5071831498|75.6926426768|0.698147031843|6.28318660350|29.0620131201
744,VALID_CAMPAIGN,UNIFORM,6888544219604344918,5,MIXED,0.692730900662,0.897312672095,-0.0449578248813,GUARDED_PRODUCTION,true,true,SUCCESS,NONE,49,true,true,1.79422949598e-07,false,false,false,false,0,42.4194727048,220416,0.0101267782720|1.63892208708|0.175388001276|-0.849307416999|-0.972067380983
744,VALID_CAMPAIGN,UNIFORM,6888544219604344918,5,MIXED,0.692730900662,0.897312672095,-0.0449578248813,UNGUARDED_REFERENCE,true,false,CONVERGED_UNCERTIFIED,NO_GUARDS_OR_FINAL_CERTIFICATION,14,true,false,3.74890204790e-09,false,true,false,true,0,NaN,17375,-30.4996019505|68.9639173337|0.0695968586023|-1.55606573890|14.1773771267
745,VALID_CAMPAIGN,NEAR_JOINT_LIMIT,-7347464015011553237,5,MIXED,0.144073787925,0.308037882290,-0.0210988429887,GUARDED_PRODUCTION,false,false,NO_CONVERGENCE,STAGNATION_WINDOW_EXCEEDED,26,true,true,0.498247857713,false,false,false,false,0,9.80390164406,116417,-0.752093682868|2.37713844122|0.147004962597|-0.941818103421|-1.11584090694
745,VALID_CAMPAIGN,NEAR_JOINT_LIMIT,-7347464015011553237,5,MIXED,0.144073787925,0.308037882290,-0.0210988429887,UNGUARDED_REFERENCE,true,false,CONVERGED_UNCERTIFIED,NO_GUARDS_OR_FINAL_CERTIFICATION,10,true,false,7.38120777737e-10,false,true,false,true,0,NaN,11375,-28.6724934163|66.4009109693|0.0500589535295|-2.18285381811|20.5336695397
746,VALID_CAMPAIGN,NEAR_SINGULARITY,-7859186634492196240,5,MIXED,1.46556000597,-0.297499955878,0.199999986368,GUARDED_PRODUCTION,true,true,SUCCESS,NONE,70,true,true,1.90554002331e-08,false,false,false,false,0,7.91281103035,314333,-0.215063948502|0.363176366592|0.254423795087|-4.36528404143e-08|-0.612145542498
746,VALID_CAMPAIGN,NEAR_SINGULARITY,-7859186634492196240,5,MIXED,1.46556000597,-0.297499955878,0.199999986368,UNGUARDED_REFERENCE,true,false,CONVERGED_UNCERTIFIED,NO_GUARDS_OR_FINAL_CERTIFICATION,19,true,false,2.57926772391e-09,false,true,false,true,0,NaN,23208,-19.1889651088|62.7197926655|-0.389940273614|-6.28318534499|18.4371598254
747,VALID_CAMPAIGN,MICRO_MOTION,8121184636563506580,5,MIXED,1.46556006572,-0.297499514659,0.199999850043,GUARDED_PRODUCTION,true,true,SUCCESS,NONE,1,true,true,4.63856365904e-07,false,false,false,false,0,NaN,4125,-0.215063948502|0.363176366592|0.254423795087|-4.36528404143e-08|-0.612145542498
747,VALID_CAMPAIGN,MICRO_MOTION,8121184636563506580,5,MIXED,1.46556006572,-0.297499514659,0.199999850043,UNGUARDED_REFERENCE,true,false,CONVERGED_UNCERTIFIED,NO_GUARDS_OR_FINAL_CERTIFICATION,1,true,false,4.65436755525e-07,false,true,false,true,0,NaN,625,-19.1889651088|62.7197926655|-0.389940273614|-6.28318534499|18.4371598254
748,VALID_CAMPAIGN,UNIFORM,-6989541271558983877,5,MIXED,-0.455882993366,-0.854108339050,0.0108090272765,GUARDED_PRODUCTION,true,true,SUCCESS,NONE,65,true,true,4.86162073205e-08,false,false,false,false,0,43.2367873135,286875,-0.774216853679|-1.35428293664|0.211929824766|-0.714762491244|-1.20164334101
748,VALID_CAMPAIGN,UNIFORM,-6989541271558983877,5,MIXED,-0.455882993366,-0.854108339050,0.0108090272765,UNGUARDED_REFERENCE,true,false,CONVERGED_UNCERTIFIED,NO_GUARDS_OR_FINAL_CERTIFICATION,7,true,false,7.74273133480e-09,false,true,false,true,0,NaN,7959,-26.3239901904|74.0816098617|0.181793539258|-7.36930024910|7.98812872852
749,VALID_CAMPAIGN,NEAR_JOINT_LIMIT,3909599268036833798,5,MIXED,0.0599406708512,-0.282777152295,0.324261104992,GUARDED_PRODUCTION,false,false,NO_CONVERGENCE,STAGNATION_WINDOW_EXCEEDED,69,true,true,0.202800072241,false,false,false,false,0,8.31136249354,372584,1.45315507816|-2.37713844122|0.178381699646|0.574894613681|-1.78285383091
749,VALID_CAMPAIGN,NEAR_JOINT_LIMIT,3909599268036833798,5,MIXED,0.0599406708512,-0.282777152295,0.324261104992,UNGUARDED_REFERENCE,true,false,CONVERGED_UNCERTIFIED,NO_GUARDS_OR_FINAL_CERTIFICATION,9,true,false,4.09792031678e-08,false,true,false,true,0,NaN,14917,-24.8856425416|72.8239440949|0.169920348953|-4.39276309206|8.00841288674
750,VALID_CAMPAIGN,NEAR_SINGULARITY,586996222368221563,5,MIXED,1.46556000597,-0.297499955878,0.199999986368,GUARDED_PRODUCTION,true,true,SUCCESS,NONE,83,true,true,2.08144891187e-08,false,false,false,false,0,8.73450532472,429417,-0.192193312237|0.305726759350|0.242943989569|-4.32592441239e-08|-0.519943705075
750,VALID_CAMPAIGN,NEAR_SINGULARITY,586996222368221563,5,MIXED,1.46556000597,-0.297499955878,0.199999986368,UNGUARDED_REFERENCE,true,false,CONVERGED_UNCERTIFIED,NO_GUARDS_OR_FINAL_CERTIFICATION,12,true,false,2.41478195044e-07,false,true,false,true,0,NaN,15500,-19.2906283604|70.5086171730|0.792980866111|-3.84647121678|10.3395687372
751,VALID_CAMPAIGN,MICRO_MOTION,5389780662750471068,5,MIXED,1.46556006572,-0.297499514659,0.199999850043,GUARDED_PRODUCTION,true,true,SUCCESS,NONE,1,true,true,4.63615549972e-07,false,false,false,false,0,NaN,5167,-0.192193312237|0.305726759350|0.242943989569|-4.32592441239e-08|-0.519943705075
751,VALID_CAMPAIGN,MICRO_MOTION,5389780662750471068,5,MIXED,1.46556006572,-0.297499514659,0.199999850043,UNGUARDED_REFERENCE,true,false,CONVERGED_UNCERTIFIED,NO_GUARDS_OR_FINAL_CERTIFICATION,1,true,false,5.28338554073e-07,false,true,false,true,0,NaN,667,-19.2906283604|70.5086171730|0.792980866111|-3.84647121678|10.3395687372
752,VALID_CAMPAIGN,UNIFORM,-8355915170969916934,5,MIXED,-0.977645873530,0.455774439203,0.543316587589,GUARDED_PRODUCTION,true,true,SUCCESS,NONE,132,true,true,4.30306783480e-08,false,false,false,false,0,50.5895031154,629708,2.32789365688|0.874466737313|0.162250488559|1.40168543397|-0.0580178685188
752,VALID_CAMPAIGN,UNIFORM,-8355915170969916934,5,MIXED,-0.977645873530,0.455774439203,0.543316587589,UNGUARDED_REFERENCE,true,false,CONVERGED_UNCERTIFIED,NO_GUARDS_OR_FINAL_CERTIFICATION,15,true,false,3.24332669643e-07,false,true,false,true,0,NaN,18667,-47.9755532850|107.205352295|-0.198003085681|-4.89165027436|18.8389372948
753,VALID_CAMPAIGN,NEAR_JOINT_LIMIT,3128880562006541659,5,MIXED,-0.324198776840,-0.683354076751,0.324261104992,GUARDED_PRODUCTION,false,false,NO_CONVERGENCE,STAGNATION_WINDOW_EXCEEDED,45,true,true,0.370597052954,false,false,false,false,0,149.587669800,249916,3.14159265359|1.47157968980|0.143499140332|1.78285383091|0.316872096007
753,VALID_CAMPAIGN,NEAR_JOINT_LIMIT,3128880562006541659,5,MIXED,-0.324198776840,-0.683354076751,0.324261104992,UNGUARDED_REFERENCE,true,false,CONVERGED_UNCERTIFIED,NO_GUARDS_OR_FINAL_CERTIFICATION,11,true,false,9.59540804085e-10,false,true,false,true,0,NaN,13625,-59.2764016406|126.488705009|-0.0773720782684|-10.3032933552|7.65162147749
754,VALID_CAMPAIGN,NEAR_SINGULARITY,2880215351456773134,5,MIXED,1.46556000597,-0.297499955878,0.199999986368,GUARDED_PRODUCTION,false,false,NO_CONVERGENCE,STAGNATION_WINDOW_EXCEEDED,160,true,true,1.25105015112,false,false,false,false,0,15.4506978127,733416,3.14159265359|2.37713844122|0.0842044176765|0.0967159732044|0.601009649501
754,VALID_CAMPAIGN,NEAR_SINGULARITY,2880215351456773134,5,MIXED,1.46556000597,-0.297499955878,0.199999986368,UNGUARDED_REFERENCE,true,false,CONVERGED_UNCERTIFIED,NO_GUARDS_OR_FINAL_CERTIFICATION,27,true,false,1.33784673052e-09,false,true,false,true,0,NaN,35958,-44.8824023228|113.341882418|-0.606881566882|-6.28318535777|1.20519515189
755,VALID_CAMPAIGN,MICRO_MOTION,-6246476467686188050,5,MIXED,1.46556006572,-0.297499514659,0.199999850043,GUARDED_PRODUCTION,false,false,NO_CONVERGENCE,STAGNATION_WINDOW_EXCEEDED,7,true,true,1.25172574401,false,false,false,false,0,5.39005126146,32167,3.14159265359|2.37713844122|0.0835588791607|0.0732292208951|0.573016326452
755,VALID_CAMPAIGN,MICRO_MOTION,-6246476467686188050,5,MIXED,1.46556006572,-0.297499514659,0.199999850043,UNGUARDED_REFERENCE,true,false,CONVERGED_UNCERTIFIED,NO_GUARDS_OR_FINAL_CERTIFICATION,1,true,false,4.65576866087e-07,false,true,false,true,0,NaN,2250,-44.8824023228|113.341882418|-0.606881566882|-6.28318535777|1.20519515189
756,VALID_CAMPAIGN,UNIFORM,1255168441652470509,5,MIXED,-0.221062397900,0.817522363377,0.300830155383,GUARDED_PRODUCTION,true,true,SUCCESS,NONE,69,true,true,4.52664274960e-09,false,false,false,false,0,5.33097503880,327125,0.415243749129|1.85405530344|0.0797684916440|0.365990554951|1.10214574916
756,VALID_CAMPAIGN,UNIFORM,1255168441652470509,5,MIXED,-0.221062397900,0.817522363377,0.300830155383,UNGUARDED_REFERENCE,true,false,CONVERGED_UNCERTIFIED,NO_GUARDS_OR_FINAL_CERTIFICATION,8,true,false,1.65052913269e-08,false,true,false,true,0,NaN,9667,-49.0839112368|120.424572791|-0.223358583532|-4.45531866206|4.37486507829
757,VALID_CAMPAIGN,NEAR_JOINT_LIMIT,-2181257232691765460,5,MIXED,-0.0858752112634,0.547826511085,-0.0210988429887,GUARDED_PRODUCTION,true,true,SUCCESS,NONE,137,true,true,9.99250682461e-07,false,false,false,false,0,7.30019829596,640000,-0.253154995184|2.37713844122|0.0679912989276|-0.896441591182|1.26334643764
757,VALID_CAMPAIGN,NEAR_JOINT_LIMIT,-2181257232691765460,5,MIXED,-0.0858752112634,0.547826511085,-0.0210988429887,UNGUARDED_REFERENCE,true,false,CONVERGED_UNCERTIFIED,NO_GUARDS_OR_FINAL_CERTIFICATION,8,true,false,5.16637467054e-09,false,true,false,true,0,NaN,22333,-49.6674705271|121.236874017|-0.228572276214|-2.26090896579|4.65004956082
758,VALID_CAMPAIGN,NEAR_SINGULARITY,-6614539866976562137,5,MIXED,1.46556000597,-0.297499955878,0.199999986368,GUARDED_PRODUCTION,true,true,SUCCESS,NONE,125,true,true,3.03264093455e-08,false,false,false,false,0,6.42494335029,594792,-0.192345453208|0.243588000728|0.227971711097|-4.47204326148e-08|-0.217248588405
758,VALID_CAMPAIGN,NEAR_SINGULARITY,-6614539866976562137,5,MIXED,1.46556000597,-0.297499955878,0.199999986368,UNGUARDED_REFERENCE,true,false,CONVERGED_UNCERTIFIED,NO_GUARDS_OR_FINAL_CERTIFICATION,15,true,false,2.08592837148e-08,false,true,false,true,0,NaN,47375,-50.5095794788|124.685363267|-0.773181363815|-3.86100860558|8.52788255014
759,VALID_CAMPAIGN,MICRO_MOTION,-1435115205893032942,5,MIXED,1.46556006572,-0.297499514659,0.199999850043,GUARDED_PRODUCTION,true,true,SUCCESS,NONE,1,true,true,4.63192206528e-07,false,false,false,false,0,NaN,21542,-0.192345453208|0.243588000728|0.227971711097|-4.47204326148e-08|-0.217248588405
759,VALID_CAMPAIGN,MICRO_MOTION,-1435115205893032942,5,MIXED,1.46556006572,-0.297499514659,0.199999850043,UNGUARDED_REFERENCE,true,false,CONVERGED_UNCERTIFIED,NO_GUARDS_OR_FINAL_CERTIFICATION,1,true,false,4.67574278659e-07,false,true,false,true,0,NaN,8709,-50.5095794788|124.685363267|-0.773181363815|-3.86100860558|8.52788255014
760,VALID_CAMPAIGN,UNIFORM,4773896735504153612,5,MIXED,-0.435301088423,0.673595675924,-0.00122581386525,GUARDED_PRODUCTION,false,false,NO_CONVERGENCE,STAGNATION_WINDOW_EXCEEDED,59,true,true,0.833873572608,false,false,false,false,0,76.2417405006,294083,-0.748306616059|2.37713844122|0.148230191624|-0.290761261238|0.138848756579
760,VALID_CAMPAIGN,UNIFORM,4773896735504153612,5,MIXED,-0.435301088423,0.673595675924,-0.00122581386525,UNGUARDED_REFERENCE,true,false,CONVERGED_UNCERTIFIED,NO_GUARDS_OR_FINAL_CERTIFICATION,8,true,false,3.38553679964e-08,false,true,false,true,0,NaN,9791,-57.7213016180|136.242401417|0.912733063747|-1.87543551486|10.6599205342
761,VALID_CAMPAIGN,NEAR_JOINT_LIMIT,1125572528179734324,5,MIXED,0.0876264050474,0.253906734736,0.324261104992,GUARDED_PRODUCTION,false,false,NO_CONVERGENCE,STAGNATION_WINDOW_EXCEEDED,7,true,true,0.607216776579,false,false,false,false,0,5.34581389364,34625,-0.966016254344|2.37713844122|0.144400862494|-0.208028701139|0.177872901755
761,VALID_CAMPAIGN,NEAR_JOINT_LIMIT,1125572528179734324,5,MIXED,0.0876264050474,0.253906734736,0.324261104992,UNGUARDED_REFERENCE,true,false,CONVERGED_UNCERTIFIED,NO_GUARDS_OR_FINAL_CERTIFICATION,7,true,false,8.08663499525e-09,false,true,false,true,0,NaN,9334,-57.4348307080|135.230721324|0.476594298165|-4.43584234369|8.03324990698
762,VALID_CAMPAIGN,NEAR_SINGULARITY,4157068212482011993,5,MIXED,1.46556000597,-0.297499955878,0.199999986368,GUARDED_PRODUCTION,true,true,SUCCESS,NONE,61,true,true,3.78530495331e-08,false,false,false,false,0,5.18287162986,306291,-0.195974519480|0.247173648453|0.228241397177|-4.69229879874e-08|-0.205908019166
762,VALID_CAMPAIGN,NEAR_SINGULARITY,4157068212482011993,5,MIXED,1.46556000597,-0.297499955878,0.199999986368,UNGUARDED_REFERENCE,true,false,CONVERGED_UNCERTIFIED,NO_GUARDS_OR_FINAL_CERTIFICATION,10,true,false,1.18002532908e-08,false,true,false,true,0,NaN,15083,-57.0660323831|125.761601907|-0.404303805878|-3.90961875062e-08|-6.49383729992
763,VALID_CAMPAIGN,MICRO_MOTION,-8566881861074991382,5,MIXED,1.46556006572,-0.297499514659,0.199999850043,GUARDED_PRODUCTION,true,true,SUCCESS,NONE,1,true,true,4.62780179983e-07,false,false,false,false,0,NaN,5916,-0.195974519480|0.247173648453|0.228241397177|-4.69229879874e-08|-0.205908019166
763,VALID_CAMPAIGN,MICRO_MOTION,-8566881861074991382,5,MIXED,1.46556006572,-0.297499514659,0.199999850043,UNGUARDED_REFERENCE,true,false,CONVERGED_UNCERTIFIED,NO_GUARDS_OR_FINAL_CERTIFICATION,1,true,false,4.64949082952e-07,false,true,false,true,0,NaN,834,-57.0660323831|125.761601907|-0.404303805878|-3.90961875062e-08|-6.49383729992
764,VALID_CAMPAIGN,UNIFORM,-3375535784404210205,5,MIXED,1.06190119330,0.817598079311,-0.0293112256701,GUARDED_PRODUCTION,true,true,SUCCESS,NONE,31,true,true,6.60647336460e-07,false,false,false,false,0,76.0360988107,164125,0.0944696543041|1.00583268746|0.188072946671|-0.619805576275|-0.0652437119099
764,VALID_CAMPAIGN,UNIFORM,-3375535784404210205,5,MIXED,1.06190119330,0.817598079311,-0.0293112256701,UNGUARDED_REFERENCE,true,false,CONVERGED_UNCERTIFIED,NO_GUARDS_OR_FINAL_CERTIFICATION,11,true,false,3.12065721122e-08,false,true,false,true,0,NaN,23000,-55.9810075976|125.690163226|-0.230558956835|-0.765943989515|-7.20808031316
765,VALID_CAMPAIGN,NEAR_JOINT_LIMIT,8894398493761059603,5,MIXED,0.298264217924,0.147249624109,-0.0210988429887,GUARDED_PRODUCTION,false,false,NO_CONVERGENCE,STAGNATION_WINDOW_EXCEEDED,49,true,true,0.440449875715,false,false,false,false,0,11.6166384632,289791,-1.61215251279|2.37713844122|0.148538243238|-0.705848104273|0.273821310817
765,VALID_CAMPAIGN,NEAR_JOINT_LIMIT,8894398493761059603,5,MIXED,0.298264217924,0.147249624109,-0.0210988429887,UNGUARDED_REFERENCE,true,false,CONVERGED_UNCERTIFIED,NO_GUARDS_OR_FINAL_CERTIFICATION,5,true,false,5.19585387243e-08,false,true,false,true,0,NaN,6458,-56.9324789375|127.501273826|-0.163869289130|-2.75476266601|-12.6408035872
766,VALID_CAMPAIGN,NEAR_SINGULARITY,9101003413338052413,5,MIXED,1.46556000597,-0.297499955878,0.199999986368,GUARDED_PRODUCTION,true,true,SUCCESS,NONE,63,true,true,4.99665496229e-08,false,false,false,false,0,6.53672180038,304709,-0.198150149083|0.247755688131|0.228978366352|-5.03556146443e-08|-0.186123664609
766,VALID_CAMPAIGN,NEAR_SINGULARITY,9101003413338052413,5,MIXED,1.46556000597,-0.297499955878,0.199999986368,UNGUARDED_REFERENCE,true,false,CONVERGED_UNCERTIFIED,NO_GUARDS_OR_FINAL_CERTIFICATION,28,true,false,2.91393951690e-07,false,true,false,true,0,NaN,34083,-75.6101314276|144.274118526|-0.227933468809|12.5663704979|6.50583582224
767,VALID_CAMPAIGN,MICRO_MOTION,-7760213027380154960,5,MIXED,1.46556006572,-0.297499514659,0.199999850043,GUARDED_PRODUCTION,true,true,SUCCESS,NONE,1,true,true,4.62172556134e-07,false,false,false,false,0,NaN,4292,-0.198150149083|0.247755688131|0.228978366352|-5.03556146443e-08|-0.186123664609
767,VALID_CAMPAIGN,MICRO_MOTION,-7760213027380154960,5,MIXED,1.46556006572,-0.297499514659,0.199999850043,UNGUARDED_REFERENCE,true,false,CONVERGED_UNCERTIFIED,NO_GUARDS_OR_FINAL_CERTIFICATION,1,true,false,5.26654511477e-07,false,true,false,true,0,NaN,625,-75.6101314276|144.274118526|-0.227933468809|12.5663704979|6.50583582224
768,VALID_CAMPAIGN,UNIFORM,6434334266408622195,5,MIXED,0.582411216663,1.03435378939,0.0858353671515,GUARDED_PRODUCTION,true,true,SUCCESS,NONE,39,true,true,7.39526517313e-09,false,false,false,false,0,75.2840538421,241166,0.0336922029981|1.57053073963|0.178623957079|-0.298542534161|0.0471547574750
768,VALID_CAMPAIGN,UNIFORM,6434334266408622195,5,MIXED,0.582411216663,1.03435378939,0.0858353671515,UNGUARDED_REFERENCE,true,false,CONVERGED_UNCERTIFIED,NO_GUARDS_OR_FINAL_CERTIFICATION,13,true,false,1.82865879318e-09,false,true,false,true,0,NaN,17042,-74.0699436842|151.269435599|0.435044794993|3.34646409679|4.47260631777
769,VALID_CAMPAIGN,NEAR_JOINT_LIMIT,6831959761321756113,5,MIXED,0.471765871169,-0.146670130436,0.324261104992,GUARDED_PRODUCTION,false,false,NO_CONVERGENCE,STAGNATION_WINDOW_EXCEEDED,59,true,true,0.307932669593,false,false,false,false,1,6.78492424873,237333,-2.39793484858|2.37713844122|0.142941972095|0.230449966863|0.450043826132
769,VALID_CAMPAIGN,NEAR_JOINT_LIMIT,6831959761321756113,5,MIXED,0.471765871169,-0.146670130436,0.324261104992,UNGUARDED_REFERENCE,true,false,CONVERGED_UNCERTIFIED,NO_GUARDS_OR_FINAL_CERTIFICATION,9,true,false,2.35774328193e-07,false,true,false,true,0,NaN,13459,-73.3275385608|148.227329691|-0.0136619477387|0.491302817552|11.3628812080
770,VALID_CAMPAIGN,NEAR_SINGULARITY,-3417767353149843659,5,MIXED,1.46556000597,-0.297499955878,0.199999986368,GUARDED_PRODUCTION,true,true,SUCCESS,NONE,68,true,true,3.44421999348e-07,false,false,false,false,0,5.68485443255,268667,-0.194172978385|0.241159512551|0.229402076586|-1.98444633531e-07|-0.177952228449
770,VALID_CAMPAIGN,NEAR_SINGULARITY,-3417767353149843659,5,MIXED,1.46556000597,-0.297499955878,0.199999986368,UNGUARDED_REFERENCE,true,false,CONVERGED_UNCERTIFIED,NO_GUARDS_OR_FINAL_CERTIFICATION,20,true,false,1.37484082256e-08,false,true,false,true,0,NaN,23708,-75.6567024667|150.618761477|-0.231811737270|-3.98487705590e-08|12.7970587401
771,VALID_CAMPAIGN,MICRO_MOTION,3229508838734014470,5,MIXED,1.46556006572,-0.297499514659,0.199999850043,GUARDED_PRODUCTION,true,true,SUCCESS,NONE,1,true,true,2.62901009850e-07,false,false,false,false,0,NaN,4875,-0.194172978385|0.241159512551|0.229402076586|-1.98444633531e-07|-0.177952228449
771,VALID_CAMPAIGN,MICRO_MOTION,3229508838734014470,5,MIXED,1.46556006572,-0.297499514659,0.199999850043,UNGUARDED_REFERENCE,true,false,CONVERGED_UNCERTIFIED,NO_GUARDS_OR_FINAL_CERTIFICATION,1,true,false,4.64640725645e-07,false,true,false,true,0,NaN,584,-75.6567024667|150.618761477|-0.231811737270|-3.98487705590e-08|12.7970587401
772,VALID_CAMPAIGN,UNIFORM,-1130457443139896804,5,MIXED,0.175097452508,-1.40173931702,0.378204742786,GUARDED_PRODUCTION,true,true,SUCCESS,NONE,37,true,true,1.86610780321e-07,false,false,false,false,0,75.1516863110,147417,-1.21992197522|-0.0719015541086|0.221768732597|0.502918458346|-0.165187606729
772,VALID_CAMPAIGN,UNIFORM,-1130457443139896804,5,MIXED,0.175097452508,-1.40173931702,0.378204742786,UNGUARDED_REFERENCE,true,false,CONVERGED_UNCERTIFIED,NO_GUARDS_OR_FINAL_CERTIFICATION,9,true,false,6.51014755222e-09,false,true,false,true,0,NaN,10375,-87.0334370176|168.280162071|1.80423964421|1.29072777360|14.1186494021
773,VALID_CAMPAIGN,NEAR_JOINT_LIMIT,5075975459972735878,5,MIXED,0.0599406353164,-0.282777159828,0.324261104992,GUARDED_PRODUCTION,false,false,NO_CONVERGENCE,STAGNATION_WINDOW_EXCEEDED,74,true,true,0.295215487150,false,false,false,false,0,28.6112532848,292417,1.29434897598|-2.37713844122|0.204900419841|0.682064500181|-0.730870796055
773,VALID_CAMPAIGN,NEAR_JOINT_LIMIT,5075975459972735878,5,MIXED,0.0599406353164,-0.282777159828,0.324261104992,UNGUARDED_REFERENCE,true,false,CONVERGED_UNCERTIFIED,NO_GUARDS_OR_FINAL_CERTIFICATION,13,true,false,4.87326592960e-10,false,true,false,true,0,NaN,16583,-85.6034452002|167.289759602|0.739135771158|2.45442840500|13.5418163239
774,VALID_CAMPAIGN,NEAR_SINGULARITY,-1394533956426844605,5,MIXED,1.46556000597,-0.297499955878,0.199999986368,GUARDED_PRODUCTION,true,true,SUCCESS,NONE,70,true,true,7.77473482187e-07,false,false,false,false,0,8.79101433337,275292,-0.155542342416|0.206486765732|0.230121898704|-1.15601942079e-07|-0.299744722776
774,VALID_CAMPAIGN,NEAR_SINGULARITY,-1394533956426844605,5,MIXED,1.46556000597,-0.297499955878,0.199999986368,UNGUARDED_REFERENCE,true,false,CONVERGED_UNCERTIFIED,NO_GUARDS_OR_FINAL_CERTIFICATION,16,true,false,1.14539171460e-07,false,true,false,true,0,NaN,19375,-69.2933045152|163.574671970|0.269682550462|-6.28318537327|-18.7497863026
775,VALID_CAMPAIGN,MICRO_MOTION,-3663848443690056365,5,MIXED,1.46556006572,-0.297499514659,0.199999850043,GUARDED_PRODUCTION,true,true,SUCCESS,NONE,1,true,true,8.26881706033e-07,false,false,false,false,0,NaN,6084,-0.155542342416|0.206486765732|0.230121898704|-1.15601942079e-07|-0.299744722776
775,VALID_CAMPAIGN,MICRO_MOTION,-3663848443690056365,5,MIXED,1.46556006572,-0.297499514659,0.199999850043,UNGUARDED_REFERENCE,true,false,CONVERGED_UNCERTIFIED,NO_GUARDS_OR_FINAL_CERTIFICATION,1,true,false,4.69386972007e-07,false,true,false,true,0,NaN,709,-69.2933045152|163.574671970|0.269682550462|-6.28318537327|-18.7497863026
776,VALID_CAMPAIGN,UNIFORM,7294307444434411489,5,MIXED,0.858065210006,-1.02341947574,0.337553403355,GUARDED_PRODUCTION,true,true,SUCCESS,NONE,25,true,true,4.61805515830e-07,false,false,false,false,0,64.8557424760,98708,-0.268228316570|-0.577749549212|0.210289157184|0.392619137834|-0.421203834178
776,VALID_CAMPAIGN,UNIFORM,7294307444434411489,5,MIXED,0.858065210006,-1.02341947574,0.337553403355,UNGUARDED_REFERENCE,true,false,CONVERGED_UNCERTIFIED,NO_GUARDS_OR_FINAL_CERTIFICATION,7,true,false,3.19223566848e-09,false,true,false,true,0,NaN,9542,-69.5414820697|162.530849514|-0.276855283208|-5.86380889314|-13.2293624363
777,VALID_CAMPAIGN,NEAR_JOINT_LIMIT,4947612045804294871,5,MIXED,0.0876263731405,0.253906745748,0.324261104992,GUARDED_PRODUCTION,true,true,SUCCESS,NONE,752,true,true,9.86687603625e-07,false,false,false,false,0,11.2908929231,2884833,3.14159265359|-2.37713526080|0.0200025342376|1.78285383091|-1.78285333048
777,VALID_CAMPAIGN,NEAR_JOINT_LIMIT,4947612045804294871,5,MIXED,0.0876263731405,0.253906745748,0.324261104992,UNGUARDED_REFERENCE,true,false,CONVERGED_UNCERTIFIED,NO_GUARDS_OR_FINAL_CERTIFICATION,9,true,false,6.21116347937e-07,false,true,false,true,0,NaN,15083,-70.5374859195|166.743204552|0.121085755857|-4.94750395218|-20.7380152482
778,VALID_CAMPAIGN,NEAR_SINGULARITY,1649981751867278427,5,MIXED,1.46556000597,-0.297499955878,0.199999986368,GUARDED_PRODUCTION,true,true,SUCCESS,NONE,157,true,true,3.13939663348e-08,false,false,false,false,0,4.96391230057,620208,-0.192489474080|0.244083819426|0.227916685821|-4.50408800728e-08|-0.219358048564
778,VALID_CAMPAIGN,NEAR_SINGULARITY,1649981751867278427,5,MIXED,1.46556000597,-0.297499955878,0.199999986368,UNGUARDED_REFERENCE,true,false,CONVERGED_UNCERTIFIED,NO_GUARDS_OR_FINAL_CERTIFICATION,21,true,false,2.38416631967e-08,false,true,false,true,0,NaN,27083,-69.3183096889|156.829177989|-0.227921275600|-12.5663706569|-18.6329900008
779,VALID_CAMPAIGN,MICRO_MOTION,-3596022963278599388,5,MIXED,1.46556006572,-0.297499514659,0.199999850043,GUARDED_PRODUCTION,true,true,SUCCESS,NONE,1,true,true,4.63129896621e-07,false,false,false,false,0,NaN,4458,-0.192489474080|0.244083819426|0.227916685821|-4.50408800728e-08|-0.219358048564
779,VALID_CAMPAIGN,MICRO_MOTION,-3596022963278599388,5,MIXED,1.46556006572,-0.297499514659,0.199999850043,UNGUARDED_REFERENCE,true,false,CONVERGED_UNCERTIFIED,NO_GUARDS_OR_FINAL_CERTIFICATION,1,true,false,4.64042197034e-07,false,true,false,true,0,NaN,625,-69.3183096889|156.829177989|-0.227921275600|-12.5663706569|-18.6329900008
780,VALID_CAMPAIGN,UNIFORM,-7008915096949041765,5,MIXED,-0.429459404774,-0.615115198543,-0.0521984240731,GUARDED_PRODUCTION,true,true,SUCCESS,NONE,70,true,true,2.20101912089e-09,false,false,false,false,0,76.2437790996,301500,-0.304639885919|-2.04452911056|0.207488141492|-0.714269878209|-0.382011584544
780,VALID_CAMPAIGN,UNIFORM,-7008915096949041765,5,MIXED,-0.429459404774,-0.615115198543,-0.0521984240731,UNGUARDED_REFERENCE,true,false,CONVERGED_UNCERTIFIED,NO_GUARDS_OR_FINAL_CERTIFICATION,18,true,false,3.06967208051e-07,false,true,false,true,0,NaN,24000,-86.9784278524|180.254706833|1.26525865447|-15.0375480454|-30.3266023032
781,VALID_CAMPAIGN,NEAR_JOINT_LIMIT,7017635274166734435,5,MIXED,-0.113560945460,-0.576696928643,-0.0210988429887,GUARDED_PRODUCTION,false,false,NO_CONVERGENCE,STAGNATION_WINDOW_EXCEEDED,24,true,true,0.0491554149051,false,false,false,false,17,6.98164842859,112375,0.617471484523|-2.37713844122|0.200936320451|-0.647824475429|-0.505516543198
781,VALID_CAMPAIGN,NEAR_JOINT_LIMIT,7017635274166734435,5,MIXED,-0.113560945460,-0.576696928643,-0.0210988429887,UNGUARDED_REFERENCE,true,false,CONVERGED_UNCERTIFIED,NO_GUARDS_OR_FINAL_CERTIFICATION,5,true,false,7.20079469645e-09,false,true,false,true,0,NaN,6833,-87.0927429397|180.501676932|1.06585043141|-15.1635938786|-30.2776252590
782,VALID_CAMPAIGN,NEAR_SINGULARITY,-6020489005317668961,5,MIXED,1.46556000597,-0.297499955878,0.199999986368,GUARDED_PRODUCTION,true,true,SUCCESS,NONE,75,true,true,4.81677887865e-08,false,false,false,false,0,7.57981362546,299792,-0.183951636607|0.234560708463|0.227852508544|-4.99376305119e-08|-0.236053686507
782,VALID_CAMPAIGN,NEAR_SINGULARITY,-6020489005317668961,5,MIXED,1.46556000597,-0.297499955878,0.199999986368,UNGUARDED_REFERENCE,true,false,CONVERGED_UNCERTIFIED,NO_GUARDS_OR_FINAL_CERTIFICATION,10,true,false,1.79632096973e-09,false,true,false,true,0,NaN,11916,-81.8690219619|177.229332571|1.06580604037|-15.9205469828|-31.1193951878
783,VALID_CAMPAIGN,MICRO_MOTION,-624495326174172947,5,MIXED,1.46556006572,-0.297499514659,0.199999850043,GUARDED_PRODUCTION,true,true,SUCCESS,NONE,1,true,true,4.61795493351e-07,false,false,false,false,0,NaN,6208,-0.183951636607|0.234560708463|0.227852508544|-4.99376305119e-08|-0.236053686507
783,VALID_CAMPAIGN,MICRO_MOTION,-624495326174172947,5,MIXED,1.46556006572,-0.297499514659,0.199999850043,UNGUARDED_REFERENCE,true,false,CONVERGED_UNCERTIFIED,NO_GUARDS_OR_FINAL_CERTIFICATION,1,true,false,4.65512164097e-07,false,true,false,true,0,NaN,666,-81.8690219619|177.229332571|1.06580604037|-15.9205469828|-31.1193951878
784,VALID_CAMPAIGN,UNIFORM,7063131699848613812,5,MIXED,0.294050047588,-0.943479187599,-0.0866506120333,GUARDED_PRODUCTION,true,true,SUCCESS,NONE,49,true,true,2.25267301089e-07,false,false,false,false,0,75.4947956696,196583,-0.00256943657256|-1.44712249631|0.203464435903|-0.829821632598|-0.368783981830
784,VALID_CAMPAIGN,UNIFORM,7063131699848613812,5,MIXED,0.294050047588,-0.943479187599,-0.0866506120333,UNGUARDED_REFERENCE,true,false,CONVERGED_UNCERTIFIED,NO_GUARDS_OR_FINAL_CERTIFICATION,9,true,false,1.09110581615e-09,false,true,false,true,0,NaN,10333,-84.2442090539|177.331220579|-0.410449293530|-13.4154326793|-25.6041916440
785,VALID_CAMPAIGN,NEAR_JOINT_LIMIT,1702417912950394639,5,MIXED,-0.142322694890,0.493695363751,0.324261104992,GUARDED_PRODUCTION,false,false,NO_CONVERGENCE,STAGNATION_WINDOW_EXCEEDED,376,true,true,0.0151333917594,false,false,false,false,0,8.62580621449,1518583,3.14159265359|-1.81896721811|0.0200000000000|1.78285383091|-1.78094309913
785,VALID_CAMPAIGN,NEAR_JOINT_LIMIT,1702417912950394639,5,MIXED,-0.142322694890,0.493695363751,0.324261104992,UNGUARDED_REFERENCE,true,false,CONVERGED_UNCERTIFIED,NO_GUARDS_OR_FINAL_CERTIFICATION,8,true,false,9.71972317233e-07,false,true,false,true,0,NaN,11083,-85.3721068040|179.856163415|-0.167871855548|-9.97456376804|-31.2382690180
786,VALID_CAMPAIGN,NEAR_SINGULARITY,-3044687866258061820,5,MIXED,1.46556000597,-0.297499955878,0.199999986368,GUARDED_PRODUCTION,true,true,SUCCESS,NONE,160,true,true,3.07100343079e-07,false,false,false,false,0,6.22982133500,630750,-0.192515092096|0.244254195107|0.227892985808|-1.97922974127e-07|-0.220318743913
786,VALID_CAMPAIGN,NEAR_SINGULARITY,-3044687866258061820,5,MIXED,1.46556000597,-0.297499955878,0.199999986368,UNGUARDED_REFERENCE,true,false,CONVERGED_UNCERTIFIED,NO_GUARDS_OR_FINAL_CERTIFICATION,14,true,false,7.37537962787e-07,false,true,false,true,0,NaN,17917,-88.1580651079|181.122039932|-0.770687733420|-9.96966292673|-29.4254934398
787,VALID_CAMPAIGN,MICRO_MOTION,6938483596183817170,5,MIXED,1.46556006572,-0.297499514659,0.199999850043,GUARDED_PRODUCTION,true,true,SUCCESS,NONE,1,true,true,1.93126826415e-07,false,false,false,false,0,NaN,5167,-0.192515092096|0.244254195107|0.227892985808|-1.97922974127e-07|-0.220318743913
787,VALID_CAMPAIGN,MICRO_MOTION,6938483596183817170,5,MIXED,1.46556006572,-0.297499514659,0.199999850043,UNGUARDED_REFERENCE,true,false,CONVERGED_UNCERTIFIED,NO_GUARDS_OR_FINAL_CERTIFICATION,1,true,false,9.49438353054e-07,false,true,false,true,0,NaN,625,-88.1580651079|181.122039932|-0.770687733420|-9.96966292673|-29.4254934398
788,VALID_CAMPAIGN,UNIFORM,5173284985712225881,5,MIXED,1.44459917439,-0.00420404457114,0.269604013283,GUARDED_PRODUCTION,true,true,SUCCESS,NONE,18,true,true,8.75241187980e-10,false,false,false,false,0,76.2429039157,71750,-0.281960974424|0.592944951578|0.174451760152|0.185630826939|-0.131866519452
788,VALID_CAMPAIGN,UNIFORM,5173284985712225881,5,MIXED,1.44459917439,-0.00420404457114,0.269604013283,UNGUARDED_REFERENCE,true,false,CONVERGED_UNCERTIFIED,NO_GUARDS_OR_FINAL_CERTIFICATION,5,true,false,2.49695189492e-09,false,true,false,true,0,NaN,6833,-87.9723156986|181.173468395|-0.699415884557|-10.3306419533|-29.5968055749
789,VALID_CAMPAIGN,NEAR_JOINT_LIMIT,6157993579869496950,5,MIXED,-0.554147930742,-0.923142654015,0.324261104992,GUARDED_PRODUCTION,true,true,SUCCESS,NONE,641,true,true,9.98867881584e-07,false,false,false,false,0,19.7891200057,2459708,-3.14159265359|1.46293632164|0.127979642047|0.392492081571|0.783124431409
789,VALID_CAMPAIGN,NEAR_JOINT_LIMIT,6157993579869496950,5,MIXED,-0.554147930742,-0.923142654015,0.324261104992,UNGUARDED_REFERENCE,true,false,CONVERGED_UNCERTIFIED,NO_GUARDS_OR_FINAL_CERTIFICATION,12,true,false,5.85362410387e-08,false,true,false,true,0,NaN,14208,-86.4002889713|180.026543797|1.55680836914|-10.0553931471|-36.9205321671
790,VALID_CAMPAIGN,NEAR_SINGULARITY,6579520398675367452,5,MIXED,1.46556000597,-0.297499955878,0.199999986368,GUARDED_PRODUCTION,true,true,SUCCESS,NONE,100,true,true,2.58598729814e-07,false,false,false,false,0,8.00284622422,389500,-0.191800559255|0.239887281945|0.228693206980|-1.58116906031e-07|-0.195051718808
790,VALID_CAMPAIGN,NEAR_SINGULARITY,6579520398675367452,5,MIXED,1.46556000597,-0.297499955878,0.199999986368,UNGUARDED_REFERENCE,true,false,CONVERGED_UNCERTIFIED,NO_GUARDS_OR_FINAL_CERTIFICATION,8,true,false,1.88921523110e-09,false,true,false,true,0,NaN,10125,-94.3596181032|189.666689251|0.917012304392|-9.65056809097|-38.2974036518
791,VALID_CAMPAIGN,MICRO_MOTION,1952224845623843019,5,MIXED,1.46556006572,-0.297499514659,0.199999850043,GUARDED_PRODUCTION,true,true,SUCCESS,NONE,1,true,true,3.44671628019e-07,false,false,false,false,0,NaN,4292,-0.191800559255|0.239887281945|0.228693206980|-1.58116906031e-07|-0.195051718808
791,VALID_CAMPAIGN,MICRO_MOTION,1952224845623843019,5,MIXED,1.46556006572,-0.297499514659,0.199999850043,UNGUARDED_REFERENCE,true,false,CONVERGED_UNCERTIFIED,NO_GUARDS_OR_FINAL_CERTIFICATION,1,true,false,4.65420125220e-07,false,true,false,true,0,NaN,583,-94.3596181032|189.666689251|0.917012304392|-9.65056809097|-38.2974036518
792,VALID_CAMPAIGN,UNIFORM,-5378679104538039841,5,MIXED,0.576549647224,-0.362471966402,0.460671120910,GUARDED_PRODUCTION,true,true,SUCCESS,NONE,71,true,true,7.71720245072e-10,false,false,false,false,0,75.8858951974,281958,1.22590789875|-2.01084948525|0.185479574287|0.837828810786|-0.405265669173
792,VALID_CAMPAIGN,UNIFORM,-5378679104538039841,5,MIXED,0.576549647224,-0.362471966402,0.460671120910,UNGUARDED_REFERENCE,true,false,CONVERGED_UNCERTIFIED,NO_GUARDS_OR_FINAL_CERTIFICATION,7,true,false,6.07852634942e-09,false,true,false,true,0,NaN,7959,-93.7968135841|187.598661004|0.416922685809|-10.4281943229|-37.7578254682
793,VALID_CAMPAIGN,NEAR_JOINT_LIMIT,-2790272430760898337,5,MIXED,0.116388050101,-0.336908296369,-0.0210988429887,GUARDED_PRODUCTION,false,false,NO_CONVERGENCE,STAGNATION_WINDOW_EXCEEDED,21,true,true,0.562558279746,false,false,false,false,0,9.08287953540,82375,1.84931993618|-2.37713844122|0.181991277022|0.431050919467|-0.645501180321
793,VALID_CAMPAIGN,NEAR_JOINT_LIMIT,-2790272430760898337,5,MIXED,0.116388050101,-0.336908296369,-0.0210988429887,UNGUARDED_REFERENCE,true,false,CONVERGED_UNCERTIFIED,NO_GUARDS_OR_FINAL_CERTIFICATION,6,true,false,1.29832177249e-08,false,true,false,true,0,NaN,7875,-94.0780951588|187.052632608|0.410747267477|-9.03726427185|-37.8120715919
794,VALID_CAMPAIGN,NEAR_SINGULARITY,4920089784219656382,5,MIXED,1.46556000597,-0.297499955878,0.199999986368,GUARDED_PRODUCTION,true,true,SUCCESS,NONE,74,true,true,3.14657447594e-07,false,false,false,false,0,7.46928315359,285125,-0.189715365394|0.242526388877|0.227665642081|-1.98099181155e-07|-0.235588307600
794,VALID_CAMPAIGN,NEAR_SINGULARITY,4920089784219656382,5,MIXED,1.46556000597,-0.297499955878,0.199999986368,UNGUARDED_REFERENCE,true,false,CONVERGED_UNCERTIFIED,NO_GUARDS_OR_FINAL_CERTIFICATION,24,true,false,5.08761573835e-08,false,true,false,true,0,NaN,28208,-88.1546306587|175.660884773|-0.228275648147|-12.5663706642|-43.7740007628
795,VALID_CAMPAIGN,MICRO_MOTION,3755477672166522939,5,MIXED,1.46556006572,-0.297499514659,0.199999850043,GUARDED_PRODUCTION,true,true,SUCCESS,NONE,1,true,true,2.37584540006e-07,false,false,false,false,0,NaN,4042,-0.189715365394|0.242526388877|0.227665642081|-1.98099181155e-07|-0.235588307600
795,VALID_CAMPAIGN,MICRO_MOTION,3755477672166522939,5,MIXED,1.46556006572,-0.297499514659,0.199999850043,UNGUARDED_REFERENCE,true,false,CONVERGED_UNCERTIFIED,NO_GUARDS_OR_FINAL_CERTIFICATION,1,true,false,4.63644099605e-07,false,true,false,true,0,NaN,584,-88.1546306587|175.660884773|-0.228275648147|-12.5663706642|-43.7740007628
796,ADVERSARIAL_PROBES,NON_FINITE_TARGET,1847107997369525389,5,MIXED,NaN,-0.297500000000,0.200000000000,GUARDED_PRODUCTION,false,false,INVALID_INPUT,INVALID_TARGET,0,true,true,NaN,false,false,false,false,0,NaN,3084,0.00000000000|0.00000000000|0.297500000000|0.00000000000|0.00000000000
796,ADVERSARIAL_PROBES,NON_FINITE_TARGET,1847107997369525389,5,MIXED,NaN,-0.297500000000,0.200000000000,UNGUARDED_REFERENCE,false,false,MAX_ITERATIONS_UNCERTIFIED,NO_GUARDS_OR_FINAL_CERTIFICATION,800,false,false,NaN,true,false,false,true,0,NaN,699958,NaN|NaN|NaN|NaN|NaN
797,ADVERSARIAL_PROBES,INFINITE_TARGET,3052680798256518276,5,MIXED,1.46556000000,-0.297500000000,Infinity,GUARDED_PRODUCTION,false,false,INVALID_INPUT,INVALID_TARGET,0,true,true,Infinity,false,false,false,false,0,NaN,2584,0.00000000000|0.00000000000|0.297500000000|0.00000000000|0.00000000000
797,ADVERSARIAL_PROBES,INFINITE_TARGET,3052680798256518276,5,MIXED,1.46556000000,-0.297500000000,Infinity,UNGUARDED_REFERENCE,false,false,MAX_ITERATIONS_UNCERTIFIED,NO_GUARDS_OR_FINAL_CERTIFICATION,800,false,false,NaN,true,false,false,true,0,NaN,2573791,NaN|NaN|NaN|NaN|NaN
798,ADVERSARIAL_PROBES,NON_FINITE_INITIAL_STATE,-9075065504407829663,5,MIXED,1.46556000000,-0.297500000000,0.200000000000,GUARDED_PRODUCTION,false,false,INVALID_INPUT,INVALID_INITIAL_STATE,0,true,true,0.00000000000,false,false,false,false,0,NaN,20500,0.00000000000|0.00000000000|0.297500000000|0.00000000000|0.00000000000
798,ADVERSARIAL_PROBES,NON_FINITE_INITIAL_STATE,-9075065504407829663,5,MIXED,1.46556000000,-0.297500000000,0.200000000000,UNGUARDED_REFERENCE,false,false,MAX_ITERATIONS_UNCERTIFIED,NO_GUARDS_OR_FINAL_CERTIFICATION,800,false,false,NaN,true,false,false,true,0,NaN,2001000,NaN|NaN|NaN|NaN|NaN
799,ADVERSARIAL_PROBES,OVERFLOWING_GEOMETRY,2465366562773349055,5,MIXED,0.00000000000,0.00000000000,0.00000000000,GUARDED_PRODUCTION,false,false,NUMERICAL_FAILURE,OUTPUT_VALIDATION_FAILED,1,true,true,Infinity,false,false,false,false,0,NaN,16584,0.00000000000|0.00000000000|0.297500000000|0.00000000000|0.00000000000
799,ADVERSARIAL_PROBES,OVERFLOWING_GEOMETRY,2465366562773349055,5,MIXED,0.00000000000,0.00000000000,0.00000000000,UNGUARDED_REFERENCE,false,false,MAX_ITERATIONS_UNCERTIFIED,NO_GUARDS_OR_FINAL_CERTIFICATION,800,false,false,NaN,true,false,false,true,0,NaN,2688958,NaN|NaN|NaN|NaN|NaN
800,VALID_CAMPAIGN,UNIFORM,-6596813613152800625,10,AUTO,-0.223662237182,0.244864742361,0.271285634690,GUARDED_PRODUCTION,true,true,SUCCESS,NONE,196,true,true,9.60640629696e-07,false,false,false,false,0,20.6995295301,1897375,1.25124778952|-1.86944642652|1.70009260379|0.269030508636|-0.157919436336|-0.219040918967|1.78285383091|0.320555590030|0.869584656574|0.376618608297
800,VALID_CAMPAIGN,UNIFORM,-6596813613152800625,10,AUTO,-0.223662237182,0.244864742361,0.271285634690,UNGUARDED_REFERENCE,true,false,CONVERGED_UNCERTIFIED,NO_GUARDS_OR_FINAL_CERTIFICATION,7,true,false,7.00948346257e-09,false,true,false,true,0,NaN,21750,5.29616690382|-6.96525194474|-3.28474342880|-0.00915849649406|0.635851526887|-1.25048331941|6.04444538706|-0.0361292307649|5.06852620618|-0.0928394717879
801,VALID_CAMPAIGN,NEAR_JOINT_LIMIT,-6595952534930871885,10,AUTO,0.562877809020,-0.219801148672,0.0295173229994,GUARDED_PRODUCTION,true,true,SUCCESS,NONE,68,true,true,5.04263810081e-07,false,false,false,false,0,1.16073667991,657333,1.03314336466|-0.164790005434|2.27268078734|0.303497250770|0.128450267001|0.289227473759|1.78285383091|0.356140273007|0.969993836127|0.413402281282
801,VALID_CAMPAIGN,NEAR_JOINT_LIMIT,-6595952534930871885,10,AUTO,0.562877809020,-0.219801148672,0.0295173229994,UNGUARDED_REFERENCE,true,false,CONVERGED_UNCERTIFIED,NO_GUARDS_OR_FINAL_CERTIFICATION,5,true,false,7.32203676958e-07,false,true,false,true,0,NaN,12750,5.39260937812|-7.92891197090|-3.08226872848|-0.151247923763|0.884800704301|-2.21312846779|5.24710146555|-0.0781109614118|3.12571277827|-0.133007163762
802,VALID_CAMPAIGN,NEAR_SINGULARITY,5468807447089396967,10,AUTO,2.05791997025,-0.674999922430,0.657500087689,GUARDED_PRODUCTION,true,true,SUCCESS,NONE,146,true,true,5.65635899788e-07,false,false,false,false,0,2.39663169811,1481959,-0.359762414585|1.89939441557|2.10694553827|0.575000000000|-0.467261369858|1.35152073131|1.78285383091|0.574667968635|-1.00138958059|0.575000000000
802,VALID_CAMPAIGN,NEAR_SINGULARITY,5468807447089396967,10,AUTO,2.05791997025,-0.674999922430,0.657500087689,UNGUARDED_REFERENCE,true,false,CONVERGED_UNCERTIFIED,NO_GUARDS_OR_FINAL_CERTIFICATION,12,true,false,6.19928144469e-09,false,true,false,true,0,NaN,43625,6.06064693731|-11.9773845102|0.194353151142|0.428901597182|5.28716913091|0.189707055691|1.05830105817|0.189633251644|1.04139109007|-0.542496292248
803,VALID_CAMPAIGN,MICRO_MOTION,1349054227575001781,10,AUTO,2.05791967275,-0.674999146726,0.657500964579,GUARDED_PRODUCTION,true,true,SUCCESS,NONE,2,true,true,7.09047102973e-12,false,false,false,false,0,19.1684781199,33875,-0.359762033095|1.89939465403|2.10694493751|0.574999954172|-0.467260978497|1.35152089179|1.78285381099|0.574667932919|-1.00138953209|0.574999973259
803,VALID_CAMPAIGN,MICRO_MOTION,1349054227575001781,10,AUTO,2.05791967275,-0.674999146726,0.657500964579,UNGUARDED_REFERENCE,true,false,CONVERGED_UNCERTIFIED,NO_GUARDS_OR_FINAL_CERTIFICATION,2,true,false,1.01321384593e-10,false,true,false,true,0,NaN,4167,6.06064741282|-11.9773844938|0.194353922233|0.428901548375|5.28716890397|0.189706976933|1.05830138327|0.189633261118|1.04139151196|-0.542496229405
804,VALID_CAMPAIGN,UNIFORM,-8076562375785178418,10,AUTO,1.04609494797,0.0482899150571,0.194702485938,GUARDED_PRODUCTION,true,true,SUCCESS,NONE,85,true,true,6.37317388962e-08,false,false,false,false,0,19.1684723927,932042,1.08897254452|1.56608046929|2.26607569604|0.411888000470|0.459426209782|1.36334321375|0.731616286867|0.412665773142|0.359837652435|0.467889366454
804,VALID_CAMPAIGN,UNIFORM,-8076562375785178418,10,AUTO,1.04609494797,0.0482899150571,0.194702485938,UNGUARDED_REFERENCE,true,false,CONVERGED_UNCERTIFIED,NO_GUARDS_OR_FINAL_CERTIFICATION,8,true,false,2.14427221909e-08,false,true,false,true,0,NaN,25791,6.63345271186|-11.9326488054|0.878506909439|0.160715823251|4.24770540383|0.325362158466|0.966328237853|0.255258594486|3.34863691231|-0.233046949085
805,VALID_CAMPAIGN,NEAR_JOINT_LIMIT,5753158558596659626,10,AUTO,0.281573741623,0.513029755276,-0.117810093606,GUARDED_PRODUCTION,true,true,SUCCESS,NONE,27,true,true,3.26095786029e-07,false,false,false,false,0,3.01159241381,281000,2.17838412944|1.53106480915|2.29797861525|0.413223730235|0.769157142037|1.63107865950|0.380905026050|0.399644888479|0.533230409168|0.448550553785
805,VALID_CAMPAIGN,NEAR_JOINT_LIMIT,5753158558596659626,10,AUTO,0.281573741623,0.513029755276,-0.117810093606,UNGUARDED_REFERENCE,true,false,CONVERGED_UNCERTIFIED,NO_GUARDS_OR_FINAL_CERTIFICATION,7,true,false,3.01934457883e-08,false,true,false,true,0,NaN,20792,7.62192198069|-12.5069842427|0.793925522981|0.117005854079|3.68293621277|0.239223768268|0.557045525376|0.313921374228|3.85590802338|-0.359906418620
806,VALID_CAMPAIGN,NEAR_SINGULARITY,-7332901237421217582,10,AUTO,2.05791997025,-0.674999922430,0.657500087689,GUARDED_PRODUCTION,true,true,SUCCESS,NONE,135,true,true,8.32052678628e-07,false,false,false,false,0,2.30401161809,1416583,-0.370885243059|1.90745759763|2.02942461072|0.575000000000|-0.520337341302|1.32371809150|1.66994412352|0.575000000000|-1.10222798970|0.571559077096
806,VALID_CAMPAIGN,NEAR_SINGULARITY,-7332901237421217582,10,AUTO,2.05791997025,-0.674999922430,0.657500087689,UNGUARDED_REFERENCE,true,false,CONVERGED_UNCERTIFIED,NO_GUARDS_OR_FINAL_CERTIFICATION,29,true,false,1.12088415617e-09,false,true,false,true,0,NaN,91625,-0.285751096571|0.141682757325|-12.5618663743|0.0900116828847|0.214436099942|1.12752288550|-10.4652814244|0.569507161547|5.00121596132|-0.151735713255
807,VALID_CAMPAIGN,MICRO_MOTION,6473967855287564007,10,AUTO,2.05791967275,-0.674999146726,0.657500964579,GUARDED_PRODUCTION,true,true,SUCCESS,NONE,2,true,true,3.10758301020e-07,false,false,false,false,0,19.3464804308,20458,-0.370885048022|1.90745740379|2.02942399811|0.575000000000|-0.520337460579|1.32371873855|1.66994465918|0.575000000000|-1.10222850998|0.571559159669
807,VALID_CAMPAIGN,MICRO_MOTION,6473967855287564007,10,AUTO,2.05791967275,-0.674999146726,0.657500964579,UNGUARDED_REFERENCE,true,false,CONVERGED_UNCERTIFIED,NO_GUARDS_OR_FINAL_CERTIFICATION,2,true,false,2.29158262874e-10,false,true,false,true,0,NaN,4041,-0.285750745519|0.141682769171|-12.5618657235|0.0900116527533|0.214436328000|1.12752271052|-10.4652810094|0.569506993584|5.00121606910|-0.151735679794
808,VALID_CAMPAIGN,UNIFORM,2885971092536022759,10,AUTO,0.778354662540,-1.91320407258,-0.443031273731,GUARDED_PRODUCTION,true,true,SUCCESS,NONE,323,true,true,9.92335672358e-07,false,false,false,false,0,19.3464816854,3082500,-1.14575570340|1.77693242507|2.67428074637|0.575000000000|-1.05999885374|1.08706098516|0.993875181842|0.575000000000|-0.977969572820|0.575000000000
808,VALID_CAMPAIGN,UNIFORM,2885971092536022759,10,AUTO,0.778354662540,-1.91320407258,-0.443031273731,UNGUARDED_REFERENCE,true,false,CONVERGED_UNCERTIFIED,NO_GUARDS_OR_FINAL_CERTIFICATION,26,true,false,6.47877281283e-07,false,true,false,true,0,NaN,82292,-1.08680980868|-6.33444873279|-13.1403123947|0.00543561152807|0.143787350507|-2.00780267805|-9.99200636548|-0.554587963949|7.67937032943|0.0218739235563
809,VALID_CAMPAIGN,NEAR_JOINT_LIMIT,-4171744967645010210,10,AUTO,-0.169125843964,-0.512610284885,0.0461846886905,GUARDED_PRODUCTION,true,true,SUCCESS,NONE,66,true,true,3.82221478066e-07,false,false,false,false,0,13.0395734322,690583,-1.35740650371|1.52531486792|1.35937352835|0.518136219033|-1.78285383091|0.0639379330615|1.69508484511|0.519294767097|-0.767097927933|0.575000000000
809,VALID_CAMPAIGN,NEAR_JOINT_LIMIT,-4171744967645010210,10,AUTO,-0.169125843964,-0.512610284885,0.0461846886905,UNGUARDED_REFERENCE,true,false,CONVERGED_UNCERTIFIED,NO_GUARDS_OR_FINAL_CERTIFICATION,9,true,false,6.99926362312e-11,false,true,false,true,0,NaN,25917,1.55182793739|-7.16654813521|-9.39885216060|-0.0369633401548|1.52436794936|-1.10196566712|-7.94003408568|0.768695049555|9.83340749563|0.0126417260124
810,VALID_CAMPAIGN,NEAR_SINGULARITY,-2369687325837065764,10,AUTO,2.05791997025,-0.674999922430,0.657500087689,GUARDED_PRODUCTION,true,true,SUCCESS,NONE,114,true,true,7.99131095614e-07,false,false,false,false,0,1.71642477059,1205541,-0.284322401151|1.97255657891|1.85225964649|0.575000000000|-0.980773877157|1.14921417668|0.620558297160|0.575000000000|-1.15264092816|0.571248796735
810,VALID_CAMPAIGN,NEAR_SINGULARITY,-2369687325837065764,10,AUTO,2.05791997025,-0.674999922430,0.657500087689,UNGUARDED_REFERENCE,true,false,CONVERGED_UNCERTIFIED,NO_GUARDS_OR_FINAL_CERTIFICATION,16,true,false,4.25271988858e-08,false,true,false,true,0,NaN,50709,-0.312517265981|-6.51086819237|-12.3731468809|-0.271260763658|3.34726489356|-1.46327826668|-9.38564869482|0.898814852161|10.9704263609|-0.190084708341
811,VALID_CAMPAIGN,MICRO_MOTION,-2959937860548023715,10,AUTO,2.05791967275,-0.674999146726,0.657500964579,GUARDED_PRODUCTION,true,true,SUCCESS,NONE,2,true,true,2.83646640015e-07,false,false,false,false,0,19.1811123865,30792,-0.284322167926|1.97255683328|1.85225937471|0.575000000000|-0.980773955318|1.14921433004|0.620557439851|0.575000000000|-1.15264109102|0.571248824986
811,VALID_CAMPAIGN,MICRO_MOTION,-2959937860548023715,10,AUTO,2.05791967275,-0.674999146726,0.657500964579,UNGUARDED_REFERENCE,true,false,CONVERGED_UNCERTIFIED,NO_GUARDS_OR_FINAL_CERTIFICATION,2,true,false,1.87037446961e-10,false,true,false,true,0,NaN,4958,-0.312516981132|-6.51086807683|-12.3731461957|-0.271260734230|3.34726477787|-1.46327838388|-9.38564856241|0.898814710027|10.9704261360|-0.190084692038
812,VALID_CAMPAIGN,UNIFORM,7980559060223246145,10,AUTO,1.11942596747,-0.382395710586,-0.608369084349,GUARDED_PRODUCTION,true,true,SUCCESS,NONE,46,true,true,1.07488688508e-09,false,false,false,false,0,19.1811122722,538875,-0.495629943324|1.84931012099|2.17941715664|0.512886754845|-1.57435027370|0.480176845690|1.28253451764|0.521789704961|-1.12043092111|0.574422429405
812,VALID_CAMPAIGN,UNIFORM,7980559060223246145,10,AUTO,1.11942596747,-0.382395710586,-0.608369084349,UNGUARDED_REFERENCE,true,false,CONVERGED_UNCERTIFIED,NO_GUARDS_OR_FINAL_CERTIFICATION,10,true,false,3.79094287308e-09,false,true,false,true,0,NaN,32125,-0.151964326298|-6.21802030409|-13.7483210340|0.0367374777469|4.75712951834|-2.39127175773|-8.59063378494|0.00864590644077|11.0341040786|-0.408369733738
813,VALID_CAMPAIGN,NEAR_JOINT_LIMIT,4934947894636163255,10,AUTO,-0.382153862195,-0.786069858275,0.558960630810,GUARDED_PRODUCTION,true,true,SUCCESS,NONE,46,true,true,2.71811424367e-08,false,false,false,false,0,5.31665956089,466083,-1.50932453508|1.63253971147|0.778639344259|0.505773778536|-1.76182176849|-0.00594011904230|1.16219869208|0.500295812091|-0.915238221583|0.574998273173
813,VALID_CAMPAIGN,NEAR_JOINT_LIMIT,4934947894636163255,10,AUTO,-0.382153862195,-0.786069858275,0.558960630810,UNGUARDED_REFERENCE,true,false,CONVERGED_UNCERTIFIED,NO_GUARDS_OR_FINAL_CERTIFICATION,11,true,false,2.42260362386e-09,false,true,false,true,0,NaN,32125,-1.90801516315|-8.05191038552|-10.8490425589|-0.0628348516237|1.23420434146|-0.712580518948|-10.0489921262|-0.119149617412|8.64712216321|-0.181998221559
814,VALID_CAMPAIGN,NEAR_SINGULARITY,-5276266423744561902,10,AUTO,2.05791997025,-0.674999922430,0.657500087689,GUARDED_PRODUCTION,true,true,SUCCESS,NONE,63,true,true,5.24785300871e-07,false,false,false,false,0,1.85185402700,640875,-0.376153449285|1.94885175693|1.56054157429|0.560293217013|-1.20075383482|0.660333170022|0.240265198523|0.535345361041|-0.931967001164|0.562289193399
814,VALID_CAMPAIGN,NEAR_SINGULARITY,-5276266423744561902,10,AUTO,2.05791997025,-0.674999922430,0.657500087689,UNGUARDED_REFERENCE,true,false,CONVERGED_UNCERTIFIED,NO_GUARDS_OR_FINAL_CERTIFICATION,13,true,false,4.80713571149e-10,false,true,false,true,0,NaN,39583,-0.580999616452|-4.96724742150|-12.2846761385|0.729222526645|3.71593294847|0.849840281254|-11.1250382957|-0.250044064412|8.11521587180|-0.435285199363
815,VALID_CAMPAIGN,MICRO_MOTION,-1625420640188542023,10,AUTO,2.05791967275,-0.674999146726,0.657500964579,GUARDED_PRODUCTION,true,true,SUCCESS,NONE,2,true,true,1.53864162345e-12,false,false,false,false,0,11.6676943433,18792,-0.376153335364|1.94885179957|1.56054122994|0.560293223023|-1.20075362203|0.660333365953|0.240264988389|0.535345363502|-0.931966941956|0.562289193155
815,VALID_CAMPAIGN,MICRO_MOTION,-1625420640188542023,10,AUTO,2.05791967275,-0.674999146726,0.657500964579,UNGUARDED_REFERENCE,true,false,CONVERGED_UNCERTIFIED,NO_GUARDS_OR_FINAL_CERTIFICATION,2,true,false,6.84390772007e-11,false,true,false,true,0,NaN,3917,-0.580999525077|-4.96724698074|-12.2846750156|0.729222481003|3.71593286413|0.849840520378|-11.1250378972|-0.250044033044|8.11521596418|-0.435285157415
816,VALID_CAMPAIGN,UNIFORM,-163986008302990107,10,AUTO,0.0291730134314,0.640365757467,0.709743016467,GUARDED_PRODUCTION,true,true,SUCCESS,NONE,75,true,true,3.37912663794e-07,false,false,false,false,0,11.6677000146,802625,1.33625957834|2.37713844122|0.208595670445|0.513732948545|-1.62972523402|0.00162290351830|1.50410063525|0.478543246932|-1.01921411866|0.557962619346
816,VALID_CAMPAIGN,UNIFORM,-163986008302990107,10,AUTO,0.0291730134314,0.640365757467,0.709743016467,UNGUARDED_REFERENCE,true,false,CONVERGED_UNCERTIFIED,NO_GUARDS_OR_FINAL_CERTIFICATION,10,true,false,5.39064096928e-10,false,true,false,true,0,NaN,29708,-4.18545039346|-1.19481477303|-11.1072195701|0.323652073666|1.39767977947|1.77401563044|-9.31632469473|-0.0424820317095|10.8613533497|0.00489164844180
817,VALID_CAMPAIGN,NEAR_JOINT_LIMIT,8747626065135368215,10,AUTO,-0.659529403335,-0.573733254277,0.899291269506,GUARDED_PRODUCTION,true,true,SUCCESS,NONE,40,true,true,2.51541507806e-10,false,false,false,false,0,1.93622841902,400750,2.33670201520|2.29773831064|-0.750579465468|0.515397883869|-1.75255595534|-0.363679321990|1.00517140649|0.464019830166|-0.650252463092|0.570418139029
817,VALID_CAMPAIGN,NEAR_JOINT_LIMIT,8747626065135368215,10,AUTO,-0.659529403335,-0.573733254277,0.899291269506,UNGUARDED_REFERENCE,true,false,CONVERGED_UNCERTIFIED,NO_GUARDS_OR_FINAL_CERTIFICATION,12,true,false,8.86781137845e-10,false,true,false,true,0,NaN,37000,-0.400504764600|-1.73964904756|-12.1359745111|0.363590286431|-0.0435671890701|2.49795463595|-10.2828103834|-0.171750627292|11.8915661782|0.0713480445121
818,VALID_CAMPAIGN,NEAR_SINGULARITY,5220027181370245125,10,AUTO,2.05791997025,-0.674999922430,0.657500087689,GUARDED_PRODUCTION,false,false,NO_CONVERGENCE,STAGNATION_WINDOW_EXCEEDED,53,true,true,1.76221424202,false,false,false,false,0,3.60669146612,519208,3.14159265359|2.37713844122|-0.941781815821|0.503649564215|-1.78285383091|-0.755483123834|0.982280482522|0.466381543266|-0.488499295597|0.575000000000
818,VALID_CAMPAIGN,NEAR_SINGULARITY,5220027181370245125,10,AUTO,2.05791997025,-0.674999922430,0.657500087689,UNGUARDED_REFERENCE,true,false,CONVERGED_UNCERTIFIED,NO_GUARDS_OR_FINAL_CERTIFICATION,9,true,false,4.54061144542e-08,false,true,false,true,0,NaN,28792,5.92966094669|-5.71305918239|-12.4261667222|0.362705686233|-0.610327669881|-0.147643815413|-11.7569556810|-0.369896175348|12.0762877005|-0.381600779595
819,VALID_CAMPAIGN,MICRO_MOTION,-8605975807903195561,10,AUTO,2.05791967275,-0.674999146726,0.657500964579,GUARDED_PRODUCTION,false,false,NO_CONVERGENCE,STAGNATION_WINDOW_EXCEEDED,7,true,true,1.76808928106,false,false,false,false,0,5.25853583171,72833,3.14159265359|2.37713844122|-0.975802826382|0.504071268786|-1.78285383091|-0.778334236215|0.947101339435|0.465328935263|-0.446234952389|0.575000000000
819,VALID_CAMPAIGN,MICRO_MOTION,-8605975807903195561,10,AUTO,2.05791967275,-0.674999146726,0.657500964579,UNGUARDED_REFERENCE,true,false,CONVERGED_UNCERTIFIED,NO_GUARDS_OR_FINAL_CERTIFICATION,2,true,false,9.01526933043e-11,false,true,false,true,0,NaN,4375,5.92966113328|-5.71305902410|-12.4261661075|0.362705651713|-0.610327566939|-0.147643677742|-11.7569553696|-0.369896159807|12.0762872178|-0.381600738160
820,VALID_CAMPAIGN,UNIFORM,-2146486201332219582,10,AUTO,-1.39635468456,-0.361631283995,0.570926608706,GUARDED_PRODUCTION,true,true,SUCCESS,NONE,39,true,true,7.50344128082e-08,false,false,false,false,0,5.45154124588,397209,2.32474115351|1.68662801784|-1.20869799438|0.512941545225|-1.63079189676|-0.634703709788|0.812844924740|0.458455634892|-0.381257916329|0.568685320246
820,VALID_CAMPAIGN,UNIFORM,-2146486201332219582,10,AUTO,-1.39635468456,-0.361631283995,0.570926608706,UNGUARDED_REFERENCE,true,false,CONVERGED_UNCERTIFIED,NO_GUARDS_OR_FINAL_CERTIFICATION,12,true,false,8.05376534917e-09,false,true,false,true,0,NaN,35083,3.52263890444|-2.13149977978|-15.6645276796|-0.362862349496|1.44315684714|3.84119128583|-9.47255583231|-0.232198966808|1.07181517321|0.503602263059
821,VALID_CAMPAIGN,NEAR_JOINT_LIMIT,-6856837723935655601,10,AUTO,-1.11515394953,-0.0538038076158,-0.486052761381,GUARDED_PRODUCTION,true,true,SUCCESS,NONE,30,true,true,6.01680449290e-07,false,false,false,false,0,4.95234236056,310584,1.94050442518|1.72950840731|-1.91559872152|0.510041722028|-1.78285383091|-0.916200156358|1.17357237104|0.454915948708|-0.398892476997|0.571208947285
821,VALID_CAMPAIGN,NEAR_JOINT_LIMIT,-6856837723935655601,10,AUTO,-1.11515394953,-0.0538038076158,-0.486052761381,UNGUARDED_REFERENCE,true,false,CONVERGED_UNCERTIFIED,NO_GUARDS_OR_FINAL_CERTIFICATION,9,true,false,4.83732019558e-10,false,true,false,true,0,NaN,26417,3.54656397740|-2.33814707242|-14.2553941141|-0.232116043787|1.38535124209|3.80726252560|-9.38646767717|-0.149179089049|1.06050333094|0.434866741751
822,VALID_CAMPAIGN,NEAR_SINGULARITY,-1660314213673132373,10,AUTO,2.05791997025,-0.674999922430,0.657500087689,GUARDED_PRODUCTION,false,false,NO_CONVERGENCE,STAGNATION_WINDOW_EXCEEDED,70,true,true,1.77015436491,false,false,false,false,0,4.93162386332,701459,3.14159265359|2.37713844122|-1.41558380567|0.482632095239|-1.53012167613|-0.543768044939|1.21638902495|0.485737247365|-0.642238888532|0.575000000000
822,VALID_CAMPAIGN,NEAR_SINGULARITY,-1660314213673132373,10,AUTO,2.05791997025,-0.674999922430,0.657500087689,UNGUARDED_REFERENCE,true,false,CONVERGED_UNCERTIFIED,NO_GUARDS_OR_FINAL_CERTIFICATION,16,true,false,1.46734841624e-07,false,true,false,true,0,NaN,47125,6.02918400015|-5.86376225697|-12.1472939045|0.361145482969|2.06326210281|4.77037556578|-0.999846187543|0.665129613242|4.88758162472|0.160786235460
823,VALID_CAMPAIGN,MICRO_MOTION,-5380378297916111635,10,AUTO,2.05791967275,-0.674999146726,0.657500964579,GUARDED_PRODUCTION,false,false,NO_CONVERGENCE,STAGNATION_WINDOW_EXCEEDED,7,true,true,1.79560473868,false,false,false,false,0,3.44446364976,65167,3.14159265359|2.37713844122|-1.38789341181|0.482436830036|-1.52614461810|-0.536801577526|1.12883337870|0.486259429729|-0.611862088634|0.575000000000
823,VALID_CAMPAIGN,MICRO_MOTION,-5380378297916111635,10,AUTO,2.05791967275,-0.674999146726,0.657500964579,UNGUARDED_REFERENCE,true,false,CONVERGED_UNCERTIFIED,NO_GUARDS_OR_FINAL_CERTIFICATION,2,true,false,5.21738945074e-11,false,true,false,true,0,NaN,3875,6.02918427232|-5.86376220130|-12.1472931742|0.361145463929|2.06326223834|4.77037556897|-0.999846205092|0.665129579070|4.88758149716|0.160786223104
824,VALID_CAMPAIGN,UNIFORM,3939468958284461959,10,AUTO,0.924919254215,1.19071315566,-1.12613356455,GUARDED_PRODUCTION,false,false,NO_CONVERGENCE,STAGNATION_WINDOW_EXCEEDED,520,true,true,1.39907096907,false,false,false,false,0,3.57690135447,4961750,3.14159265359|2.37713844122|-1.52585699592|0.0200000000000|-1.39438482434|-1.78285383091|1.74629939576|0.575000000000|-1.09891908224|0.575000000000
824,VALID_CAMPAIGN,UNIFORM,3939468958284461959,10,AUTO,0.924919254215,1.19071315566,-1.12613356455,UNGUARDED_REFERENCE,true,false,CONVERGED_UNCERTIFIED,NO_GUARDS_OR_FINAL_CERTIFICATION,36,true,false,9.91273750902e-08,false,true,false,true,0,NaN,122917,7.19724986225|-6.37817783585|-13.8460558852|-0.194853656359|4.18043510419|1.60598128242|-6.76997611218|-0.451920709393|0.612018233637|0.508990755456
825,VALID_CAMPAIGN,NEAR_JOINT_LIMIT,-2647538699645267853,10,AUTO,0.155567452740,0.571004217051,0.202642381727,GUARDED_PRODUCTION,false,false,NO_CONVERGENCE,STAGNATION_WINDOW_EXCEEDED,85,true,true,0.556454319593,false,false,false,false,0,4.15237711183,871166,3.14159265359|2.37713844122|-2.44638597432|0.0621549057530|-0.913187288236|-1.10339458174|1.78285383091|0.545151172987|-1.78285383091|0.553393474501
825,VALID_CAMPAIGN,NEAR_JOINT_LIMIT,-2647538699645267853,10,AUTO,0.155567452740,0.571004217051,0.202642381727,UNGUARDED_REFERENCE,true,false,CONVERGED_UNCERTIFIED,NO_GUARDS_OR_FINAL_CERTIFICATION,11,true,false,2.22442873503e-08,false,true,false,true,0,NaN,34958,11.0421636068|-8.55878723314|-17.4209213710|-0.0856048913956|-0.373040952752|5.17421922986|-6.04261855498|0.366707612841|-0.777372773966|-0.489519226090
826,VALID_CAMPAIGN,NEAR_SINGULARITY,6406175474600069099,10,AUTO,2.05791997025,-0.674999922430,0.657500087689,GUARDED_PRODUCTION,false,false,NO_CONVERGENCE,STAGNATION_WINDOW_EXCEEDED,41,true,true,1.54887532776,false,false,false,false,0,5.27076704062,415958,3.14159265359|2.35568611011|-1.70285986680|0.0278591858525|-0.849259524403|-1.00479369869|0.966895589816|0.575000000000|-1.21726379808|0.575000000000
826,VALID_CAMPAIGN,NEAR_SINGULARITY,6406175474600069099,10,AUTO,2.05791997025,-0.674999922430,0.657500087689,UNGUARDED_REFERENCE,true,false,CONVERGED_UNCERTIFIED,NO_GUARDS_OR_FINAL_CERTIFICATION,26,true,false,4.01985406736e-08,false,true,false,true,0,NaN,82916,18.2495667052|-18.1201772619|-11.3623556660|0.404770156366|3.12666242002|5.70661910505|-3.70579433451|0.0559805227341|-2.59805632261|1.35546398400
827,VALID_CAMPAIGN,MICRO_MOTION,6145309391452468052,10,AUTO,2.05791967275,-0.674999146726,0.657500964579,GUARDED_PRODUCTION,false,false,NO_CONVERGENCE,STAGNATION_WINDOW_EXCEEDED,7,true,true,1.58720334277,false,false,false,false,0,5.17386440867,69458,3.14159265359|2.35095972042|-1.67574227893|0.0268707385079|-0.846766851692|-0.991822564099|0.866567896807|0.575000000000|-1.14845575077|0.575000000000
827,VALID_CAMPAIGN,MICRO_MOTION,6145309391452468052,10,AUTO,2.05791967275,-0.674999146726,0.657500964579,UNGUARDED_REFERENCE,true,false,CONVERGED_UNCERTIFIED,NO_GUARDS_OR_FINAL_CERTIFICATION,2,true,false,4.66002767742e-11,false,true,false,true,0,NaN,4250,18.2495666737|-18.1201769916|-11.3623548974|0.404770141322|3.12666260911|5.70661938638|-3.70579416163|0.0559805259656|-2.59805631381|1.35546394884
828,VALID_CAMPAIGN,UNIFORM,-3305600708205210144,10,AUTO,0.680151049846,0.275629031109,1.34948681874,GUARDED_PRODUCTION,false,false,NO_CONVERGENCE,STAGNATION_WINDOW_EXCEEDED,99,true,true,0.525544591242,false,false,false,false,0,5.21135211693,916667,3.14159265359|2.37713844122|0.207312780809|0.0200000000000|-1.64184048547|-1.71143709575|0.930922975958|0.575000000000|-0.522874607228|0.575000000000
828,VALID_CAMPAIGN,UNIFORM,-3305600708205210144,10,AUTO,0.680151049846,0.275629031109,1.34948681874,UNGUARDED_REFERENCE,true,false,CONVERGED_UNCERTIFIED,NO_GUARDS_OR_FINAL_CERTIFICATION,13,true,false,2.17768499387e-09,false,true,false,true,0,NaN,39917,14.6157601385|-15.9009265836|-4.99762203431|-0.802663113723|1.56367197496|10.9204158946|-5.94462658436|0.0694856151377|-6.08245546520|-0.0582381211702
829,VALID_CAMPAIGN,NEAR_JOINT_LIMIT,3258384872522437413,10,AUTO,-1.56926390336,-0.374929147455,0.899291269506,GUARDED_PRODUCTION,true,true,SUCCESS,NONE,80,true,true,7.81014541962e-07,false,false,false,false,0,5.08681182297,825208,2.55764270537|0.904117226429|-0.158091504059|0.0498808428656|-1.78285383091|-1.78285383091|1.24489520799|0.549715979354|-0.237663312813|0.575000000000
829,VALID_CAMPAIGN,NEAR_JOINT_LIMIT,3258384872522437413,10,AUTO,-1.56926390336,-0.374929147455,0.899291269506,UNGUARDED_REFERENCE,true,false,CONVERGED_UNCERTIFIED,NO_GUARDS_OR_FINAL_CERTIFICATION,17,true,false,1.67757222735e-08,false,true,false,true,0,NaN,55792,16.1965563491|-20.3389943436|-5.06021881222|-0.449041033001|1.98091486068|7.24386600880|-3.30074497058|0.395564863889|-1.27173087317|0.0184915586581
830,VALID_CAMPAIGN,NEAR_SINGULARITY,-2958163817724966159,10,AUTO,2.05791997025,-0.674999922430,0.657500087689,GUARDED_PRODUCTION,false,false,NO_CONVERGENCE,STAGNATION_WINDOW_EXCEEDED,146,true,true,1.18597949961,false,false,false,false,0,6.87904201677,1424709,3.14159265359|2.37713844122|-0.0795283383628|0.0200000000000|-1.78285383091|-1.78285383091|1.69188024878|0.575000000000|-0.676296455393|0.575000000000
830,VALID_CAMPAIGN,NEAR_SINGULARITY,-2958163817724966159,10,AUTO,2.05791997025,-0.674999922430,0.657500087689,UNGUARDED_REFERENCE,true,false,CONVERGED_UNCERTIFIED,NO_GUARDS_OR_FINAL_CERTIFICATION,33,true,false,1.18528911157e-09,false,true,false,true,0,NaN,108667,12.2259959744|-11.3639475767|5.31686002351|0.705132690858|3.06906439676|3.21272281848|-4.70763090262|0.603698359737|-1.00241072260|0.554110704017
831,VALID_CAMPAIGN,MICRO_MOTION,-4747692609773122261,10,AUTO,2.05791967275,-0.674999146726,0.657500964579,GUARDED_PRODUCTION,false,false,NO_CONVERGENCE,STAGNATION_WINDOW_EXCEEDED,7,true,true,1.18608336599,false,false,false,false,0,6.42316427693,62500,3.14159265359|2.37713844122|-0.0713910033903|0.0200000000000|-1.78285383091|-1.78285383091|1.70757136324|0.575000000000|-0.682920101481|0.575000000000
831,VALID_CAMPAIGN,MICRO_MOTION,-4747692609773122261,10,AUTO,2.05791967275,-0.674999146726,0.657500964579,UNGUARDED_REFERENCE,true,false,CONVERGED_UNCERTIFIED,NO_GUARDS_OR_FINAL_CERTIFICATION,2,true,false,6.97573106215e-11,false,true,false,true,0,NaN,4125,12.2259963004|-11.3639474451|5.31686090867|0.705132718680|3.06906412491|3.21272236066|-4.70763128461|0.603698387599|-1.00241053672|0.554110732525
832,VALID_CAMPAIGN,UNIFORM,-654541963515645741,10,AUTO,0.254354753779,-0.434342517178,1.07508099264,GUARDED_PRODUCTION,true,true,SUCCESS,NONE,26,true,true,7.74352140012e-12,false,false,false,false,0,6.42343833144,273667,2.48692471260|2.22229146797|0.385416022967|0.0295712067091|-1.50376438878|-1.37261537813|1.48863139710|0.563215525059|-0.636532682612|0.554629664104
832,VALID_CAMPAIGN,UNIFORM,-654541963515645741,10,AUTO,0.254354753779,-0.434342517178,1.07508099264,UNGUARDED_REFERENCE,true,false,CONVERGED_UNCERTIFIED,NO_GUARDS_OR_FINAL_CERTIFICATION,9,true,false,3.32924444435e-09,false,true,false,true,0,NaN,27709,11.2907603043|-10.8723912887|3.84138110272|0.456586599636|1.77336050527|2.08226386052|-2.25141980619|0.603112367807|-0.527313505126|0.748994239883
833,VALID_CAMPAIGN,NEAR_JOINT_LIMIT,539058306361799463,10,AUTO,-0.0886825737637,0.408486592876,-0.273673853077,GUARDED_PRODUCTION,true,true,SUCCESS,NONE,67,true,true,2.30455861754e-07,false,false,false,false,0,3.80949725153,806125,2.02096940966|1.70476415418|1.55885252029|0.0493092737607|-0.788510325697|-0.451677640718|1.77703768642|0.575000000000|-1.13235728386|0.540718299505
833,VALID_CAMPAIGN,NEAR_JOINT_LIMIT,539058306361799463,10,AUTO,-0.0886825737637,0.408486592876,-0.273673853077,UNGUARDED_REFERENCE,true,false,CONVERGED_UNCERTIFIED,NO_GUARDS_OR_FINAL_CERTIFICATION,9,true,false,9.74082305975e-11,false,true,false,true,0,NaN,28750,17.3818215648|-9.39269823671|6.34514390371|0.511938985917|0.278673464946|1.92869508861|-1.58742445264|0.371729595696|0.427524902267|0.305871248957
834,VALID_CAMPAIGN,NEAR_SINGULARITY,-1616708302329706316,10,AUTO,2.05791997025,-0.674999922430,0.657500087689,GUARDED_PRODUCTION,true,true,SUCCESS,NONE,167,true,true,6.59379541352e-07,false,false,false,false,0,2.93047693443,1739958,-0.348371340997|1.86239864008|2.32970917723|0.306764350039|-0.924868691698|0.332806564483|-0.802369645981|0.575000000000|-0.833994982718|0.575000000000
834,VALID_CAMPAIGN,NEAR_SINGULARITY,-1616708302329706316,10,AUTO,2.05791997025,-0.674999922430,0.657500087689,UNGUARDED_REFERENCE,true,false,CONVERGED_UNCERTIFIED,NO_GUARDS_OR_FINAL_CERTIFICATION,9,true,false,6.63701037856e-09,false,true,false,true,0,NaN,28250,18.4867854386|-12.1820369524|6.87532195720|0.189611291037|-0.472767927810|1.22277500731|4.70724986697|0.480971313868|5.26861501300|0.222387967322
835,VALID_CAMPAIGN,MICRO_MOTION,2956844975033095316,10,AUTO,2.05791967275,-0.674999146726,0.657500964579,GUARDED_PRODUCTION,true,true,SUCCESS,NONE,1,true,true,8.75369088719e-07,false,false,false,false,0,NaN,14833,-0.348371340997|1.86239864008|2.32970917723|0.306764350039|-0.924868691698|0.332806564483|-0.802369645981|0.575000000000|-0.833994982718|0.575000000000
835,VALID_CAMPAIGN,MICRO_MOTION,2956844975033095316,10,AUTO,2.05791967275,-0.674999146726,0.657500964579,UNGUARDED_REFERENCE,true,false,CONVERGED_UNCERTIFIED,NO_GUARDS_OR_FINAL_CERTIFICATION,2,true,false,1.23276212547e-10,false,true,false,true,0,NaN,3875,18.4867855360|-12.1820367853|6.87532279438|0.189611260423|-0.472767763611|1.22277524338|4.70724941247|0.480971233413|5.26861525601|0.222387925731
836,VALID_CAMPAIGN,UNIFORM,-4600443572094327550,10,AUTO,1.87268835123,-0.553965212355,0.0157836503173,GUARDED_PRODUCTION,true,true,SUCCESS,NONE,26,true,true,7.74987646551e-07,false,false,false,false,0,23.1554212324,280375,-0.611379648145|1.97429968651|2.38527574106|0.233706909959|-1.13215592698|-0.0473711377078|-0.626412113541|0.533481258901|-0.889047669144|0.529474340833
836,VALID_CAMPAIGN,UNIFORM,-4600443572094327550,10,AUTO,1.87268835123,-0.553965212355,0.0157836503173,UNGUARDED_REFERENCE,true,false,CONVERGED_UNCERTIFIED,NO_GUARDS_OR_FINAL_CERTIFICATION,7,true,false,9.48181215116e-10,false,true,false,true,0,NaN,20625,18.4362770878|-12.0974252315|6.48059200498|0.148687855597|-0.210731352839|1.68212467577|3.73614260447|0.358525801203|5.59458254885|0.149256300333
837,VALID_CAMPAIGN,NEAR_JOINT_LIMIT,6412126393630925196,10,AUTO,-0.413964885510,-1.15655958444,-0.131083680497,GUARDED_PRODUCTION,true,true,SUCCESS,NONE,52,true,true,1.87265853344e-07,false,false,false,false,0,13.5382992429,553542,-2.12283659700|2.25383302947|1.11939719637|0.159995163653|-1.31975088894|-0.679001026818|-0.426987773750|0.484582444876|-1.09387190852|0.474194868070
837,VALID_CAMPAIGN,NEAR_JOINT_LIMIT,6412126393630925196,10,AUTO,-0.413964885510,-1.15655958444,-0.131083680497,UNGUARDED_REFERENCE,true,false,CONVERGED_UNCERTIFIED,NO_GUARDS_OR_FINAL_CERTIFICATION,8,true,false,2.76881689446e-07,false,true,false,true,0,NaN,24500,17.0382919595|-9.88365758657|9.29403368874|-0.0191105399807|0.605465978925|3.01705965793|2.56467928916|-0.621077337324|12.0885768435|-0.0837581135855
838,VALID_CAMPAIGN,NEAR_SINGULARITY,1391428639900965630,10,AUTO,2.05791997025,-0.674999922430,0.657500087689,GUARDED_PRODUCTION,true,true,SUCCESS,NONE,64,true,true,7.69868106249e-09,false,false,false,false,0,3.88771194460,670625,-0.903635432946|1.64653217305|0.447431916127|0.210247988040|-0.675213811673|0.0821692690277|-0.855665474326|0.496057847529|-0.840082760142|0.494150895906
838,VALID_CAMPAIGN,NEAR_SINGULARITY,1391428639900965630,10,AUTO,2.05791997025,-0.674999922430,0.657500087689,UNGUARDED_REFERENCE,true,false,CONVERGED_UNCERTIFIED,NO_GUARDS_OR_FINAL_CERTIFICATION,16,true,false,1.33344985368e-09,false,true,false,true,0,NaN,51833,24.7720043177|-19.4734275584|6.28688601256|-0.639282563856|1.03672880598|1.07823870902|1.87374196316|0.394818649379|11.2535897953|-0.119178447459
839,VALID_CAMPAIGN,MICRO_MOTION,5594185298295013057,10,AUTO,2.05791967275,-0.674999146726,0.657500964579,GUARDED_PRODUCTION,true,true,SUCCESS,NONE,2,true,true,5.43831762541e-12,false,false,false,false,0,9.63476933080,19750,-0.903635299481|1.64653279270|0.447432922873|0.210247957755|-0.675213880852|0.0821691043243|-0.855665155957|0.496057829852|-0.840082855068|0.494150881508
839,VALID_CAMPAIGN,MICRO_MOTION,5594185298295013057,10,AUTO,2.05791967275,-0.674999146726,0.657500964579,UNGUARDED_REFERENCE,true,false,CONVERGED_UNCERTIFIED,NO_GUARDS_OR_FINAL_CERTIFICATION,2,true,false,1.55814304215e-10,false,true,false,true,0,NaN,3958,24.7720043681|-19.4734273884|6.28688686438|-0.639282492842|1.03672902671|1.07823866955|1.87374228235|0.394818535200|11.2535898233|-0.119178424190
840,VALID_CAMPAIGN,UNIFORM,1078352623500726859,10,AUTO,-0.691064172209,-0.0524058219729,1.31876735100,GUARDED_PRODUCTION,true,true,SUCCESS,NONE,137,true,true,7.27655272015e-07,false,false,false,false,0,9.63476729922,1412500,-3.14159265359|2.37050839154|1.32006068795|0.0200000000000|0.871411938432|0.245397892112|1.00424444729|0.271154278466|-1.05549528074|0.417873820624
840,VALID_CAMPAIGN,UNIFORM,1078352623500726859,10,AUTO,-0.691064172209,-0.0524058219729,1.31876735100,UNGUARDED_REFERENCE,true,false,CONVERGED_UNCERTIFIED,NO_GUARDS_OR_FINAL_CERTIFICATION,12,true,false,1.45894005601e-08,false,true,false,true,0,NaN,102625,28.9038741523|-18.5313660375|7.61777252357|0.0704358708999|3.69024866821|1.18717254832|6.74446573318|-1.02479703084|11.0211100406|0.208135326987
841,VALID_CAMPAIGN,NEAR_JOINT_LIMIT,-6551779327904961388,10,AUTO,0.336770061814,0.676644448947,0.0997552158111,GUARDED_PRODUCTION,true,true,SUCCESS,NONE,168,true,true,8.41415586407e-07,false,false,false,false,0,10.3290718207,1732209,-3.14159265359|1.45763072245|2.48466137984|0.0200000000000|1.34082649696|0.470740484725|0.267722036576|0.249351253176|-0.873592391819|0.390393591244
841,VALID_CAMPAIGN,NEAR_JOINT_LIMIT,-6551779327904961388,10,AUTO,0.336770061814,0.676644448947,0.0997552158111,UNGUARDED_REFERENCE,true,false,CONVERGED_UNCERTIFIED,NO_GUARDS_OR_FINAL_CERTIFICATION,9,true,false,1.30752482805e-08,false,true,false,true,0,NaN,28291,32.7835827175|-18.3899970187|7.52718429966|-0.0574632051098|1.86828312262|0.411856913431|8.14287740864|-0.742712122473|9.72251370630|0.0974625501326
842,VALID_CAMPAIGN,NEAR_SINGULARITY,-2559743114071383541,10,AUTO,2.05791997025,-0.674999922430,0.657500087689,GUARDED_PRODUCTION,false,false,NO_CONVERGENCE,STAGNATION_WINDOW_EXCEEDED,426,true,true,0.411155462029,false,false,false,false,11,4.45855804143,4325708,-2.36929596366|-2.37713844122|1.93482551224|0.575000000000|-1.33105504464|0.570618450893|-0.907028345124|0.575000000000|-0.964254249302|0.575000000000
842,VALID_CAMPAIGN,NEAR_SINGULARITY,-2559743114071383541,10,AUTO,2.05791997025,-0.674999922430,0.657500087689,UNGUARDED_REFERENCE,true,false,CONVERGED_UNCERTIFIED,NO_GUARDS_OR_FINAL_CERTIFICATION,53,true,false,2.70652463084e-08,false,true,false,true,0,NaN,178667,31.0144025326|-24.1460383907|13.4459030056|0.630615861076|-0.548143435630|5.04165739068|11.9330803546|-0.246586935453|-5.54452679984|-0.217222260021
843,VALID_CAMPAIGN,MICRO_MOTION,-3732889227332225327,10,AUTO,2.05791967275,-0.674999146726,0.657500964579,GUARDED_PRODUCTION,false,false,NO_CONVERGENCE,STAGNATION_WINDOW_EXCEEDED,7,true,true,0.459001379784,false,false,false,false,12,11.0627390678,85833,-2.32156236761|-2.37713844122|1.94307218495|0.575000000000|-1.33030128256|0.573763612888|-0.902050247015|0.575000000000|-0.965103339573|0.575000000000
843,VALID_CAMPAIGN,MICRO_MOTION,-3732889227332225327,10,AUTO,2.05791967275,-0.674999146726,0.657500964579,UNGUARDED_REFERENCE,true,false,CONVERGED_UNCERTIFIED,NO_GUARDS_OR_FINAL_CERTIFICATION,2,true,false,8.69027403798e-11,false,true,false,true,0,NaN,4083,31.0144027197|-24.1460381407|13.4459041890|0.630615808801|-0.548143333402|5.04165732151|11.9330799484|-0.246586892024|-5.54452677747|-0.217222265601
844,VALID_CAMPAIGN,UNIFORM,6680895949692694430,10,AUTO,0.499710678936,-0.675430327107,1.10451597483,GUARDED_PRODUCTION,true,true,SUCCESS,NONE,82,true,true,8.54125867041e-07,false,false,false,false,0,11.0382954486,832625,-3.14159265359|-1.08048935757|2.61298718342|0.408847731738|-0.574588615547|1.31002282941|-1.15405651982|0.442314729571|-0.739389061002|0.463343734499
844,VALID_CAMPAIGN,UNIFORM,6680895949692694430,10,AUTO,0.499710678936,-0.675430327107,1.10451597483,UNGUARDED_REFERENCE,true,false,CONVERGED_UNCERTIFIED,NO_GUARDS_OR_FINAL_CERTIFICATION,13,true,false,2.13472936677e-10,false,true,false,true,0,NaN,41000,30.0405392421|-18.6458093963|7.89788148662|0.294540337595|-2.90706946730|4.71447855101|10.6861552627|0.536732907223|-2.11844531579|0.349333102506
845,VALID_CAMPAIGN,NEAR_JOINT_LIMIT,-9188036431460594611,10,AUTO,0.0339069723567,-0.371116633555,0.565565207282,GUARDED_PRODUCTION,true,true,SUCCESS,NONE,94,true,true,7.10674674709e-07,false,false,false,false,0,5.70403037464,913709,-3.14107164965|0.333747078425|2.67428074637|0.448335079917|0.123548203429|1.78285383091|-0.978697536969|0.374177016534|-0.293068233759|0.424328336888
845,VALID_CAMPAIGN,NEAR_JOINT_LIMIT,-9188036431460594611,10,AUTO,0.0339069723567,-0.371116633555,0.565565207282,UNGUARDED_REFERENCE,true,false,CONVERGED_UNCERTIFIED,NO_GUARDS_OR_FINAL_CERTIFICATION,6,true,false,6.49310527751e-08,false,true,false,true,0,NaN,16625,28.8891362786|-18.5935572255|8.66973113723|0.316082297626|-2.68872415859|4.81137989821|10.8725035653|0.506613998271|-2.48566598454|0.326238377908
846,VALID_CAMPAIGN,NEAR_SINGULARITY,-2324300553857527721,10,AUTO,2.05791997025,-0.674999922430,0.657500087689,GUARDED_PRODUCTION,false,false,NO_CONVERGENCE,STAGNATION_WINDOW_EXCEEDED,90,true,true,0.487056220189,false,false,false,false,7,3.82859391542,903167,-1.64459763999|-2.37713844122|2.61298465483|0.441019208266|-0.683312801446|0.654149909821|-0.663698166895|0.477313790363|-0.802113758460|0.511471262265
846,VALID_CAMPAIGN,NEAR_SINGULARITY,-2324300553857527721,10,AUTO,2.05791997025,-0.674999922430,0.657500087689,UNGUARDED_REFERENCE,true,false,CONVERGED_UNCERTIFIED,NO_GUARDS_OR_FINAL_CERTIFICATION,8,true,false,2.40751909286e-08,false,true,false,true,0,NaN,23875,30.8544701549|-17.8180266437|12.7274685946|0.470977725386|-3.10056516649|3.38899200160|11.8425170222|0.558900177318|-1.99383010511|0.357603932825
847,VALID_CAMPAIGN,MICRO_MOTION,-3691813849098911157,10,AUTO,2.05791967275,-0.674999146726,0.657500964579,GUARDED_PRODUCTION,false,false,NO_CONVERGENCE,STAGNATION_WINDOW_EXCEEDED,7,true,true,0.527311356612,false,false,false,false,12,9.32587219918,78542,-1.60557879579|-2.37713844122|2.61109910924|0.442885408360|-0.687665735855|0.650225675304|-0.665142785447|0.479107827422|-0.804041031904|0.513158176187
847,VALID_CAMPAIGN,MICRO_MOTION,-3691813849098911157,10,AUTO,2.05791967275,-0.674999146726,0.657500964579,UNGUARDED_REFERENCE,true,false,CONVERGED_UNCERTIFIED,NO_GUARDS_OR_FINAL_CERTIFICATION,2,true,false,6.27891150168e-11,false,true,false,true,0,NaN,3958,30.8544702196|-17.8180262795|12.7274693602|0.470977691665|-3.10056518668|3.38899220020|11.8425171735|0.558900135268|-1.99383049645|0.357603915353
848,VALID_CAMPAIGN,UNIFORM,4078794648142386924,10,AUTO,1.62499566955,0.706573735056,0.758464530676,GUARDED_PRODUCTION,false,false,NO_CONVERGENCE,STAGNATION_WINDOW_EXCEEDED,19,true,true,0.0770185291657,false,false,false,false,24,9.34450901365,213416,-1.12065018268|-2.37713844122|2.51052051134|0.453510202101|-0.754563503303|0.594685356957|-0.693932485896|0.488354759336|-0.817077929286|0.520341779357
848,VALID_CAMPAIGN,UNIFORM,4078794648142386924,10,AUTO,1.62499566955,0.706573735056,0.758464530676,UNGUARDED_REFERENCE,true,false,CONVERGED_UNCERTIFIED,NO_GUARDS_OR_FINAL_CERTIFICATION,7,true,false,3.40476122457e-09,false,true,false,true,0,NaN,20042,31.6085171148|-17.9034375408|12.8589419627|0.384373142131|-3.56785243312|3.80374487845|11.6808206475|0.445891204463|-2.65652393357|0.327888161123
849,VALID_CAMPAIGN,NEAR_JOINT_LIMIT,7335187841881202491,10,AUTO,-0.959894593603,0.186497506488,-0.383165595466,GUARDED_PRODUCTION,true,true,SUCCESS,NONE,528,true,true,9.56094161682e-07,false,false,false,false,0,9.49152771698,5288792,-1.39634637860|-0.0573176110369|2.67428074637|0.372819942481|-0.528411868768|0.909499871841|1.03566070792|0.355547852661|-0.250715257659|0.528350369216
849,VALID_CAMPAIGN,NEAR_JOINT_LIMIT,7335187841881202491,10,AUTO,-0.959894593603,0.186497506488,-0.383165595466,UNGUARDED_REFERENCE,true,false,CONVERGED_UNCERTIFIED,NO_GUARDS_OR_FINAL_CERTIFICATION,7,true,false,9.62548789911e-10,false,true,false,true,0,NaN,21083,29.0751159742|-14.1010789835|11.7201197034|-0.0649450471848|-4.70927911717|3.70980593265|12.7450085303|-0.137686735652|-9.77859531835|-0.188852680321
850,VALID_CAMPAIGN,NEAR_SINGULARITY,2645437120465111944,10,AUTO,2.05791997025,-0.674999922430,0.657500087689,GUARDED_PRODUCTION,false,false,NO_CONVERGENCE,STAGNATION_WINDOW_EXCEEDED,122,true,true,1.22783555810,false,false,false,false,0,5.64773801548,1254875,-0.751304062495|-2.37713844122|2.22977738596|0.221069725524|-1.58997748546|-1.04423195258|1.54261164694|0.221193624892|0.684910089162|0.575000000000
850,VALID_CAMPAIGN,NEAR_SINGULARITY,2645437120465111944,10,AUTO,2.05791997025,-0.674999922430,0.657500087689,UNGUARDED_REFERENCE,true,false,CONVERGED_UNCERTIFIED,NO_GUARDS_OR_FINAL_CERTIFICATION,23,true,false,1.17087069843e-07,false,true,false,true,0,NaN,72334,37.3549179733|-24.7753759123|6.46287302713|0.223303168405|-0.140084371735|6.14830652542|18.4213620302|-0.00475817196043|-0.0223354674315|0.335396726053
851,VALID_CAMPAIGN,MICRO_MOTION,-832054313224278256,10,AUTO,2.05791967275,-0.674999146726,0.657500964579,GUARDED_PRODUCTION,false,false,NO_CONVERGENCE,STAGNATION_WINDOW_EXCEEDED,7,true,true,1.25422717512,false,false,false,false,0,5.70089339564,66166,-0.717899820100|-2.37713844122|2.23611225478|0.220506571865|-1.61937226948|-1.13883294189|1.54359684600|0.217105052965|0.661571840329|0.575000000000
851,VALID_CAMPAIGN,MICRO_MOTION,-832054313224278256,10,AUTO,2.05791967275,-0.674999146726,0.657500964579,UNGUARDED_REFERENCE,true,false,CONVERGED_UNCERTIFIED,NO_GUARDS_OR_FINAL_CERTIFICATION,2,true,false,1.95130899127e-10,false,true,false,true,0,NaN,4000,37.3549179475|-24.7753758108|6.46287364467|0.223303122086|-0.140083996883|6.14830673732|18.4213622177|-0.00475817817854|-0.0223354252559|0.335396646311
852,VALID_CAMPAIGN,UNIFORM,2731538903450365533,10,AUTO,-0.437317293410,-1.61591062686,1.17116721602,GUARDED_PRODUCTION,false,false,NO_CONVERGENCE,STAGNATION_WINDOW_EXCEEDED,586,true,true,0.601331301269,false,false,false,false,0,5.79640856721,5514042,-2.21807038058|-2.37713844122|2.33608336627|0.136634992046|-1.78285383091|-1.78285383091|1.77630674731|0.575000000000|-0.856614470741|0.575000000000
852,VALID_CAMPAIGN,UNIFORM,2731538903450365533,10,AUTO,-0.437317293410,-1.61591062686,1.17116721602,UNGUARDED_REFERENCE,true,false,CONVERGED_UNCERTIFIED,NO_GUARDS_OR_FINAL_CERTIFICATION,19,true,false,3.26050980065e-08,false,true,false,true,0,NaN,67833,35.9044153370|-19.8591240319|7.47245622492|-0.619620061944|1.70933421881|5.57500458388|19.7385984271|0.0890200982397|-1.83193522842|-0.561046612208
853,VALID_CAMPAIGN,NEAR_JOINT_LIMIT,1954589982028315437,10,AUTO,0.178032244210,-0.998012053697,0.00904918981532,GUARDED_PRODUCTION,true,true,SUCCESS,NONE,31,true,true,4.41065069002e-09,false,false,false,false,0,8.95833704121,348334,-2.14884526365|-1.45167927712|2.64314140777|0.170494119908|-1.60559555256|-1.34344559308|1.64396463503|0.534936249612|-0.752178378044|0.536263644069
853,VALID_CAMPAIGN,NEAR_JOINT_LIMIT,1954589982028315437,10,AUTO,0.178032244210,-0.998012053697,0.00904918981532,UNGUARDED_REFERENCE,true,false,CONVERGED_UNCERTIFIED,NO_GUARDS_OR_FINAL_CERTIFICATION,7,true,false,1.42627129003e-09,false,true,false,true,0,NaN,21459,36.6124904368|-19.9165909274|8.20039097582|-0.391890975089|3.43912399874|4.93219771757|18.3381363780|-0.0983027447527|-4.66050968565|-0.238503534689
854,VALID_CAMPAIGN,NEAR_SINGULARITY,-7893344147943386367,10,AUTO,2.05791997025,-0.674999922430,0.657500087689,GUARDED_PRODUCTION,false,false,NO_CONVERGENCE,STAGNATION_WINDOW_EXCEEDED,88,true,true,0.855721828497,false,false,false,false,0,5.84399010656,865667,-0.715075453380|-2.37713844122|2.65727000699|0.103327452202|-1.78285383091|-1.78285383091|1.73829795347|0.575000000000|-0.907911318917|0.575000000000
854,VALID_CAMPAIGN,NEAR_SINGULARITY,-7893344147943386367,10,AUTO,2.05791997025,-0.674999922430,0.657500087689,UNGUARDED_REFERENCE,true,false,CONVERGED_UNCERTIFIED,NO_GUARDS_OR_FINAL_CERTIFICATION,20,true,false,1.03233543315e-07,false,true,false,true,0,NaN,64084,37.3711743842|-19.4065960508|12.7970580937|-0.498729464086|1.31408140796|5.75517915000|13.2166304206|0.206970884996|-6.50928095600|-0.411536569849
855,VALID_CAMPAIGN,MICRO_MOTION,-5985928699317819587,10,AUTO,2.05791967275,-0.674999146726,0.657500964579,GUARDED_PRODUCTION,false,false,NO_CONVERGENCE,STAGNATION_WINDOW_EXCEEDED,7,true,true,0.858288772146,false,false,false,false,0,9.82590949596,62000,-0.687110325040|-2.37713844122|2.65917707117|0.0981777729272|-1.78285383091|-1.78285383091|1.73850528025|0.575000000000|-0.916111020440|0.575000000000
855,VALID_CAMPAIGN,MICRO_MOTION,-5985928699317819587,10,AUTO,2.05791967275,-0.674999146726,0.657500964579,UNGUARDED_REFERENCE,true,false,CONVERGED_UNCERTIFIED,NO_GUARDS_OR_FINAL_CERTIFICATION,2,true,false,1.54021304974e-10,false,true,false,true,0,NaN,4083,37.3711745384|-19.4065959425|12.7970587692|-0.498729403603|1.31408161064|5.75517883835|13.2166305515|0.206970856148|-6.50928087961|-0.411536510016
856,VALID_CAMPAIGN,UNIFORM,-1317805916048702227,10,AUTO,-0.203668224192,0.737522392859,0.499617557294,GUARDED_PRODUCTION,true,true,SUCCESS,NONE,85,true,true,7.03814268780e-07,false,false,false,false,0,9.94471674707,858083,-0.0335529329395|-0.802304884601|2.49942458570|0.147791714037|-1.78285383091|-1.78285383091|1.78285383091|0.525275895156|-0.769184797148|0.550352241832
856,VALID_CAMPAIGN,UNIFORM,-1317805916048702227,10,AUTO,-0.203668224192,0.737522392859,0.499617557294,UNGUARDED_REFERENCE,true,false,CONVERGED_UNCERTIFIED,NO_GUARDS_OR_FINAL_CERTIFICATION,8,true,false,1.45211223687e-07,false,true,false,true,0,NaN,26708,39.3450111847|-22.3992686741|9.34590240578|0.804821946622|10.1153456361|-2.55028862699|17.0644991258|-0.219153546193|-1.66566906646|0.602243950325
857,VALID_CAMPAIGN,NEAR_JOINT_LIMIT,-3846743015369859151,10,AUTO,0.157237766656,-0.632814782710,0.129020376833,GUARDED_PRODUCTION,true,true,SUCCESS,NONE,81,true,true,4.65711392994e-08,false,false,false,false,0,5.31194616136,838125,-0.446117655335|1.49325776708|1.67943193972|0.252948954036|-1.21769363486|-0.760417522126|1.30167133417|0.434360845989|-0.423652457021|0.457485810967
857,VALID_CAMPAIGN,NEAR_JOINT_LIMIT,-3846743015369859151,10,AUTO,0.157237766656,-0.632814782710,0.129020376833,UNGUARDED_REFERENCE,true,false,CONVERGED_UNCERTIFIED,NO_GUARDS_OR_FINAL_CERTIFICATION,10,true,false,2.71338066305e-08,false,true,false,true,0,NaN,30166,36.2401791605|-21.4259812724|9.12903482148|0.687976842851|9.93434846110|-2.26341920140|17.7294106308|-0.227434731228|-1.67750295554|0.657038725768
858,VALID_CAMPAIGN,NEAR_SINGULARITY,8128644157743521237,10,AUTO,2.05791997025,-0.674999922430,0.657500087689,GUARDED_PRODUCTION,true,true,SUCCESS,NONE,86,true,true,1.34925054632e-09,false,false,false,false,0,2.08555519562,886208,-0.360882046232|1.76521178974|2.06700044388|0.414319994514|-0.900107553376|0.0982872509385|-0.627157975567|0.502645623392|-0.559413687445|0.501796527990
858,VALID_CAMPAIGN,NEAR_SINGULARITY,8128644157743521237,10,AUTO,2.05791997025,-0.674999922430,0.657500087689,UNGUARDED_REFERENCE,true,false,CONVERGED_UNCERTIFIED,NO_GUARDS_OR_FINAL_CERTIFICATION,16,true,false,5.35935599078e-09,false,true,false,true,0,NaN,49375,31.0239620828|-23.4914902865|9.03201803284|0.620856072742|10.7776596045|-1.12024349623|16.4002006192|-0.606855864962|-4.67635175004|0.290713510815
859,VALID_CAMPAIGN,MICRO_MOTION,4369553149427172168,10,AUTO,2.05791967275,-0.674999146726,0.657500964579,GUARDED_PRODUCTION,true,true,SUCCESS,NONE,2,true,true,3.31178352833e-11,false,false,false,false,0,21.6863674986,18084,-0.360881836446|1.76521215585|2.06700004466|0.414319787306|-0.900106943837|0.0982872208045|-0.627157561389|0.502645503317|-0.559413268954|0.501796411986
859,VALID_CAMPAIGN,MICRO_MOTION,4369553149427172168,10,AUTO,2.05791967275,-0.674999146726,0.657500964579,UNGUARDED_REFERENCE,true,false,CONVERGED_UNCERTIFIED,NO_GUARDS_OR_FINAL_CERTIFICATION,2,true,false,2.24198415854e-10,false,true,false,true,0,NaN,4042,31.0239624617|-23.4914897363|9.03201744347|0.620855901747|10.7776600674|-1.12024284935|16.4001996975|-0.606855700336|-4.67635228452|0.290713496287
860,VALID_CAMPAIGN,UNIFORM,8452670868441328935,10,AUTO,-0.195577688684,-1.10655357776,-0.213246533015,GUARDED_PRODUCTION,true,true,SUCCESS,NONE,59,true,true,3.49809164724e-12,false,false,false,false,0,21.6863595595,590083,-1.08912624840|1.21473793675|1.66069469118|0.309237719208|-1.32973944505|-0.683582702653|0.356898140537|0.458253711086|-0.587460153919|0.462979147651
860,VALID_CAMPAIGN,UNIFORM,8452670868441328935,10,AUTO,-0.195577688684,-1.10655357776,-0.213246533015,UNGUARDED_REFERENCE,true,false,CONVERGED_UNCERTIFIED,NO_GUARDS_OR_FINAL_CERTIFICATION,8,true,false,6.13625103941e-08,false,true,false,true,0,NaN,22416,30.7198975805|-20.9281036091|12.4478089067|-0.217780901577|9.43663100191|-0.918491670355|11.4485940191|0.190015935086|-1.11116659537|-0.183110424185
861,VALID_CAMPAIGN,NEAR_JOINT_LIMIT,8836390420302972066,10,AUTO,-0.515608175137,-0.922913560848,0.558149913839,GUARDED_PRODUCTION,true,true,SUCCESS,NONE,19,true,true,3.69410038327e-07,false,false,false,false,0,2.58650009244,190791,-1.32120665218|1.11403768785|0.878243273497|0.308352152220|-1.26435386954|-0.672443451529|0.529768488327|0.450736049763|-0.523888660114|0.468395171966
861,VALID_CAMPAIGN,NEAR_JOINT_LIMIT,8836390420302972066,10,AUTO,-0.515608175137,-0.922913560848,0.558149913839,UNGUARDED_REFERENCE,true,false,CONVERGED_UNCERTIFIED,NO_GUARDS_OR_FINAL_CERTIFICATION,6,true,false,4.87365743828e-07,false,true,false,true,0,NaN,16583,30.4563553688|-21.0482193217|13.8104038563|-0.217864819050|9.45667527874|-0.938013181631|11.4619727955|0.180602152400|-1.30981896557|-0.175800063137
862,VALID_CAMPAIGN,NEAR_SINGULARITY,499977097735419585,10,AUTO,2.05791997025,-0.674999922430,0.657500087689,GUARDED_PRODUCTION,true,true,SUCCESS,NONE,70,true,true,5.53721314505e-08,false,false,false,false,0,2.34323737660,717625,-0.438710606337|1.45917744145|0.977413524529|0.382942817778|-0.942792105978|-0.0748752506051|-0.713345659027|0.478478337957|-0.495065840316|0.471774222710
862,VALID_CAMPAIGN,NEAR_SINGULARITY,499977097735419585,10,AUTO,2.05791997025,-0.674999922430,0.657500087689,UNGUARDED_REFERENCE,true,false,CONVERGED_UNCERTIFIED,NO_GUARDS_OR_FINAL_CERTIFICATION,12,true,false,2.83629544901e-09,false,true,false,true,0,NaN,36125,37.6114145833|-20.3335742394|13.7430411136|-0.658643413927|8.36288427281|0.336707318148|12.1389664763|0.567663442209|-1.31114746088|-0.151444718161
863,VALID_CAMPAIGN,MICRO_MOTION,-9223338020063027044,10,AUTO,2.05791967275,-0.674999146726,0.657500964579,GUARDED_PRODUCTION,true,true,SUCCESS,NONE,2,true,true,1.60827514727e-11,false,false,false,false,0,12.9431173270,17292,-0.438710251700|1.45917796267|0.977414749464|0.382942719733|-0.942791813342|-0.0748753242943|-0.713344606330|0.478478285235|-0.495065738773|0.471774189398
863,VALID_CAMPAIGN,MICRO_MOTION,-9223338020063027044,10,AUTO,2.05791967275,-0.674999146726,0.657500964579,UNGUARDED_REFERENCE,true,false,CONVERGED_UNCERTIFIED,NO_GUARDS_OR_FINAL_CERTIFICATION,2,true,false,1.30358661408e-10,false,true,false,true,0,NaN,3791,37.6114150286|-20.3335746963|13.7430426192|-0.658643318616|8.36288427611|0.336706961153|12.1389663787|0.567663362257|-1.31114794225|-0.151444712873
864,VALID_CAMPAIGN,UNIFORM,3532814873850158670,10,AUTO,-0.0261734500853,1.31548078158,-0.904734963082,GUARDED_PRODUCTION,false,false,NO_CONVERGENCE,STAGNATION_WINDOW_EXCEEDED,116,true,true,0.108681438734,false,false,false,false,7,12.9431227214,1240459,1.30403638954|1.53007610984|2.67428074637|0.414002261657|-1.78285383091|-0.0343196183282|0.263314710667|0.575000000000|-0.764923585788|0.575000000000
864,VALID_CAMPAIGN,UNIFORM,3532814873850158670,10,AUTO,-0.0261734500853,1.31548078158,-0.904734963082,UNGUARDED_REFERENCE,true,false,CONVERGED_UNCERTIFIED,NO_GUARDS_OR_FINAL_CERTIFICATION,12,true,false,3.52586365278e-07,false,true,false,true,0,NaN,38208,46.2486752138|-25.3940838369|17.8158741918|0.336726759831|10.9600856671|4.74630035557|10.5472395481|-0.00638018871096|0.189575171039|-0.783062109447
865,VALID_CAMPAIGN,NEAR_JOINT_LIMIT,8310498695093914751,10,AUTO,-0.347892986441,-0.274884609059,0.550583342158,GUARDED_PRODUCTION,true,true,SUCCESS,NONE,110,true,true,2.92399382482e-07,false,false,false,false,0,20.0879166611,1087791,3.04025099236|1.20054006830|0.694951801446|0.454285970565|-1.64883437328|-0.751028767795|1.60417944876|0.494076140464|-1.78285383091|0.488856628550
865,VALID_CAMPAIGN,NEAR_JOINT_LIMIT,8310498695093914751,10,AUTO,-0.347892986441,-0.274884609059,0.550583342158,UNGUARDED_REFERENCE,true,false,CONVERGED_UNCERTIFIED,NO_GUARDS_OR_FINAL_CERTIFICATION,9,true,false,2.22069346490e-09,false,true,false,true,0,NaN,25709,52.7294600463|-29.9376638292|19.3614785686|0.176498789733|8.32445352191|7.12118778155|13.9744886196|0.135852836386|-1.95485798616|-0.117197504873
866,VALID_CAMPAIGN,NEAR_SINGULARITY,-1422678974967601104,10,AUTO,2.05791997025,-0.674999922430,0.657500087689,GUARDED_PRODUCTION,false,false,NO_CONVERGENCE,STAGNATION_WINDOW_EXCEEDED,79,true,true,1.44461429922,false,false,false,false,0,2.04510927028,757459,3.14159265359|2.37713844122|0.131140698633|0.397984567894|-1.78285383091|-1.67389575530|1.78217862996|0.541516054892|-1.60727262962|0.542347359166
866,VALID_CAMPAIGN,NEAR_SINGULARITY,-1422678974967601104,10,AUTO,2.05791997025,-0.674999922430,0.657500087689,UNGUARDED_REFERENCE,true,false,CONVERGED_UNCERTIFIED,NO_GUARDS_OR_FINAL_CERTIFICATION,21,true,false,1.97602209175e-07,false,true,false,true,0,NaN,65000,56.2040192359|-18.7537362172|18.9045676148|0.0231140992278|0.308278262071|1.92337275075|10.0896004246|0.386143037336|-1.24462191800|-0.770396053112
867,VALID_CAMPAIGN,MICRO_MOTION,-2857675374129613710,10,AUTO,2.05791967275,-0.674999146726,0.657500964579,GUARDED_PRODUCTION,false,false,NO_CONVERGENCE,STAGNATION_WINDOW_EXCEEDED,7,true,true,1.47228024482,false,false,false,false,0,3.27270329518,71541,3.14159265359|2.37713844122|0.121840774092|0.397236759672|-1.78285383091|-1.77051569206|1.78086580512|0.543890071034|-1.58280625302|0.546272322057
867,VALID_CAMPAIGN,MICRO_MOTION,-2857675374129613710,10,AUTO,2.05791967275,-0.674999146726,0.657500964579,UNGUARDED_REFERENCE,true,false,CONVERGED_UNCERTIFIED,NO_GUARDS_OR_FINAL_CERTIFICATION,2,true,false,1.61659713235e-11,false,true,false,true,0,NaN,5000,56.2040194132|-18.7537361244|18.9045681933|0.0231140977596|0.308278321679|1.92337277872|10.0896002948|0.386143028676|-1.24462196910|-0.770396048439
868,VALID_CAMPAIGN,UNIFORM,-4051620316999348823,10,AUTO,-0.126294445110,0.702261422711,0.869963364657,GUARDED_PRODUCTION,true,true,SUCCESS,NONE,66,true,true,5.62808303480e-07,false,false,false,false,0,3.58625488416,642208,2.48156222497|2.37713844122|1.65742567482|0.370349151214|-1.58765408153|-1.55950384410|1.26104484128|0.565676395945|-1.28039086282|0.555289144521
868,VALID_CAMPAIGN,UNIFORM,-4051620316999348823,10,AUTO,-0.126294445110,0.702261422711,0.869963364657,UNGUARDED_REFERENCE,true,false,CONVERGED_UNCERTIFIED,NO_GUARDS_OR_FINAL_CERTIFICATION,8,true,false,7.00996320930e-09,false,true,false,true,0,NaN,22125,51.1071153085|-17.2047397219|17.9024670858|-0.0242734180601|5.65536895699|2.58784451400|12.1687485549|-1.09270821542|-2.43929003580|0.477715523811
869,VALID_CAMPAIGN,NEAR_JOINT_LIMIT,-8639134470652488646,10,AUTO,-0.413964885510,-1.15655958444,-0.131083680497,GUARDED_PRODUCTION,true,true,SUCCESS,NONE,174,true,true,7.79868449622e-07,false,false,false,false,0,2.65227698749,1701500,3.14159265359|1.33199614857|-0.624111480518|0.406559348608|-1.51396758405|-1.47768724338|1.77192064078|0.530130109664|-1.75978385314|0.545975692100
869,VALID_CAMPAIGN,NEAR_JOINT_LIMIT,-8639134470652488646,10,AUTO,-0.413964885510,-1.15655958444,-0.131083680497,UNGUARDED_REFERENCE,true,false,CONVERGED_UNCERTIFIED,NO_GUARDS_OR_FINAL_CERTIFICATION,12,true,false,2.75560608216e-08,false,true,false,true,0,NaN,34792,48.5981341502|-15.1176143782|16.7082052057|0.00115927129199|4.96765751175|1.60892821557|10.8572586269|-0.881054371620|-0.208037055262|0.324140194098
870,VALID_CAMPAIGN,NEAR_SINGULARITY,547717860548351983,10,AUTO,2.05791997025,-0.674999922430,0.657500087689,GUARDED_PRODUCTION,false,false,NO_CONVERGENCE,STAGNATION_WINDOW_EXCEEDED,128,true,true,1.42228445385,false,false,false,false,0,2.34924625935,1192917,3.14159265359|2.37713844122|0.00422427351838|0.382461727656|-1.78285383091|-1.78285383091|1.64187829444|0.575000000000|-1.30823498578|0.575000000000
870,VALID_CAMPAIGN,NEAR_SINGULARITY,547717860548351983,10,AUTO,2.05791997025,-0.674999922430,0.657500087689,UNGUARDED_REFERENCE,true,false,CONVERGED_UNCERTIFIED,NO_GUARDS_OR_FINAL_CERTIFICATION,9,true,false,6.19676039963e-07,false,true,false,true,0,NaN,26958,49.9660362113|-12.3492910237|19.2713304917|0.0665028375670|4.26879794649|0.595050107478|10.2149645278|-0.891097711010|-3.80432326382|0.194430868450
871,VALID_CAMPAIGN,MICRO_MOTION,6601638318547338790,10,AUTO,2.05791967275,-0.674999146726,0.657500964579,GUARDED_PRODUCTION,false,false,NO_CONVERGENCE,STAGNATION_WINDOW_EXCEEDED,7,true,true,1.42292272921,false,false,false,false,0,3.91795966878,58708,3.14159265359|2.37713844122|0.00475207300481|0.381820382206|-1.78285383091|-1.78285383091|1.64896266009|0.575000000000|-1.29213119989|0.575000000000
871,VALID_CAMPAIGN,MICRO_MOTION,6601638318547338790,10,AUTO,2.05791967275,-0.674999146726,0.657500964579,UNGUARDED_REFERENCE,true,false,CONVERGED_UNCERTIFIED,NO_GUARDS_OR_FINAL_CERTIFICATION,2,true,false,1.36546436165e-10,false,true,false,true,0,NaN,5042,49.9660364787|-12.3492908492|19.2713314129|0.0665028591953|4.26879816815|0.595049691022|10.2149648819|-0.891097809610|-3.80432404210|0.194430895779
872,VALID_CAMPAIGN,UNIFORM,-1234212367300220983,10,AUTO,-0.398212218470,0.729869917907,0.248889387315,GUARDED_PRODUCTION,true,true,SUCCESS,NONE,61,true,true,3.69032171889e-07,false,false,false,false,0,3.92945555314,606916,2.00344919734|2.33118955751|0.545669921781|0.382099618738|-0.747447984873|-0.502276295124|1.67822858176|0.575000000000|-1.48954621097|0.555218186625
872,VALID_CAMPAIGN,UNIFORM,-1234212367300220983,10,AUTO,-0.398212218470,0.729869917907,0.248889387315,UNGUARDED_REFERENCE,true,false,CONVERGED_UNCERTIFIED,NO_GUARDS_OR_FINAL_CERTIFICATION,9,true,false,3.91054306400e-09,false,true,false,true,0,NaN,27041,51.8111581169|-14.0294319557|21.5526050442|-0.167200273083|5.44780238667|6.64787282998|8.24692972008|-0.139044748556|2.02803216809|0.0741143875076
873,VALID_CAMPAIGN,NEAR_JOINT_LIMIT,3535561189042271359,10,AUTO,-0.660598447677,-0.392393333360,0.431422872111,GUARDED_PRODUCTION,false,false,MAX_ITERATIONS_REACHED,MAX_ITERATIONS_LIMIT_REACHED,800,true,true,3.85565437971e-05,false,false,false,false,0,1.69486434313,7293625,3.14159265359|2.37713844122|-0.147869575162|0.408171666617|-0.442112449427|-0.665232682706|1.78285383091|0.424587801639|-1.78285383091|0.490405826173
873,VALID_CAMPAIGN,NEAR_JOINT_LIMIT,3535561189042271359,10,AUTO,-0.660598447677,-0.392393333360,0.431422872111,UNGUARDED_REFERENCE,true,false,CONVERGED_UNCERTIFIED,NO_GUARDS_OR_FINAL_CERTIFICATION,11,true,false,4.00310571820e-07,false,true,false,true,0,NaN,32000,54.3384624923|-12.1360624743|20.4405309853|-0.0348782661247|6.01049521376|8.10878531189|8.97951378193|-0.0302615123486|1.09972441257|0.0910130023629
874,VALID_CAMPAIGN,NEAR_SINGULARITY,6149448228149660401,10,AUTO,2.05791997025,-0.674999922430,0.657500087689,GUARDED_PRODUCTION,false,false,NO_CONVERGENCE,STAGNATION_WINDOW_EXCEEDED,69,true,true,1.48793737237,false,false,false,false,0,2.11861982403,694375,3.14159265359|2.37713844122|-0.299115410485|0.390060217086|-1.48474115506|-1.78285383091|1.29015455371|0.409829152690|-1.28248002021|0.531684701894
874,VALID_CAMPAIGN,NEAR_SINGULARITY,6149448228149660401,10,AUTO,2.05791997025,-0.674999922430,0.657500087689,UNGUARDED_REFERENCE,true,false,CONVERGED_UNCERTIFIED,NO_GUARDS_OR_FINAL_CERTIFICATION,13,true,false,9.27956266816e-09,false,true,false,true,0,NaN,36625,56.2334137579|-18.4036909382|19.0880853363|0.261567411271|11.9322427244|12.2626025336|0.521042087917|-0.266148835745|0.638761501312|-0.320568362689
875,VALID_CAMPAIGN,MICRO_MOTION,-8826184328380457869,10,AUTO,2.05791967275,-0.674999146726,0.657500964579,GUARDED_PRODUCTION,false,false,NO_CONVERGENCE,STAGNATION_WINDOW_EXCEEDED,7,true,true,1.49717786287,false,false,false,false,0,3.57772176680,60333,3.14159265359|2.37713844122|-0.258639097991|0.389426312119|-1.56414914475|-1.78285383091|1.31008228133|0.411177376862|-1.25677016798|0.536959463559
875,VALID_CAMPAIGN,MICRO_MOTION,-8826184328380457869,10,AUTO,2.05791967275,-0.674999146726,0.657500964579,UNGUARDED_REFERENCE,true,false,CONVERGED_UNCERTIFIED,NO_GUARDS_OR_FINAL_CERTIFICATION,2,true,false,4.34777629087e-10,false,true,false,true,0,NaN,3917,56.2334139139|-18.4036908808|19.0880860339|0.261567273414|11.9322426573|12.2626028925|0.521041975372|-0.266148673157|0.638761875375|-0.320568248756
876,VALID_CAMPAIGN,UNIFORM,-8312952323466836752,10,AUTO,0.842841202310,-0.808436957316,0.920008599395,GUARDED_PRODUCTION,false,false,NO_CONVERGENCE,STAGNATION_WINDOW_EXCEEDED,14,true,true,0.400893959758,false,false,false,false,0,3.69230041335,118042,3.14159265359|2.37713844122|0.0173774150121|0.388555372040|-1.71015407029|-1.78285383091|1.31000433554|0.414573695892|-1.18672650892|0.548035711694
876,VALID_CAMPAIGN,UNIFORM,-8312952323466836752,10,AUTO,0.842841202310,-0.808436957316,0.920008599395,UNGUARDED_REFERENCE,true,false,CONVERGED_UNCERTIFIED,NO_GUARDS_OR_FINAL_CERTIFICATION,5,true,false,1.32202065253e-07,false,true,false,true,0,NaN,12833,55.8500965341|-18.6730056405|19.5270157162|-0.415713068146|11.2621776727|13.7601161644|-0.617569738480|0.544446263117|2.49266070052|0.217991954398
877,VALID_CAMPAIGN,NEAR_JOINT_LIMIT,8725430281760477268,10,AUTO,-0.819304763287,0.0420012401199,0.00904918981532,GUARDED_PRODUCTION,true,true,SUCCESS,NONE,57,true,true,9.24208458124e-07,false,false,false,false,0,3.74967654824,520708,1.51617769669|1.77527926428|-0.820117486447|0.402701129007|-1.31157370458|-1.25666301424|1.72359136758|0.403373857792|-1.63400145784|0.515916905317
877,VALID_CAMPAIGN,NEAR_JOINT_LIMIT,8725430281760477268,10,AUTO,-0.819304763287,0.0420012401199,0.00904918981532,UNGUARDED_REFERENCE,true,false,CONVERGED_UNCERTIFIED,NO_GUARDS_OR_FINAL_CERTIFICATION,9,true,false,5.34841996832e-09,false,true,false,true,0,NaN,24917,57.5786514391|-18.2029069646|21.5873007600|-0.487133793650|9.03091334191|12.4171132253|-0.237646075080|0.568999472892|3.10835832186|0.145223552656
878,VALID_CAMPAIGN,NEAR_SINGULARITY,-7733618857855512967,10,AUTO,2.05791997025,-0.674999922430,0.657500087689,GUARDED_PRODUCTION,false,false,NO_CONVERGENCE,STAGNATION_WINDOW_EXCEEDED,82,true,true,1.45357231615,false,false,false,false,0,1.92276867076,728084,3.14159265359|2.37713844122|-0.203654041586|0.359872674937|-1.66971872992|-1.73910545156|1.48965394153|0.439813606148|-1.32986419302|0.556784374643
878,VALID_CAMPAIGN,NEAR_SINGULARITY,-7733618857855512967,10,AUTO,2.05791997025,-0.674999922430,0.657500087689,UNGUARDED_REFERENCE,true,false,CONVERGED_UNCERTIFIED,NO_GUARDS_OR_FINAL_CERTIFICATION,12,true,false,5.69783071226e-09,false,true,false,true,0,NaN,34000,50.0332804935|-12.7853435672|18.9591630179|-0.147994661443|6.36592015518|8.18067270804|2.23211183051|0.593750730851|-1.18910200378|0.0991406859140
879,VALID_CAMPAIGN,MICRO_MOTION,953876285950085679,10,AUTO,2.05791967275,-0.674999146726,0.657500964579,GUARDED_PRODUCTION,false,false,NO_CONVERGENCE,STAGNATION_WINDOW_EXCEEDED,7,true,true,1.48976405030,false,false,false,false,0,3.76722007372,58083,3.14159265359|2.37713844122|-0.165644776723|0.359394129917|-1.73694235574|-1.78285383091|1.49692581178|0.441828725390|-1.30617250100|0.561450557928
879,VALID_CAMPAIGN,MICRO_MOTION,953876285950085679,10,AUTO,2.05791967275,-0.674999146726,0.657500964579,UNGUARDED_REFERENCE,true,false,CONVERGED_UNCERTIFIED,NO_GUARDS_OR_FINAL_CERTIFICATION,2,true,false,2.74595175531e-10,false,true,false,true,0,NaN,3750,50.0332809739|-12.7853438375|18.9591636609|-0.147994636244|6.36592021362|8.18067281724|2.23211199127|0.593750532437|-1.18910188237|0.0991406654307
880,VALID_CAMPAIGN,UNIFORM,-2217738882775504883,10,AUTO,0.531666419973,0.766632469992,1.53582106646,GUARDED_PRODUCTION,false,false,NO_CONVERGENCE,STAGNATION_WINDOW_EXCEEDED,321,true,true,0.851419386512,false,false,false,false,0,4.04750191388,2660709,3.14159265359|2.37713844122|0.930130952653|0.0200000000000|-1.50114140668|-1.78285383091|1.68466713872|0.575000000000|-1.11610459792|0.575000000000
880,VALID_CAMPAIGN,UNIFORM,-2217738882775504883,10,AUTO,0.531666419973,0.766632469992,1.53582106646,UNGUARDED_REFERENCE,true,false,CONVERGED_UNCERTIFIED,NO_GUARDS_OR_FINAL_CERTIFICATION,13,true,false,1.11850694924e-08,false,true,false,true,0,NaN,38875,50.5951881742|-10.6103665499|19.9701201222|0.386472488292|8.44865613401|8.77162247127|7.59898931112|-0.642195087389|-5.07753156461|0.0367358583715
881,VALID_CAMPAIGN,NEAR_JOINT_LIMIT,5082072960174230811,10,AUTO,-0.371515460808,-0.754575173547,0.0295173229994,GUARDED_PRODUCTION,false,false,NO_CONVERGENCE,STAGNATION_WINDOW_EXCEEDED,156,true,true,0.181052031586,false,false,false,false,0,4.86052629223,1337625,3.14159265359|0.0875635266189|1.57850247339|0.0200000000000|-0.914641667550|-1.00781829294|1.78285383091|0.575000000000|-1.78207948399|0.575000000000
881,VALID_CAMPAIGN,NEAR_JOINT_LIMIT,5082072960174230811,10,AUTO,-0.371515460808,-0.754575173547,0.0295173229994,UNGUARDED_REFERENCE,true,false,CONVERGED_UNCERTIFIED,NO_GUARDS_OR_FINAL_CERTIFICATION,7,true,false,4.21773613715e-09,false,true,false,true,0,NaN,19250,48.9536499846|-6.45897954297|19.9507796218|0.196685100163|11.1305669941|5.92202197084|10.2156913292|0.758101142140|-3.97224130644|0.0875608872702
882,VALID_CAMPAIGN,NEAR_SINGULARITY,5384751028863570340,10,AUTO,2.05791997025,-0.674999922430,0.657500087689,GUARDED_PRODUCTION,false,false,NO_CONVERGENCE,STAGNATION_WINDOW_EXCEEDED,99,true,true,1.73464614734,false,false,false,false,0,3.20398644285,807000,3.14159265359|0.0894678643934|2.36295171096|0.0200000000000|-1.28561791728|-1.78285383091|1.60420404043|0.575000000000|-1.30952518799|0.575000000000
882,VALID_CAMPAIGN,NEAR_SINGULARITY,5384751028863570340,10,AUTO,2.05791997025,-0.674999922430,0.657500087689,UNGUARDED_REFERENCE,true,false,CONVERGED_UNCERTIFIED,NO_GUARDS_OR_FINAL_CERTIFICATION,9,true,false,2.63307248843e-08,false,true,false,true,0,NaN,25500,49.9335377069|-6.04461920369|18.8922149047|0.0818818879622|11.6034032358|2.76206080543|9.36124118025|0.609864854793|-7.25214114534|-0.367641672977
883,VALID_CAMPAIGN,MICRO_MOTION,7984240843620268807,10,AUTO,2.05791967275,-0.674999146726,0.657500964579,GUARDED_PRODUCTION,false,false,NO_CONVERGENCE,STAGNATION_WINDOW_EXCEEDED,7,true,true,1.75634507546,false,false,false,false,0,5.35022704136,53958,3.14159265359|0.00791961195834|2.40790776526|0.0200000000000|-1.31121726420|-1.78285383091|1.60298741811|0.575000000000|-1.28703210937|0.575000000000
883,VALID_CAMPAIGN,MICRO_MOTION,7984240843620268807,10,AUTO,2.05791967275,-0.674999146726,0.657500964579,UNGUARDED_REFERENCE,true,false,CONVERGED_UNCERTIFIED,NO_GUARDS_OR_FINAL_CERTIFICATION,2,true,false,1.81533108211e-10,false,true,false,true,0,NaN,3834,49.9335377630|-6.04461911930|18.8922155248|0.0818818582188|11.6034032334|2.76206137036|9.36124107925|0.609864733392|-7.25214091413|-0.367641641130
884,VALID_CAMPAIGN,UNIFORM,8541867855921571870,10,AUTO,-1.18294429073,0.627110729280,0.523018203355,GUARDED_PRODUCTION,true,true,SUCCESS,NONE,154,true,true,9.39046389072e-07,false,false,false,false,0,5.33321407583,1319083,2.71752858480|-1.07782577935|0.523161337156|0.0200000000000|-0.941213660664|-1.47880626943|1.78285383091|0.575000000000|-1.78285383091|0.575000000000
884,VALID_CAMPAIGN,UNIFORM,8541867855921571870,10,AUTO,-1.18294429073,0.627110729280,0.523018203355,UNGUARDED_REFERENCE,true,false,CONVERGED_UNCERTIFIED,NO_GUARDS_OR_FINAL_CERTIFICATION,8,true,false,1.09025535583e-08,false,true,false,true,0,NaN,21958,46.9724941738|-5.42306895852|18.1963747146|-0.425647541080|9.25954986995|11.9523072803|8.72096666773|-1.45804633648|-0.395012826787|0.263821404224
885,VALID_CAMPAIGN,NEAR_JOINT_LIMIT,6883317100157694608,10,AUTO,-0.496526390642,0.298365483583,-0.117810093606,GUARDED_PRODUCTION,true,true,SUCCESS,NONE,42,true,true,6.54019934428e-07,false,false,false,false,0,3.98503304203,354125,2.43772707521|-1.17538784662|1.19961101258|0.0271928980580|-0.475254627767|-0.918973745951|1.78285383091|0.575000000000|-1.78285383091|0.570701161615
885,VALID_CAMPAIGN,NEAR_JOINT_LIMIT,6883317100157694608,10,AUTO,-0.496526390642,0.298365483583,-0.117810093606,UNGUARDED_REFERENCE,true,false,CONVERGED_UNCERTIFIED,NO_GUARDS_OR_FINAL_CERTIFICATION,6,true,false,3.42713517422e-10,false,true,false,true,0,NaN,18583,47.4557409502|-5.55324341750|18.6669115192|-0.466397285824|9.04436010255|12.0029440790|9.83839807829|-1.41694078276|-1.10482558225|0.283188044983
886,VALID_CAMPAIGN,NEAR_SINGULARITY,5127629182954474935,10,AUTO,2.05791997025,-0.674999922430,0.657500087689,GUARDED_PRODUCTION,true,true,SUCCESS,NONE,99,true,true,6.19692201132e-07,false,false,false,false,0,2.63708444084,864042,0.118762822324|-0.245083143254|0.139069754733|0.107038215319|0.780549154277|0.912564116155|1.71613050543|0.575000000000|-1.66567717213|0.575000000000
886,VALID_CAMPAIGN,NEAR_SINGULARITY,5127629182954474935,10,AUTO,2.05791997025,-0.674999922430,0.657500087689,UNGUARDED_REFERENCE,true,false,CONVERGED_UNCERTIFIED,NO_GUARDS_OR_FINAL_CERTIFICATION,16,true,false,1.54617560632e-10,false,true,false,true,0,NaN,48833,49.5192692638|0.606585997639|25.3128319551|-0.325625909518|12.2786576608|17.4534939119|5.68716363211|-1.11693827343|-2.76342380713|0.0594697448197
887,VALID_CAMPAIGN,MICRO_MOTION,-5071519345228672555,10,AUTO,2.05791967275,-0.674999146726,0.657500964579,GUARDED_PRODUCTION,true,true,SUCCESS,NONE,2,true,true,6.75415860957e-08,false,false,false,false,0,13.6225212206,16334,0.118762263348|-0.245082606324|0.139070162311|0.107038229700|0.780549416893|0.912564735569|1.71613020379|0.575000000000|-1.66567685467|0.575000000000
887,VALID_CAMPAIGN,MICRO_MOTION,-5071519345228672555,10,AUTO,2.05791967275,-0.674999146726,0.657500964579,UNGUARDED_REFERENCE,true,false,CONVERGED_UNCERTIFIED,NO_GUARDS_OR_FINAL_CERTIFICATION,2,true,false,3.19320973250e-11,false,true,false,true,0,NaN,3708,49.5192694468|0.606586375823|25.3128325834|-0.325625914404|12.2786574923|17.4534937561|5.68716364513|-1.11693824928|-2.76342353810|0.0594697443761
888,VALID_CAMPAIGN,UNIFORM,2219771135123456808,10,AUTO,0.317590619775,-0.892664979647,0.159166239192,GUARDED_PRODUCTION,true,true,SUCCESS,NONE,128,true,true,9.31986754901e-07,false,false,false,false,0,13.6225464801,1141542,0.820339422796|-1.31568866262|-0.870238264324|0.0740794353750|0.173570988319|-0.0120051820364|1.78285383091|0.518790340015|-1.78285383091|0.573566409463
888,VALID_CAMPAIGN,UNIFORM,2219771135123456808,10,AUTO,0.317590619775,-0.892664979647,0.159166239192,UNGUARDED_REFERENCE,true,false,CONVERGED_UNCERTIFIED,NO_GUARDS_OR_FINAL_CERTIFICATION,8,true,false,4.12242895721e-09,false,true,false,true,0,NaN,22958,48.7512106315|1.98683503376|24.9546883230|-0.316629125808|11.3809435935|16.7616958017|5.75498075329|-0.955819820077|-0.667766251951|0.0364963795054
889,VALID_CAMPAIGN,NEAR_JOINT_LIMIT,-6973309610549772282,10,AUTO,0.174573929439,-1.77028195087,-0.131083680497,GUARDED_PRODUCTION,true,true,SUCCESS,NONE,31,true,true,1.58286250466e-11,false,false,false,false,0,3.33657458399,304542,-0.0808270626256|-1.10545435676|-0.670678725916|0.0920637186503|0.580318976429|0.537271400604|1.40289703784|0.543147080382|-1.58498949721|0.571798891337
889,VALID_CAMPAIGN,NEAR_JOINT_LIMIT,-6973309610549772282,10,AUTO,0.174573929439,-1.77028195087,-0.131083680497,UNGUARDED_REFERENCE,true,false,CONVERGED_UNCERTIFIED,NO_GUARDS_OR_FINAL_CERTIFICATION,6,true,false,2.28638743230e-09,false,true,false,true,0,NaN,15792,48.0955688159|1.54832110955|25.0299302095|-0.291823958028|11.8594358537|17.3450499325|5.53001678439|-0.982531557674|-0.323662506322|0.0289118046108
890,VALID_CAMPAIGN,NEAR_SINGULARITY,5329121472055748247,10,AUTO,2.05791997025,-0.674999922430,0.657500087689,GUARDED_PRODUCTION,true,true,SUCCESS,NONE,40,true,true,4.58907204856e-07,false,false,false,false,0,5.49608006245,380375,0.271642013811|-0.498173313621|-0.163961387811|0.0936513299654|0.739899659420|0.769661275951|1.07350231110|0.559003377492|-1.43590958772|0.575000000000
890,VALID_CAMPAIGN,NEAR_SINGULARITY,5329121472055748247,10,AUTO,2.05791997025,-0.674999922430,0.657500087689,UNGUARDED_REFERENCE,true,false,CONVERGED_UNCERTIFIED,NO_GUARDS_OR_FINAL_CERTIFICATION,7,true,false,5.51553248797e-09,false,true,false,true,0,NaN,19833,48.9425995479|1.29291587981|25.3349603809|-0.273153011821|12.2980573703|17.9053254113|6.12154288116|-1.00753712289|-0.269786399394|0.0536901104248
891,VALID_CAMPAIGN,MICRO_MOTION,809925955187127752,10,AUTO,2.05791967275,-0.674999146726,0.657500964579,GUARDED_PRODUCTION,true,true,SUCCESS,NONE,2,true,true,3.15134999295e-12,false,false,false,false,0,12.9276418215,18625,0.271642392956|-0.498173492036|-0.163960644140|0.0936513265792|0.739899604176|0.769661114362|1.07350235507|0.559003355734|-1.43590960045|0.574999995496
891,VALID_CAMPAIGN,MICRO_MOTION,809925955187127752,10,AUTO,2.05791967275,-0.674999146726,0.657500964579,UNGUARDED_REFERENCE,true,false,CONVERGED_UNCERTIFIED,NO_GUARDS_OR_FINAL_CERTIFICATION,2,true,false,2.87637899090e-11,false,true,false,true,0,NaN,3791,48.9425995003|1.29291638653|25.3349609094|-0.273153017776|12.2980573178|17.9053253576|6.12154293594|-1.00753710538|-0.269786652950|0.0536901097381
892,VALID_CAMPAIGN,UNIFORM,-1318499744372476972,10,AUTO,-1.41748032113,-0.842732246523,0.582747551593,GUARDED_PRODUCTION,true,true,SUCCESS,NONE,68,true,true,3.48991498996e-07,false,false,false,false,0,12.9276345020,627584,-0.888293389071|-1.43241453757|-0.0733759236198|0.104725705530|0.574077460882|0.600062759571|1.43914003976|0.553132202627|-1.55525632303|0.575000000000
892,VALID_CAMPAIGN,UNIFORM,-1318499744372476972,10,AUTO,-1.41748032113,-0.842732246523,0.582747551593,UNGUARDED_REFERENCE,true,false,CONVERGED_UNCERTIFIED,NO_GUARDS_OR_FINAL_CERTIFICATION,8,true,false,1.47434240301e-08,false,true,false,true,0,NaN,22625,47.4272727605|5.45994023579|23.7256839189|-0.439143568948|10.0158027300|16.0936570976|6.10979218768|-0.796377731346|-4.19249438297|0.116194712204
893,VALID_CAMPAIGN,NEAR_JOINT_LIMIT,-6208912127576192897,10,AUTO,-1.75715647561,-0.244107444792,-0.131083680497,GUARDED_PRODUCTION,true,true,SUCCESS,NONE,18,true,true,1.43595761183e-08,false,false,false,false,0,5.60866042890,161750,-1.36635319652|-1.45941586152|-0.552404426916|0.109042455888|0.663059704906|0.742810121839|1.48648260342|0.562926746509|-1.56839019920|0.575000000000
893,VALID_CAMPAIGN,NEAR_JOINT_LIMIT,-6208912127576192897,10,AUTO,-1.75715647561,-0.244107444792,-0.131083680497,UNGUARDED_REFERENCE,true,false,CONVERGED_UNCERTIFIED,NO_GUARDS_OR_FINAL_CERTIFICATION,6,true,false,5.75547280691e-10,false,true,false,true,0,NaN,16834,47.1924848531|5.49419079154|24.2626755564|-0.377960379328|9.85144569819|15.2465653711|5.77678832081|-0.694128130720|-3.62770369593|0.0763823896201
894,VALID_CAMPAIGN,NEAR_SINGULARITY,4002816572940965895,10,AUTO,2.05791997025,-0.674999922430,0.657500087689,GUARDED_PRODUCTION,true,true,SUCCESS,NONE,104,true,true,6.57752217867e-08,false,false,false,false,0,6.66925231303,953084,0.245227060079|-0.307116071039|-0.288818882786|0.0956729514354|0.414648456690|0.374845307363|0.670740468495|0.542576191993|-1.27975911328|0.575000000000
894,VALID_CAMPAIGN,NEAR_SINGULARITY,4002816572940965895,10,AUTO,2.05791997025,-0.674999922430,0.657500087689,UNGUARDED_REFERENCE,true,false,CONVERGED_UNCERTIFIED,NO_GUARDS_OR_FINAL_CERTIFICATION,20,true,false,2.93627269533e-08,false,true,false,true,0,NaN,60375,37.3718968990|1.35948697198|20.6516071317|0.364965298277|15.2002294014|13.7761541958|4.77170869649|-0.840600068837|-4.83431023194|0.497668739543
895,VALID_CAMPAIGN,MICRO_MOTION,3257551825335502092,10,AUTO,2.05791967275,-0.674999146726,0.657500964579,GUARDED_PRODUCTION,true,true,SUCCESS,NONE,2,true,true,2.63690765287e-12,false,false,false,false,0,9.17476528769,16292,0.245227599783|-0.307116102290|-0.288818255289|0.0956729447970|0.414648329701|0.374845100814|0.670740713182|0.542576175536|-1.27975916777|0.574999999257
895,VALID_CAMPAIGN,MICRO_MOTION,3257551825335502092,10,AUTO,2.05791967275,-0.674999146726,0.657500964579,UNGUARDED_REFERENCE,true,false,CONVERGED_UNCERTIFIED,NO_GUARDS_OR_FINAL_CERTIFICATION,2,true,false,1.51409427001e-10,false,true,false,true,0,NaN,3875,37.3718972698|1.35948718005|20.6516081857|0.364965184969|15.2002293724|13.7761547735|4.77170844376|-0.840599980054|-4.83430999803|0.497668670701
896,ADVERSARIAL_PROBES,NON_FINITE_TARGET,-211212313446076404,10,AUTO,NaN,-0.675000000000,0.657500000000,GUARDED_PRODUCTION,false,false,INVALID_INPUT,INVALID_TARGET,0,true,true,NaN,false,false,false,false,0,NaN,5375,0.00000000000|0.00000000000|0.00000000000|0.297500000000|0.00000000000|0.00000000000|0.00000000000|0.297500000000|0.00000000000|0.297500000000
896,ADVERSARIAL_PROBES,NON_FINITE_TARGET,-211212313446076404,10,AUTO,NaN,-0.675000000000,0.657500000000,UNGUARDED_REFERENCE,false,false,MAX_ITERATIONS_UNCERTIFIED,NO_GUARDS_OR_FINAL_CERTIFICATION,800,false,false,NaN,true,false,false,true,0,NaN,2113542,NaN|NaN|NaN|NaN|NaN|NaN|NaN|NaN|NaN|NaN
897,ADVERSARIAL_PROBES,INFINITE_TARGET,-3651471857838933571,10,AUTO,2.05792000000,-0.675000000000,Infinity,GUARDED_PRODUCTION,false,false,INVALID_INPUT,INVALID_TARGET,0,true,true,Infinity,false,false,false,false,0,NaN,6208,0.00000000000|0.00000000000|0.00000000000|0.297500000000|0.00000000000|0.00000000000|0.00000000000|0.297500000000|0.00000000000|0.297500000000
897,ADVERSARIAL_PROBES,INFINITE_TARGET,-3651471857838933571,10,AUTO,2.05792000000,-0.675000000000,Infinity,UNGUARDED_REFERENCE,false,false,MAX_ITERATIONS_UNCERTIFIED,NO_GUARDS_OR_FINAL_CERTIFICATION,800,false,false,NaN,true,false,false,true,0,NaN,2215500,NaN|NaN|NaN|NaN|NaN|NaN|NaN|NaN|NaN|NaN
898,ADVERSARIAL_PROBES,NON_FINITE_INITIAL_STATE,5652930628906434689,10,AUTO,2.05792000000,-0.675000000000,0.657500000000,GUARDED_PRODUCTION,false,false,INVALID_INPUT,INVALID_INITIAL_STATE,0,true,true,0.00000000000,false,false,false,false,0,NaN,7625,0.00000000000|0.00000000000|0.00000000000|0.297500000000|0.00000000000|0.00000000000|0.00000000000|0.297500000000|0.00000000000|0.297500000000
898,ADVERSARIAL_PROBES,NON_FINITE_INITIAL_STATE,5652930628906434689,10,AUTO,2.05792000000,-0.675000000000,0.657500000000,UNGUARDED_REFERENCE,false,false,MAX_ITERATIONS_UNCERTIFIED,NO_GUARDS_OR_FINAL_CERTIFICATION,800,false,false,NaN,true,false,false,true,0,NaN,2398375,NaN|NaN|NaN|NaN|NaN|NaN|NaN|NaN|NaN|NaN
899,ADVERSARIAL_PROBES,OVERFLOWING_GEOMETRY,-8054189206285598195,10,AUTO,0.00000000000,0.00000000000,0.00000000000,GUARDED_PRODUCTION,false,false,NUMERICAL_FAILURE,OUTPUT_VALIDATION_FAILED,1,true,true,Infinity,false,false,false,false,0,NaN,28666,0.00000000000|0.00000000000|0.00000000000|0.297500000000|0.00000000000|0.00000000000|0.00000000000|0.297500000000|0.00000000000|0.297500000000
899,ADVERSARIAL_PROBES,OVERFLOWING_GEOMETRY,-8054189206285598195,10,AUTO,0.00000000000,0.00000000000,0.00000000000,UNGUARDED_REFERENCE,false,false,MAX_ITERATIONS_UNCERTIFIED,NO_GUARDS_OR_FINAL_CERTIFICATION,800,false,false,NaN,true,false,false,true,0,NaN,2296541,NaN|NaN|NaN|NaN|NaN|NaN|NaN|NaN|NaN|NaN
900,VALID_CAMPAIGN,UNIFORM,4553572077595498823,10,REVOLUTE_ONLY,-0.155608172028,0.802160973677,-0.222362177657,GUARDED_PRODUCTION,true,true,SUCCESS,NONE,65,true,true,6.59074540257e-08,false,false,false,false,0,85.9195394928,649583,0.523134608053|0.760793830673|-0.785457028064|0.0163518483181|0.877454410035|0.808593455507|-0.504357217176|-0.285326026790|0.412054770882|0.212741189046
900,VALID_CAMPAIGN,UNIFORM,4553572077595498823,10,REVOLUTE_ONLY,-0.155608172028,0.802160973677,-0.222362177657,UNGUARDED_REFERENCE,true,false,CONVERGED_UNCERTIFIED,NO_GUARDS_OR_FINAL_CERTIFICATION,10,true,false,3.39029224639e-09,false,true,false,true,0,NaN,34333,12.1855444765|-28.7856503900|-19.2091524713|24.2147528039|11.3908370523|2.67279689577|-11.6790629363|7.52447575545|16.9488675007|8.18252032213
901,VALID_CAMPAIGN,NEAR_JOINT_LIMIT,-2828295475375059997,10,REVOLUTE_ONLY,-0.535044481934,-0.442538856461,0.0530193062372,GUARDED_PRODUCTION,true,true,SUCCESS,NONE,42,true,true,1.25739847415e-07,false,false,false,false,0,2.16538142542,430833,1.88700838138|1.44608014687|-0.996684729350|-0.119798513094|1.06413421278|0.826612329250|-0.111973063015|0.00902665076631|0.323418097607|0.152759279278
901,VALID_CAMPAIGN,NEAR_JOINT_LIMIT,-2828295475375059997,10,REVOLUTE_ONLY,-0.535044481934,-0.442538856461,0.0530193062372,UNGUARDED_REFERENCE,true,false,CONVERGED_UNCERTIFIED,NO_GUARDS_OR_FINAL_CERTIFICATION,12,true,false,7.69078051112e-08,false,true,false,true,0,NaN,39917,10.5731507225|-26.0816063155|-18.8171488294|22.6620651972|10.1898907124|3.48703124509|-12.6033657084|10.0658903767|16.9400396538|9.48777260117
902,VALID_CAMPAIGN,NEAR_SINGULARITY,-143451387646151511,10,REVOLUTE_ONLY,2.05791999827,-0.119999938915,0.360000038036,GUARDED_PRODUCTION,false,false,NO_CONVERGENCE,STAGNATION_WINDOW_EXCEEDED,60,true,true,1.18567516864,false,false,false,false,0,2.55764211789,612541,3.14159265359|2.37713844122|-0.293853852695|-0.0821977287683|0.661475261747|0.296131769579|0.251296135969|0.205471256052|-0.0388230191861|-0.0406977887471
902,VALID_CAMPAIGN,NEAR_SINGULARITY,-143451387646151511,10,REVOLUTE_ONLY,2.05791999827,-0.119999938915,0.360000038036,UNGUARDED_REFERENCE,true,false,CONVERGED_UNCERTIFIED,NO_GUARDS_OR_FINAL_CERTIFICATION,16,true,false,1.28538499632e-07,false,true,false,true,0,NaN,54041,12.5085104685|-25.0385327941|-18.8393319481|18.8323967559|6.28493509955|0.000491931381998|-12.5028089691|12.4926616015|18.5672191443|6.58356632621
903,VALID_CAMPAIGN,MICRO_MOTION,2971362107654148602,10,REVOLUTE_ONLY,2.05791998096,-0.119999328068,0.360000418397,GUARDED_PRODUCTION,false,false,NO_CONVERGENCE,STAGNATION_WINDOW_EXCEEDED,7,true,true,1.25809579924,false,false,false,false,0,5.73750491726,65541,3.14159265359|2.37713844122|-0.224118471085|-0.0870290364582|0.555202775027|0.202558795785|0.244294061225|0.184834677126|-0.0811156827740|-0.0604300276066
903,VALID_CAMPAIGN,MICRO_MOTION,2971362107654148602,10,REVOLUTE_ONLY,2.05791998096,-0.119999328068,0.360000418397,UNGUARDED_REFERENCE,true,false,CONVERGED_UNCERTIFIED,NO_GUARDS_OR_FINAL_CERTIFICATION,1,true,false,7.32230015246e-07,false,true,false,true,0,NaN,958,12.5085104685|-25.0385327941|-18.8393319481|18.8323967559|6.28493509955|0.000491931381998|-12.5028089691|12.4926616015|18.5672191443|6.58356632621
904,VALID_CAMPAIGN,UNIFORM,-2300378301277198207,10,REVOLUTE_ONLY,0.272290360835,-0.0228146133071,0.349114622463,GUARDED_PRODUCTION,true,true,SUCCESS,NONE,41,true,true,1.82735912466e-10,false,false,false,false,0,6.55660265353,417541,2.61178240618|2.27649614829|-0.527872377585|0.0618000047068|1.35295450139|0.959017681385|-0.0479118075684|0.0344562959852|0.295349434786|0.128640741139
904,VALID_CAMPAIGN,UNIFORM,-2300378301277198207,10,REVOLUTE_ONLY,0.272290360835,-0.0228146133071,0.349114622463,UNGUARDED_REFERENCE,true,false,CONVERGED_UNCERTIFIED,NO_GUARDS_OR_FINAL_CERTIFICATION,8,true,false,2.50432044420e-09,false,true,false,true,0,NaN,26625,13.1293182458|-26.8324302667|-40.5726445588|50.9250930102|16.0360175993|-6.67731579478|-25.9143073027|16.4052364684|8.29636493782|26.5914952055
905,VALID_CAMPAIGN,NEAR_JOINT_LIMIT,1007138062547161367,10,REVOLUTE_ONLY,-0.484846840000,0.0720401955072,0.285713986759,GUARDED_PRODUCTION,true,true,SUCCESS,NONE,28,true,true,1.68374914695e-09,false,false,false,false,0,2.23913963260,287583,2.78893555538|1.70233649374|-0.535552511685|0.109493121813|1.70476595767|1.44553509770|-0.234016136443|-0.0815575151561|0.588350214453|0.284791740418
905,VALID_CAMPAIGN,NEAR_JOINT_LIMIT,1007138062547161367,10,REVOLUTE_ONLY,-0.484846840000,0.0720401955072,0.285713986759,UNGUARDED_REFERENCE,true,false,CONVERGED_UNCERTIFIED,NO_GUARDS_OR_FINAL_CERTIFICATION,7,true,false,1.56261307221e-08,false,true,false,true,0,NaN,22458,14.4533723265|-27.9946461861|-40.9787663036|51.3907853737|16.5521324757|-6.36511347949|-25.9450930692|16.4216547351|8.21204330482|26.3721039877
906,VALID_CAMPAIGN,NEAR_SINGULARITY,2066107682167268719,10,REVOLUTE_ONLY,2.05791999827,-0.119999938915,0.360000038036,GUARDED_PRODUCTION,false,false,NO_CONVERGENCE,STAGNATION_WINDOW_EXCEEDED,59,true,true,1.16698260377,false,false,false,false,0,1.50776931172,580458,3.14159265359|2.37713844122|-0.229917251362|0.0309652038039|0.615775694563|0.275291838520|0.127622933015|0.131759737600|-0.00752949904522|-0.0218083202872
906,VALID_CAMPAIGN,NEAR_SINGULARITY,2066107682167268719,10,REVOLUTE_ONLY,2.05791999827,-0.119999938915,0.360000038036,UNGUARDED_REFERENCE,true,false,CONVERGED_UNCERTIFIED,NO_GUARDS_OR_FINAL_CERTIFICATION,46,true,false,3.22732977036e-07,false,true,false,true,0,NaN,163208,18.7848153124|-31.2804346273|-31.2329679888|49.9461257138|18.4712570231|-5.88297954910|-24.6714545026|18.4664667923|6.05832465059|31.5206264998
907,VALID_CAMPAIGN,MICRO_MOTION,1603132262120397804,10,REVOLUTE_ONLY,2.05791998096,-0.119999328068,0.360000418397,GUARDED_PRODUCTION,false,false,NO_CONVERGENCE,STAGNATION_WINDOW_EXCEEDED,7,true,true,1.25535199622,false,false,false,false,0,5.59965693060,67083,3.14159265359|2.37713844122|-0.184916642626|0.0190606658864|0.509575124248|0.180311066219|0.125184263691|0.117683063644|-0.0503269175426|-0.0423524000000
907,VALID_CAMPAIGN,MICRO_MOTION,1603132262120397804,10,REVOLUTE_ONLY,2.05791998096,-0.119999328068,0.360000418397,UNGUARDED_REFERENCE,true,false,CONVERGED_UNCERTIFIED,NO_GUARDS_OR_FINAL_CERTIFICATION,1,true,false,7.90130145715e-07,false,true,false,true,0,NaN,2458,18.7848153124|-31.2804346273|-31.2329679888|49.9461257138|18.4712570231|-5.88297954910|-24.6714545026|18.4664667923|6.05832465059|31.5206264998
908,VALID_CAMPAIGN,UNIFORM,-6869589451832920042,10,REVOLUTE_ONLY,0.612022788355,-0.745912678882,-0.0137363386805,GUARDED_PRODUCTION,true,true,SUCCESS,NONE,19,true,true,2.99526545732e-08,false,false,false,false,0,6.56236135589,193417,2.62244620102|2.30921090804|-0.520363213198|-0.0290296730639|0.806400697713|0.452533437052|0.0460487435150|0.0868625176304|0.0756953027152|0.0195976613327
908,VALID_CAMPAIGN,UNIFORM,-6869589451832920042,10,REVOLUTE_ONLY,0.612022788355,-0.745912678882,-0.0137363386805,UNGUARDED_REFERENCE,true,false,CONVERGED_UNCERTIFIED,NO_GUARDS_OR_FINAL_CERTIFICATION,13,true,false,1.43768919879e-08,false,true,false,true,0,NaN,43958,17.7654712637|-29.4383208436|-28.1894006672|43.1181583055|4.69195872322|21.5677067907|-9.51502827264|-0.246921794473|-6.48793537481|32.4378720593
909,VALID_CAMPAIGN,NEAR_JOINT_LIMIT,-2235431976074931539,10,REVOLUTE_ONLY,-0.376079847117,-0.146697195102,0.565058246849,GUARDED_PRODUCTION,true,true,SUCCESS,NONE,38,true,true,7.18956017395e-08,false,false,false,false,0,4.04194662961,380708,1.80309083591|1.70511392151|-0.537428317160|-0.0671460676549|1.42543146766|1.06612682930|0.196877498687|0.219544609112|0.358372021613|0.163225354786
909,VALID_CAMPAIGN,NEAR_JOINT_LIMIT,-2235431976074931539,10,REVOLUTE_ONLY,-0.376079847117,-0.146697195102,0.565058246849,UNGUARDED_REFERENCE,true,false,CONVERGED_UNCERTIFIED,NO_GUARDS_OR_FINAL_CERTIFICATION,7,true,false,6.23317956698e-07,false,true,false,true,0,NaN,22625,15.1062455978|-28.8162257544|-29.3997616211|43.2448007395|3.64508054323|20.3900523101|-8.69789288057|0.677422533918|-5.06203972701|33.2725570142
910,VALID_CAMPAIGN,NEAR_SINGULARITY,405629924659625342,10,REVOLUTE_ONLY,2.05791999827,-0.119999938915,0.360000038036,GUARDED_PRODUCTION,false,false,NO_CONVERGENCE,STAGNATION_WINDOW_EXCEEDED,65,true,true,1.21802591979,false,false,false,false,0,2.98372158934,712625,3.14159265359|2.37713844122|-0.0822320399455|-0.0202989038747|0.605048315626|0.162977647171|0.107911616942|0.0709851229516|-0.113485283574|-0.0783131095202
910,VALID_CAMPAIGN,NEAR_SINGULARITY,405629924659625342,10,REVOLUTE_ONLY,2.05791999827,-0.119999938915,0.360000038036,UNGUARDED_REFERENCE,true,false,CONVERGED_UNCERTIFIED,NO_GUARDS_OR_FINAL_CERTIFICATION,26,true,false,2.50584118932e-07,false,true,false,true,0,NaN,90834,12.5056701189|-24.9998239243|-24.8727290022|49.8405860114|5.96893188816|19.1127193225|-5.88084372070|-0.277843948885|-6.18535784457|37.4238746594
911,VALID_CAMPAIGN,MICRO_MOTION,-300775042898799887,10,REVOLUTE_ONLY,2.05791998096,-0.119999328068,0.360000418397,GUARDED_PRODUCTION,false,false,NO_CONVERGENCE,STAGNATION_WINDOW_EXCEEDED,7,true,true,1.32206962652,false,false,false,false,0,6.41254918623,75875,3.14159265359|2.37713844122|-0.0610011747562|-0.0340828061946|0.508946419541|0.0830606884187|0.105163017068|0.0584506898985|-0.140504660976|-0.0892979848892
911,VALID_CAMPAIGN,MICRO_MOTION,-300775042898799887,10,REVOLUTE_ONLY,2.05791998096,-0.119999328068,0.360000418397,UNGUARDED_REFERENCE,true,false,CONVERGED_UNCERTIFIED,NO_GUARDS_OR_FINAL_CERTIFICATION,1,true,false,7.61937827075e-07,false,true,false,true,0,NaN,1209,12.5056701189|-24.9998239243|-24.8727290022|49.8405860114|5.96893188816|19.1127193225|-5.88084372070|-0.277843948885|-6.18535784457|37.4238746594
912,VALID_CAMPAIGN,UNIFORM,-7020570085364687016,10,REVOLUTE_ONLY,-0.106165879273,0.243363724505,0.619838208326,GUARDED_PRODUCTION,true,true,SUCCESS,NONE,58,true,true,1.37149691718e-09,false,false,false,false,0,7.34186081581,586375,2.41652563288|2.22643728137|0.381403686039|0.115172232079|1.63945083674|1.12352644095|0.506161161601|0.392674799694|0.295853921449|0.120478811071
912,VALID_CAMPAIGN,UNIFORM,-7020570085364687016,10,REVOLUTE_ONLY,-0.106165879273,0.243363724505,0.619838208326,UNGUARDED_REFERENCE,true,false,CONVERGED_UNCERTIFIED,NO_GUARDS_OR_FINAL_CERTIFICATION,7,true,false,4.28934599626e-10,false,true,false,true,0,NaN,21167,14.8325220795|-22.3413002189|-3.34798822830|17.6707499465|-18.2848691766|32.8439113088|9.91490568150|-5.36540926640|12.1503253691|16.2647126395
913,VALID_CAMPAIGN,NEAR_JOINT_LIMIT,6188582448013117642,10,REVOLUTE_ONLY,0.0370273221740,-0.581978860192,-0.157334003939,GUARDED_PRODUCTION,true,true,SUCCESS,NONE,80,true,true,7.76982882340e-07,false,false,false,false,0,3.23707158689,814792,3.14159265359|1.48254307796|0.163573695862|0.715587929971|1.43263105480|0.932036490081|-0.513025854988|-0.284381967326|0.264096233310|0.110476658507
913,VALID_CAMPAIGN,NEAR_JOINT_LIMIT,6188582448013117642,10,REVOLUTE_ONLY,0.0370273221740,-0.581978860192,-0.157334003939,UNGUARDED_REFERENCE,true,false,CONVERGED_UNCERTIFIED,NO_GUARDS_OR_FINAL_CERTIFICATION,6,true,false,2.98218950404e-09,false,true,false,true,0,NaN,20041,16.8064058608|-23.4458262791|-2.54241492246|15.6897703174|-16.9291197970|33.6092761137|10.4095878760|-5.40911455977|12.0262583913|14.7590698278
914,VALID_CAMPAIGN,NEAR_SINGULARITY,8122957310180837356,10,REVOLUTE_ONLY,2.05791999827,-0.119999938915,0.360000038036,GUARDED_PRODUCTION,false,false,NO_CONVERGENCE,STAGNATION_WINDOW_EXCEEDED,80,true,true,1.46152467762,false,false,false,false,0,3.51652017305,765875,3.14159265359|2.37713844122|-0.216335303134|0.490728893760|0.424377313688|-0.00144824213362|-0.348634542286|-0.133687135289|-0.183712883594|-0.102655891136
914,VALID_CAMPAIGN,NEAR_SINGULARITY,8122957310180837356,10,REVOLUTE_ONLY,2.05791999827,-0.119999938915,0.360000038036,UNGUARDED_REFERENCE,true,false,CONVERGED_UNCERTIFIED,NO_GUARDS_OR_FINAL_CERTIFICATION,26,true,false,3.31103103212e-08,false,true,false,true,0,NaN,86292,25.0756981371|-18.7254150480|-6.12690275092|24.8701096411|-12.8869566865|31.7667854327|6.59565052912|-6.52731377845|12.1804021264|12.9105726931
915,VALID_CAMPAIGN,MICRO_MOTION,-1507870253686330488,10,REVOLUTE_ONLY,2.05791998096,-0.119999328068,0.360000418397,GUARDED_PRODUCTION,false,false,NO_CONVERGENCE,STAGNATION_WINDOW_EXCEEDED,7,true,true,1.49359578427,false,false,false,false,0,7.61951589378,64333,3.14159265359|2.37713844122|-0.215148109478|0.463288449672|0.393800340793|-0.0201293749037|-0.316533591959|-0.111619266198|-0.183807503372|-0.100223329915
915,VALID_CAMPAIGN,MICRO_MOTION,-1507870253686330488,10,REVOLUTE_ONLY,2.05791998096,-0.119999328068,0.360000418397,UNGUARDED_REFERENCE,true,false,CONVERGED_UNCERTIFIED,NO_GUARDS_OR_FINAL_CERTIFICATION,1,true,false,7.20710097932e-07,false,true,false,true,0,NaN,1042,25.0756981371|-18.7254150480|-6.12690275092|24.8701096411|-12.8869566865|31.7667854327|6.59565052912|-6.52731377845|12.1804021264|12.9105726931
916,VALID_CAMPAIGN,UNIFORM,-355713708339216634,10,REVOLUTE_ONLY,0.642246841337,1.59182032897,0.314871406411,GUARDED_PRODUCTION,false,false,MAX_ITERATIONS_REACHED,MAX_ITERATIONS_LIMIT_REACHED,800,true,true,1.50062806681,false,false,false,false,0,7.88218795117,7523417,3.14159265359|2.37713844122|-0.165137152164|0.536540634460|1.44720685438|0.187576981619|-0.0359458988535|-0.132009818403|-0.0976143694696|-0.0158524401099
916,VALID_CAMPAIGN,UNIFORM,-355713708339216634,10,REVOLUTE_ONLY,0.642246841337,1.59182032897,0.314871406411,UNGUARDED_REFERENCE,true,false,CONVERGED_UNCERTIFIED,NO_GUARDS_OR_FINAL_CERTIFICATION,26,true,false,2.22457143804e-07,false,true,false,true,0,NaN,88250,26.3562472715|-12.5215257902|6.43641967610|24.8107148381|-31.8219563726|51.5558576760|3.68395855689|-15.8174419403|-1.24578030709|38.1350348218
917,VALID_CAMPAIGN,NEAR_JOINT_LIMIT,6732274240275939165,10,REVOLUTE_ONLY,-0.305781151130,-0.167121250982,-0.220877748252,GUARDED_PRODUCTION,true,true,SUCCESS,NONE,58,true,true,6.83339782643e-07,false,false,false,false,0,3.29972932205,537000,2.35079480077|1.34074923303|0.0311122904520|0.674025216805|1.78285383091|0.864649353611|-0.273151604837|-0.306909021422|0.201086428016|0.137251577549
917,VALID_CAMPAIGN,NEAR_JOINT_LIMIT,6732274240275939165,10,REVOLUTE_ONLY,-0.305781151130,-0.167121250982,-0.220877748252,UNGUARDED_REFERENCE,true,false,CONVERGED_UNCERTIFIED,NO_GUARDS_OR_FINAL_CERTIFICATION,7,true,false,1.95678420344e-08,false,true,false,true,0,NaN,21083,30.0291268189|-18.5898617410|3.92898800412|24.0348062616|-30.3825942488|67.9695164770|13.4995315325|-5.92212394324|-13.7404998304|42.7126593110
918,VALID_CAMPAIGN,NEAR_SINGULARITY,-8047109905495319802,10,REVOLUTE_ONLY,2.05791999827,-0.119999938915,0.360000038036,GUARDED_PRODUCTION,false,false,NO_CONVERGENCE,STAGNATION_WINDOW_EXCEEDED,55,true,true,1.18846576969,false,false,false,false,0,3.11221720046,516416,3.14159265359|2.37713844122|-0.321047579492|0.529052513899|0.878551695180|-0.0152416721972|-0.196840882014|-0.235461691131|-0.190736045064|-0.0628433966959
918,VALID_CAMPAIGN,NEAR_SINGULARITY,-8047109905495319802,10,REVOLUTE_ONLY,2.05791999827,-0.119999938915,0.360000038036,UNGUARDED_REFERENCE,true,false,CONVERGED_UNCERTIFIED,NO_GUARDS_OR_FINAL_CERTIFICATION,29,true,false,2.67402867271e-07,false,true,false,true,0,NaN,147750,37.6434665146|-25.0029134098|6.47391342361|24.7978570618|-25.5344641473|69.5167036891|25.5945518329|-0.370022702573|-18.9599645825|43.9256133447
919,VALID_CAMPAIGN,MICRO_MOTION,1308222104488211243,10,REVOLUTE_ONLY,2.05791998096,-0.119999328068,0.360000418397,GUARDED_PRODUCTION,false,false,NO_CONVERGENCE,STAGNATION_WINDOW_EXCEEDED,7,true,true,1.27829856791,false,false,false,false,0,5.82576981528,63875,3.14159265359|2.37713844122|-0.315377975596|0.494698523513|0.765641800258|-0.0995742310785|-0.173224485380|-0.215683753602|-0.215315488444|-0.0731492987915
919,VALID_CAMPAIGN,MICRO_MOTION,1308222104488211243,10,REVOLUTE_ONLY,2.05791998096,-0.119999328068,0.360000418397,UNGUARDED_REFERENCE,true,false,CONVERGED_UNCERTIFIED,NO_GUARDS_OR_FINAL_CERTIFICATION,1,true,false,7.68040840807e-07,false,true,false,true,0,NaN,917,37.6434665146|-25.0029134098|6.47391342361|24.7978570618|-25.5344641473|69.5167036891|25.5945518329|-0.370022702573|-18.9599645825|43.9256133447
920,VALID_CAMPAIGN,UNIFORM,7852927648502667260,10,REVOLUTE_ONLY,0.940254233269,-0.154087469484,-0.0574316469032,GUARDED_PRODUCTION,false,false,MAX_ITERATIONS_REACHED,MAX_ITERATIONS_LIMIT_REACHED,800,true,true,0.0666009141858,false,false,false,false,0,6.72511013636,7495333,3.14159265359|2.37713844122|-0.466531814001|-0.0245528570855|1.13897810764|0.118315294795|0.0546368278341|-0.132161395541|-0.0914982473813|-0.00173552369777
920,VALID_CAMPAIGN,UNIFORM,7852927648502667260,10,REVOLUTE_ONLY,0.940254233269,-0.154087469484,-0.0574316469032,UNGUARDED_REFERENCE,true,false,CONVERGED_UNCERTIFIED,NO_GUARDS_OR_FINAL_CERTIFICATION,14,true,false,1.01241144936e-09,false,true,false,true,0,NaN,49375,38.0271433320|-25.1464637387|10.7816059964|17.5224074541|-46.7024357739|88.8216256549|33.8329870104|-15.8286414161|-19.7969859274|45.1052967337
921,VALID_CAMPAIGN,NEAR_JOINT_LIMIT,-8316969496460706076,10,REVOLUTE_ONLY,-0.0517812701419,0.231108339331,0.0698221251495,GUARDED_PRODUCTION,true,true,SUCCESS,NONE,48,true,true,8.42411383441e-07,false,false,false,false,0,4.22850748676,469916,3.09942477276|2.31586669938|-0.793313451989|-0.000316137112410|1.78285383091|0.738977729445|-0.429176095773|-0.498451981551|0.173850582081|0.131305997311
921,VALID_CAMPAIGN,NEAR_JOINT_LIMIT,-8316969496460706076,10,REVOLUTE_ONLY,-0.0517812701419,0.231108339331,0.0698221251495,UNGUARDED_REFERENCE,true,false,CONVERGED_UNCERTIFIED,NO_GUARDS_OR_FINAL_CERTIFICATION,6,true,false,8.42158172623e-07,false,true,false,true,0,NaN,17833,39.5506209246|-26.5650650005|9.35519315202|17.3702823539|-46.1972571477|89.5625125753|33.0425521488|-17.0397248261|-19.7832082908|45.4471394718
922,VALID_CAMPAIGN,NEAR_SINGULARITY,5629843565708802375,10,REVOLUTE_ONLY,2.05791999827,-0.119999938915,0.360000038036,GUARDED_PRODUCTION,false,false,NO_CONVERGENCE,STAGNATION_WINDOW_EXCEEDED,52,true,true,1.16946731696,false,false,false,false,0,2.12393639067,536417,3.14159265359|2.37713844122|-0.239689352574|-0.0970408409515|0.954324374651|-0.0281758569614|0.300323968465|0.0315755881066|-0.164573757663|-0.0401834757541
922,VALID_CAMPAIGN,NEAR_SINGULARITY,5629843565708802375,10,REVOLUTE_ONLY,2.05791999827,-0.119999938915,0.360000038036,UNGUARDED_REFERENCE,true,false,CONVERGED_UNCERTIFIED,NO_GUARDS_OR_FINAL_CERTIFICATION,39,true,false,2.38518743188e-07,false,true,false,true,0,NaN,129291,56.4893442200|-37.5944199934|12.7008369329|18.6768537087|-44.0724495374|88.0276969280|37.5746897073|-12.3808510685|-25.1365450523|50.1537412693
923,VALID_CAMPAIGN,MICRO_MOTION,7242941768776694130,10,REVOLUTE_ONLY,2.05791998096,-0.119999328068,0.360000418397,GUARDED_PRODUCTION,false,false,NO_CONVERGENCE,STAGNATION_WINDOW_EXCEEDED,7,true,true,1.25366884989,false,false,false,false,0,6.09484879779,62625,3.14159265359|2.37713844122|-0.179234667927|-0.101749448309|0.837949416850|-0.114606548847|0.297429748647|0.0204404468356|-0.193322013129|-0.0531217740015
923,VALID_CAMPAIGN,MICRO_MOTION,7242941768776694130,10,REVOLUTE_ONLY,2.05791998096,-0.119999328068,0.360000418397,UNGUARDED_REFERENCE,true,false,CONVERGED_UNCERTIFIED,NO_GUARDS_OR_FINAL_CERTIFICATION,1,true,false,7.59335548727e-07,false,true,false,true,0,NaN,1000,56.4893442200|-37.5944199934|12.7008369329|18.6768537087|-44.0724495374|88.0276969280|37.5746897073|-12.3808510685|-25.1365450523|50.1537412693
924,VALID_CAMPAIGN,UNIFORM,-8083225089396536913,10,REVOLUTE_ONLY,-0.857986352075,0.454557638003,0.554643029271,GUARDED_PRODUCTION,true,true,SUCCESS,NONE,82,true,true,3.42891439133e-10,false,false,false,false,0,6.99709885031,788625,1.82775583243|0.852409550497|-0.861124812445|-0.187159412737|1.71851743866|0.905339855174|0.426139760769|0.187206102988|0.356543184350|0.240986814381
924,VALID_CAMPAIGN,UNIFORM,-8083225089396536913,10,REVOLUTE_ONLY,-0.857986352075,0.454557638003,0.554643029271,UNGUARDED_REFERENCE,true,false,CONVERGED_UNCERTIFIED,NO_GUARDS_OR_FINAL_CERTIFICATION,8,true,false,2.91340916989e-08,false,true,false,true,0,NaN,24542,52.2947266161|-36.3075962544|13.1472133910|26.4200795663|-39.8801594346|85.6981000288|-21.0521534217|43.5011554807|-14.4162846947|33.9361077132
925,VALID_CAMPAIGN,NEAR_JOINT_LIMIT,1459550925859317874,10,REVOLUTE_ONLY,-0.229407179264,-0.329904939629,-0.239554218321,GUARDED_PRODUCTION,true,true,SUCCESS,NONE,46,true,true,6.12925931888e-08,false,false,false,false,0,5.25981115932,449750,1.63749497668|1.61946236812|-1.26127876288|0.122210463515|1.13887810257|0.520924771862|-0.389814588030|-0.371239011563|0.323948360587|0.251250485257
925,VALID_CAMPAIGN,NEAR_JOINT_LIMIT,1459550925859317874,10,REVOLUTE_ONLY,-0.229407179264,-0.329904939629,-0.239554218321,UNGUARDED_REFERENCE,true,false,CONVERGED_UNCERTIFIED,NO_GUARDS_OR_FINAL_CERTIFICATION,9,true,false,3.72151554579e-09,false,true,false,true,0,NaN,29291,51.3537915020|-34.3541019598|12.0287234114|29.5612397368|-41.6977259931|85.3515255357|-22.9510174812|43.1783037137|-13.5965362805|36.1947684705
926,VALID_CAMPAIGN,NEAR_SINGULARITY,4187254579332245072,10,REVOLUTE_ONLY,2.05791999827,-0.119999938915,0.360000038036,GUARDED_PRODUCTION,false,false,NO_CONVERGENCE,STAGNATION_WINDOW_EXCEEDED,29,true,true,1.68198499157,false,false,false,false,0,2.20270051887,285833,1.92705826655|2.37713844122|-1.62546107042|0.0419370490463|1.31856036431|0.544397673637|-0.170944440578|-0.186491195432|0.211015924409|0.170621309188
926,VALID_CAMPAIGN,NEAR_SINGULARITY,4187254579332245072,10,REVOLUTE_ONLY,2.05791999827,-0.119999938915,0.360000038036,UNGUARDED_REFERENCE,true,false,CONVERGED_UNCERTIFIED,NO_GUARDS_OR_FINAL_CERTIFICATION,19,true,false,1.05887509802e-07,false,true,false,true,0,NaN,63167,50.2033272055|-31.3231092735|12.7103534594|24.9080203773|-43.9284234904|87.8490276980|-18.6774774997|43.8702199379|-18.6152398129|37.3063251861
927,VALID_CAMPAIGN,MICRO_MOTION,1271772340672866262,10,REVOLUTE_ONLY,2.05791998096,-0.119999328068,0.360000418397,GUARDED_PRODUCTION,false,false,NO_CONVERGENCE,STAGNATION_WINDOW_EXCEEDED,7,true,true,1.69646084163,false,false,false,false,0,4.28745297434,65000,1.95015463726|2.37713844122|-1.58680743408|0.0475634797690|1.35519164078|0.536757969909|-0.0974377357790|-0.132481278228|0.176170521668|0.147362221096
927,VALID_CAMPAIGN,MICRO_MOTION,1271772340672866262,10,REVOLUTE_ONLY,2.05791998096,-0.119999328068,0.360000418397,UNGUARDED_REFERENCE,true,false,CONVERGED_UNCERTIFIED,NO_GUARDS_OR_FINAL_CERTIFICATION,1,true,false,7.28169522155e-07,false,true,false,true,0,NaN,916,50.2033272055|-31.3231092735|12.7103534594|24.9080203773|-43.9284234904|87.8490276980|-18.6774774997|43.8702199379|-18.6152398129|37.3063251861
928,VALID_CAMPAIGN,UNIFORM,-841962780013979833,10,REVOLUTE_ONLY,0.905823954554,1.31851264305,-0.0364616338604,GUARDED_PRODUCTION,false,false,NO_CONVERGENCE,STAGNATION_WINDOW_EXCEEDED,162,true,true,0.348303183463,false,false,false,false,0,4.54050243354,1645791,1.01122927920|2.37120875475|-2.67428074637|-0.337483093863|-0.724210392872|0.0591655313478|0.203747437017|-0.168509027391|-0.0817515557111|-0.00187772182325
928,VALID_CAMPAIGN,UNIFORM,-841962780013979833,10,REVOLUTE_ONLY,0.905823954554,1.31851264305,-0.0364616338604,UNGUARDED_REFERENCE,true,false,CONVERGED_UNCERTIFIED,NO_GUARDS_OR_FINAL_CERTIFICATION,8,true,false,5.71431655758e-08,false,true,false,true,0,NaN,25334,44.9117983472|-31.1887708965|11.8237908795|25.6503452572|-27.6534593539|78.2658646244|-24.3597320173|48.9032949273|4.79751142520|13.6795299704
929,VALID_CAMPAIGN,NEAR_JOINT_LIMIT,3860058697651328585,10,REVOLUTE_ONLY,-0.00125746856005,0.621901862008,-0.157334003939,GUARDED_PRODUCTION,true,true,SUCCESS,NONE,70,true,true,1.66478109385e-07,false,false,false,false,0,331.844891448,739084,1.29914385728|2.37713844122|-1.37170703132|-0.349089341962|-0.932528129103|-0.330363138344|-0.986072357712|-1.29799371602|-0.319136539415|-0.142852175350
929,VALID_CAMPAIGN,NEAR_JOINT_LIMIT,3860058697651328585,10,REVOLUTE_ONLY,-0.00125746856005,0.621901862008,-0.157334003939,UNGUARDED_REFERENCE,true,false,CONVERGED_UNCERTIFIED,NO_GUARDS_OR_FINAL_CERTIFICATION,7,true,false,5.16275944286e-09,false,true,false,true,0,NaN,26583,45.2979499606|-31.4184252078|10.9595469177|27.9933349180|-28.2526907722|80.7320062071|-24.8236280088|46.1856969368|2.20544393038|14.3664080097
930,VALID_CAMPAIGN,NEAR_SINGULARITY,-7262951882044963117,10,REVOLUTE_ONLY,2.05791999827,-0.119999938915,0.360000038036,GUARDED_PRODUCTION,false,false,NO_CONVERGENCE,STAGNATION_WINDOW_EXCEEDED,65,true,true,0.745697012265,false,false,false,false,0,1.79526427537,695542,0.0731245216982|2.09908060514|-2.67428074637|-0.509893085504|-0.829951471021|-0.0845583208298|0.0209885173287|-0.290504339786|-0.136926168445|-0.0327448738033
930,VALID_CAMPAIGN,NEAR_SINGULARITY,-7262951882044963117,10,REVOLUTE_ONLY,2.05791999827,-0.119999938915,0.360000038036,UNGUARDED_REFERENCE,true,false,CONVERGED_UNCERTIFIED,NO_GUARDS_OR_FINAL_CERTIFICATION,25,true,false,2.43119567562e-07,false,true,false,true,0,NaN,86000,37.6402069649|-31.3432232769|19.0110885391|24.8661615426|-31.1791583513|81.3950630181|-24.8370497300|50.0380623626|0.0567996515702|12.4640381766
931,VALID_CAMPAIGN,MICRO_MOTION,-1005041780970212778,10,REVOLUTE_ONLY,2.05791998096,-0.119999328068,0.360000418397,GUARDED_PRODUCTION,false,false,NO_CONVERGENCE,STAGNATION_WINDOW_EXCEEDED,7,true,true,0.797685088250,false,false,false,false,0,22.3052625521,66500,0.0680615054642|2.17269397654|-2.67428074637|-0.510421174120|-0.819846412035|-0.0345228690912|0.124773676615|-0.197195691609|-0.103225831464|-0.0125444332617
931,VALID_CAMPAIGN,MICRO_MOTION,-1005041780970212778,10,REVOLUTE_ONLY,2.05791998096,-0.119999328068,0.360000418397,UNGUARDED_REFERENCE,true,false,CONVERGED_UNCERTIFIED,NO_GUARDS_OR_FINAL_CERTIFICATION,1,true,false,7.60998676349e-07,false,true,false,true,0,NaN,958,37.6402069649|-31.3432232769|19.0110885391|24.8661615426|-31.1791583513|81.3950630181|-24.8370497300|50.0380623626|0.0567996515702|12.4640381766
932,VALID_CAMPAIGN,UNIFORM,4734724229069608772,10,REVOLUTE_ONLY,0.526100574211,-0.606923703302,0.588423466143,GUARDED_PRODUCTION,true,true,SUCCESS,NONE,42,true,true,2.14046363362e-07,false,false,false,false,0,46.0631477655,424917,-0.204664415127|1.45501305244|-2.60596001037|-0.753820540207|-0.485390385854|0.157619825703|-0.645907969838|-0.865281319534|0.0241029961048|0.0463607522032
932,VALID_CAMPAIGN,UNIFORM,4734724229069608772,10,REVOLUTE_ONLY,0.526100574211,-0.606923703302,0.588423466143,UNGUARDED_REFERENCE,true,false,CONVERGED_UNCERTIFIED,NO_GUARDS_OR_FINAL_CERTIFICATION,9,true,false,5.96708534077e-07,false,true,false,true,0,NaN,29375,31.4394492914|-32.3890400975|20.2133679659|23.4383286076|-1.12375606078|55.7778979368|-22.2765577766|46.0030171112|8.99632406640|7.69574116837
933,VALID_CAMPAIGN,NEAR_JOINT_LIMIT,-1556470585820321460,10,REVOLUTE_ONLY,-0.650961220848,-0.245262631916,0.285713986759,GUARDED_PRODUCTION,true,true,SUCCESS,NONE,39,true,true,7.60138823169e-10,false,false,false,false,0,3.00886280893,400917,-1.29571375214|0.988453150373|-2.48474091211|-0.608585428908|-0.274168832709|0.257772333440|-0.450061067613|-0.698753069875|0.175513751341|0.119273961532
933,VALID_CAMPAIGN,NEAR_JOINT_LIMIT,-1556470585820321460,10,REVOLUTE_ONLY,-0.650961220848,-0.245262631916,0.285713986759,UNGUARDED_REFERENCE,true,false,CONVERGED_UNCERTIFIED,NO_GUARDS_OR_FINAL_CERTIFICATION,8,true,false,1.44318731479e-07,false,true,false,true,0,NaN,26583,34.5242599996|-35.9149878708|20.3966527479|22.2872611437|-1.32324515332|55.7121092110|-21.2983504123|44.9902038464|10.2481002730|9.09490113227
934,VALID_CAMPAIGN,NEAR_SINGULARITY,6259540278568714445,10,REVOLUTE_ONLY,2.05791999827,-0.119999938915,0.360000038036,GUARDED_PRODUCTION,false,false,NO_CONVERGENCE,STAGNATION_WINDOW_EXCEEDED,106,true,true,1.18154698923,false,false,false,false,0,2.83873064009,1043250,-0.287067517096|0.819038328951|-2.67428074637|-1.78285383091|-0.510640081835|0.903025124423|-1.50746379655|-0.929180205193|-0.484390442644|-0.184268426575
934,VALID_CAMPAIGN,NEAR_SINGULARITY,6259540278568714445,10,REVOLUTE_ONLY,2.05791999827,-0.119999938915,0.360000038036,UNGUARDED_REFERENCE,true,false,CONVERGED_UNCERTIFIED,NO_GUARDS_OR_FINAL_CERTIFICATION,23,true,false,6.99945367623e-07,false,true,false,true,0,NaN,78000,25.0776220447|-31.3030847753|25.2870873575|18.5623406243|-12.7872183052|50.5039833291|-18.3165220799|49.7967404580|12.2702151105|12.7998619515
935,VALID_CAMPAIGN,MICRO_MOTION,-2227772883530219496,10,REVOLUTE_ONLY,2.05791998096,-0.119999328068,0.360000418397,GUARDED_PRODUCTION,false,false,NO_CONVERGENCE,STAGNATION_WINDOW_EXCEEDED,7,true,true,1.18313561410,false,false,false,false,0,5.18362495515,64000,-0.305524602963|0.809922456459|-2.67428074637|-1.78285383091|-0.561431700589|0.904200381347|-1.48477466992|-0.880816618182|-0.516627397473|-0.193098676166
935,VALID_CAMPAIGN,MICRO_MOTION,-2227772883530219496,10,REVOLUTE_ONLY,2.05791998096,-0.119999328068,0.360000418397,UNGUARDED_REFERENCE,true,false,CONVERGED_UNCERTIFIED,NO_GUARDS_OR_FINAL_CERTIFICATION,2,true,false,1.98206466463e-08,false,true,false,true,0,NaN,5625,25.0776202034|-31.3030842549|25.2870881060|18.5623417222|-12.7872128489|50.5039795725|-18.3165337745|49.7967520993|12.2702232479|12.7998552146
936,VALID_CAMPAIGN,UNIFORM,-4933839523807688787,10,REVOLUTE_ONLY,-0.141841438548,-0.117973966095,1.10540098490,GUARDED_PRODUCTION,false,false,NO_CONVERGENCE,STAGNATION_WINDOW_EXCEEDED,51,true,true,0.266188273579,false,false,false,false,4,5.07806700583,501875,-0.833480300531|0.698299679518|-2.67428074637|-1.27557708400|-0.265879296261|0.930394071975|-0.511859778548|-0.168775272743|-0.583566430304|-0.209030959064
936,VALID_CAMPAIGN,UNIFORM,-4933839523807688787,10,REVOLUTE_ONLY,-0.141841438548,-0.117973966095,1.10540098490,UNGUARDED_REFERENCE,true,false,CONVERGED_UNCERTIFIED,NO_GUARDS_OR_FINAL_CERTIFICATION,13,true,false,1.29182482788e-07,false,true,false,true,0,NaN,43167,25.9981318028|-34.2960557618|26.4891989678|12.2383135185|-32.2075748025|57.6003152713|19.3860679840|16.1288363151|-9.87434484284|32.7990576879
937,VALID_CAMPAIGN,NEAR_JOINT_LIMIT,-6774449587256525586,10,REVOLUTE_ONLY,-0.504518894119,0.0429907829847,0.0512523729666,GUARDED_PRODUCTION,true,true,SUCCESS,NONE,20,true,true,2.62669288339e-08,false,false,false,false,0,4.53857317963,193333,-0.976944521334|0.674437996066|-2.14930450463|-1.05241698347|-0.238730906171|0.943410586047|-0.386635828200|-0.0806973284311|-0.593246928819|-0.214193094867
937,VALID_CAMPAIGN,NEAR_JOINT_LIMIT,-6774449587256525586,10,REVOLUTE_ONLY,-0.504518894119,0.0429907829847,0.0512523729666,UNGUARDED_REFERENCE,true,false,CONVERGED_UNCERTIFIED,NO_GUARDS_OR_FINAL_CERTIFICATION,9,true,false,8.02570908599e-08,false,true,false,true,0,NaN,29833,22.2579720721|-33.1751319094|28.2941520667|10.5251277490|-35.2293677305|62.3228477068|21.9459529769|14.4057652494|-12.7350284763|39.6416952194
938,VALID_CAMPAIGN,NEAR_SINGULARITY,-8522198111342846517,10,REVOLUTE_ONLY,2.05791999827,-0.119999938915,0.360000038036,GUARDED_PRODUCTION,false,false,NO_CONVERGENCE,STAGNATION_WINDOW_EXCEEDED,141,true,true,0.794247910019,false,false,false,false,0,4.52832529958,1338250,-0.133397704994|-2.37713844122|-2.67428074637|-0.878042188484|0.746038149826|0.0439403804678|0.282086246008|-0.0448117127153|-0.181939243488|0.0104217461108
938,VALID_CAMPAIGN,NEAR_SINGULARITY,-8522198111342846517,10,REVOLUTE_ONLY,2.05791999827,-0.119999938915,0.360000038036,UNGUARDED_REFERENCE,true,false,CONVERGED_UNCERTIFIED,NO_GUARDS_OR_FINAL_CERTIFICATION,18,true,false,5.78299255037e-07,false,true,false,true,0,NaN,59750,18.7938560474|-37.6123821986|31.5740411207|5.98951780026|-31.3323422781|62.6992608797|19.3897231424|12.0932704317|-12.5378237235|37.5989065537
939,VALID_CAMPAIGN,MICRO_MOTION,-40434906458732649,10,REVOLUTE_ONLY,2.05791998096,-0.119999328068,0.360000418397,GUARDED_PRODUCTION,false,false,NO_CONVERGENCE,STAGNATION_WINDOW_EXCEEDED,7,true,true,0.870432523886,false,false,false,false,0,24.0516418521,63417,-0.0734884896018|-2.37713844122|-2.67428074637|-0.785133673819|0.687217953141|0.0143487518500|0.279627818565|-0.0696450971984|-0.168627552234|0.0155082579480
939,VALID_CAMPAIGN,MICRO_MOTION,-40434906458732649,10,REVOLUTE_ONLY,2.05791998096,-0.119999328068,0.360000418397,UNGUARDED_REFERENCE,true,false,CONVERGED_UNCERTIFIED,NO_GUARDS_OR_FINAL_CERTIFICATION,1,true,false,9.24928460956e-07,false,true,false,true,0,NaN,917,18.7938560474|-37.6123821986|31.5740411207|5.98951780026|-31.3323422781|62.6992608797|19.3897231424|12.0932704317|-12.5378237235|37.5989065537
940,VALID_CAMPAIGN,UNIFORM,2711562758492712541,10,REVOLUTE_ONLY,0.851584108840,0.366952912052,0.288799630251,GUARDED_PRODUCTION,true,true,SUCCESS,NONE,34,true,true,1.39553522222e-08,false,false,false,false,0,22.7875226478,337958,-0.974910697535|-1.30560837418|-2.55253977462|-1.13530571696|0.501040879664|-0.227009476570|0.243013812754|-0.0391563287705|-0.376023449495|-0.0917858387719
940,VALID_CAMPAIGN,UNIFORM,2711562758492712541,10,REVOLUTE_ONLY,0.851584108840,0.366952912052,0.288799630251,UNGUARDED_REFERENCE,true,false,CONVERGED_UNCERTIFIED,NO_GUARDS_OR_FINAL_CERTIFICATION,7,true,false,2.77212747918e-07,false,true,false,true,0,NaN,22125,20.0119476239|-38.6775609620|32.7077754146|3.26279746272|-19.8355273906|47.2621332025|39.7950256902|-8.57036024140|-5.51235276801|33.5192471821
941,VALID_CAMPAIGN,NEAR_JOINT_LIMIT,-3440952123736309768,10,REVOLUTE_ONLY,-0.501210929824,0.244076412037,0.395026684627,GUARDED_PRODUCTION,true,true,SUCCESS,NONE,49,true,true,3.44004194185e-09,false,false,false,false,0,4.64730179582,459583,-1.71527155826|-0.224192006596|-2.35235780903|-1.61165414170|0.154584770938|-0.741926029574|0.00255948557068|-0.168420192569|-0.826945138345|-0.345202242226
941,VALID_CAMPAIGN,NEAR_JOINT_LIMIT,-3440952123736309768,10,REVOLUTE_ONLY,-0.501210929824,0.244076412037,0.395026684627,UNGUARDED_REFERENCE,true,false,CONVERGED_UNCERTIFIED,NO_GUARDS_OR_FINAL_CERTIFICATION,12,true,false,2.98635983714e-08,false,true,false,true,0,NaN,37875,22.1168594785|-39.1589107233|33.7662985854|3.12797292667|-20.3996645667|47.2216298621|39.2580705118|-9.05831948274|-5.82143680315|33.6641680572
942,VALID_CAMPAIGN,NEAR_SINGULARITY,7481322479734246542,10,REVOLUTE_ONLY,2.05791999827,-0.119999938915,0.360000038036,GUARDED_PRODUCTION,false,false,NO_CONVERGENCE,STAGNATION_WINDOW_EXCEEDED,82,true,true,0.792430600195,false,false,false,false,0,3.72367343860,795000,-0.154376818553|-2.37713844122|-2.67428074637|-0.850461654057|0.780699109247|-0.00435663012733|0.281550106466|-0.0702710284452|-0.192855685905|0.000186764685920
942,VALID_CAMPAIGN,NEAR_SINGULARITY,7481322479734246542,10,REVOLUTE_ONLY,2.05791999827,-0.119999938915,0.360000038036,UNGUARDED_REFERENCE,true,false,CONVERGED_UNCERTIFIED,NO_GUARDS_OR_FINAL_CERTIFICATION,46,true,false,6.33695380466e-08,false,true,false,true,0,NaN,156959,18.7953503233|-50.1486065339|37.8910739644|5.95681234546|-19.0739876168|50.4330156918|38.1154127174|-12.8994942308|-6.11122605119|37.3047493684
943,VALID_CAMPAIGN,MICRO_MOTION,2312993036976118869,10,REVOLUTE_ONLY,2.05791998096,-0.119999328068,0.360000418397,GUARDED_PRODUCTION,false,false,NO_CONVERGENCE,STAGNATION_WINDOW_EXCEEDED,7,true,true,0.868893289884,false,false,false,false,0,24.1542799199,60333,-0.0865868948492|-2.37713844122|-2.67428074637|-0.762399983054|0.719947589721|-0.0257600154277|0.282792374602|-0.0882485080569|-0.172448227048|0.00984274676437
943,VALID_CAMPAIGN,MICRO_MOTION,2312993036976118869,10,REVOLUTE_ONLY,2.05791998096,-0.119999328068,0.360000418397,UNGUARDED_REFERENCE,true,false,CONVERGED_UNCERTIFIED,NO_GUARDS_OR_FINAL_CERTIFICATION,1,true,false,7.22749015866e-07,false,true,false,true,0,NaN,917,18.7953503233|-50.1486065339|37.8910739644|5.95681234546|-19.0739876168|50.4330156918|38.1154127174|-12.8994942308|-6.11122605119|37.3047493684
944,VALID_CAMPAIGN,UNIFORM,-8880989067677688536,10,REVOLUTE_ONLY,0.295162889119,0.672114942018,0.567551807424,GUARDED_PRODUCTION,true,true,SUCCESS,NONE,74,true,true,7.93405463297e-07,false,false,false,false,0,23.0043057255,680958,-0.484572875661|-1.19840647358|-2.67428074637|-1.17611319880|0.425805841009|-0.368772059352|0.151885019380|-0.151260446769|-0.407887540269|-0.112499461861
944,VALID_CAMPAIGN,UNIFORM,-8880989067677688536,10,REVOLUTE_ONLY,0.295162889119,0.672114942018,0.567551807424,UNGUARDED_REFERENCE,true,false,CONVERGED_UNCERTIFIED,NO_GUARDS_OR_FINAL_CERTIFICATION,6,true,false,9.42881954710e-07,false,true,false,true,0,NaN,18000,26.9166046932|-51.2004939224|46.0276220108|-7.15985327597|-37.2924293621|53.9168656527|55.4121388388|-26.7077911304|12.3083665979|2.82234233929
945,VALID_CAMPAIGN,NEAR_JOINT_LIMIT,4637863183875193365,10,REVOLUTE_ONLY,-0.151609051427,0.246310232911,-0.121481479907,GUARDED_PRODUCTION,true,true,SUCCESS,NONE,40,true,true,1.73048573233e-07,false,false,false,false,0,4.71599171496,379583,-1.26383770301|-0.672891237425|-1.65774758477|-1.41493566398|0.430684924094|-0.729923824954|-0.213669778003|-0.423506600690|-0.897173927994|-0.408299055131
945,VALID_CAMPAIGN,NEAR_JOINT_LIMIT,4637863183875193365,10,REVOLUTE_ONLY,-0.151609051427,0.246310232911,-0.121481479907,UNGUARDED_REFERENCE,true,false,CONVERGED_UNCERTIFIED,NO_GUARDS_OR_FINAL_CERTIFICATION,7,true,false,2.74922897119e-09,false,true,false,true,0,NaN,21667,27.5701162576|-52.1060862273|47.6265482950|-8.23655487458|-37.3588966812|53.5169992192|56.5714067034|-26.1502578421|12.4677101366|3.99186915548
946,VALID_CAMPAIGN,NEAR_SINGULARITY,-7264148060396119022,10,REVOLUTE_ONLY,2.05791999827,-0.119999938915,0.360000038036,GUARDED_PRODUCTION,false,false,NO_CONVERGENCE,STAGNATION_WINDOW_EXCEEDED,74,true,true,0.788273146792,false,false,false,false,0,5.06876727671,715917,-0.141744244873|-2.37713844122|-2.67428074637|-0.869560914134|0.860938234916|-0.0547483510466|0.288012217553|-0.0841700624089|-0.207848381630|-0.0138522529543
946,VALID_CAMPAIGN,NEAR_SINGULARITY,-7264148060396119022,10,REVOLUTE_ONLY,2.05791999827,-0.119999938915,0.360000038036,UNGUARDED_REFERENCE,true,false,CONVERGED_UNCERTIFIED,NO_GUARDS_OR_FINAL_CERTIFICATION,29,true,false,7.03936438784e-07,false,true,false,true,0,NaN,100375,31.3581408158|-50.1445631382|37.8620520085|-12.8711688677|-37.9793694585|56.8316024114|57.1179575785|-31.9154241843|-0.150962550380|0.0234157524353
947,VALID_CAMPAIGN,MICRO_MOTION,2565012065106130045,10,REVOLUTE_ONLY,2.05791998096,-0.119999328068,0.360000418397,GUARDED_PRODUCTION,false,false,NO_CONVERGENCE,STAGNATION_WINDOW_EXCEEDED,7,true,true,0.859225453192,false,false,false,false,0,24.7774998295,65292,-0.0824964265259|-2.37713844122|-2.67428074637|-0.777007012140|0.789194682658|-0.0729722720627|0.292477425226|-0.0980802319253|-0.179685237085|0.00117657753154
947,VALID_CAMPAIGN,MICRO_MOTION,2565012065106130045,10,REVOLUTE_ONLY,2.05791998096,-0.119999328068,0.360000418397,UNGUARDED_REFERENCE,true,false,CONVERGED_UNCERTIFIED,NO_GUARDS_OR_FINAL_CERTIFICATION,2,true,false,1.92573366185e-08,false,true,false,true,0,NaN,4291,31.3581400486|-50.1445632969|37.8620520229|-12.8711667951|-37.9793622405|56.8315959749|57.1179449796|-31.9154115967|-0.150960131776|0.0234159061460
948,VALID_CAMPAIGN,UNIFORM,2835576855355092716,10,REVOLUTE_ONLY,-0.421572944291,-0.416641403745,0.0357333606497,GUARDED_PRODUCTION,true,true,SUCCESS,NONE,217,true,true,9.30647246890e-07,false,false,false,false,0,23.7295627782,2099708,-3.14159265359|-1.38046919005|-1.85853183408|-1.78285383091|1.27623893806|-0.436913476764|0.112257857852|0.0491640909383|-1.68202571263|-0.911934136019
948,VALID_CAMPAIGN,UNIFORM,2835576855355092716,10,REVOLUTE_ONLY,-0.421572944291,-0.416641403745,0.0357333606497,UNGUARDED_REFERENCE,true,false,CONVERGED_UNCERTIFIED,NO_GUARDS_OR_FINAL_CERTIFICATION,7,true,false,3.73598073326e-07,false,true,false,true,0,NaN,26417,33.3251478750|-47.6150027170|36.9816093262|-19.7986610106|-62.9196881409|79.7788647958|100.856780662|-74.2822556070|-7.91457776687|0.0290679953828
949,VALID_CAMPAIGN,NEAR_JOINT_LIMIT,-591036037723365450,10,REVOLUTE_ONLY,-0.171680720754,-0.359842611753,0.565058246849,GUARDED_PRODUCTION,true,true,SUCCESS,NONE,26,true,true,4.68268012672e-07,false,false,false,false,0,2.42033954035,305125,-2.88569807633|-1.17553791584|-2.53972062260|-1.78285383091|1.11371100083|-0.540778859248|0.0688837282231|0.0479224114494|-1.62022299513|-0.858118208623
949,VALID_CAMPAIGN,NEAR_JOINT_LIMIT,-591036037723365450,10,REVOLUTE_ONLY,-0.171680720754,-0.359842611753,0.565058246849,UNGUARDED_REFERENCE,true,false,CONVERGED_UNCERTIFIED,NO_GUARDS_OR_FINAL_CERTIFICATION,6,true,false,1.58196341575e-08,false,true,false,true,0,NaN,19916,33.3066819310|-47.4381117367|37.9206988171|-19.7096253286|-63.0651803882|79.5902137634|100.955975367|-74.3591187032|-7.74960247223|0.0962367403032
950,VALID_CAMPAIGN,NEAR_SINGULARITY,4681572380719446561,10,REVOLUTE_ONLY,2.05791999827,-0.119999938915,0.360000038036,GUARDED_PRODUCTION,false,false,NO_CONVERGENCE,STAGNATION_WINDOW_EXCEEDED,88,true,true,0.802839216172,false,false,false,false,0,2.55751162867,855500,-0.171898234878|-2.37713844122|-2.67428074637|-0.818366051745|0.944000259320|-0.102246087112|0.268989016613|-0.0626954939618|-0.257756322455|-0.0447432698109
950,VALID_CAMPAIGN,NEAR_SINGULARITY,4681572380719446561,10,REVOLUTE_ONLY,2.05791999827,-0.119999938915,0.360000038036,UNGUARDED_REFERENCE,true,false,CONVERGED_UNCERTIFIED,NO_GUARDS_OR_FINAL_CERTIFICATION,33,true,false,5.69002330276e-08,false,true,false,true,0,NaN,113000,37.6465923602|-56.4485259104|44.1257927782|-6.50475745928|-69.2071792772|81.7891648731|100.688735280|-75.4970007827|-12.9847531945|-5.82780672839
951,VALID_CAMPAIGN,MICRO_MOTION,5342029877315681427,10,REVOLUTE_ONLY,2.05791998096,-0.119999328068,0.360000418397,GUARDED_PRODUCTION,false,false,NO_CONVERGENCE,STAGNATION_WINDOW_EXCEEDED,7,true,true,0.855188729058,false,false,false,false,0,25.1705784364,63709,-0.112666157283|-2.37713844122|-2.67428074637|-0.736491454701|0.857301223120|-0.117715265988|0.270877700899|-0.0828493239921|-0.210227754490|-0.0166774800453
951,VALID_CAMPAIGN,MICRO_MOTION,5342029877315681427,10,REVOLUTE_ONLY,2.05791998096,-0.119999328068,0.360000418397,UNGUARDED_REFERENCE,true,false,CONVERGED_UNCERTIFIED,NO_GUARDS_OR_FINAL_CERTIFICATION,1,true,false,7.22268872586e-07,false,true,false,true,0,NaN,916,37.6465923602|-56.4485259104|44.1257927782|-6.50475745928|-69.2071792772|81.7891648731|100.688735280|-75.4970007827|-12.9847531945|-5.82780672839
952,VALID_CAMPAIGN,UNIFORM,8031384509557587424,10,REVOLUTE_ONLY,-0.840672031211,0.588788327117,-0.343339519685,GUARDED_PRODUCTION,true,true,SUCCESS,NONE,77,true,true,9.65495544315e-09,false,false,false,false,0,24.5114429473,747959,1.49249223228|-1.58203708178|-2.45490318383|-0.710350493775|0.618791883219|-0.286890817833|0.326634234875|-0.0352515332273|-0.267440060549|-0.0394836809659
952,VALID_CAMPAIGN,UNIFORM,8031384509557587424,10,REVOLUTE_ONLY,-0.840672031211,0.588788327117,-0.343339519685,UNGUARDED_REFERENCE,true,false,CONVERGED_UNCERTIFIED,NO_GUARDS_OR_FINAL_CERTIFICATION,8,true,false,5.26419909541e-08,false,true,false,true,0,NaN,25666,52.5543036296|-62.3435614715|42.9365354482|-3.69392797468|-73.2672320673|70.5358942549|85.9408900895|-61.5650500204|-68.4039355963|61.2793489031
953,VALID_CAMPAIGN,NEAR_JOINT_LIMIT,-7319635263169506004,10,REVOLUTE_ONLY,-0.0182193977316,0.110362683314,0.404983291545,GUARDED_PRODUCTION,true,true,SUCCESS,NONE,109,true,true,8.78129815279e-07,false,false,false,false,0,5.89447168071,1057708,-0.804161218651|-0.879848870737|-2.67428074637|-1.59321906064|0.691825607422|-0.913416103245|0.358996373716|0.202696392332|-1.56601886319|-0.801105114818
953,VALID_CAMPAIGN,NEAR_JOINT_LIMIT,-7319635263169506004,10,REVOLUTE_ONLY,-0.0182193977316,0.110362683314,0.404983291545,UNGUARDED_REFERENCE,true,false,CONVERGED_UNCERTIFIED,NO_GUARDS_OR_FINAL_CERTIFICATION,8,true,false,1.03764008848e-08,false,true,false,true,0,NaN,26000,51.2972629321|-59.7810503578|40.0448201616|-3.26080617171|-75.6843739822|72.0857993038|82.5995562478|-60.1665480228|-67.3678055627|58.3003998571
954,VALID_CAMPAIGN,NEAR_SINGULARITY,4919270356620375935,10,REVOLUTE_ONLY,2.05791999827,-0.119999938915,0.360000038036,GUARDED_PRODUCTION,false,false,NO_CONVERGENCE,STAGNATION_WINDOW_EXCEEDED,76,true,true,0.830702100291,false,false,false,false,0,3.52604829670,738542,-0.0741065865363|-2.37713844122|-2.67428074637|-0.896099840415|1.06141353342|-0.139443863058|0.285457839409|-0.0499963692771|-0.425154504238|-0.186173991700
954,VALID_CAMPAIGN,NEAR_SINGULARITY,4919270356620375935,10,REVOLUTE_ONLY,2.05791999827,-0.119999938915,0.360000038036,UNGUARDED_REFERENCE,true,false,CONVERGED_UNCERTIFIED,NO_GUARDS_OR_FINAL_CERTIFICATION,48,true,false,8.95396503762e-08,false,true,false,true,0,NaN,159875,56.4888924626|-56.4274618827|37.8346359698|-0.180717108998|-75.6594841573|69.3753920213|87.8705011238|-56.3874275960|-62.9733903651|56.5762194488
955,VALID_CAMPAIGN,MICRO_MOTION,3597145738688954910,10,REVOLUTE_ONLY,2.05791998096,-0.119999328068,0.360000418397,GUARDED_PRODUCTION,false,false,NO_CONVERGENCE,STAGNATION_WINDOW_EXCEEDED,7,true,true,0.869661077024,false,false,false,false,0,19.3085745669,63458,-0.0295331174637|-2.37713844122|-2.67428074637|-0.816844195681|0.984860765371|-0.136318998101|0.284649647434|-0.0718662492930|-0.322580429398|-0.117700501766
955,VALID_CAMPAIGN,MICRO_MOTION,3597145738688954910,10,REVOLUTE_ONLY,2.05791998096,-0.119999328068,0.360000418397,UNGUARDED_REFERENCE,true,false,CONVERGED_UNCERTIFIED,NO_GUARDS_OR_FINAL_CERTIFICATION,1,true,false,7.25825570575e-07,false,true,false,true,0,NaN,917,56.4888924626|-56.4274618827|37.8346359698|-0.180717108998|-75.6594841573|69.3753920213|87.8705011238|-56.3874275960|-62.9733903651|56.5762194488
956,VALID_CAMPAIGN,UNIFORM,-554992607268215526,10,REVOLUTE_ONLY,-1.06780829151,0.622952958222,-0.960358484613,GUARDED_PRODUCTION,true,true,SUCCESS,NONE,123,true,true,7.85635400676e-07,false,false,false,false,0,22.4613197043,1176250,3.14159265359|-1.17233081508|-1.22280042458|-0.260142337090|0.755188149233|-0.116706222388|0.337263573559|-0.107303971476|-0.154961412098|-0.0140175214498
956,VALID_CAMPAIGN,UNIFORM,-554992607268215526,10,REVOLUTE_ONLY,-1.06780829151,0.622952958222,-0.960358484613,UNGUARDED_REFERENCE,true,false,CONVERGED_UNCERTIFIED,NO_GUARDS_OR_FINAL_CERTIFICATION,34,true,false,1.70422580698e-08,false,true,false,true,0,NaN,118542,59.1364219730|-49.9985774916|48.5959835456|19.4237913761|-100.774699114|100.646222833|31.0505738439|12.7177834867|-68.2415941013|61.5352254665
957,VALID_CAMPAIGN,NEAR_JOINT_LIMIT,7461449641016556385,10,REVOLUTE_ONLY,-0.109360893516,0.0229611229019,0.504056648788,GUARDED_PRODUCTION,true,true,SUCCESS,NONE,100,true,true,1.05127221136e-07,false,false,false,false,0,11.6166330910,998792,2.34009282823|-0.735000305992|-2.50647339407|-0.848803648952|0.513567544726|-0.171022845067|-0.949833064386|-1.14375626254|-0.476927183355|-0.153068722186
957,VALID_CAMPAIGN,NEAR_JOINT_LIMIT,7461449641016556385,10,REVOLUTE_ONLY,-0.109360893516,0.0229611229019,0.504056648788,UNGUARDED_REFERENCE,true,false,CONVERGED_UNCERTIFIED,NO_GUARDS_OR_FINAL_CERTIFICATION,11,true,false,1.93191162508e-09,false,true,false,true,0,NaN,35750,59.1333505694|-47.8842544913|40.8084915875|28.0688936363|-103.106900186|100.380277332|27.0067763932|13.1645724233|-63.6285025644|55.8192477529
958,VALID_CAMPAIGN,NEAR_SINGULARITY,-3964013150277835834,10,REVOLUTE_ONLY,2.05791999827,-0.119999938915,0.360000038036,GUARDED_PRODUCTION,false,false,NO_CONVERGENCE,STAGNATION_WINDOW_EXCEEDED,103,true,true,0.759599679540,false,false,false,false,0,2.85408673352,1022500,0.0904677576542|2.05316542566|-2.67428074637|-0.651692110448|-0.680377507513|-0.228385326115|0.172586832073|-0.181074427244|-0.244567025787|0.0541314035529
958,VALID_CAMPAIGN,NEAR_SINGULARITY,-3964013150277835834,10,REVOLUTE_ONLY,2.05791999827,-0.119999938915,0.360000038036,UNGUARDED_REFERENCE,true,false,CONVERGED_UNCERTIFIED,NO_GUARDS_OR_FINAL_CERTIFICATION,37,true,false,1.24537556262e-07,false,true,false,true,0,NaN,130541,50.2066644369|-18.7413729500|44.1278082926|24.9083362910|-106.964683161|94.4287440262|31.5820446125|12.4573278223|-56.9731593913|56.9988130666
959,VALID_CAMPAIGN,MICRO_MOTION,5403004625568681414,10,REVOLUTE_ONLY,2.05791998096,-0.119999328068,0.360000418397,GUARDED_PRODUCTION,false,false,NO_CONVERGENCE,STAGNATION_WINDOW_EXCEEDED,7,true,true,0.780552328107,false,false,false,false,0,35.3530954861,64625,0.0476772970445|2.20411204678|-2.67428074637|-0.611602615547|-0.693948916439|-0.134513836798|0.202656438261|-0.160489048892|-0.165108183460|0.0798850289860
959,VALID_CAMPAIGN,MICRO_MOTION,5403004625568681414,10,REVOLUTE_ONLY,2.05791998096,-0.119999328068,0.360000418397,UNGUARDED_REFERENCE,true,false,CONVERGED_UNCERTIFIED,NO_GUARDS_OR_FINAL_CERTIFICATION,1,true,false,7.31045331412e-07,false,true,false,true,0,NaN,958,50.2066644369|-18.7413729500|44.1278082926|24.9083362910|-106.964683161|94.4287440262|31.5820446125|12.4573278223|-56.9731593913|56.9988130666
960,VALID_CAMPAIGN,UNIFORM,-4391299503690130718,10,REVOLUTE_ONLY,-1.11909661180,-0.481533948986,0.299145625861,GUARDED_PRODUCTION,true,true,SUCCESS,NONE,128,true,true,8.88976667346e-07,false,false,false,false,0,56.2563004094,1371584,-1.86627754354|1.40651969858|-2.67428074637|-0.860687525054|-0.394577567679|-0.0453490044907|0.0799189443902|-0.247871328420|-0.184679061244|0.0771268515798
960,VALID_CAMPAIGN,UNIFORM,-4391299503690130718,10,REVOLUTE_ONLY,-1.11909661180,-0.481533948986,0.299145625861,UNGUARDED_REFERENCE,true,false,CONVERGED_UNCERTIFIED,NO_GUARDS_OR_FINAL_CERTIFICATION,11,true,false,3.32829266327e-09,false,true,false,true,0,NaN,41500,47.4126923823|-18.0977144039|50.1547109585|27.7758809663|-109.227816867|109.195570906|16.7184302057|24.7347892531|-108.643184471|133.159918211
961,VALID_CAMPAIGN,NEAR_JOINT_LIMIT,7244978327707446737,10,REVOLUTE_ONLY,-0.330645365963,-0.229393351000,0.0530193062372,GUARDED_PRODUCTION,true,true,SUCCESS,NONE,44,true,true,2.96595433942e-08,false,false,false,false,0,6.08868144752,499583,-0.251691919580|0.784838077300|-1.98478162536|-1.01773369390|0.110799333038|0.413926695296|-0.324975900946|-0.610681928259|0.0332980569182|0.208246545688
961,VALID_CAMPAIGN,NEAR_JOINT_LIMIT,7244978327707446737,10,REVOLUTE_ONLY,-0.330645365963,-0.229393351000,0.0530193062372,UNGUARDED_REFERENCE,true,false,CONVERGED_UNCERTIFIED,NO_GUARDS_OR_FINAL_CERTIFICATION,6,true,false,1.04541357717e-07,false,true,false,true,0,NaN,19500,46.9410200749|-15.7276868811|48.4318359926|29.5302588373|-108.136102301|110.756667993|16.1810285577|24.1766774416|-111.297793080|133.545021526
962,VALID_CAMPAIGN,NEAR_SINGULARITY,-5855156055881076703,10,REVOLUTE_ONLY,2.05791999827,-0.119999938915,0.360000038036,GUARDED_PRODUCTION,false,false,NO_CONVERGENCE,STAGNATION_WINDOW_EXCEEDED,85,true,true,0.685406786949,false,false,false,false,0,3.45335088223,830500,-0.0228533244882|2.20941363056|-2.67428074637|-0.838767035769|-0.765671106784|-0.0517957257317|0.199766069068|-0.144395086352|-0.212160363837|0.0712377720478
962,VALID_CAMPAIGN,NEAR_SINGULARITY,-5855156055881076703,10,REVOLUTE_ONLY,2.05791999827,-0.119999938915,0.360000038036,UNGUARDED_REFERENCE,true,false,CONVERGED_UNCERTIFIED,NO_GUARDS_OR_FINAL_CERTIFICATION,91,true,false,2.92310848437e-07,false,true,false,true,0,NaN,497125,37.6364354824|0.136650427094|50.4520742517|37.3749951120|-100.951317083|100.961577010|19.2734096565|31.0820917470|-100.647574121|144.456636509
963,VALID_CAMPAIGN,MICRO_MOTION,9125567899217625468,10,REVOLUTE_ONLY,2.05791998096,-0.119999328068,0.360000418397,GUARDED_PRODUCTION,false,false,NO_CONVERGENCE,STAGNATION_WINDOW_EXCEEDED,7,true,true,0.736746241309,false,false,false,false,0,44.1531152096,66292,-0.0329057786993|2.29869858772|-2.67428074637|-0.717428245550|-0.774383302708|0.00184291318002|0.235831881228|-0.133693851519|-0.153573398666|0.0802108619260
963,VALID_CAMPAIGN,MICRO_MOTION,9125567899217625468,10,REVOLUTE_ONLY,2.05791998096,-0.119999328068,0.360000418397,UNGUARDED_REFERENCE,true,false,CONVERGED_UNCERTIFIED,NO_GUARDS_OR_FINAL_CERTIFICATION,1,true,false,7.77773672142e-07,false,true,false,true,0,NaN,1042,37.6364354824|0.136650427094|50.4520742517|37.3749951120|-100.951317083|100.961577010|19.2734096565|31.0820917470|-100.647574121|144.456636509
964,VALID_CAMPAIGN,UNIFORM,3666751554163465542,10,REVOLUTE_ONLY,0.186821339954,0.0619861216552,0.177240148602,GUARDED_PRODUCTION,true,true,SUCCESS,NONE,127,true,true,7.53899151472e-07,false,false,false,false,0,66.5943984504,1200042,0.0470478276915|2.37713844122|-2.10324777113|-1.78285383091|-0.482021167757|-0.367808858542|-1.72328268457|-1.29803961134|0.185541285041|0.223765376229
964,VALID_CAMPAIGN,UNIFORM,3666751554163465542,10,REVOLUTE_ONLY,0.186821339954,0.0619861216552,0.177240148602,UNGUARDED_REFERENCE,true,false,CONVERGED_UNCERTIFIED,NO_GUARDS_OR_FINAL_CERTIFICATION,9,true,false,1.51706454234e-09,false,true,false,true,0,NaN,28458,35.3960198819|2.91252447688|57.2876978911|24.7663748803|-128.500159056|137.727987173|37.8102154385|16.2863179669|-100.393591718|137.045647363
965,VALID_CAMPAIGN,NEAR_JOINT_LIMIT,-6824285944871411122,10,REVOLUTE_ONLY,-0.184207321364,-0.467865396656,0.331522897185,GUARDED_PRODUCTION,true,true,SUCCESS,NONE,67,true,true,2.37969530107e-07,false,false,false,false,0,3.60785619974,604375,-1.50281142204|2.37713844122|-2.36358223683|-1.45682716927|-0.443997664341|-1.05157931240|-1.78285383091|-1.50067794247|0.621208901462|0.344451523303
965,VALID_CAMPAIGN,NEAR_JOINT_LIMIT,-6824285944871411122,10,REVOLUTE_ONLY,-0.184207321364,-0.467865396656,0.331522897185,UNGUARDED_REFERENCE,true,false,CONVERGED_UNCERTIFIED,NO_GUARDS_OR_FINAL_CERTIFICATION,7,true,false,6.83008048991e-10,false,true,false,true,0,NaN,22417,34.6543850507|2.93486106057|58.0774416226|24.1571047729|-127.674199414|138.499500884|38.3464773635|16.0863025537|-100.670283854|136.278815138
966,VALID_CAMPAIGN,NEAR_SINGULARITY,7967093656294779454,10,REVOLUTE_ONLY,2.05791999827,-0.119999938915,0.360000038036,GUARDED_PRODUCTION,false,false,NO_CONVERGENCE,STAGNATION_WINDOW_EXCEEDED,137,true,true,0.878365415511,false,false,false,false,0,2.14895859927,1380959,0.00997966857935|2.21920359947|-2.67428074637|-0.369115716158|-0.597622341673|-0.578243328671|0.144192546206|-0.343842345901|0.680188534329|-0.116583613682
966,VALID_CAMPAIGN,NEAR_SINGULARITY,7967093656294779454,10,REVOLUTE_ONLY,2.05791999827,-0.119999938915,0.360000038036,UNGUARDED_REFERENCE,true,false,CONVERGED_UNCERTIFIED,NO_GUARDS_OR_FINAL_CERTIFICATION,20,true,false,5.90973552013e-07,false,true,false,true,0,NaN,68250,37.6386014563|6.38883786289|63.0174792829|31.0853466181|-125.750651176|138.269608846|31.9329028698|12.1311692465|-100.387108696|137.918470524
967,VALID_CAMPAIGN,MICRO_MOTION,-22950900841712209,10,REVOLUTE_ONLY,2.05791998096,-0.119999328068,0.360000418397,GUARDED_PRODUCTION,false,false,NO_CONVERGENCE,STAGNATION_WINDOW_EXCEEDED,7,true,true,0.881673276995,false,false,false,false,0,21.0275737810,66750,0.0269531219827|2.23711241399|-2.67428074637|-0.394923004928|-0.585116679230|-0.495214731040|0.184564405704|-0.293000066936|0.543766977279|-0.169561714305
967,VALID_CAMPAIGN,MICRO_MOTION,-22950900841712209,10,REVOLUTE_ONLY,2.05791998096,-0.119999328068,0.360000418397,UNGUARDED_REFERENCE,true,false,CONVERGED_UNCERTIFIED,NO_GUARDS_OR_FINAL_CERTIFICATION,1,true,false,9.34711115582e-07,false,true,false,true,0,NaN,916,37.6386014563|6.38883786289|63.0174792829|31.0853466181|-125.750651176|138.269608846|31.9329028698|12.1311692465|-100.387108696|137.918470524
968,VALID_CAMPAIGN,UNIFORM,5240642731355109366,10,REVOLUTE_ONLY,-0.0929141669345,1.10770845434,0.870766321332,GUARDED_PRODUCTION,false,false,MAX_ITERATIONS_REACHED,MAX_ITERATIONS_LIMIT_REACHED,800,true,true,0.000378856733661,false,false,false,false,0,27.9549490873,7208958,1.61612952403|2.10306606460|-2.67428074637|-1.78285383091|-0.529548747659|-0.105476064371|0.123182442523|-0.149326010737|0.0830340618270|-0.172923755359
968,VALID_CAMPAIGN,UNIFORM,5240642731355109366,10,REVOLUTE_ONLY,-0.0929141669345,1.10770845434,0.870766321332,UNGUARDED_REFERENCE,true,false,CONVERGED_UNCERTIFIED,NO_GUARDS_OR_FINAL_CERTIFICATION,18,true,false,1.52102216955e-08,false,true,false,true,0,NaN,68625,33.0855569333|6.48443071162|70.3010069686|18.0590913585|-121.340955274|134.547903219|64.4671629946|-14.2994304208|-72.0060478388|109.270384023
969,VALID_CAMPAIGN,NEAR_JOINT_LIMIT,-4509427194279876632,10,REVOLUTE_ONLY,0.117260791717,0.00335834775356,-0.0667106520665,GUARDED_PRODUCTION,true,true,SUCCESS,NONE,64,true,true,1.69708900680e-07,false,false,false,false,0,11.1242316774,673708,3.00399804934|1.33498650890|-0.980259628363|-1.70333905719|0.274152519247|0.675873792366|-0.419188270753|-0.627588554716|0.602741042687|0.0591568802130
969,VALID_CAMPAIGN,NEAR_JOINT_LIMIT,-4509427194279876632,10,REVOLUTE_ONLY,0.117260791717,0.00335834775356,-0.0667106520665,UNGUARDED_REFERENCE,true,false,CONVERGED_UNCERTIFIED,NO_GUARDS_OR_FINAL_CERTIFICATION,9,true,false,2.48252383579e-09,false,true,false,true,0,NaN,32500,32.1840881967|5.58698064222|72.0589038471|15.9373004665|-123.805030288|140.671480057|67.7923021268|-18.4586647954|-76.0813026712|112.849021605
970,VALID_CAMPAIGN,NEAR_SINGULARITY,-4535486506955820931,10,REVOLUTE_ONLY,2.05791999827,-0.119999938915,0.360000038036,GUARDED_PRODUCTION,false,false,NO_CONVERGENCE,STAGNATION_WINDOW_EXCEEDED,109,true,true,0.800070298938,false,false,false,false,0,2.81013930043,982959,-0.0271697037464|2.37713844122|-2.66531563178|-1.07588700875|-0.0599702696648|-0.209766318653|0.360804099905|-0.0421896186659|-0.140316378933|-0.196734333397
970,VALID_CAMPAIGN,NEAR_SINGULARITY,-4535486506955820931,10,REVOLUTE_ONLY,2.05791999827,-0.119999938915,0.360000038036,UNGUARDED_REFERENCE,true,false,CONVERGED_UNCERTIFIED,NO_GUARDS_OR_FINAL_CERTIFICATION,44,true,false,2.90741480029e-07,false,true,false,true,0,NaN,160084,31.3618855092|-6.17803908933|81.8144310633|18.6792366081|-119.502992283|144.619573008|81.5499056441|-18.6560530151|-81.8202854909|106.873840446
971,VALID_CAMPAIGN,MICRO_MOTION,4524225391191171443,10,REVOLUTE_ONLY,2.05791998096,-0.119999328068,0.360000418397,GUARDED_PRODUCTION,false,false,NO_CONVERGENCE,STAGNATION_WINDOW_EXCEEDED,7,true,true,0.823956270884,false,false,false,false,0,14.5141147605,63459,-0.148503653322|2.37713844122|-2.67428074637|-0.980727234927|-0.175680966697|-0.254972420248|0.339406375472|-0.0741727282609|-0.129174006696|-0.174630620399
971,VALID_CAMPAIGN,MICRO_MOTION,4524225391191171443,10,REVOLUTE_ONLY,2.05791998096,-0.119999328068,0.360000418397,UNGUARDED_REFERENCE,true,false,CONVERGED_UNCERTIFIED,NO_GUARDS_OR_FINAL_CERTIFICATION,1,true,false,7.77417466633e-07,false,true,false,true,0,NaN,1125,31.3618855092|-6.17803908933|81.8144310633|18.6792366081|-119.502992283|144.619573008|81.5499056441|-18.6560530151|-81.8202854909|106.873840446
972,VALID_CAMPAIGN,UNIFORM,7925734288466727909,10,REVOLUTE_ONLY,1.28736012145,-0.802869570402,0.0388256624818,GUARDED_PRODUCTION,false,false,NO_CONVERGENCE,STAGNATION_WINDOW_EXCEEDED,17,true,true,0.105571373503,false,false,false,false,13,20.2004821750,150875,-0.469736480206|2.37713844122|-2.67428074637|-0.749831901341|-0.359014244986|-0.249306234304|0.305853689102|-0.129631253025|-0.0722736928080|-0.108485629870
972,VALID_CAMPAIGN,UNIFORM,7925734288466727909,10,REVOLUTE_ONLY,1.28736012145,-0.802869570402,0.0388256624818,UNGUARDED_REFERENCE,true,false,CONVERGED_UNCERTIFIED,NO_GUARDS_OR_FINAL_CERTIFICATION,11,true,false,5.30148643648e-09,false,true,false,true,0,NaN,37250,42.8214609408|-11.6742602264|87.9426164572|24.4746453935|-124.288023950|142.627023644|63.4249089873|-2.51283174611|-85.1408352135|107.150018145
973,VALID_CAMPAIGN,NEAR_JOINT_LIMIT,1391483742356563238,10,REVOLUTE_ONLY,-0.582323277801,0.243717594358,0.265054867069,GUARDED_PRODUCTION,true,true,SUCCESS,NONE,104,true,true,3.64887043574e-11,false,false,false,false,0,37.8781826873,916292,1.53343200241|0.641660191394|-2.18062992443|-1.67746719349|0.763997552615|0.790598222970|-0.421484863096|-0.645992186523|0.530796678245|0.144483788420
973,VALID_CAMPAIGN,NEAR_JOINT_LIMIT,1391483742356563238,10,REVOLUTE_ONLY,-0.582323277801,0.243717594358,0.265054867069,UNGUARDED_REFERENCE,true,false,CONVERGED_UNCERTIFIED,NO_GUARDS_OR_FINAL_CERTIFICATION,8,true,false,3.48188757013e-10,false,true,false,true,0,NaN,23750,36.0269592521|-2.36755943304|87.7374030846|24.0131818231|-123.202063765|140.453989685|64.8190528958|-1.60782722480|-84.8628631620|107.923166822
974,VALID_CAMPAIGN,NEAR_SINGULARITY,2109967892205860568,10,REVOLUTE_ONLY,2.05791999827,-0.119999938915,0.360000038036,GUARDED_PRODUCTION,false,false,NO_CONVERGENCE,STAGNATION_WINDOW_EXCEEDED,107,true,true,0.690619619049,false,false,false,false,0,3.34705571780,942500,-0.0187531609729|2.31002626997|-2.67428074637|-0.816286998605|-0.714094695066|-0.0341293723611|0.208745040243|-0.111322294988|-0.0943042765091|-0.0888931979153
974,VALID_CAMPAIGN,NEAR_SINGULARITY,2109967892205860568,10,REVOLUTE_ONLY,2.05791999827,-0.119999938915,0.360000038036,UNGUARDED_REFERENCE,true,false,CONVERGED_UNCERTIFIED,NO_GUARDS_OR_FINAL_CERTIFICATION,26,true,false,9.70955389361e-08,false,true,false,true,0,NaN,85250,43.9214430023|-12.4287696862|88.1308660135|24.8484369427|-119.819351745|138.690291864|63.1727004187|-0.260278332960|-81.9174528203|106.922398572
975,VALID_CAMPAIGN,MICRO_MOTION,6527143645276136083,10,REVOLUTE_ONLY,2.05791998096,-0.119999328068,0.360000418397,GUARDED_PRODUCTION,false,false,NO_CONVERGENCE,STAGNATION_WINDOW_EXCEEDED,7,true,true,0.751556824003,false,false,false,false,0,48.5399279526,59959,-0.0245715789463|2.36360688315|-2.67428074637|-0.681801266158|-0.727430108312|0.00764520383680|0.232248377968|-0.120770170514|-0.0603382102923|-0.0519353480753
975,VALID_CAMPAIGN,MICRO_MOTION,6527143645276136083,10,REVOLUTE_ONLY,2.05791998096,-0.119999328068,0.360000418397,UNGUARDED_REFERENCE,true,false,CONVERGED_UNCERTIFIED,NO_GUARDS_OR_FINAL_CERTIFICATION,1,true,false,7.26702659698e-07,false,true,false,true,0,NaN,1041,43.9214430023|-12.4287696862|88.1308660135|24.8484369427|-119.819351745|138.690291864|63.1727004187|-0.260278332960|-81.9174528203|106.922398572
976,VALID_CAMPAIGN,UNIFORM,3688910551854144571,10,REVOLUTE_ONLY,0.463420845046,0.101105902445,0.271600638738,GUARDED_PRODUCTION,true,true,SUCCESS,NONE,67,true,true,1.71104066323e-07,false,false,false,false,0,70.7002152273,582167,-0.0351484001939|2.37713844122|-1.79511076733|-1.30637551291|-0.523678986996|-0.00606519229565|-1.18946572173|-1.29593975918|0.0573614463103|-0.0397196183148
976,VALID_CAMPAIGN,UNIFORM,3688910551854144571,10,REVOLUTE_ONLY,0.463420845046,0.101105902445,0.271600638738,UNGUARDED_REFERENCE,true,false,CONVERGED_UNCERTIFIED,NO_GUARDS_OR_FINAL_CERTIFICATION,6,true,false,1.04001193858e-09,false,true,false,true,0,NaN,17500,43.7805447121|-9.68462779477|90.1317880741|19.7361868755|-149.554094297|170.872337319|72.2089847647|-6.91320855360|-92.4385185371|113.194600481
977,VALID_CAMPAIGN,NEAR_JOINT_LIMIT,614736270911012024,10,REVOLUTE_ONLY,-0.617332375575,-0.363627572243,0.0438341698656,GUARDED_PRODUCTION,true,true,SUCCESS,NONE,103,true,true,5.70829684660e-07,false,false,false,false,0,2.15836676694,849834,-2.33680282517|2.37713844122|-2.01697134195|-1.29889865382|-0.708368039386|-1.17802124157|-1.78285383091|-1.68666643959|0.887586135539|0.314100019618
977,VALID_CAMPAIGN,NEAR_JOINT_LIMIT,614736270911012024,10,REVOLUTE_ONLY,-0.617332375575,-0.363627572243,0.0438341698656,UNGUARDED_REFERENCE,true,false,CONVERGED_UNCERTIFIED,NO_GUARDS_OR_FINAL_CERTIFICATION,8,true,false,1.50711761414e-09,false,true,false,true,0,NaN,26417,41.7213451518|-6.82954165124|91.0019743760|21.0497801641|-150.250842360|169.047536905|71.1761099300|-7.24057263364|-91.4155172521|113.903835278
978,VALID_CAMPAIGN,NEAR_SINGULARITY,5131990760413149220,10,REVOLUTE_ONLY,2.05791999827,-0.119999938915,0.360000038036,GUARDED_PRODUCTION,false,false,NO_CONVERGENCE,STAGNATION_WINDOW_EXCEEDED,147,true,true,0.735187872910,false,false,false,false,0,3.65971563570,1508042,-0.0105360930519|2.14196705476|-2.67428074637|-0.799234546634|-0.773283487608|-0.347595213476|0.309857406461|-0.250289490125|0.343808720192|-0.156041198346
978,VALID_CAMPAIGN,NEAR_SINGULARITY,5131990760413149220,10,REVOLUTE_ONLY,2.05791999827,-0.119999938915,0.360000038036,UNGUARDED_REFERENCE,true,false,CONVERGED_UNCERTIFIED,NO_GUARDS_OR_FINAL_CERTIFICATION,37,true,false,4.34437400191e-07,false,true,false,true,0,NaN,138459,31.3584563497|-12.4276552056|88.1344096064|24.8432450929|-151.255369757|163.828394259|69.4507233378|-6.53512154536|-88.1383904961|113.113858608
979,VALID_CAMPAIGN,MICRO_MOTION,-9150802699514703172,10,REVOLUTE_ONLY,2.05791998096,-0.119999328068,0.360000418397,GUARDED_PRODUCTION,false,false,NO_CONVERGENCE,STAGNATION_WINDOW_EXCEEDED,7,true,true,0.750607831666,false,false,false,false,0,39.2781518230,81208,-0.00825506758105|2.22151552205|-2.67428074637|-0.726560846312|-0.746442227051|-0.231490485598|0.309156078561|-0.230004371132|0.234873547822|-0.174566785482
979,VALID_CAMPAIGN,MICRO_MOTION,-9150802699514703172,10,REVOLUTE_ONLY,2.05791998096,-0.119999328068,0.360000418397,UNGUARDED_REFERENCE,true,false,CONVERGED_UNCERTIFIED,NO_GUARDS_OR_FINAL_CERTIFICATION,1,true,false,8.39360327358e-07,false,true,false,true,0,NaN,1166,31.3584563497|-12.4276552056|88.1344096064|24.8432450929|-151.255369757|163.828394259|69.4507233378|-6.53512154536|-88.1383904961|113.113858608
980,VALID_CAMPAIGN,UNIFORM,6438999228217163250,10,REVOLUTE_ONLY,0.203015642116,-1.32338774131,0.380699455305,GUARDED_PRODUCTION,true,true,SUCCESS,NONE,88,true,true,8.76377747983e-07,false,false,false,false,0,51.8591225910,801875,-1.03657533213|1.89907104588|-2.67428074637|-1.02472547270|-0.582994603952|-0.150510798194|0.188591075415|-0.325832056960|0.322038573950|-0.150058863686
980,VALID_CAMPAIGN,UNIFORM,6438999228217163250,10,REVOLUTE_ONLY,0.203015642116,-1.32338774131,0.380699455305,UNGUARDED_REFERENCE,true,false,CONVERGED_UNCERTIFIED,NO_GUARDS_OR_FINAL_CERTIFICATION,14,true,false,1.18600226672e-08,false,true,false,true,0,NaN,47416,36.2572159900|-9.89572278648|90.8502577430|18.8456986594|-189.162310695|195.286765415|80.6795922431|-11.5466763270|-94.7817696868|113.188287345
981,VALID_CAMPAIGN,NEAR_JOINT_LIMIT,-2681295979356013481,10,REVOLUTE_ONLY,-0.193645557665,0.0483857369321,0.270783019696,GUARDED_PRODUCTION,true,true,SUCCESS,NONE,55,true,true,3.89914144496e-11,false,false,false,false,0,10.3261290854,517042,0.0562631502024|0.854030460126|-2.10631838876|-1.31299661348|0.213295546272|0.574792454472|-0.242353584798|-0.724941348790|0.795983778058|0.0743470190083
981,VALID_CAMPAIGN,NEAR_JOINT_LIMIT,-2681295979356013481,10,REVOLUTE_ONLY,-0.193645557665,0.0483857369321,0.270783019696,UNGUARDED_REFERENCE,true,false,CONVERGED_UNCERTIFIED,NO_GUARDS_OR_FINAL_CERTIFICATION,7,true,false,1.91163656726e-08,false,true,false,true,0,NaN,23542,35.0938807121|-7.05095076590|90.2988689828|20.5282936953|-188.185215997|199.375468099|72.9365883723|-4.89045747895|-100.537807892|111.039007333
982,VALID_CAMPAIGN,NEAR_SINGULARITY,7671958883078492031,10,REVOLUTE_ONLY,2.05791999827,-0.119999938915,0.360000038036,GUARDED_PRODUCTION,false,false,NO_CONVERGENCE,STAGNATION_WINDOW_EXCEEDED,86,true,true,1.24994627467,false,false,false,false,0,3.48535365456,786542,-0.270482313550|0.133778831500|-2.67428074637|-1.78285383091|0.185552734478|0.821850284904|-0.939281499446|-0.928898816729|0.292730230415|-0.159656484367
982,VALID_CAMPAIGN,NEAR_SINGULARITY,7671958883078492031,10,REVOLUTE_ONLY,2.05791999827,-0.119999938915,0.360000038036,UNGUARDED_REFERENCE,true,false,CONVERGED_UNCERTIFIED,NO_GUARDS_OR_FINAL_CERTIFICATION,31,true,false,3.81119282410e-08,false,true,false,true,0,NaN,106375,31.3582428395|-12.4309995040|94.4724772690|24.7514613417|-188.903764173|201.462849989|69.5520587270|-6.60899117184|-100.640525431|113.046777195
983,VALID_CAMPAIGN,MICRO_MOTION,-6727763224830019521,10,REVOLUTE_ONLY,2.05791998096,-0.119999328068,0.360000418397,GUARDED_PRODUCTION,false,false,NO_CONVERGENCE,STAGNATION_WINDOW_EXCEEDED,7,true,true,1.25088872043,false,false,false,false,0,3.83995039779,60875,-0.253167609646|0.0942887999335|-2.67428074637|-1.78285383091|0.187269924312|0.819248667055|-0.926709280295|-0.893367131401|0.272423020109|-0.166297499426
983,VALID_CAMPAIGN,MICRO_MOTION,-6727763224830019521,10,REVOLUTE_ONLY,2.05791998096,-0.119999328068,0.360000418397,UNGUARDED_REFERENCE,true,false,CONVERGED_UNCERTIFIED,NO_GUARDS_OR_FINAL_CERTIFICATION,1,true,false,7.20906566899e-07,false,true,false,true,0,NaN,1042,31.3582428395|-12.4309995040|94.4724772690|24.7514613417|-188.903764173|201.462849989|69.5520587270|-6.60899117184|-100.640525431|113.046777195
984,VALID_CAMPAIGN,UNIFORM,5179690914703491014,10,REVOLUTE_ONLY,-0.676294535822,-0.431774586381,-0.523166382342,GUARDED_PRODUCTION,true,true,SUCCESS,NONE,77,true,true,2.70025441911e-07,false,false,false,false,0,3.83916090049,744792,-2.29655938530|0.109482439711|-0.767854734791|-0.589785388322|0.206671177589|1.10413991711|-1.36705107979|-1.39566283129|-0.282975273392|-0.444152091588
984,VALID_CAMPAIGN,UNIFORM,5179690914703491014,10,REVOLUTE_ONLY,-0.676294535822,-0.431774586381,-0.523166382342,UNGUARDED_REFERENCE,true,false,CONVERGED_UNCERTIFIED,NO_GUARDS_OR_FINAL_CERTIFICATION,10,true,false,2.08906469257e-07,false,true,false,true,0,NaN,32834,41.1348000692|-10.7975266974|111.326043472|-6.81249395836|-238.716224128|237.958366111|97.1845940650|-21.9092699484|-102.255892226|102.242396007
985,VALID_CAMPAIGN,NEAR_JOINT_LIMIT,7426939991239237028,10,REVOLUTE_ONLY,-0.210434443722,-0.136968945467,0.0810910288569,GUARDED_PRODUCTION,true,true,SUCCESS,NONE,31,true,true,3.66519458492e-07,false,false,false,false,0,3.70225181205,277292,-1.93099637356|-0.000987424734694|-1.60035075231|-1.03392645975|0.0844490689672|0.888905127263|-1.17712022339|-1.18484207109|0.0542393095504|-0.278494057829
985,VALID_CAMPAIGN,NEAR_JOINT_LIMIT,7426939991239237028,10,REVOLUTE_ONLY,-0.210434443722,-0.136968945467,0.0810910288569,UNGUARDED_REFERENCE,true,false,CONVERGED_UNCERTIFIED,NO_GUARDS_OR_FINAL_CERTIFICATION,7,true,false,2.73274770549e-07,false,true,false,true,0,NaN,23250,41.3876471380|-7.60932084612|110.758686086|-8.20178515381|-237.914944517|236.858896290|97.1062386141|-23.1050015658|-103.656839017|102.397220427
986,VALID_CAMPAIGN,NEAR_SINGULARITY,6192307961286882394,10,REVOLUTE_ONLY,2.05791999827,-0.119999938915,0.360000038036,GUARDED_PRODUCTION,false,false,NO_CONVERGENCE,STAGNATION_WINDOW_EXCEEDED,104,true,true,0.808306315471,false,false,false,false,0,1.75782766640,909333,-0.181208910914|-2.37713844122|-2.67428074637|-0.796256454730|0.506180310804|0.253173592282|0.267471660653|-0.0616190269943|-0.107490119878|-0.160079037332
986,VALID_CAMPAIGN,NEAR_SINGULARITY,6192307961286882394,10,REVOLUTE_ONLY,2.05791999827,-0.119999938915,0.360000038036,UNGUARDED_REFERENCE,true,false,CONVERGED_UNCERTIFIED,NO_GUARDS_OR_FINAL_CERTIFICATION,30,true,false,2.32188508750e-07,false,true,false,true,0,NaN,103583,43.9283744939|-12.4627029987|113.247875406|-6.53034895904|-238.849937327|245.060335519|94.5197695823|-19.0601660227|-106.563475537|100.068224262
987,VALID_CAMPAIGN,MICRO_MOTION,481000485878467936,10,REVOLUTE_ONLY,2.05791998096,-0.119999328068,0.360000418397,GUARDED_PRODUCTION,false,false,NO_CONVERGENCE,STAGNATION_WINDOW_EXCEEDED,7,true,true,0.889258378783,false,false,false,false,0,21.8648133689,60125,-0.108920455769|-2.37713844122|-2.67428074637|-0.723209943941|0.468978793570|0.204336337944|0.266966286230|-0.0803803657484|-0.101677343045|-0.139881153549
987,VALID_CAMPAIGN,MICRO_MOTION,481000485878467936,10,REVOLUTE_ONLY,2.05791998096,-0.119999328068,0.360000418397,UNGUARDED_REFERENCE,true,false,CONVERGED_UNCERTIFIED,NO_GUARDS_OR_FINAL_CERTIFICATION,1,true,false,7.57006682340e-07,false,true,false,true,0,NaN,1000,43.9283744939|-12.4627029987|113.247875406|-6.53034895904|-238.849937327|245.060335519|94.5197695823|-19.0601660227|-106.563475537|100.068224262
988,VALID_CAMPAIGN,UNIFORM,2141502830787811873,10,REVOLUTE_ONLY,-0.0195497108042,0.383688912602,-0.887846379916,GUARDED_PRODUCTION,true,true,SUCCESS,NONE,51,true,true,2.60008773349e-10,false,false,false,false,0,20.8166699840,444167,0.176339991748|-1.26262004998|-2.03691892642|-0.663269955256|0.0700578392573|-0.0681086971313|0.427739416227|0.0706672636451|-0.250617915360|-0.236703438299
988,VALID_CAMPAIGN,UNIFORM,2141502830787811873,10,REVOLUTE_ONLY,-0.0195497108042,0.383688912602,-0.887846379916,UNGUARDED_REFERENCE,true,false,CONVERGED_UNCERTIFIED,NO_GUARDS_OR_FINAL_CERTIFICATION,23,true,false,3.07607183976e-07,false,true,false,true,0,NaN,76708,52.5473154978|-7.73392939397|117.533054019|-12.6553462298|-245.345105506|229.647648229|97.3244834181|-25.5365521066|-68.8762010755|43.7741856378
989,VALID_CAMPAIGN,NEAR_JOINT_LIMIT,2468785130137678414,10,REVOLUTE_ONLY,0.0508158735656,0.113561093746,0.231785347948,GUARDED_PRODUCTION,true,true,SUCCESS,NONE,121,true,true,9.41959774456e-07,false,false,false,false,0,7.78280186715,1113417,-1.18420168295|-1.01959874668|-2.67428074637|-1.65103815169|0.212256335659|-0.295369390827|1.25902643908|1.08165956533|-1.08039658914|-0.840791174966
989,VALID_CAMPAIGN,NEAR_JOINT_LIMIT,2468785130137678414,10,REVOLUTE_ONLY,0.0508158735656,0.113561093746,0.231785347948,UNGUARDED_REFERENCE,true,false,CONVERGED_UNCERTIFIED,NO_GUARDS_OR_FINAL_CERTIFICATION,9,true,false,2.73751574413e-09,false,true,false,true,0,NaN,26958,45.9283050580|0.638064985221|110.950282171|-3.28944254617|-249.066424343|234.508186193|103.245628864|-26.5012144402|-63.1297076221|43.1412023130
990,VALID_CAMPAIGN,NEAR_SINGULARITY,-2460387412691299654,10,REVOLUTE_ONLY,2.05791999827,-0.119999938915,0.360000038036,GUARDED_PRODUCTION,false,false,NO_CONVERGENCE,STAGNATION_WINDOW_EXCEEDED,71,true,true,0.904062680028,false,false,false,false,0,4.23951172944,598208,-0.114270736524|-2.37713844122|-2.67428074637|-1.07509254422|0.594867921716|0.207441289433|0.395618205966|0.183206371207|-0.378351567692|-0.375840816227
990,VALID_CAMPAIGN,NEAR_SINGULARITY,-2460387412691299654,10,REVOLUTE_ONLY,2.05791999827,-0.119999938915,0.360000038036,UNGUARDED_REFERENCE,true,false,CONVERGED_UNCERTIFIED,NO_GUARDS_OR_FINAL_CERTIFICATION,27,true,false,5.44542693758e-08,false,true,false,true,0,NaN,85791,43.9320774691|-6.20514354179|106.953178511|-0.193960782858|-251.185615037|238.579066602|106.793831760|-25.0481283519|-62.9324733645|44.0666723741
991,VALID_CAMPAIGN,MICRO_MOTION,2327504761797413989,10,REVOLUTE_ONLY,2.05791998096,-0.119999328068,0.360000418397,GUARDED_PRODUCTION,false,false,NO_CONVERGENCE,STAGNATION_WINDOW_EXCEEDED,7,true,true,0.929832543792,false,false,false,false,0,12.0713958486,58292,-0.0270655277089|-2.37713844122|-2.67428074637|-0.997288766457|0.590406070660|0.213253942823|0.339977600896|0.105728980070|-0.300010382445|-0.311378117906
991,VALID_CAMPAIGN,MICRO_MOTION,2327504761797413989,10,REVOLUTE_ONLY,2.05791998096,-0.119999328068,0.360000418397,UNGUARDED_REFERENCE,true,false,CONVERGED_UNCERTIFIED,NO_GUARDS_OR_FINAL_CERTIFICATION,1,true,false,7.22097694514e-07,false,true,false,true,0,NaN,917,43.9320774691|-6.20514354179|106.953178511|-0.193960782858|-251.185615037|238.579066602|106.793831760|-25.0481283519|-62.9324733645|44.0666723741
992,VALID_CAMPAIGN,UNIFORM,1203926765648519910,10,REVOLUTE_ONLY,-0.0764677999571,-0.501940635968,0.492669835825,GUARDED_PRODUCTION,true,true,SUCCESS,NONE,74,true,true,2.15847760584e-07,false,false,false,false,0,15.2727050904,644583,-2.95955531121|-1.45702262721|-2.64945377296|-1.69078515805|0.554903770872|-0.0226987617408|0.796226550101|0.703850391449|-1.06681874507|-0.872234574272
992,VALID_CAMPAIGN,UNIFORM,1203926765648519910,10,REVOLUTE_ONLY,-0.0764677999571,-0.501940635968,0.492669835825,UNGUARDED_REFERENCE,true,false,CONVERGED_UNCERTIFIED,NO_GUARDS_OR_FINAL_CERTIFICATION,12,true,false,6.88348431531e-10,false,true,false,true,0,NaN,38375,49.2190161636|-7.90563498899|108.246867175|2.22576140134|-230.829820151|203.049996025|79.3074651771|1.28974098928|-67.6941376853|53.5236678604
993,VALID_CAMPAIGN,NEAR_JOINT_LIMIT,-6698570487098934828,10,REVOLUTE_ONLY,-0.137323973702,-0.0668585528825,0.212476475233,GUARDED_PRODUCTION,true,true,SUCCESS,NONE,173,true,true,9.87096707026e-07,false,false,false,false,0,2.83081195965,1399041,-3.14159265359|-0.492510872525|-2.28584107123|-1.78285383091|0.923111028688|-0.641962436645|1.51567250977|0.921476920279|-1.78285383091|-1.64479220088
993,VALID_CAMPAIGN,NEAR_JOINT_LIMIT,-6698570487098934828,10,REVOLUTE_ONLY,-0.137323973702,-0.0668585528825,0.212476475233,UNGUARDED_REFERENCE,true,false,CONVERGED_UNCERTIFIED,NO_GUARDS_OR_FINAL_CERTIFICATION,6,true,false,1.23610457183e-09,false,true,false,true,0,NaN,16917,48.5001357637|-8.97100843815|108.898662007|2.75804807764|-230.938916089|203.594064321|78.8093923144|1.93079951976|-67.6210422854|52.3775512787
994,VALID_CAMPAIGN,NEAR_SINGULARITY,6064948314550278326,10,REVOLUTE_ONLY,2.05791999827,-0.119999938915,0.360000038036,GUARDED_PRODUCTION,false,false,NO_CONVERGENCE,STAGNATION_WINDOW_EXCEEDED,135,true,true,0.917086246648,false,false,false,false,0,3.56131196374,1343459,-0.0190503691788|-2.37713844122|-2.67428074637|-0.747847246571|0.733174895107|0.165522210836|0.202913818298|0.0616708751839|-0.272506920425|-0.343181031922
994,VALID_CAMPAIGN,NEAR_SINGULARITY,6064948314550278326,10,REVOLUTE_ONLY,2.05791999827,-0.119999938915,0.360000038036,UNGUARDED_REFERENCE,true,false,CONVERGED_UNCERTIFIED,NO_GUARDS_OR_FINAL_CERTIFICATION,51,true,false,8.32626877864e-07,false,true,false,true,0,NaN,181917,62.7672579598|-24.9953045383|106.989041163|12.2493213359|-226.591036723|195.191076759|75.8628444082|-0.369671632676|-69.2953396177|56.5872678457
995,VALID_CAMPAIGN,MICRO_MOTION,-2596870268341330452,10,REVOLUTE_ONLY,2.05791998096,-0.119999328068,0.360000418397,GUARDED_PRODUCTION,false,false,NO_CONVERGENCE,STAGNATION_WINDOW_EXCEEDED,7,true,true,0.951705916711,false,false,false,false,0,20.7211033557,81458,0.00218750797460|-2.37713844122|-2.67428074637|-0.694106479481|0.674256570677|0.129443509230|0.189424078127|0.0147214796256|-0.203452105987|-0.273882616782
995,VALID_CAMPAIGN,MICRO_MOTION,-2596870268341330452,10,REVOLUTE_ONLY,2.05791998096,-0.119999328068,0.360000418397,UNGUARDED_REFERENCE,true,false,CONVERGED_UNCERTIFIED,NO_GUARDS_OR_FINAL_CERTIFICATION,2,true,false,2.27736027514e-08,false,true,false,true,0,NaN,4542,62.7672598843|-24.9953068501|106.989040945|12.2493257693|-226.591024630|195.191061779|75.8628326039|-0.369664863257|-69.2953366889|56.5872672421
996,ADVERSARIAL_PROBES,NON_FINITE_TARGET,6820626882072349087,10,REVOLUTE_ONLY,NaN,-0.120000000000,0.360000000000,GUARDED_PRODUCTION,false,false,INVALID_INPUT,INVALID_TARGET,0,true,true,NaN,false,false,false,false,0,NaN,6416,0.00000000000|0.00000000000|0.00000000000|0.00000000000|0.00000000000|0.00000000000|0.00000000000|0.00000000000|0.00000000000|0.00000000000
996,ADVERSARIAL_PROBES,NON_FINITE_TARGET,6820626882072349087,10,REVOLUTE_ONLY,NaN,-0.120000000000,0.360000000000,UNGUARDED_REFERENCE,false,false,MAX_ITERATIONS_UNCERTIFIED,NO_GUARDS_OR_FINAL_CERTIFICATION,800,false,false,NaN,true,false,false,true,0,NaN,1966209,NaN|NaN|NaN|NaN|NaN|NaN|NaN|NaN|NaN|NaN
997,ADVERSARIAL_PROBES,INFINITE_TARGET,-4062140492557931307,10,REVOLUTE_ONLY,2.05792000000,-0.120000000000,Infinity,GUARDED_PRODUCTION,false,false,INVALID_INPUT,INVALID_TARGET,0,true,true,Infinity,false,false,false,false,0,NaN,6833,0.00000000000|0.00000000000|0.00000000000|0.00000000000|0.00000000000|0.00000000000|0.00000000000|0.00000000000|0.00000000000|0.00000000000
997,ADVERSARIAL_PROBES,INFINITE_TARGET,-4062140492557931307,10,REVOLUTE_ONLY,2.05792000000,-0.120000000000,Infinity,UNGUARDED_REFERENCE,false,false,MAX_ITERATIONS_UNCERTIFIED,NO_GUARDS_OR_FINAL_CERTIFICATION,800,false,false,NaN,true,false,false,true,0,NaN,2193459,NaN|NaN|NaN|NaN|NaN|NaN|NaN|NaN|NaN|NaN
998,ADVERSARIAL_PROBES,NON_FINITE_INITIAL_STATE,-5233469526243047251,10,REVOLUTE_ONLY,2.05792000000,-0.120000000000,0.360000000000,GUARDED_PRODUCTION,false,false,INVALID_INPUT,INVALID_INITIAL_STATE,0,true,true,0.00000000000,false,false,false,false,0,NaN,9792,0.00000000000|0.00000000000|0.00000000000|0.00000000000|0.00000000000|0.00000000000|0.00000000000|0.00000000000|0.00000000000|0.00000000000
998,ADVERSARIAL_PROBES,NON_FINITE_INITIAL_STATE,-5233469526243047251,10,REVOLUTE_ONLY,2.05792000000,-0.120000000000,0.360000000000,UNGUARDED_REFERENCE,false,false,MAX_ITERATIONS_UNCERTIFIED,NO_GUARDS_OR_FINAL_CERTIFICATION,800,false,false,NaN,true,false,false,true,0,NaN,2361042,NaN|NaN|NaN|NaN|NaN|NaN|NaN|NaN|NaN|NaN
999,ADVERSARIAL_PROBES,OVERFLOWING_GEOMETRY,425621571278348526,10,REVOLUTE_ONLY,0.00000000000,0.00000000000,0.00000000000,GUARDED_PRODUCTION,false,false,NUMERICAL_FAILURE,OUTPUT_VALIDATION_FAILED,1,true,true,Infinity,false,false,false,false,0,NaN,17042,0.00000000000|0.00000000000|0.00000000000|0.00000000000|0.00000000000|0.00000000000|0.00000000000|0.00000000000|0.00000000000|0.00000000000
999,ADVERSARIAL_PROBES,OVERFLOWING_GEOMETRY,425621571278348526,10,REVOLUTE_ONLY,0.00000000000,0.00000000000,0.00000000000,UNGUARDED_REFERENCE,false,false,MAX_ITERATIONS_UNCERTIFIED,NO_GUARDS_OR_FINAL_CERTIFICATION,800,false,false,NaN,true,false,false,true,0,NaN,2362917,NaN|NaN|NaN|NaN|NaN|NaN|NaN|NaN|NaN|NaN
1000,VALID_CAMPAIGN,UNIFORM,-433400816886244064,10,PRISMATIC_ONLY,0.460000000000,-0.639293041119,2.64857675132,GUARDED_PRODUCTION,true,true,SUCCESS_WITH_WARNING,CRITICAL_SINGULARITY_DAMPED,50,true,true,3.22857974960e-07,false,false,false,false,0,Infinity,427667,0.378368100166|0.378368100166|0.213097786686|0.378368100166|0.378368100165|0.213097786686|0.378368100164|0.378368100165|0.213097786685|0.378368100164
1000,VALID_CAMPAIGN,UNIFORM,-433400816886244064,10,PRISMATIC_ONLY,0.460000000000,-0.639293041119,2.64857675132,UNGUARDED_REFERENCE,true,true,CONVERGED_UNCERTIFIED,NO_GUARDS_OR_FINAL_CERTIFICATION,3,true,true,5.12474032121e-08,false,false,false,false,0,NaN,9167,0.378368104549|0.378368104549|0.213097696177|0.378368104549|0.378368104549|0.213097696177|0.378368104549|0.378368104549|0.213097696168|0.378368104549
1001,VALID_CAMPAIGN,NEAR_JOINT_LIMIT,330583180954659770,10,PRISMATIC_ONLY,0.460000000000,-0.615000005550,1.80500000555,GUARDED_PRODUCTION,true,true,SUCCESS_WITH_WARNING,CRITICAL_SINGULARITY_DAMPED,61,true,true,4.89803660588e-08,false,false,false,false,0,Infinity,520541,0.257857150050|0.257857150050|0.205000008458|0.257857150050|0.257857150049|0.205000008458|0.257857150048|0.257857150046|0.205000008458|0.257857150047
1001,VALID_CAMPAIGN,NEAR_JOINT_LIMIT,330583180954659770,10,PRISMATIC_ONLY,0.460000000000,-0.615000005550,1.80500000555,UNGUARDED_REFERENCE,true,true,CONVERGED_UNCERTIFIED,NO_GUARDS_OR_FINAL_CERTIFICATION,3,true,true,2.93753801264e-08,false,false,false,false,0,NaN,7250,0.257857147804|0.257857147804|0.205000003369|0.257857147804|0.257857147804|0.205000003369|0.257857147804|0.257857147804|0.205000003360|0.257857147750
1002,VALID_CAMPAIGN,NEAR_SINGULARITY,2064962927345626368,10,PRISMATIC_ONLY,0.460000000000,-0.892500005550,2.08249999445,GUARDED_PRODUCTION,true,true,SUCCESS_WITH_WARNING,CRITICAL_SINGULARITY_DAMPED,38,true,true,3.06205453921e-07,false,false,false,false,0,Infinity,306334,0.297499996032|0.297499996032|0.297499900051|0.297499996033|0.297499996033|0.297499900051|0.297499996031|0.297499996028|0.297499900052|0.297499996029
1002,VALID_CAMPAIGN,NEAR_SINGULARITY,2064962927345626368,10,PRISMATIC_ONLY,0.460000000000,-0.892500005550,2.08249999445,UNGUARDED_REFERENCE,true,true,CONVERGED_UNCERTIFIED,NO_GUARDS_OR_FINAL_CERTIFICATION,3,true,true,5.28207290934e-08,false,false,false,false,0,NaN,7958,0.297499997851|0.297499997851|0.297499984536|0.297499997851|0.297499997851|0.297499984536|0.297499997851|0.297499997851|0.297499984527|0.297499997797
1003,VALID_CAMPAIGN,MICRO_MOTION,8998907295859242408,10,PRISMATIC_ONLY,0.460000000000,-0.892500061050,2.08249993895,GUARDED_PRODUCTION,true,true,SUCCESS,NONE,1,true,true,3.62427500088e-07,false,false,false,false,0,NaN,8166,0.297499996032|0.297499996032|0.297499900051|0.297499996033|0.297499996033|0.297499900051|0.297499996031|0.297499996028|0.297499900052|0.297499996029
1003,VALID_CAMPAIGN,MICRO_MOTION,8998907295859242408,10,PRISMATIC_ONLY,0.460000000000,-0.892500061050,2.08249993895,UNGUARDED_REFERENCE,true,true,CONVERGED_UNCERTIFIED,NO_GUARDS_OR_FINAL_CERTIFICATION,1,true,true,1.16864825019e-07,false,false,false,false,0,NaN,958,0.297499997851|0.297499997851|0.297499984536|0.297499997851|0.297499997851|0.297499984536|0.297499997851|0.297499997851|0.297499984527|0.297499997797
1004,VALID_CAMPAIGN,UNIFORM,8321878530492849214,10,PRISMATIC_ONLY,0.460000000000,-0.546427291653,1.91237647255,GUARDED_PRODUCTION,true,true,SUCCESS_WITH_WARNING,CRITICAL_SINGULARITY_DAMPED,41,true,true,5.43553639251e-07,false,false,false,false,0,Infinity,411166,0.273196641776|0.273196641776|0.182142611614|0.273196641777|0.273196641776|0.182142611614|0.273196641774|0.273196641773|0.182142611616|0.273196641773
1004,VALID_CAMPAIGN,UNIFORM,8321878530492849214,10,PRISMATIC_ONLY,0.460000000000,-0.546427291653,1.91237647255,UNGUARDED_REFERENCE,true,true,CONVERGED_UNCERTIFIED,NO_GUARDS_OR_FINAL_CERTIFICATION,3,true,true,6.50521585040e-08,false,false,false,false,0,NaN,7750,0.273196639779|0.273196639779|0.182142452150|0.273196639779|0.273196639779|0.182142452150|0.273196639779|0.273196639779|0.182142452141|0.273196639726
1005,VALID_CAMPAIGN,NEAR_JOINT_LIMIT,4696059169340450827,10,PRISMATIC_ONLY,0.460000000000,-0.0600000166500,1.80500000555,GUARDED_PRODUCTION,true,true,SUCCESS_WITH_WARNING,CRITICAL_SINGULARITY_DAMPED,55,true,true,8.84991162579e-08,false,false,false,false,0,Infinity,1364958,0.257857143817|0.257857143817|0.0200000350465|0.257857143818|0.257857143817|0.0200000350465|0.257857143815|0.257857143813|0.0200000350485|0.257857143814
1005,VALID_CAMPAIGN,NEAR_JOINT_LIMIT,4696059169340450827,10,PRISMATIC_ONLY,0.460000000000,-0.0600000166500,1.80500000555,UNGUARDED_REFERENCE,true,true,CONVERGED_UNCERTIFIED,NO_GUARDS_OR_FINAL_CERTIFICATION,3,true,true,9.11390872327e-08,false,false,false,false,0,NaN,7375,0.257857144185|0.257857144185|0.0200000359076|0.257857144185|0.257857144185|0.0200000359076|0.257857144185|0.257857144185|0.0200000358991|0.257857144132
1006,VALID_CAMPAIGN,NEAR_SINGULARITY,-2520658029886876853,10,PRISMATIC_ONLY,0.460000000000,-0.892500005550,2.08249999445,GUARDED_PRODUCTION,true,true,SUCCESS_WITH_WARNING,CRITICAL_SINGULARITY_DAMPED,92,true,true,4.68791570141e-07,false,false,false,false,0,Infinity,739458,0.297499997805|0.297499997805|0.297499845620|0.297499997806|0.297499997805|0.297499845620|0.297499997803|0.297499997801|0.297499845622|0.297499997802
1006,VALID_CAMPAIGN,NEAR_SINGULARITY,-2520658029886876853,10,PRISMATIC_ONLY,0.460000000000,-0.892500005550,2.08249999445,UNGUARDED_REFERENCE,true,true,CONVERGED_UNCERTIFIED,NO_GUARDS_OR_FINAL_CERTIFICATION,3,true,true,1.56144673148e-07,false,false,false,false,0,NaN,6292,0.297499997842|0.297499997842|0.297499949902|0.297499997842|0.297499997860|0.297499949902|0.297499997860|0.297499997860|0.297499949893|0.297499997797
1007,VALID_CAMPAIGN,MICRO_MOTION,-7013520621950835922,10,PRISMATIC_ONLY,0.460000000000,-0.892500061050,2.08249993895,GUARDED_PRODUCTION,true,true,SUCCESS,NONE,1,true,true,5.26175191654e-07,false,false,false,false,0,NaN,9333,0.297499997805|0.297499997805|0.297499845620|0.297499997806|0.297499997805|0.297499845620|0.297499997803|0.297499997801|0.297499845622|0.297499997802
1007,VALID_CAMPAIGN,MICRO_MOTION,-7013520621950835922,10,PRISMATIC_ONLY,0.460000000000,-0.892500061050,2.08249993895,UNGUARDED_REFERENCE,true,true,CONVERGED_UNCERTIFIED,NO_GUARDS_OR_FINAL_CERTIFICATION,1,true,true,2.16290568346e-07,false,false,false,false,0,NaN,959,0.297499997842|0.297499997842|0.297499949902|0.297499997842|0.297499997860|0.297499949902|0.297499997860|0.297499997860|0.297499949893|0.297499997797
1008,VALID_CAMPAIGN,UNIFORM,-3937224593254572778,10,PRISMATIC_ONLY,0.460000000000,-0.940350555352,2.24760519360,GUARDED_PRODUCTION,true,true,SUCCESS_WITH_WARNING,CRITICAL_SINGULARITY_DAMPED,16,true,true,9.56130907248e-08,false,false,false,false,0,Infinity,167667,0.321086452873|0.321086452873|0.313450154223|0.321086452874|0.321086452872|0.313450154223|0.321086452872|0.321086452870|0.313450154225|0.321086452869
1008,VALID_CAMPAIGN,UNIFORM,-3937224593254572778,10,PRISMATIC_ONLY,0.460000000000,-0.940350555352,2.24760519360,UNGUARDED_REFERENCE,true,true,CONVERGED_UNCERTIFIED,NO_GUARDS_OR_FINAL_CERTIFICATION,3,true,true,1.06071272185e-08,false,false,false,false,0,NaN,8625,0.321086455413|0.321086455413|0.313450182134|0.321086455413|0.321086455431|0.313450182134|0.321086455441|0.321086455431|0.313450182127|0.321086455379
1009,VALID_CAMPAIGN,NEAR_JOINT_LIMIT,1302719465197141299,10,PRISMATIC_ONLY,0.460000000000,-0.615000005550,1.25000001665,GUARDED_PRODUCTION,true,true,SUCCESS_WITH_WARNING,CRITICAL_SINGULARITY_DAMPED,80,true,true,5.17677891067e-08,false,false,false,false,0,Infinity,650166,0.178571432107|0.178571432107|0.205000018892|0.178571432111|0.178571432108|0.205000018892|0.178571432110|0.178571432106|0.205000018894|0.178571432105
1009,VALID_CAMPAIGN,NEAR_JOINT_LIMIT,1302719465197141299,10,PRISMATIC_ONLY,0.460000000000,-0.615000005550,1.25000001665,UNGUARDED_REFERENCE,true,true,CONVERGED_UNCERTIFIED,NO_GUARDS_OR_FINAL_CERTIFICATION,3,true,true,6.99126009842e-08,false,false,false,false,0,NaN,6334,0.178571435822|0.178571435822|0.205000022155|0.178571435822|0.178571435839|0.205000022155|0.178571435913|0.178571435902|0.205000022149|0.178571435851
1010,VALID_CAMPAIGN,NEAR_SINGULARITY,7079524614043306120,10,PRISMATIC_ONLY,0.460000000000,-0.892500005550,2.08249999445,GUARDED_PRODUCTION,true,true,SUCCESS_WITH_WARNING,CRITICAL_SINGULARITY_DAMPED,67,true,true,2.84118026481e-07,false,false,false,false,0,Infinity,528792,0.297499991408|0.297499991408|0.297499908908|0.297499991411|0.297499991410|0.297499908908|0.297499991411|0.297499991406|0.297499908910|0.297499991405
1010,VALID_CAMPAIGN,NEAR_SINGULARITY,7079524614043306120,10,PRISMATIC_ONLY,0.460000000000,-0.892500005550,2.08249999445,UNGUARDED_REFERENCE,true,true,CONVERGED_UNCERTIFIED,NO_GUARDS_OR_FINAL_CERTIFICATION,3,true,true,5.93224306032e-08,false,false,false,false,0,NaN,6042,0.297499995096|0.297499995096|0.297499984539|0.297499995096|0.297499995087|0.297499984539|0.297499995161|0.297499995150|0.297499984522|0.297499995125
1011,VALID_CAMPAIGN,MICRO_MOTION,-7094215974084630361,10,PRISMATIC_ONLY,0.460000000000,-0.892500061050,2.08249993895,GUARDED_PRODUCTION,true,true,SUCCESS,NONE,1,true,true,3.34325167724e-07,false,false,false,false,0,NaN,6917,0.297499991408|0.297499991408|0.297499908908|0.297499991411|0.297499991410|0.297499908908|0.297499991411|0.297499991406|0.297499908910|0.297499991405
1011,VALID_CAMPAIGN,MICRO_MOTION,-7094215974084630361,10,PRISMATIC_ONLY,0.460000000000,-0.892500061050,2.08249993895,UNGUARDED_REFERENCE,true,true,CONVERGED_UNCERTIFIED,NO_GUARDS_OR_FINAL_CERTIFICATION,1,true,true,1.10757112700e-07,false,false,false,false,0,NaN,834,0.297499995096|0.297499995096|0.297499984539|0.297499995096|0.297499995087|0.297499984539|0.297499995161|0.297499995150|0.297499984522|0.297499995125
1012,VALID_CAMPAIGN,UNIFORM,4999635973956851284,10,PRISMATIC_ONLY,0.460000000000,-0.875638254116,2.67055940002,GUARDED_PRODUCTION,true,true,SUCCESS_WITH_WARNING,CRITICAL_SINGULARITY_DAMPED,43,true,true,4.30713074702e-07,false,false,false,false,0,Infinity,334084,0.381508425637|0.381508425637|0.291879449044|0.381508425643|0.381508425640|0.291879449044|0.381508425640|0.381508425637|0.291879449047|0.381508425633
1012,VALID_CAMPAIGN,UNIFORM,4999635973956851284,10,PRISMATIC_ONLY,0.460000000000,-0.875638254116,2.67055940002,UNGUARDED_REFERENCE,true,true,CONVERGED_UNCERTIFIED,NO_GUARDS_OR_FINAL_CERTIFICATION,3,true,true,2.04755576536e-08,false,false,false,false,0,NaN,5958,0.381508482807|0.381508482807|0.291879419097|0.381508482807|0.381508482798|0.291879419097|0.381508482871|0.381508482861|0.291879419080|0.381508482836
1013,VALID_CAMPAIGN,NEAR_JOINT_LIMIT,-8071087859873508390,10,PRISMATIC_ONLY,0.460000000000,-0.615000005550,0.140000038850,GUARDED_PRODUCTION,true,true,SUCCESS_WITH_WARNING,CRITICAL_SINGULARITY_DAMPED,178,true,true,1.83117008383e-07,false,false,false,false,0,Infinity,1371667,0.0200000156277|0.0200000156277|0.205000058174|0.0200000156362|0.0200000156322|0.205000058174|0.0200000156346|0.0200000156313|0.205000058176|0.0200000156291
1013,VALID_CAMPAIGN,NEAR_JOINT_LIMIT,-8071087859873508390,10,PRISMATIC_ONLY,0.460000000000,-0.615000005550,0.140000038850,UNGUARDED_REFERENCE,true,true,CONVERGED_UNCERTIFIED,NO_GUARDS_OR_FINAL_CERTIFICATION,3,true,true,9.97994356284e-08,false,false,false,false,0,NaN,6125,0.0200000179669|0.0200000179669|0.205000018117|0.0200000179669|0.0200000179581|0.205000018117|0.0200000180318|0.0200000180213|0.205000018110|0.0200000179959
1014,VALID_CAMPAIGN,NEAR_SINGULARITY,-3550189954976962056,10,PRISMATIC_ONLY,0.460000000000,-0.892500005550,2.08249999445,GUARDED_PRODUCTION,true,true,SUCCESS_WITH_WARNING,CRITICAL_SINGULARITY_DAMPED,139,true,true,1.97732581839e-07,false,false,false,false,0,Infinity,1174833,0.297499990116|0.297499990116|0.297499939443|0.297499990122|0.297499990122|0.297499939443|0.297499990121|0.297499990118|0.297499939445|0.297499990116
1014,VALID_CAMPAIGN,NEAR_SINGULARITY,-3550189954976962056,10,PRISMATIC_ONLY,0.460000000000,-0.892500005550,2.08249999445,UNGUARDED_REFERENCE,true,true,CONVERGED_UNCERTIFIED,NO_GUARDS_OR_FINAL_CERTIFICATION,3,true,true,8.46447857526e-08,false,false,false,false,0,NaN,7542,0.297499989640|0.297499989640|0.297499984536|0.297499989640|0.297499989632|0.297499984536|0.297499989705|0.297499989695|0.297499984528|0.297499989670
1015,VALID_CAMPAIGN,MICRO_MOTION,-3822188365003767757,10,PRISMATIC_ONLY,0.460000000000,-0.892500061050,2.08249993895,GUARDED_PRODUCTION,true,true,SUCCESS,NONE,1,true,true,2.42854761279e-07,false,false,false,false,0,NaN,7708,0.297499990116|0.297499990116|0.297499939443|0.297499990122|0.297499990122|0.297499939443|0.297499990121|0.297499990118|0.297499939445|0.297499990116
1015,VALID_CAMPAIGN,MICRO_MOTION,-3822188365003767757,10,PRISMATIC_ONLY,0.460000000000,-0.892500061050,2.08249993895,UNGUARDED_REFERENCE,true,true,CONVERGED_UNCERTIFIED,NO_GUARDS_OR_FINAL_CERTIFICATION,1,true,true,1.08046193253e-07,false,false,false,false,0,NaN,875,0.297499989640|0.297499989640|0.297499984536|0.297499989640|0.297499989632|0.297499984536|0.297499989705|0.297499989695|0.297499984528|0.297499989670
1016,VALID_CAMPAIGN,UNIFORM,-4901607652710764605,10,PRISMATIC_ONLY,0.460000000000,-0.489235552845,2.75978283108,GUARDED_PRODUCTION,true,true,SUCCESS_WITH_WARNING,CRITICAL_SINGULARITY_DAMPED,66,true,true,2.53096690623e-07,false,false,false,false,0,Infinity,523084,0.394254686218|0.394254686218|0.163078601479|0.394254686225|0.394254686222|0.163078601479|0.394254686225|0.394254686223|0.163078601482|0.394254686220
1016,VALID_CAMPAIGN,UNIFORM,-4901607652710764605,10,PRISMATIC_ONLY,0.460000000000,-0.489235552845,2.75978283108,UNGUARDED_REFERENCE,true,true,CONVERGED_UNCERTIFIED,NO_GUARDS_OR_FINAL_CERTIFICATION,3,true,true,7.90090900240e-08,false,false,false,false,0,NaN,6292,0.394254686805|0.394254686805|0.163078542778|0.394254686805|0.394254686797|0.163078542778|0.394254686870|0.394254686860|0.163078542785|0.394254686834
1017,VALID_CAMPAIGN,NEAR_JOINT_LIMIT,-7622959818799819039,10,PRISMATIC_ONLY,0.460000000000,-1.16999999445,3.46999997225,GUARDED_PRODUCTION,true,true,SUCCESS_WITH_WARNING,CRITICAL_SINGULARITY_DAMPED,90,true,true,4.47577315147e-08,false,false,false,false,0,Infinity,706708,0.495714281467|0.495714281467|0.389999983243|0.495714281474|0.495714281471|0.389999983243|0.495714281473|0.495714281471|0.389999983249|0.495714281470
1017,VALID_CAMPAIGN,NEAR_JOINT_LIMIT,-7622959818799819039,10,PRISMATIC_ONLY,0.460000000000,-1.16999999445,3.46999997225,UNGUARDED_REFERENCE,true,true,CONVERGED_UNCERTIFIED,NO_GUARDS_OR_FINAL_CERTIFICATION,3,true,true,1.29767055440e-07,false,false,false,false,0,NaN,6209,0.495714278246|0.495714278246|0.389999955670|0.495714278246|0.495714278237|0.389999955670|0.495714278311|0.495714278300|0.389999955665|0.495714278230
1018,VALID_CAMPAIGN,NEAR_SINGULARITY,-6380042494008893279,10,PRISMATIC_ONLY,0.460000000000,-0.892500005550,2.08249999445,GUARDED_PRODUCTION,true,true,SUCCESS_WITH_WARNING,CRITICAL_SINGULARITY_DAMPED,102,true,true,6.65424549062e-07,false,false,false,false,0,Infinity,801292,0.297500039616|0.297500039616|0.297500202617|0.297500039623|0.297500039615|0.297500202617|0.297500039619|0.297500039619|0.297500202623|0.297500039615
1018,VALID_CAMPAIGN,NEAR_SINGULARITY,-6380042494008893279,10,PRISMATIC_ONLY,0.460000000000,-0.892500005550,2.08249999445,UNGUARDED_REFERENCE,true,true,CONVERGED_UNCERTIFIED,NO_GUARDS_OR_FINAL_CERTIFICATION,3,true,true,7.05505294175e-08,false,false,false,false,0,NaN,6208,0.297500006000|0.297500006000|0.297500019169|0.297500006000|0.297500005991|0.297500019169|0.297500006065|0.297500006055|0.297500019164|0.297500006072
1019,VALID_CAMPAIGN,MICRO_MOTION,4615518052747030107,10,PRISMATIC_ONLY,0.460000000000,-0.892500061050,2.08249993895,GUARDED_PRODUCTION,true,true,SUCCESS,NONE,1,true,true,6.43034405402e-07,false,false,false,false,0,NaN,6792,0.297500039616|0.297500039616|0.297500202617|0.297500039623|0.297500039615|0.297500202617|0.297500039619|0.297500039619|0.297500202623|0.297500039615
1019,VALID_CAMPAIGN,MICRO_MOTION,4615518052747030107,10,PRISMATIC_ONLY,0.460000000000,-0.892500061050,2.08249993895,UNGUARDED_REFERENCE,true,true,CONVERGED_UNCERTIFIED,NO_GUARDS_OR_FINAL_CERTIFICATION,1,true,true,1.03294510071e-07,false,false,false,false,0,NaN,917,0.297500006000|0.297500006000|0.297500019169|0.297500006000|0.297500005991|0.297500019169|0.297500006065|0.297500006055|0.297500019164|0.297500006072
1020,VALID_CAMPAIGN,UNIFORM,-218491916785008413,10,PRISMATIC_ONLY,0.460000000000,-1.12275746604,1.11666952599,GUARDED_PRODUCTION,true,true,SUCCESS_WITH_WARNING,CRITICAL_SINGULARITY_DAMPED,74,true,true,3.97460361846e-08,false,false,false,false,0,Infinity,581875,0.159524219219|0.159524219219|0.374252475740|0.159524219225|0.159524219216|0.374252475740|0.159524219222|0.159524219220|0.374252475745|0.159524219216
1020,VALID_CAMPAIGN,UNIFORM,-218491916785008413,10,PRISMATIC_ONLY,0.460000000000,-1.12275746604,1.11666952599,UNGUARDED_REFERENCE,true,true,CONVERGED_UNCERTIFIED,NO_GUARDS_OR_FINAL_CERTIFICATION,3,true,true,5.44261701277e-08,false,false,false,false,0,NaN,6209,0.159524222719|0.159524222719|0.374252474313|0.159524222719|0.159524222710|0.374252474313|0.159524222784|0.159524222773|0.374252474308|0.159524222791
1021,VALID_CAMPAIGN,NEAR_JOINT_LIMIT,-3012522102142673719,10,PRISMATIC_ONLY,0.460000000000,-1.16999999445,3.46999997225,GUARDED_PRODUCTION,true,true,SUCCESS_WITH_WARNING,CRITICAL_SINGULARITY_DAMPED,164,true,true,3.45791802680e-08,false,false,false,false,0,Infinity,1289708,0.495714277275|0.495714277275|0.389999993257|0.495714277279|0.495714277273|0.389999993257|0.495714277281|0.495714277281|0.389999993263|0.495714277274
1021,VALID_CAMPAIGN,NEAR_JOINT_LIMIT,-3012522102142673719,10,PRISMATIC_ONLY,0.460000000000,-1.16999999445,3.46999997225,UNGUARDED_REFERENCE,true,true,CONVERGED_UNCERTIFIED,NO_GUARDS_OR_FINAL_CERTIFICATION,3,true,true,8.14421458592e-08,false,false,false,false,0,NaN,6083,0.495714270158|0.495714270158|0.389999995204|0.495714270158|0.495714270149|0.389999995204|0.495714270223|0.495714270213|0.389999995199|0.495714270230
1022,VALID_CAMPAIGN,NEAR_SINGULARITY,-810555066312903806,10,PRISMATIC_ONLY,0.460000000000,-0.892500005550,2.08249999445,GUARDED_PRODUCTION,true,true,SUCCESS_WITH_WARNING,CRITICAL_SINGULARITY_DAMPED,102,true,true,6.65416888751e-07,false,false,false,false,0,Infinity,809542,0.297500039614|0.297500039614|0.297500202615|0.297500039617|0.297500039614|0.297500202615|0.297500039620|0.297500039623|0.297500202621|0.297500039616
1022,VALID_CAMPAIGN,NEAR_SINGULARITY,-810555066312903806,10,PRISMATIC_ONLY,0.460000000000,-0.892500005550,2.08249999445,UNGUARDED_REFERENCE,true,true,CONVERGED_UNCERTIFIED,NO_GUARDS_OR_FINAL_CERTIFICATION,3,true,true,7.05505576962e-08,false,false,false,false,0,NaN,6166,0.297500005975|0.297500005975|0.297500019169|0.297500005975|0.297500005966|0.297500019169|0.297500006040|0.297500006118|0.297500019164|0.297500006135
1023,VALID_CAMPAIGN,MICRO_MOTION,-6932204006313933538,10,PRISMATIC_ONLY,0.460000000000,-0.892500061050,2.08249993895,GUARDED_PRODUCTION,true,true,SUCCESS,NONE,1,true,true,6.43026671751e-07,false,false,false,false,0,NaN,7084,0.297500039614|0.297500039614|0.297500202615|0.297500039617|0.297500039614|0.297500202615|0.297500039620|0.297500039623|0.297500202621|0.297500039616
1023,VALID_CAMPAIGN,MICRO_MOTION,-6932204006313933538,10,PRISMATIC_ONLY,0.460000000000,-0.892500061050,2.08249993895,UNGUARDED_REFERENCE,true,true,CONVERGED_UNCERTIFIED,NO_GUARDS_OR_FINAL_CERTIFICATION,1,true,true,1.03294556826e-07,false,false,false,false,0,NaN,958,0.297500005975|0.297500005975|0.297500019169|0.297500005975|0.297500005966|0.297500019169|0.297500006040|0.297500006118|0.297500019164|0.297500006135
1024,VALID_CAMPAIGN,UNIFORM,-816431773746385579,10,PRISMATIC_ONLY,0.460000000000,-0.694221385112,1.67419374614,GUARDED_PRODUCTION,true,true,SUCCESS_WITH_WARNING,CRITICAL_SINGULARITY_DAMPED,38,true,true,2.86775236319e-07,false,false,false,false,0,Infinity,340833,0.239170541251|0.239170541251|0.231407222898|0.239170541254|0.239170541252|0.231407222898|0.239170541257|0.239170541259|0.231407222904|0.239170541252
1024,VALID_CAMPAIGN,UNIFORM,-816431773746385579,10,PRISMATIC_ONLY,0.460000000000,-0.694221385112,1.67419374614,UNGUARDED_REFERENCE,true,true,CONVERGED_UNCERTIFIED,NO_GUARDS_OR_FINAL_CERTIFICATION,3,true,true,3.96886922343e-08,false,false,false,false,0,NaN,25833,0.239170537118|0.239170537118|0.231407140743|0.239170537118|0.239170537109|0.231407140743|0.239170537183|0.239170537261|0.231407140746|0.239170537278
1025,VALID_CAMPAIGN,NEAR_JOINT_LIMIT,-3676696417357283678,10,PRISMATIC_ONLY,0.460000000000,-0.615000005550,2.35999999445,GUARDED_PRODUCTION,true,true,SUCCESS_WITH_WARNING,CRITICAL_SINGULARITY_DAMPED,51,true,true,7.45489692631e-08,false,false,false,false,0,Infinity,516750,0.337142850979|0.337142850979|0.205000023309|0.337142850981|0.337142850980|0.205000023309|0.337142850983|0.337142850987|0.205000023316|0.337142850981
1025,VALID_CAMPAIGN,NEAR_JOINT_LIMIT,-3676696417357283678,10,PRISMATIC_ONLY,0.460000000000,-0.615000005550,2.35999999445,UNGUARDED_REFERENCE,true,true,CONVERGED_UNCERTIFIED,NO_GUARDS_OR_FINAL_CERTIFICATION,3,true,true,2.78677826058e-08,false,false,false,false,0,NaN,6792,0.337142852922|0.337142852922|0.205000006793|0.337142852922|0.337142852913|0.205000006793|0.337142852987|0.337142853086|0.205000006795|0.337142853104
1026,VALID_CAMPAIGN,NEAR_SINGULARITY,3098646265517429428,10,PRISMATIC_ONLY,0.460000000000,-0.892500005550,2.08249999445,GUARDED_PRODUCTION,true,true,SUCCESS_WITH_WARNING,CRITICAL_SINGULARITY_DAMPED,38,true,true,3.06203548471e-07,false,false,false,false,0,Infinity,312375,0.297500002381|0.297500002381|0.297499900049|0.297500002382|0.297500002382|0.297499900049|0.297500002385|0.297500002388|0.297499900056|0.297500002383
1026,VALID_CAMPAIGN,NEAR_SINGULARITY,3098646265517429428,10,PRISMATIC_ONLY,0.460000000000,-0.892500005550,2.08249999445,UNGUARDED_REFERENCE,true,true,CONVERGED_UNCERTIFIED,NO_GUARDS_OR_FINAL_CERTIFICATION,3,true,true,5.28207367575e-08,false,false,false,false,0,NaN,13542,0.297500000519|0.297500000519|0.297499984532|0.297500000519|0.297500000510|0.297499984532|0.297500000583|0.297500000665|0.297499984535|0.297500000683
1027,VALID_CAMPAIGN,MICRO_MOTION,-1857449917700496570,10,PRISMATIC_ONLY,0.460000000000,-0.892500061050,2.08249993895,GUARDED_PRODUCTION,true,true,SUCCESS,NONE,1,true,true,3.69171620564e-07,false,false,false,false,0,NaN,8125,0.297500002381|0.297500002381|0.297499900049|0.297500002382|0.297500002382|0.297499900049|0.297500002385|0.297500002388|0.297499900056|0.297500002383
1027,VALID_CAMPAIGN,MICRO_MOTION,-1857449917700496570,10,PRISMATIC_ONLY,0.460000000000,-0.892500061050,2.08249993895,UNGUARDED_REFERENCE,true,true,CONVERGED_UNCERTIFIED,NO_GUARDS_OR_FINAL_CERTIFICATION,1,true,true,1.25605563443e-07,false,false,false,false,0,NaN,5125,0.297500000519|0.297500000519|0.297499984532|0.297500000519|0.297500000510|0.297499984532|0.297500000583|0.297500000665|0.297499984535|0.297500000683
1028,VALID_CAMPAIGN,UNIFORM,7588475873435845729,10,PRISMATIC_ONLY,0.460000000000,-1.16167601837,2.24224663588,GUARDED_PRODUCTION,true,true,SUCCESS_WITH_WARNING,CRITICAL_SINGULARITY_DAMPED,33,true,true,7.06830216860e-07,false,false,false,false,0,Infinity,276416,0.320320943144|0.320320943144|0.387225104113|0.320320943145|0.320320943144|0.387225104113|0.320320943147|0.320320943151|0.387225104122|0.320320943145
1028,VALID_CAMPAIGN,UNIFORM,7588475873435845729,10,PRISMATIC_ONLY,0.460000000000,-1.16167601837,2.24224663588,UNGUARDED_REFERENCE,true,true,CONVERGED_UNCERTIFIED,NO_GUARDS_OR_FINAL_CERTIFICATION,3,true,true,5.06912936791e-08,false,false,false,false,0,NaN,8417,0.320320947150|0.320320947150|0.387225322654|0.320320947139|0.320320947131|0.387225322654|0.320320947215|0.320320947286|0.387225322666|0.320320947314
1029,VALID_CAMPAIGN,NEAR_JOINT_LIMIT,-1383493027010487851,10,PRISMATIC_ONLY,0.460000000000,-0.615000005550,1.80500000555,GUARDED_PRODUCTION,true,true,SUCCESS_WITH_WARNING,CRITICAL_SINGULARITY_DAMPED,68,true,true,1.67819473980e-07,false,false,false,false,0,Infinity,563291,0.257857144856|0.257857144856|0.205000057715|0.257857144856|0.257857144856|0.205000057715|0.257857144860|0.257857144864|0.205000057726|0.257857144858
1029,VALID_CAMPAIGN,NEAR_JOINT_LIMIT,-1383493027010487851,10,PRISMATIC_ONLY,0.460000000000,-0.615000005550,1.80500000555,UNGUARDED_REFERENCE,true,true,CONVERGED_UNCERTIFIED,NO_GUARDS_OR_FINAL_CERTIFICATION,3,true,true,1.03442879298e-07,false,false,false,false,0,NaN,7250,0.257857145751|0.257857145751|0.205000035960|0.257857145741|0.257857145732|0.205000035960|0.257857145816|0.257857145887|0.205000035973|0.257857145915
1030,VALID_CAMPAIGN,NEAR_SINGULARITY,3084310015469156421,10,PRISMATIC_ONLY,0.460000000000,-0.892500005550,2.08249999445,GUARDED_PRODUCTION,true,true,SUCCESS_WITH_WARNING,CRITICAL_SINGULARITY_DAMPED,38,true,true,3.06198601103e-07,false,false,false,false,0,Infinity,303042,0.297499996030|0.297499996030|0.297499900049|0.297499996029|0.297499996030|0.297499900049|0.297499996033|0.297499996037|0.297499900061|0.297499996031
1030,VALID_CAMPAIGN,NEAR_SINGULARITY,3084310015469156421,10,PRISMATIC_ONLY,0.460000000000,-0.892500005550,2.08249999445,UNGUARDED_REFERENCE,true,true,CONVERGED_UNCERTIFIED,NO_GUARDS_OR_FINAL_CERTIFICATION,3,true,true,5.28207178008e-08,false,false,false,false,0,NaN,6208,0.297499997795|0.297499997795|0.297499984529|0.297499997785|0.297499997776|0.297499984529|0.297499997860|0.297499997932|0.297499984541|0.297499997959
1031,VALID_CAMPAIGN,MICRO_MOTION,-2180591245712423118,10,PRISMATIC_ONLY,0.460000000000,-0.892500061050,2.08249993895,GUARDED_PRODUCTION,true,true,SUCCESS,NONE,1,true,true,3.62420742338e-07,false,false,false,false,0,NaN,7250,0.297499996030|0.297499996030|0.297499900049|0.297499996029|0.297499996030|0.297499900049|0.297499996033|0.297499996037|0.297499900061|0.297499996031
1031,VALID_CAMPAIGN,MICRO_MOTION,-2180591245712423118,10,PRISMATIC_ONLY,0.460000000000,-0.892500061050,2.08249993895,UNGUARDED_REFERENCE,true,true,CONVERGED_UNCERTIFIED,NO_GUARDS_OR_FINAL_CERTIFICATION,1,true,true,1.16864807472e-07,false,false,false,false,0,NaN,958,0.297499997795|0.297499997795|0.297499984529|0.297499997785|0.297499997776|0.297499984529|0.297499997860|0.297499997932|0.297499984541|0.297499997959
1032,VALID_CAMPAIGN,UNIFORM,1032550407332229090,10,PRISMATIC_ONLY,0.460000000000,-0.731599931910,1.54644186775,GUARDED_PRODUCTION,true,true,SUCCESS_WITH_WARNING,CRITICAL_SINGULARITY_DAMPED,44,true,true,6.45910989338e-08,false,false,false,false,0,Infinity,338917,0.220920268751|0.220920268751|0.243866665020|0.220920268752|0.220920268751|0.243866665020|0.220920268756|0.220920268760|0.243866665031|0.220920268752
1032,VALID_CAMPAIGN,UNIFORM,1032550407332229090,10,PRISMATIC_ONLY,0.460000000000,-0.731599931910,1.54644186775,UNGUARDED_REFERENCE,true,true,CONVERGED_UNCERTIFIED,NO_GUARDS_OR_FINAL_CERTIFICATION,3,true,true,3.53191648864e-08,false,false,false,false,0,NaN,6083,0.220920269404|0.220920269404|0.243866654005|0.220920269393|0.220920269385|0.243866654005|0.220920269468|0.220920269540|0.243866654023|0.220920269602
1033,VALID_CAMPAIGN,NEAR_JOINT_LIMIT,-3655800646438645212,10,PRISMATIC_ONLY,0.460000000000,-0.0600000166500,1.25000001665,GUARDED_PRODUCTION,true,true,SUCCESS_WITH_WARNING,CRITICAL_SINGULARITY_DAMPED,76,true,true,5.10487383687e-07,false,false,false,false,0,Infinity,582042,0.178571433097|0.178571433097|0.0200001756345|0.178571433099|0.178571433097|0.0200001756345|0.178571433101|0.178571433106|0.0200001756467|0.178571433098
1033,VALID_CAMPAIGN,NEAR_JOINT_LIMIT,-3655800646438645212,10,PRISMATIC_ONLY,0.460000000000,-0.0600000166500,1.25000001665,UNGUARDED_REFERENCE,true,true,CONVERGED_UNCERTIFIED,NO_GUARDS_OR_FINAL_CERTIFICATION,3,true,true,1.26143328104e-07,false,false,false,false,0,NaN,6208,0.178571432353|0.178571432353|0.0200000474458|0.178571432342|0.178571432334|0.0200000474458|0.178571432418|0.178571432489|0.0200000474889|0.178571432560
1034,VALID_CAMPAIGN,NEAR_SINGULARITY,4837659691032425351,10,PRISMATIC_ONLY,0.460000000000,-0.892500005550,2.08249999445,GUARDED_PRODUCTION,true,true,SUCCESS_WITH_WARNING,CRITICAL_SINGULARITY_DAMPED,108,true,true,5.43111896218e-08,false,false,false,false,0,Infinity,825042,0.297499998880|0.297499998880|0.297499983758|0.297499998878|0.297499998877|0.297499983758|0.297499998882|0.297499998888|0.297499983772|0.297499998880
1034,VALID_CAMPAIGN,NEAR_SINGULARITY,4837659691032425351,10,PRISMATIC_ONLY,0.460000000000,-0.892500005550,2.08249999445,UNGUARDED_REFERENCE,true,true,CONVERGED_UNCERTIFIED,NO_GUARDS_OR_FINAL_CERTIFICATION,3,true,true,1.58462159213e-07,false,false,false,false,0,NaN,6125,0.297499995046|0.297499995046|0.297499949885|0.297499995063|0.297499995054|0.297499949885|0.297499995138|0.297499995209|0.297499949928|0.297499995254
1035,VALID_CAMPAIGN,MICRO_MOTION,7860504460326997558,10,PRISMATIC_ONLY,0.460000000000,-0.892500061050,2.08249993895,GUARDED_PRODUCTION,true,true,SUCCESS,NONE,1,true,true,1.21982282545e-07,false,false,false,false,0,NaN,6500,0.297499998880|0.297499998880|0.297499983758|0.297499998878|0.297499998877|0.297499983758|0.297499998882|0.297499998888|0.297499983772|0.297499998880
1035,VALID_CAMPAIGN,MICRO_MOTION,7860504460326997558,10,PRISMATIC_ONLY,0.460000000000,-0.892500061050,2.08249993895,UNGUARDED_REFERENCE,true,true,CONVERGED_UNCERTIFIED,NO_GUARDS_OR_FINAL_CERTIFICATION,1,true,true,2.13052395933e-07,false,false,false,false,0,NaN,959,0.297499995046|0.297499995046|0.297499949885|0.297499995063|0.297499995054|0.297499949885|0.297499995138|0.297499995209|0.297499949928|0.297499995254
1036,VALID_CAMPAIGN,UNIFORM,-2177533783478102335,10,PRISMATIC_ONLY,0.460000000000,-1.08968455750,2.29412301331,GUARDED_PRODUCTION,true,true,SUCCESS_WITH_WARNING,CRITICAL_SINGULARITY_DAMPED,29,true,true,4.56635113915e-08,false,false,false,false,0,Infinity,221875,0.327731858670|0.327731858670|0.363228170632|0.327731858668|0.327731858669|0.363228170632|0.327731858672|0.327731858677|0.363228170645|0.327731858670
1036,VALID_CAMPAIGN,UNIFORM,-2177533783478102335,10,PRISMATIC_ONLY,0.460000000000,-1.08968455750,2.29412301331,UNGUARDED_REFERENCE,true,true,CONVERGED_UNCERTIFIED,NO_GUARDS_OR_FINAL_CERTIFICATION,3,true,true,3.76260743857e-08,false,false,false,false,0,NaN,6000,0.327731857935|0.327731857935|0.363228173513|0.327731857952|0.327731857943|0.363228173513|0.327731858027|0.327731858098|0.363228173556|0.327731858143
1037,VALID_CAMPAIGN,NEAR_JOINT_LIMIT,5217849894518411368,10,PRISMATIC_ONLY,0.460000000000,-0.0600000166500,1.25000001665,GUARDED_PRODUCTION,true,true,SUCCESS_WITH_WARNING,CRITICAL_SINGULARITY_DAMPED,133,true,true,4.67056278788e-07,false,false,false,false,0,Infinity,1016333,0.178571434442|0.178571434442|0.0200001610177|0.178571434441|0.178571434440|0.0200001610177|0.178571434444|0.178571434448|0.0200001610305|0.178571434441
1037,VALID_CAMPAIGN,NEAR_JOINT_LIMIT,5217849894518411368,10,PRISMATIC_ONLY,0.460000000000,-0.0600000166500,1.25000001665,UNGUARDED_REFERENCE,true,true,CONVERGED_UNCERTIFIED,NO_GUARDS_OR_FINAL_CERTIFICATION,3,true,true,1.96085740047e-07,false,false,false,false,0,NaN,6083,0.178571436012|0.178571436012|0.0200000697915|0.178571436028|0.178571436020|0.0200000697915|0.178571436103|0.178571436175|0.0200000698346|0.178571436220
1038,VALID_CAMPAIGN,NEAR_SINGULARITY,3484283684103584531,10,PRISMATIC_ONLY,0.460000000000,-0.892500005550,2.08249999445,GUARDED_PRODUCTION,true,true,SUCCESS_WITH_WARNING,CRITICAL_SINGULARITY_DAMPED,108,true,true,5.43133754177e-08,false,false,false,false,0,Infinity,926125,0.297499998880|0.297499998880|0.297499983758|0.297499998879|0.297499998877|0.297499983758|0.297499998882|0.297499998885|0.297499983769|0.297499998879
1038,VALID_CAMPAIGN,NEAR_SINGULARITY,3484283684103584531,10,PRISMATIC_ONLY,0.460000000000,-0.892500005550,2.08249999445,UNGUARDED_REFERENCE,true,true,CONVERGED_UNCERTIFIED,NO_GUARDS_OR_FINAL_CERTIFICATION,3,true,true,1.58462199760e-07,false,false,false,false,0,NaN,6375,0.297499995058|0.297499995058|0.297499949885|0.297499995074|0.297499995065|0.297499949885|0.297499995149|0.297499995168|0.297499949928|0.297499995239
1039,VALID_CAMPAIGN,MICRO_MOTION,-1300498583385527029,10,PRISMATIC_ONLY,0.460000000000,-0.892500061050,2.08249993895,GUARDED_PRODUCTION,true,true,SUCCESS,NONE,1,true,true,1.21984190702e-07,false,false,false,false,0,NaN,8083,0.297499998880|0.297499998880|0.297499983758|0.297499998879|0.297499998877|0.297499983758|0.297499998882|0.297499998885|0.297499983769|0.297499998879
1039,VALID_CAMPAIGN,MICRO_MOTION,-1300498583385527029,10,PRISMATIC_ONLY,0.460000000000,-0.892500061050,2.08249993895,UNGUARDED_REFERENCE,true,true,CONVERGED_UNCERTIFIED,NO_GUARDS_OR_FINAL_CERTIFICATION,1,true,true,2.13052458193e-07,false,false,false,false,0,NaN,959,0.297499995058|0.297499995058|0.297499949885|0.297499995074|0.297499995065|0.297499949885|0.297499995149|0.297499995168|0.297499949928|0.297499995239
1040,VALID_CAMPAIGN,UNIFORM,8880870373664796657,10,PRISMATIC_ONLY,0.460000000000,-0.904993608222,2.24927821442,GUARDED_PRODUCTION,true,true,SUCCESS_WITH_WARNING,CRITICAL_SINGULARITY_DAMPED,15,true,true,5.34825321150e-08,false,false,false,false,0,Infinity,114542,0.321325453770|0.321325453770|0.301664523533|0.321325453769|0.321325453767|0.301664523533|0.321325453771|0.321325453774|0.301664523545|0.321325453771
1040,VALID_CAMPAIGN,UNIFORM,8880870373664796657,10,PRISMATIC_ONLY,0.460000000000,-0.904993608222,2.24927821442,UNGUARDED_REFERENCE,true,true,CONVERGED_UNCERTIFIED,NO_GUARDS_OR_FINAL_CERTIFICATION,3,true,true,6.19602850723e-09,false,false,false,false,0,NaN,6084,0.321325458322|0.321325458322|0.301664535280|0.321325458338|0.321325458329|0.301664535280|0.321325458413|0.321325458442|0.301664535323|0.321325458513
1041,VALID_CAMPAIGN,NEAR_JOINT_LIMIT,4482704240809807974,10,PRISMATIC_ONLY,0.460000000000,-0.615000005550,1.25000001665,GUARDED_PRODUCTION,true,true,SUCCESS_WITH_WARNING,CRITICAL_SINGULARITY_DAMPED,78,true,true,2.25029838943e-07,false,false,false,false,0,Infinity,599334,0.178571437623|0.178571437623|0.205000075222|0.178571437622|0.178571437621|0.205000075222|0.178571437626|0.178571437626|0.205000075234|0.178571437627
1041,VALID_CAMPAIGN,NEAR_JOINT_LIMIT,4482704240809807974,10,PRISMATIC_ONLY,0.460000000000,-0.615000005550,1.25000001665,UNGUARDED_REFERENCE,true,true,CONVERGED_UNCERTIFIED,NO_GUARDS_OR_FINAL_CERTIFICATION,3,true,true,6.42589399419e-08,false,false,false,false,0,NaN,7000,0.178571435800|0.178571435800|0.205000019932|0.178571435816|0.178571435808|0.205000019932|0.178571435891|0.178571435921|0.205000019975|0.178571435992
1042,VALID_CAMPAIGN,NEAR_SINGULARITY,6584992975750080309,10,PRISMATIC_ONLY,0.460000000000,-0.892500005550,2.08249999445,GUARDED_PRODUCTION,true,true,SUCCESS_WITH_WARNING,CRITICAL_SINGULARITY_DAMPED,67,true,true,2.84114008701e-07,false,false,false,false,0,Infinity,511792,0.297499991406|0.297499991406|0.297499908906|0.297499991407|0.297499991406|0.297499908906|0.297499991412|0.297499991411|0.297499908919|0.297499991411
1042,VALID_CAMPAIGN,NEAR_SINGULARITY,6584992975750080309,10,PRISMATIC_ONLY,0.460000000000,-0.892500005550,2.08249999445,UNGUARDED_REFERENCE,true,true,CONVERGED_UNCERTIFIED,NO_GUARDS_OR_FINAL_CERTIFICATION,3,true,true,5.93223481391e-08,false,false,false,false,0,NaN,6292,0.297499995051|0.297499995051|0.297499984519|0.297499995067|0.297499995058|0.297499984519|0.297499995142|0.297499995172|0.297499984562|0.297499995269
1043,VALID_CAMPAIGN,MICRO_MOTION,1128479309069232395,10,PRISMATIC_ONLY,0.460000000000,-0.892500061050,2.08249993895,GUARDED_PRODUCTION,true,true,SUCCESS,NONE,1,true,true,3.34321227329e-07,false,false,false,false,0,NaN,7625,0.297499991406|0.297499991406|0.297499908906|0.297499991407|0.297499991406|0.297499908906|0.297499991412|0.297499991411|0.297499908919|0.297499991411
1043,VALID_CAMPAIGN,MICRO_MOTION,1128479309069232395,10,PRISMATIC_ONLY,0.460000000000,-0.892500061050,2.08249993895,UNGUARDED_REFERENCE,true,true,CONVERGED_UNCERTIFIED,NO_GUARDS_OR_FINAL_CERTIFICATION,1,true,true,1.10757112482e-07,false,false,false,false,0,NaN,1000,0.297499995051|0.297499995051|0.297499984519|0.297499995067|0.297499995058|0.297499984519|0.297499995142|0.297499995172|0.297499984562|0.297499995269
1044,VALID_CAMPAIGN,UNIFORM,4867556084577498522,10,PRISMATIC_ONLY,0.460000000000,-0.616710058835,2.20838734380,GUARDED_PRODUCTION,true,true,SUCCESS_WITH_WARNING,CRITICAL_SINGULARITY_DAMPED,33,true,true,6.26437300649e-07,false,false,false,false,0,Infinity,252875,0.315483903145|0.315483903145|0.205570228294|0.315483903146|0.315483903145|0.205570228294|0.315483903151|0.315483903150|0.205570228307|0.315483903149
1044,VALID_CAMPAIGN,UNIFORM,4867556084577498522,10,PRISMATIC_ONLY,0.460000000000,-0.616710058835,2.20838734380,UNGUARDED_REFERENCE,true,true,CONVERGED_UNCERTIFIED,NO_GUARDS_OR_FINAL_CERTIFICATION,3,true,true,5.18120323997e-08,false,false,false,false,0,NaN,6042,0.315483905569|0.315483905569|0.205570036804|0.315483905593|0.315483905576|0.205570036804|0.315483905668|0.315483905697|0.205570036857|0.315483905795
1045,VALID_CAMPAIGN,NEAR_JOINT_LIMIT,-4119509113156432260,10,PRISMATIC_ONLY,0.460000000000,-1.72499998335,1.80500000555,GUARDED_PRODUCTION,true,true,SUCCESS_WITH_WARNING,CRITICAL_SINGULARITY_DAMPED,122,true,true,4.73659628720e-07,false,false,false,false,0,Infinity,934834,0.257857145016|0.257857145016|0.574999836592|0.257857145016|0.257857145015|0.574999836592|0.257857145020|0.257857145020|0.574999836603|0.257857145019
1045,VALID_CAMPAIGN,NEAR_JOINT_LIMIT,-4119509113156432260,10,PRISMATIC_ONLY,0.460000000000,-1.72499998335,1.80500000555,UNGUARDED_REFERENCE,true,true,CONVERGED_UNCERTIFIED,NO_GUARDS_OR_FINAL_CERTIFICATION,3,true,true,2.07946826692e-07,false,false,false,false,0,NaN,6083,0.257857145559|0.257857145559|0.574999925271|0.257857145584|0.257857145567|0.574999925271|0.257857145659|0.257857145688|0.574999925324|0.257857145811
1046,VALID_CAMPAIGN,NEAR_SINGULARITY,-6856598075052306898,10,PRISMATIC_ONLY,0.460000000000,-0.892500005550,2.08249999445,GUARDED_PRODUCTION,true,true,SUCCESS_WITH_WARNING,CRITICAL_SINGULARITY_DAMPED,92,true,true,4.68764187100e-07,false,false,false,false,0,Infinity,701583,0.297499997802|0.297499997802|0.297500158067|0.297499997802|0.297499997802|0.297500158067|0.297499997807|0.297499997808|0.297500158078|0.297499997806
1046,VALID_CAMPAIGN,NEAR_SINGULARITY,-6856598075052306898,10,PRISMATIC_ONLY,0.460000000000,-0.892500005550,2.08249999445,UNGUARDED_REFERENCE,true,true,CONVERGED_UNCERTIFIED,NO_GUARDS_OR_FINAL_CERTIFICATION,3,true,true,1.56144514601e-07,false,false,false,false,0,NaN,6166,0.297499997770|0.297499997770|0.297500053804|0.297499997795|0.297499997778|0.297500053804|0.297499997870|0.297499997899|0.297500053795|0.297499998022
1047,VALID_CAMPAIGN,MICRO_MOTION,-1884147873538750558,10,PRISMATIC_ONLY,0.460000000000,-0.892500061050,2.08249993895,GUARDED_PRODUCTION,true,true,SUCCESS,NONE,1,true,true,4.15678814242e-07,false,false,false,false,0,NaN,6500,0.297499997802|0.297499997802|0.297500158067|0.297499997802|0.297499997802|0.297500158067|0.297499997807|0.297499997808|0.297500158078|0.297499997806
1047,VALID_CAMPAIGN,MICRO_MOTION,-1884147873538750558,10,PRISMATIC_ONLY,0.460000000000,-0.892500061050,2.08249993895,UNGUARDED_REFERENCE,true,true,CONVERGED_UNCERTIFIED,NO_GUARDS_OR_FINAL_CERTIFICATION,1,true,true,1.10373493258e-07,false,false,false,false,0,NaN,917,0.297499997770|0.297499997770|0.297500053804|0.297499997795|0.297499997778|0.297500053804|0.297499997870|0.297499997899|0.297500053795|0.297499998022
1048,VALID_CAMPAIGN,UNIFORM,-5431282418073821471,10,PRISMATIC_ONLY,0.460000000000,-0.839878014030,1.30128345391,GUARDED_PRODUCTION,true,true,SUCCESS_WITH_WARNING,CRITICAL_SINGULARITY_DAMPED,57,true,true,6.12209620269e-08,false,false,false,false,0,Infinity,433542,0.185897642396|0.185897642396|0.279959352571|0.185897642398|0.185897642397|0.279959352571|0.185897642401|0.185897642403|0.279959352582|0.185897642403
1048,VALID_CAMPAIGN,UNIFORM,-5431282418073821471,10,PRISMATIC_ONLY,0.460000000000,-0.839878014030,1.30128345391,UNGUARDED_REFERENCE,true,true,CONVERGED_UNCERTIFIED,NO_GUARDS_OR_FINAL_CERTIFICATION,3,true,true,2.86245325969e-08,false,false,false,false,0,NaN,6083,0.185897640040|0.185897640040|0.279959341297|0.185897640064|0.185897640047|0.279959341297|0.185897640139|0.185897640168|0.279959341288|0.185897640291
1049,VALID_CAMPAIGN,NEAR_JOINT_LIMIT,4362796235524385898,10,PRISMATIC_ONLY,0.460000000000,-1.16999999445,1.80500000555,GUARDED_PRODUCTION,true,true,SUCCESS_WITH_WARNING,CRITICAL_SINGULARITY_DAMPED,52,true,true,3.12357095136e-07,false,false,false,false,0,Infinity,411791,0.257857138929|0.257857138929|0.389999894611|0.257857138930|0.257857138931|0.389999894611|0.257857138933|0.257857138935|0.389999894622|0.257857138935
1049,VALID_CAMPAIGN,NEAR_JOINT_LIMIT,4362796235524385898,10,PRISMATIC_ONLY,0.460000000000,-1.16999999445,1.80500000555,UNGUARDED_REFERENCE,true,true,CONVERGED_UNCERTIFIED,NO_GUARDS_OR_FINAL_CERTIFICATION,3,true,true,6.41857491922e-08,false,false,false,false,0,NaN,6291,0.257857141108|0.257857141108|0.389999977552|0.257857141132|0.257857141116|0.389999977552|0.257857141192|0.257857141221|0.389999977544|0.257857141344
1050,VALID_CAMPAIGN,NEAR_SINGULARITY,6895485892368069770,10,PRISMATIC_ONLY,0.460000000000,-0.892500005550,2.08249999445,GUARDED_PRODUCTION,true,true,SUCCESS_WITH_WARNING,CRITICAL_SINGULARITY_DAMPED,38,true,true,3.06191532563e-07,false,false,false,false,0,Infinity,365500,0.297499996028|0.297499996028|0.297500103641|0.297499996030|0.297499996031|0.297500103641|0.297499996032|0.297499996034|0.297500103651|0.297499996036
1050,VALID_CAMPAIGN,NEAR_SINGULARITY,6895485892368069770,10,PRISMATIC_ONLY,0.460000000000,-0.892500005550,2.08249999445,UNGUARDED_REFERENCE,true,true,CONVERGED_UNCERTIFIED,NO_GUARDS_OR_FINAL_CERTIFICATION,3,true,true,5.28207050716e-08,false,false,false,false,0,NaN,10708,0.297499997776|0.297499997776|0.297500019170|0.297499997800|0.297499997783|0.297500019170|0.297499997859|0.297499997889|0.297500019161|0.297499998020
1051,VALID_CAMPAIGN,MICRO_MOTION,1540415875221853686,10,PRISMATIC_ONLY,0.460000000000,-0.892500061050,2.08249993895,GUARDED_PRODUCTION,true,true,SUCCESS,NONE,1,true,true,2.52088500295e-07,false,false,false,false,0,NaN,25916,0.297499996028|0.297499996028|0.297500103641|0.297499996030|0.297499996031|0.297500103641|0.297499996032|0.297499996034|0.297500103651|0.297499996036
1051,VALID_CAMPAIGN,MICRO_MOTION,1540415875221853686,10,PRISMATIC_ONLY,0.460000000000,-0.892500061050,2.08249993895,UNGUARDED_REFERENCE,true,true,CONVERGED_UNCERTIFIED,NO_GUARDS_OR_FINAL_CERTIFICATION,1,true,true,4.60901571393e-08,false,false,false,false,0,NaN,1125,0.297499997776|0.297499997776|0.297500019170|0.297499997800|0.297499997783|0.297500019170|0.297499997859|0.297499997889|0.297500019161|0.297499998020
1052,VALID_CAMPAIGN,UNIFORM,2449845950703078032,10,PRISMATIC_ONLY,0.460000000000,-0.979538005926,1.83249839230,GUARDED_PRODUCTION,true,true,SUCCESS_WITH_WARNING,CRITICAL_SINGULARITY_DAMPED,23,true,true,1.05703451568e-07,false,false,false,false,0,Infinity,183208,0.261785487676|0.261785487676|0.326512634138|0.261785487676|0.261785487678|0.326512634138|0.261785487680|0.261785487682|0.326512634147|0.261785487683
1052,VALID_CAMPAIGN,UNIFORM,2449845950703078032,10,PRISMATIC_ONLY,0.460000000000,-0.979538005926,1.83249839230,UNGUARDED_REFERENCE,true,true,CONVERGED_UNCERTIFIED,NO_GUARDS_OR_FINAL_CERTIFICATION,3,true,true,1.84249601828e-08,false,false,false,false,0,NaN,6208,0.261785485768|0.261785485768|0.326512663212|0.261785485793|0.261785485776|0.326512663212|0.261785485868|0.261785485897|0.326512663207|0.261785486029
1053,VALID_CAMPAIGN,NEAR_JOINT_LIMIT,-6526204214915119249,10,PRISMATIC_ONLY,0.460000000000,-0.615000005550,1.80500000555,GUARDED_PRODUCTION,true,true,SUCCESS_WITH_WARNING,CRITICAL_SINGULARITY_DAMPED,41,true,true,6.64062662367e-07,false,false,false,false,0,Infinity,402209,0.257857144185|0.257857144185|0.205000223197|0.257857144185|0.257857144187|0.205000223197|0.257857144190|0.257857144191|0.205000223208|0.257857144192
1053,VALID_CAMPAIGN,NEAR_JOINT_LIMIT,-6526204214915119249,10,PRISMATIC_ONLY,0.460000000000,-0.615000005550,1.80500000555,UNGUARDED_REFERENCE,true,true,CONVERGED_UNCERTIFIED,NO_GUARDS_OR_FINAL_CERTIFICATION,3,true,true,6.82518270611e-08,false,false,false,false,0,NaN,6708,0.257857143711|0.257857143711|0.205000024596|0.257857143735|0.257857143718|0.205000024596|0.257857143810|0.257857143839|0.205000024604|0.257857143971
1054,VALID_CAMPAIGN,NEAR_SINGULARITY,-8863833517398293452,10,PRISMATIC_ONLY,0.460000000000,-0.892500005550,2.08249999445,GUARDED_PRODUCTION,true,true,SUCCESS_WITH_WARNING,CRITICAL_SINGULARITY_DAMPED,38,true,true,3.06173014470e-07,false,false,false,false,0,Infinity,358958,0.297499996029|0.297499996029|0.297499900058|0.297499996029|0.297499996031|0.297499900058|0.297499996033|0.297499996035|0.297499900069|0.297499996036
1054,VALID_CAMPAIGN,NEAR_SINGULARITY,-8863833517398293452,10,PRISMATIC_ONLY,0.460000000000,-0.892500005550,2.08249999445,UNGUARDED_REFERENCE,true,true,CONVERGED_UNCERTIFIED,NO_GUARDS_OR_FINAL_CERTIFICATION,3,true,true,5.28207064446e-08,false,false,false,false,0,NaN,7209,0.297499997769|0.297499997769|0.297499984530|0.297499997793|0.297499997777|0.297499984530|0.297499997868|0.297499997898|0.297499984539|0.297499998029
1055,VALID_CAMPAIGN,MICRO_MOTION,1503398600948920807,10,PRISMATIC_ONLY,0.460000000000,-0.892500061050,2.08249993895,GUARDED_PRODUCTION,true,true,SUCCESS,NONE,1,true,true,3.62395512978e-07,false,false,false,false,0,NaN,9667,0.297499996029|0.297499996029|0.297499900058|0.297499996029|0.297499996031|0.297499900058|0.297499996033|0.297499996035|0.297499900069|0.297499996036
1055,VALID_CAMPAIGN,MICRO_MOTION,1503398600948920807,10,PRISMATIC_ONLY,0.460000000000,-0.892500061050,2.08249993895,UNGUARDED_REFERENCE,true,true,CONVERGED_UNCERTIFIED,NO_GUARDS_OR_FINAL_CERTIFICATION,1,true,true,1.16864796856e-07,false,false,false,false,0,NaN,1167,0.297499997769|0.297499997769|0.297499984530|0.297499997793|0.297499997777|0.297499984530|0.297499997868|0.297499997898|0.297499984539|0.297499998029
1056,VALID_CAMPAIGN,UNIFORM,6245769618562388683,10,PRISMATIC_ONLY,0.460000000000,-0.494614343423,1.38261115628,GUARDED_PRODUCTION,true,true,SUCCESS_WITH_WARNING,CRITICAL_SINGULARITY_DAMPED,67,true,true,1.41179847843e-07,false,false,false,false,0,Infinity,570417,0.197515881651|0.197515881651|0.164871494588|0.197515881652|0.197515881653|0.164871494588|0.197515881654|0.197515881657|0.164871494596|0.197515881658
1056,VALID_CAMPAIGN,UNIFORM,6245769618562388683,10,PRISMATIC_ONLY,0.460000000000,-0.494614343423,1.38261115628,UNGUARDED_REFERENCE,true,true,CONVERGED_UNCERTIFIED,NO_GUARDS_OR_FINAL_CERTIFICATION,3,true,true,7.82831127956e-08,false,false,false,false,0,NaN,6792,0.197515882834|0.197515882834|0.164871472634|0.197515882859|0.197515882842|0.164871472634|0.197515882934|0.197515882963|0.164871472643|0.197515883095
1057,VALID_CAMPAIGN,NEAR_JOINT_LIMIT,1377695206061868260,10,PRISMATIC_ONLY,0.460000000000,-0.615000005550,0.695000027750,GUARDED_PRODUCTION,true,true,SUCCESS_WITH_WARNING,CRITICAL_SINGULARITY_DAMPED,52,true,true,1.14438944823e-07,false,false,false,false,0,Infinity,422250,0.0992857241440|0.0992857241440|0.204999966269|0.0992857241459|0.0992857241466|0.204999966269|0.0992857241486|0.0992857241518|0.204999966278|0.0992857241516
1057,VALID_CAMPAIGN,NEAR_JOINT_LIMIT,1377695206061868260,10,PRISMATIC_ONLY,0.460000000000,-0.615000005550,0.695000027750,UNGUARDED_REFERENCE,true,true,CONVERGED_UNCERTIFIED,NO_GUARDS_OR_FINAL_CERTIFICATION,3,true,true,3.26729556784e-08,false,false,false,false,0,NaN,6417,0.0992857215676|0.0992857215676|0.204999994335|0.0992857215700|0.0992857215532|0.204999994335|0.0992857216450|0.0992857216743|0.204999994343|0.0992857218280
1058,VALID_CAMPAIGN,NEAR_SINGULARITY,-7312529835658375049,10,PRISMATIC_ONLY,0.460000000000,-0.892500005550,2.08249999445,GUARDED_PRODUCTION,true,true,SUCCESS_WITH_WARNING,CRITICAL_SINGULARITY_DAMPED,102,true,true,6.65440403168e-07,false,false,false,false,0,Infinity,827583,0.297499958792|0.297499958792|0.297499801074|0.297499958794|0.297499958795|0.297499801074|0.297499958797|0.297499958799|0.297499801082|0.297499958798
1058,VALID_CAMPAIGN,NEAR_SINGULARITY,-7312529835658375049,10,PRISMATIC_ONLY,0.460000000000,-0.892500005550,2.08249999445,UNGUARDED_REFERENCE,true,true,CONVERGED_UNCERTIFIED,NO_GUARDS_OR_FINAL_CERTIFICATION,3,true,true,7.05505778647e-08,false,false,false,false,0,NaN,6500,0.297499992329|0.297499992329|0.297499984530|0.297499992332|0.297499992293|0.297499984530|0.297499992407|0.297499992436|0.297499984539|0.297499992590
1059,VALID_CAMPAIGN,MICRO_MOTION,-4920650618663660900,10,PRISMATIC_ONLY,0.460000000000,-0.892500061050,2.08249993895,GUARDED_PRODUCTION,true,true,SUCCESS,NONE,1,true,true,6.96009389438e-07,false,false,false,false,0,NaN,7458,0.297499958792|0.297499958792|0.297499801074|0.297499958794|0.297499958795|0.297499801074|0.297499958797|0.297499958799|0.297499801082|0.297499958798
1059,VALID_CAMPAIGN,MICRO_MOTION,-4920650618663660900,10,PRISMATIC_ONLY,0.460000000000,-0.892500061050,2.08249993895,UNGUARDED_REFERENCE,true,true,CONVERGED_UNCERTIFIED,NO_GUARDS_OR_FINAL_CERTIFICATION,1,true,true,1.07731157815e-07,false,false,false,false,0,NaN,958,0.297499992329|0.297499992329|0.297499984530|0.297499992332|0.297499992293|0.297499984530|0.297499992407|0.297499992436|0.297499984539|0.297499992590
1060,VALID_CAMPAIGN,UNIFORM,-8648126151659035373,10,PRISMATIC_ONLY,0.460000000000,-1.04010964022,1.31120406513,GUARDED_PRODUCTION,true,true,SUCCESS_WITH_WARNING,CRITICAL_SINGULARITY_DAMPED,58,true,true,1.89797323826e-07,false,false,false,false,0,Infinity,460042,0.187314875453|0.187314875453|0.346703153733|0.187314875455|0.187314875459|0.346703153733|0.187314875457|0.187314875463|0.346703153742|0.187314875461
1060,VALID_CAMPAIGN,UNIFORM,-8648126151659035373,10,PRISMATIC_ONLY,0.460000000000,-1.04010964022,1.31120406513,UNGUARDED_REFERENCE,true,true,CONVERGED_UNCERTIFIED,NO_GUARDS_OR_FINAL_CERTIFICATION,3,true,true,3.83108883745e-08,false,false,false,false,0,NaN,6291,0.187314870179|0.187314870179|0.346703204192|0.187314870181|0.187314870143|0.346703204192|0.187314870256|0.187314870286|0.346703204201|0.187314870439
1061,VALID_CAMPAIGN,NEAR_JOINT_LIMIT,-7410707353247265038,10,PRISMATIC_ONLY,0.460000000000,-0.615000005550,1.80500000555,GUARDED_PRODUCTION,true,true,SUCCESS_WITH_WARNING,CRITICAL_SINGULARITY_DAMPED,59,true,true,3.63532606955e-07,false,false,false,false,0,Infinity,480375,0.257857139518|0.257857139518|0.205000122641|0.257857139519|0.257857139523|0.205000122641|0.257857139521|0.257857139526|0.205000122651|0.257857139525
1061,VALID_CAMPAIGN,NEAR_JOINT_LIMIT,-7410707353247265038,10,PRISMATIC_ONLY,0.460000000000,-0.615000005550,1.80500000555,UNGUARDED_REFERENCE,true,true,CONVERGED_UNCERTIFIED,NO_GUARDS_OR_FINAL_CERTIFICATION,3,true,true,8.13777295429e-08,false,false,false,false,0,NaN,6458,0.257857141167|0.257857141167|0.205000028375|0.257857141169|0.257857141130|0.205000028375|0.257857141228|0.257857141273|0.205000028384|0.257857141427
1062,VALID_CAMPAIGN,NEAR_SINGULARITY,-2205151430343696702,10,PRISMATIC_ONLY,0.460000000000,-0.892500005550,2.08249999445,GUARDED_PRODUCTION,true,true,SUCCESS_WITH_WARNING,CRITICAL_SINGULARITY_DAMPED,38,true,true,3.06189337952e-07,false,false,false,false,0,Infinity,309250,0.297499996028|0.297499996028|0.297499900053|0.297499996029|0.297499996033|0.297499900053|0.297499996031|0.297499996036|0.297499900062|0.297499996035
1062,VALID_CAMPAIGN,NEAR_SINGULARITY,-2205151430343696702,10,PRISMATIC_ONLY,0.460000000000,-0.892500005550,2.08249999445,UNGUARDED_REFERENCE,true,true,CONVERGED_UNCERTIFIED,NO_GUARDS_OR_FINAL_CERTIFICATION,3,true,true,5.28207162179e-08,false,false,false,false,0,NaN,6375,0.297499997791|0.297499997791|0.297499984530|0.297499997793|0.297499997754|0.297499984530|0.297499997844|0.297499997889|0.297499984539|0.297499998042
1063,VALID_CAMPAIGN,MICRO_MOTION,-6899234110613784120,10,PRISMATIC_ONLY,0.460000000000,-0.892500061050,2.08249993895,GUARDED_PRODUCTION,true,true,SUCCESS,NONE,1,true,true,3.62411607853e-07,false,false,false,false,0,NaN,7500,0.297499996028|0.297499996028|0.297499900053|0.297499996029|0.297499996033|0.297499900053|0.297499996031|0.297499996036|0.297499900062|0.297499996035
1063,VALID_CAMPAIGN,MICRO_MOTION,-6899234110613784120,10,PRISMATIC_ONLY,0.460000000000,-0.892500061050,2.08249993895,UNGUARDED_REFERENCE,true,true,CONVERGED_UNCERTIFIED,NO_GUARDS_OR_FINAL_CERTIFICATION,1,true,true,1.16864810236e-07,false,false,false,false,0,NaN,1084,0.297499997791|0.297499997791|0.297499984530|0.297499997793|0.297499997754|0.297499984530|0.297499997844|0.297499997889|0.297499984539|0.297499998042
1064,VALID_CAMPAIGN,UNIFORM,-824633971705416189,10,PRISMATIC_ONLY,0.460000000000,-0.883393012445,1.89155546240,GUARDED_PRODUCTION,true,true,SUCCESS_WITH_WARNING,CRITICAL_SINGULARITY_DAMPED,16,true,true,2.00959232357e-07,false,false,false,false,0,Infinity,128750,0.270222235266|0.270222235266|0.294464364039|0.270222235268|0.270222235271|0.294464364039|0.270222235270|0.270222235275|0.294464364048|0.270222235273
1064,VALID_CAMPAIGN,UNIFORM,-824633971705416189,10,PRISMATIC_ONLY,0.460000000000,-0.883393012445,1.89155546240,UNGUARDED_REFERENCE,true,true,CONVERGED_UNCERTIFIED,NO_GUARDS_OR_FINAL_CERTIFICATION,3,true,true,6.78662261746e-09,false,false,false,false,0,NaN,6291,0.270222209795|0.270222209795|0.294464338047|0.270222209797|0.270222209759|0.294464338047|0.270222209860|0.270222209905|0.294464338056|0.270222210059
1065,VALID_CAMPAIGN,NEAR_JOINT_LIMIT,6666928045714558762,10,PRISMATIC_ONLY,0.460000000000,-1.16999999445,3.46999997225,GUARDED_PRODUCTION,true,true,SUCCESS_WITH_WARNING,CRITICAL_SINGULARITY_DAMPED,115,true,true,2.52974150245e-07,false,false,false,false,0,Infinity,946000,0.495714271560|0.495714271560|0.389999917243|0.495714271557|0.495714271564|0.389999917243|0.495714271562|0.495714271563|0.389999917251|0.495714271566
1065,VALID_CAMPAIGN,NEAR_JOINT_LIMIT,6666928045714558762,10,PRISMATIC_ONLY,0.460000000000,-1.16999999445,3.46999997225,UNGUARDED_REFERENCE,true,true,CONVERGED_UNCERTIFIED,NO_GUARDS_OR_FINAL_CERTIFICATION,3,true,true,7.63393969194e-08,false,false,false,false,0,NaN,6542,0.495714273963|0.495714273963|0.389999980262|0.495714273966|0.495714273877|0.389999980262|0.495714273978|0.495714274023|0.389999980271|0.495714274177
1066,VALID_CAMPAIGN,NEAR_SINGULARITY,4383277687521095362,10,PRISMATIC_ONLY,0.460000000000,-0.892500005550,2.08249999445,GUARDED_PRODUCTION,true,true,SUCCESS_WITH_WARNING,CRITICAL_SINGULARITY_DAMPED,102,true,true,6.65336107619e-07,false,false,false,false,0,Infinity,872834,0.297500039611|0.297500039611|0.297500202591|0.297500039607|0.297500039612|0.297500202591|0.297500039610|0.297500039614|0.297500202599|0.297500039610
1066,VALID_CAMPAIGN,NEAR_SINGULARITY,4383277687521095362,10,PRISMATIC_ONLY,0.460000000000,-0.892500005550,2.08249999445,UNGUARDED_REFERENCE,true,true,CONVERGED_UNCERTIFIED,NO_GUARDS_OR_FINAL_CERTIFICATION,3,true,true,7.05505007512e-08,false,false,false,false,0,NaN,6583,0.297500005997|0.297500005997|0.297500019164|0.297500005999|0.297500005911|0.297500019164|0.297500006012|0.297500006057|0.297500019173|0.297500006211
1067,VALID_CAMPAIGN,MICRO_MOTION,-3439085409740583792,10,PRISMATIC_ONLY,0.460000000000,-0.892500061050,2.08249993895,GUARDED_PRODUCTION,true,true,SUCCESS,NONE,1,true,true,6.42945195152e-07,false,false,false,false,0,NaN,8042,0.297500039611|0.297500039611|0.297500202591|0.297500039607|0.297500039612|0.297500202591|0.297500039610|0.297500039614|0.297500202599|0.297500039610
1067,VALID_CAMPAIGN,MICRO_MOTION,-3439085409740583792,10,PRISMATIC_ONLY,0.460000000000,-0.892500061050,2.08249993895,UNGUARDED_REFERENCE,true,true,CONVERGED_UNCERTIFIED,NO_GUARDS_OR_FINAL_CERTIFICATION,1,true,true,1.03294477070e-07,false,false,false,false,0,NaN,1000,0.297500005997|0.297500005997|0.297500019164|0.297500005999|0.297500005911|0.297500019164|0.297500006012|0.297500006057|0.297500019173|0.297500006211
1068,VALID_CAMPAIGN,UNIFORM,-428828136646792255,10,PRISMATIC_ONLY,0.460000000000,-0.662047669303,1.93905232092,GUARDED_PRODUCTION,true,true,SUCCESS_WITH_WARNING,CRITICAL_SINGULARITY_DAMPED,29,true,true,5.73170218087e-07,false,false,false,false,0,Infinity,231708,0.277007478312|0.277007478312|0.220682747272|0.277007478308|0.277007478313|0.220682747272|0.277007478311|0.277007478314|0.220682747281|0.277007478311
1068,VALID_CAMPAIGN,UNIFORM,-428828136646792255,10,PRISMATIC_ONLY,0.460000000000,-0.662047669303,1.93905232092,UNGUARDED_REFERENCE,true,true,CONVERGED_UNCERTIFIED,NO_GUARDS_OR_FINAL_CERTIFICATION,3,true,true,4.34243844252e-08,false,false,false,false,0,NaN,6000,0.277007475093|0.277007475093|0.220682570813|0.277007475096|0.277007475007|0.220682570813|0.277007475108|0.277007475153|0.220682570821|0.277007475307
1069,VALID_CAMPAIGN,NEAR_JOINT_LIMIT,6405591943018890423,10,PRISMATIC_ONLY,0.460000000000,-1.72499998335,1.80500000555,GUARDED_PRODUCTION,true,true,SUCCESS_WITH_WARNING,CRITICAL_SINGULARITY_DAMPED,114,true,true,6.64709647089e-07,false,false,false,false,0,Infinity,922750,0.257857144352|0.257857144352|0.574999772884|0.257857144349|0.257857144354|0.574999772884|0.257857144352|0.257857144355|0.574999772891|0.257857144352
1069,VALID_CAMPAIGN,NEAR_JOINT_LIMIT,6405591943018890423,10,PRISMATIC_ONLY,0.460000000000,-1.72499998335,1.80500000555,UNGUARDED_REFERENCE,true,true,CONVERGED_UNCERTIFIED,NO_GUARDS_OR_FINAL_CERTIFICATION,3,true,true,1.99049077212e-07,false,false,false,false,0,NaN,7625,0.257857144278|0.257857144278|0.574999928115|0.257857144280|0.257857144191|0.574999928115|0.257857144301|0.257857144342|0.574999928124|0.257857144491
1070,VALID_CAMPAIGN,NEAR_SINGULARITY,2890171011617295320,10,PRISMATIC_ONLY,0.460000000000,-0.892500005550,2.08249999445,GUARDED_PRODUCTION,true,true,SUCCESS_WITH_WARNING,CRITICAL_SINGULARITY_DAMPED,92,true,true,4.68751066277e-07,false,false,false,false,0,Infinity,858750,0.297499997804|0.297499997804|0.297500158062|0.297499997801|0.297499997806|0.297500158062|0.297499997805|0.297499997806|0.297500158074|0.297499997804
1070,VALID_CAMPAIGN,NEAR_SINGULARITY,2890171011617295320,10,PRISMATIC_ONLY,0.460000000000,-0.892500005550,2.08249999445,UNGUARDED_REFERENCE,true,true,CONVERGED_UNCERTIFIED,NO_GUARDS_OR_FINAL_CERTIFICATION,3,true,true,1.56144702698e-07,false,false,false,false,0,NaN,7500,0.297499997815|0.297499997815|0.297500053798|0.297499997817|0.297499997728|0.297500053798|0.297499997838|0.297499997870|0.297500053807|0.297499998020
1071,VALID_CAMPAIGN,MICRO_MOTION,3931465382345492336,10,PRISMATIC_ONLY,0.460000000000,-0.892500061050,2.08249993895,GUARDED_PRODUCTION,true,true,SUCCESS,NONE,1,true,true,4.15665807293e-07,false,false,false,false,0,NaN,9792,0.297499997804|0.297499997804|0.297500158062|0.297499997801|0.297499997806|0.297500158062|0.297499997805|0.297499997806|0.297500158074|0.297499997804
1071,VALID_CAMPAIGN,MICRO_MOTION,3931465382345492336,10,PRISMATIC_ONLY,0.460000000000,-0.892500061050,2.08249993895,UNGUARDED_REFERENCE,true,true,CONVERGED_UNCERTIFIED,NO_GUARDS_OR_FINAL_CERTIFICATION,1,true,true,1.10373660825e-07,false,false,false,false,0,NaN,1000,0.297499997815|0.297499997815|0.297500053798|0.297499997817|0.297499997728|0.297500053798|0.297499997838|0.297499997870|0.297500053807|0.297499998020
1072,VALID_CAMPAIGN,UNIFORM,-186760472381621545,10,PRISMATIC_ONLY,0.460000000000,-1.29219503032,1.87980952844,GUARDED_PRODUCTION,true,true,SUCCESS_WITH_WARNING,CRITICAL_SINGULARITY_DAMPED,47,true,true,5.39043323646e-07,false,false,false,false,0,Infinity,373500,0.268544221209|0.268544221209|0.430731497211|0.268544221205|0.268544221210|0.430731497211|0.268544221209|0.268544221211|0.430731497223|0.268544221209
1072,VALID_CAMPAIGN,UNIFORM,-186760472381621545,10,PRISMATIC_ONLY,0.460000000000,-1.29219503032,1.87980952844,UNGUARDED_REFERENCE,true,true,CONVERGED_UNCERTIFIED,NO_GUARDS_OR_FINAL_CERTIFICATION,3,true,true,7.51511989358e-08,false,false,false,false,0,NaN,6250,0.268544219316|0.268544219316|0.430731651822|0.268544219318|0.268544219229|0.430731651822|0.268544219339|0.268544219371|0.430731651845|0.268544219521
1073,VALID_CAMPAIGN,NEAR_JOINT_LIMIT,1729753769329849565,10,PRISMATIC_ONLY,0.460000000000,-0.615000005550,2.91499998335,GUARDED_PRODUCTION,true,true,SUCCESS_WITH_WARNING,CRITICAL_SINGULARITY_DAMPED,104,true,true,2.05864390459e-07,false,false,false,false,0,Infinity,829292,0.416428566594|0.416428566594|0.205000070228|0.416428566594|0.416428566598|0.205000070228|0.416428566595|0.416428566600|0.205000070241|0.416428566598
1073,VALID_CAMPAIGN,NEAR_JOINT_LIMIT,1729753769329849565,10,PRISMATIC_ONLY,0.460000000000,-0.615000005550,2.91499998335,UNGUARDED_REFERENCE,true,true,CONVERGED_UNCERTIFIED,NO_GUARDS_OR_FINAL_CERTIFICATION,3,true,true,1.31684845105e-07,false,false,false,false,0,NaN,6333,0.416428563934|0.416428563934|0.205000044118|0.416428563936|0.416428563847|0.205000044118|0.416428563957|0.416428563989|0.205000044092|0.416428564139
1074,VALID_CAMPAIGN,NEAR_SINGULARITY,-7117980170311689730,10,PRISMATIC_ONLY,0.460000000000,-0.892500005550,2.08249999445,GUARDED_PRODUCTION,true,true,SUCCESS_WITH_WARNING,CRITICAL_SINGULARITY_DAMPED,67,true,true,2.84115206465e-07,false,false,false,false,0,Infinity,581834,0.297500007003|0.297500007003|0.297499908905|0.297500007005|0.297500007007|0.297499908905|0.297500007005|0.297500007011|0.297499908919|0.297500007007
1074,VALID_CAMPAIGN,NEAR_SINGULARITY,-7117980170311689730,10,PRISMATIC_ONLY,0.460000000000,-0.892500005550,2.08249999445,UNGUARDED_REFERENCE,true,true,CONVERGED_UNCERTIFIED,NO_GUARDS_OR_FINAL_CERTIFICATION,3,true,true,5.93223841685e-08,false,false,false,false,0,NaN,10542,0.297500003255|0.297500003255|0.297499984542|0.297500003310|0.297500003221|0.297499984542|0.297500003278|0.297500003310|0.297499984515|0.297500003460
1075,VALID_CAMPAIGN,MICRO_MOTION,-7409425432220019562,10,PRISMATIC_ONLY,0.460000000000,-0.892500061050,2.08249993895,GUARDED_PRODUCTION,true,true,SUCCESS,NONE,1,true,true,3.51981153446e-07,false,false,false,false,0,NaN,16459,0.297500007003|0.297500007003|0.297499908905|0.297500007005|0.297500007007|0.297499908905|0.297500007005|0.297500007011|0.297499908919|0.297500007007
1075,VALID_CAMPAIGN,MICRO_MOTION,-7409425432220019562,10,PRISMATIC_ONLY,0.460000000000,-0.892500061050,2.08249993895,UNGUARDED_REFERENCE,true,true,CONVERGED_UNCERTIFIED,NO_GUARDS_OR_FINAL_CERTIFICATION,1,true,true,1.36474324390e-07,false,false,false,false,0,NaN,1042,0.297500003255|0.297500003255|0.297499984542|0.297500003310|0.297500003221|0.297499984542|0.297500003278|0.297500003310|0.297499984515|0.297500003460
1076,VALID_CAMPAIGN,UNIFORM,-2170499538484323607,10,PRISMATIC_ONLY,0.460000000000,-1.22190785033,1.64673497211,GUARDED_PRODUCTION,true,true,SUCCESS_WITH_WARNING,CRITICAL_SINGULARITY_DAMPED,49,true,true,2.04641490907e-07,false,false,false,false,0,Infinity,385416,0.235247855796|0.235247855796|0.407302548838|0.235247855797|0.235247855799|0.407302548838|0.235247855798|0.235247855805|0.407302548853|0.235247855800
1076,VALID_CAMPAIGN,UNIFORM,-2170499538484323607,10,PRISMATIC_ONLY,0.460000000000,-1.22190785033,1.64673497211,UNGUARDED_REFERENCE,true,true,CONVERGED_UNCERTIFIED,NO_GUARDS_OR_FINAL_CERTIFICATION,3,true,true,6.34645943011e-08,false,false,false,false,0,NaN,6500,0.235247855256|0.235247855256|0.407302596235|0.235247855311|0.235247855223|0.407302596235|0.235247855280|0.235247855312|0.407302596196|0.235247855461
1077,VALID_CAMPAIGN,NEAR_JOINT_LIMIT,-3746460610107593078,10,PRISMATIC_ONLY,0.460000000000,-0.615000005550,1.80500000555,GUARDED_PRODUCTION,true,true,SUCCESS_WITH_WARNING,CRITICAL_SINGULARITY_DAMPED,67,true,true,9.32184530068e-07,false,false,false,false,0,Infinity,527083,0.257857140467|0.257857140467|0.205000312483|0.257857140469|0.257857140471|0.205000312483|0.257857140469|0.257857140476|0.205000312502|0.257857140471
1077,VALID_CAMPAIGN,NEAR_JOINT_LIMIT,-3746460610107593078,10,PRISMATIC_ONLY,0.460000000000,-0.615000005550,1.80500000555,UNGUARDED_REFERENCE,true,true,CONVERGED_UNCERTIFIED,NO_GUARDS_OR_FINAL_CERTIFICATION,3,true,true,1.13749769659e-07,false,false,false,false,0,NaN,6042,0.257857142829|0.257857142829|0.205000039721|0.257857142884|0.257857142795|0.205000039721|0.257857142852|0.257857142884|0.205000039727|0.257857143033
1078,VALID_CAMPAIGN,NEAR_SINGULARITY,120026018443587879,10,PRISMATIC_ONLY,0.460000000000,-0.892500005550,2.08249999445,GUARDED_PRODUCTION,true,true,SUCCESS_WITH_WARNING,CRITICAL_SINGULARITY_DAMPED,38,true,true,3.06159723568e-07,false,false,false,false,0,Infinity,300083,0.297499996029|0.297499996029|0.297499900060|0.297499996030|0.297499996033|0.297499900060|0.297499996030|0.297499996038|0.297499900078|0.297499996032
1078,VALID_CAMPAIGN,NEAR_SINGULARITY,120026018443587879,10,PRISMATIC_ONLY,0.460000000000,-0.892500005550,2.08249999445,UNGUARDED_REFERENCE,true,true,CONVERGED_UNCERTIFIED,NO_GUARDS_OR_FINAL_CERTIFICATION,3,true,true,5.28207121656e-08,false,false,false,false,0,NaN,6166,0.297499997805|0.297499997805|0.297499984531|0.297499997851|0.297499997762|0.297499984531|0.297499997819|0.297499997860|0.297499984537|0.297499998001
1079,VALID_CAMPAIGN,MICRO_MOTION,3243651807692294556,10,PRISMATIC_ONLY,0.460000000000,-0.892500061050,2.08249993895,GUARDED_PRODUCTION,true,true,SUCCESS,NONE,1,true,true,3.62382407213e-07,false,false,false,false,0,NaN,7500,0.297499996029|0.297499996029|0.297499900060|0.297499996030|0.297499996033|0.297499900060|0.297499996030|0.297499996038|0.297499900078|0.297499996032
1079,VALID_CAMPAIGN,MICRO_MOTION,3243651807692294556,10,PRISMATIC_ONLY,0.460000000000,-0.892500061050,2.08249993895,UNGUARDED_REFERENCE,true,true,CONVERGED_UNCERTIFIED,NO_GUARDS_OR_FINAL_CERTIFICATION,1,true,true,1.16864812939e-07,false,false,false,false,0,NaN,1041,0.297499997805|0.297499997805|0.297499984531|0.297499997851|0.297499997762|0.297499984531|0.297499997819|0.297499997860|0.297499984537|0.297499998001
1080,VALID_CAMPAIGN,UNIFORM,-1136594820529353881,10,PRISMATIC_ONLY,0.460000000000,-0.656781981770,1.60225897189,GUARDED_PRODUCTION,true,true,SUCCESS_WITH_WARNING,CRITICAL_SINGULARITY_DAMPED,44,true,true,4.11325085593e-07,false,false,false,false,0,Infinity,416459,0.228894147443|0.228894147443|0.218927462882|0.228894147444|0.228894147447|0.218927462882|0.228894147442|0.228894147450|0.218927462899|0.228894147445
1080,VALID_CAMPAIGN,UNIFORM,-1136594820529353881,10,PRISMATIC_ONLY,0.460000000000,-0.656781981770,1.60225897189,UNGUARDED_REFERENCE,true,true,CONVERGED_UNCERTIFIED,NO_GUARDS_OR_FINAL_CERTIFICATION,3,true,true,4.71202046761e-08,false,false,false,false,0,NaN,6958,0.228894141163|0.228894141163|0.218927341961|0.228894141209|0.228894141120|0.218927341961|0.228894141177|0.228894141218|0.218927341976|0.228894141359
1081,VALID_CAMPAIGN,NEAR_JOINT_LIMIT,-2223508143896700679,10,PRISMATIC_ONLY,0.460000000000,-1.16999999445,0.695000027750,GUARDED_PRODUCTION,true,true,SUCCESS_WITH_WARNING,CRITICAL_SINGULARITY_DAMPED,85,true,true,5.36385201054e-07,false,false,false,false,0,Infinity,696167,0.0992857266262|0.0992857266262|0.389999820421|0.0992857266293|0.0992857266312|0.389999820421|0.0992857266271|0.0992857266329|0.389999820438|0.0992857266295
1081,VALID_CAMPAIGN,NEAR_JOINT_LIMIT,-2223508143896700679,10,PRISMATIC_ONLY,0.460000000000,-1.16999999445,0.695000027750,UNGUARDED_REFERENCE,true,true,CONVERGED_UNCERTIFIED,NO_GUARDS_OR_FINAL_CERTIFICATION,3,true,true,1.01022275439e-07,false,false,false,false,0,NaN,6292,0.0992857226785|0.0992857226785|0.389999966118|0.0992857227249|0.0992857226073|0.389999966118|0.0992857226644|0.0992857227340|0.389999966133|0.0992857228745
1082,VALID_CAMPAIGN,NEAR_SINGULARITY,-255157274328047796,10,PRISMATIC_ONLY,0.460000000000,-0.892500005550,2.08249999445,GUARDED_PRODUCTION,true,true,SUCCESS_WITH_WARNING,CRITICAL_SINGULARITY_DAMPED,102,true,true,6.65260976736e-07,false,false,false,false,0,Infinity,824000,0.297499958807|0.297499958807|0.297500202567|0.297499958809|0.297499958812|0.297500202567|0.297499958805|0.297499958813|0.297500202583|0.297499958812
1082,VALID_CAMPAIGN,NEAR_SINGULARITY,-255157274328047796,10,PRISMATIC_ONLY,0.460000000000,-0.892500005550,2.08249999445,UNGUARDED_REFERENCE,true,true,CONVERGED_UNCERTIFIED,NO_GUARDS_OR_FINAL_CERTIFICATION,3,true,true,7.05505212827e-08,false,false,false,false,0,NaN,6583,0.297499992345|0.297499992345|0.297500019155|0.297499992392|0.297499992296|0.297500019155|0.297499992353|0.297499992423|0.297500019191|0.297499992563
1083,VALID_CAMPAIGN,MICRO_MOTION,-6853571400959569553,10,PRISMATIC_ONLY,0.460000000000,-0.892500061050,2.08249993895,GUARDED_PRODUCTION,true,true,SUCCESS,NONE,1,true,true,5.92033014239e-07,false,false,false,false,0,NaN,7292,0.297499958807|0.297499958807|0.297500202567|0.297499958809|0.297499958812|0.297500202567|0.297499958805|0.297499958813|0.297500202583|0.297499958812
1083,VALID_CAMPAIGN,MICRO_MOTION,-6853571400959569553,10,PRISMATIC_ONLY,0.460000000000,-0.892500061050,2.08249993895,UNGUARDED_REFERENCE,true,true,CONVERGED_UNCERTIFIED,NO_GUARDS_OR_FINAL_CERTIFICATION,1,true,true,8.53902940786e-09,false,false,false,false,0,NaN,1125,0.297499992345|0.297499992345|0.297500019155|0.297499992392|0.297499992296|0.297500019155|0.297499992353|0.297499992423|0.297500019191|0.297499992563
1084,VALID_CAMPAIGN,UNIFORM,4648407993469359941,10,PRISMATIC_ONLY,0.460000000000,-1.00923114315,1.80948011025,GUARDED_PRODUCTION,true,true,SUCCESS_WITH_WARNING,CRITICAL_SINGULARITY_DAMPED,26,true,true,9.08760053610e-08,false,false,false,false,0,Infinity,210667,0.258497160685|0.258497160685|0.336410351146|0.258497160687|0.258497160691|0.336410351146|0.258497160684|0.258497160694|0.336410351162|0.258497160692
1084,VALID_CAMPAIGN,UNIFORM,4648407993469359941,10,PRISMATIC_ONLY,0.460000000000,-1.00923114315,1.80948011025,UNGUARDED_REFERENCE,true,true,CONVERGED_UNCERTIFIED,NO_GUARDS_OR_FINAL_CERTIFICATION,3,true,true,2.37862320359e-08,false,false,false,false,0,NaN,6541,0.258497159911|0.258497159911|0.336410373755|0.258497159958|0.258497159862|0.336410373755|0.258497159902|0.258497159989|0.336410373791|0.258497160112
1085,VALID_CAMPAIGN,NEAR_JOINT_LIMIT,-3365050779438553829,10,PRISMATIC_ONLY,0.460000000000,-0.615000005550,0.695000027750,GUARDED_PRODUCTION,true,true,SUCCESS_WITH_WARNING,CRITICAL_SINGULARITY_DAMPED,90,true,true,2.67973441823e-07,false,false,false,false,0,Infinity,727917,0.0992857245257|0.0992857245257|0.205000089959|0.0992857245282|0.0992857245327|0.205000089959|0.0992857245249|0.0992857245356|0.205000089976|0.0992857245334
1085,VALID_CAMPAIGN,NEAR_JOINT_LIMIT,-3365050779438553829,10,PRISMATIC_ONLY,0.460000000000,-0.615000005550,0.695000027750,UNGUARDED_REFERENCE,true,true,CONVERGED_UNCERTIFIED,NO_GUARDS_OR_FINAL_CERTIFICATION,3,true,true,8.31689556327e-08,false,false,false,false,0,NaN,6916,0.0992857237094|0.0992857237094|0.205000026430|0.0992857237559|0.0992857236603|0.205000026430|0.0992857236294|0.0992857237516|0.205000026494|0.0992857238749
1086,VALID_CAMPAIGN,NEAR_SINGULARITY,3559706875026063549,10,PRISMATIC_ONLY,0.460000000000,-0.892500005550,2.08249999445,GUARDED_PRODUCTION,true,true,SUCCESS_WITH_WARNING,CRITICAL_SINGULARITY_DAMPED,102,true,true,6.65341948757e-07,false,false,false,false,0,Infinity,860167,0.297499958799|0.297499958799|0.297499801099|0.297499958801|0.297499958807|0.297499801099|0.297499958799|0.297499958809|0.297499801116|0.297499958808
1086,VALID_CAMPAIGN,NEAR_SINGULARITY,3559706875026063549,10,PRISMATIC_ONLY,0.460000000000,-0.892500005550,2.08249999445,UNGUARDED_REFERENCE,true,true,CONVERGED_UNCERTIFIED,NO_GUARDS_OR_FINAL_CERTIFICATION,3,true,true,7.05505160505e-08,false,false,false,false,0,NaN,7292,0.297499992370|0.297499992370|0.297499984512|0.297499992417|0.297499992321|0.297499984512|0.297499992290|0.297499992412|0.297499984576|0.297499992536
1087,VALID_CAMPAIGN,MICRO_MOTION,6710221765594433361,10,PRISMATIC_ONLY,0.460000000000,-0.892500061050,2.08249993895,GUARDED_PRODUCTION,true,true,SUCCESS,NONE,1,true,true,6.95912863204e-07,false,false,false,false,0,NaN,28292,0.297499958799|0.297499958799|0.297499801099|0.297499958801|0.297499958807|0.297499801099|0.297499958799|0.297499958809|0.297499801116|0.297499958808
1087,VALID_CAMPAIGN,MICRO_MOTION,6710221765594433361,10,PRISMATIC_ONLY,0.460000000000,-0.892500061050,2.08249993895,UNGUARDED_REFERENCE,true,true,CONVERGED_UNCERTIFIED,NO_GUARDS_OR_FINAL_CERTIFICATION,1,true,true,1.07731130718e-07,false,false,false,false,0,NaN,1083,0.297499992370|0.297499992370|0.297499984512|0.297499992417|0.297499992321|0.297499984512|0.297499992290|0.297499992412|0.297499984576|0.297499992536
1088,VALID_CAMPAIGN,UNIFORM,-2194233965942140866,10,PRISMATIC_ONLY,0.460000000000,-0.894650451791,1.83848019450,GUARDED_PRODUCTION,true,true,SUCCESS_WITH_WARNING,CRITICAL_SINGULARITY_DAMPED,20,true,true,5.53337585320e-08,false,false,false,false,0,Infinity,155541,0.262640035634|0.262640035634|0.298216815145|0.262640035636|0.262640035641|0.298216815145|0.262640035634|0.262640035643|0.298216815162|0.262640035644
1088,VALID_CAMPAIGN,UNIFORM,-2194233965942140866,10,PRISMATIC_ONLY,0.460000000000,-0.894650451791,1.83848019450,UNGUARDED_REFERENCE,true,true,CONVERGED_UNCERTIFIED,NO_GUARDS_OR_FINAL_CERTIFICATION,3,true,true,8.40455376035e-09,false,false,false,false,0,NaN,6250,0.262640028967|0.262640028967|0.298216817108|0.262640029013|0.262640028917|0.298216817108|0.262640028886|0.262640029009|0.298216817173|0.262640029132
1089,VALID_CAMPAIGN,NEAR_JOINT_LIMIT,-1455946918487955616,10,PRISMATIC_ONLY,0.460000000000,-1.72499998335,4.02499996115,GUARDED_PRODUCTION,true,true,SUCCESS_WITH_WARNING,CRITICAL_SINGULARITY_DAMPED,178,true,true,4.17964364413e-07,false,false,false,false,0,Infinity,1403333,0.574999987705|0.574999987705|0.574999856014|0.574999987718|0.574999987714|0.574999856014|0.574999987704|0.574999987714|0.574999856027|0.574999987720
1089,VALID_CAMPAIGN,NEAR_JOINT_LIMIT,-1455946918487955616,10,PRISMATIC_ONLY,0.460000000000,-1.72499998335,4.02499996115,UNGUARDED_REFERENCE,true,true,CONVERGED_UNCERTIFIED,NO_GUARDS_OR_FINAL_CERTIFICATION,3,true,true,1.72693401992e-07,false,false,false,false,0,NaN,6292,0.574999983676|0.574999983676|0.574999942602|0.574999983723|0.574999983627|0.574999942602|0.574999983666|0.574999983718|0.574999942697|0.574999983842
1090,VALID_CAMPAIGN,NEAR_SINGULARITY,3953233893738289206,10,PRISMATIC_ONLY,0.460000000000,-0.892500005550,2.08249999445,GUARDED_PRODUCTION,true,true,SUCCESS_WITH_WARNING,CRITICAL_SINGULARITY_DAMPED,164,true,true,2.63292574112e-07,false,false,false,false,0,Infinity,1288416,0.297500003050|0.297500003050|0.297500089150|0.297500003058|0.297500003060|0.297500089150|0.297500003048|0.297500003058|0.297500089162|0.297500003064
1090,VALID_CAMPAIGN,NEAR_SINGULARITY,3953233893738289206,10,PRISMATIC_ONLY,0.460000000000,-0.892500005550,2.08249999445,UNGUARDED_REFERENCE,true,true,CONVERGED_UNCERTIFIED,NO_GUARDS_OR_FINAL_CERTIFICATION,3,true,true,1.69575572005e-07,false,false,false,false,0,NaN,6250,0.297500008726|0.297500008726|0.297500053769|0.297500008773|0.297500008677|0.297500053769|0.297500008715|0.297500008768|0.297500053864|0.297500008892
1091,VALID_CAMPAIGN,MICRO_MOTION,-5714485157736091190,10,PRISMATIC_ONLY,0.460000000000,-0.892500061050,2.08249993895,GUARDED_PRODUCTION,true,true,SUCCESS,NONE,1,true,true,2.22264611418e-07,false,false,false,false,0,NaN,7125,0.297500003050|0.297500003050|0.297500089150|0.297500003058|0.297500003060|0.297500089150|0.297500003048|0.297500003058|0.297500089162|0.297500003064
1091,VALID_CAMPAIGN,MICRO_MOTION,-5714485157736091190,10,PRISMATIC_ONLY,0.460000000000,-0.892500061050,2.08249993895,UNGUARDED_REFERENCE,true,true,CONVERGED_UNCERTIFIED,NO_GUARDS_OR_FINAL_CERTIFICATION,1,true,true,1.58223039698e-07,false,false,false,false,0,NaN,1083,0.297500008726|0.297500008726|0.297500053769|0.297500008773|0.297500008677|0.297500053769|0.297500008715|0.297500008768|0.297500053864|0.297500008892
1092,VALID_CAMPAIGN,UNIFORM,3719709669415475579,10,PRISMATIC_ONLY,0.460000000000,-0.872360150014,2.11889282891,GUARDED_PRODUCTION,true,true,SUCCESS_WITH_WARNING,CRITICAL_SINGULARITY_DAMPED,7,true,true,1.17951936634e-07,false,false,false,false,0,Infinity,56125,0.302698973305|0.302698973305|0.290786755633|0.302698973313|0.302698973315|0.290786755633|0.302698973303|0.302698973313|0.290786755645|0.302698973319
1092,VALID_CAMPAIGN,UNIFORM,3719709669415475579,10,PRISMATIC_ONLY,0.460000000000,-0.872360150014,2.11889282891,UNGUARDED_REFERENCE,true,true,CONVERGED_UNCERTIFIED,NO_GUARDS_OR_FINAL_CERTIFICATION,3,true,true,3.97285081026e-09,false,false,false,false,0,NaN,6292,0.302698975352|0.302698975352|0.290786717896|0.302698975401|0.302698975303|0.290786717896|0.302698975342|0.302698975394|0.290786717992|0.302698975518
1093,VALID_CAMPAIGN,NEAR_JOINT_LIMIT,3721768161189194766,10,PRISMATIC_ONLY,0.460000000000,-0.615000005550,1.25000001665,GUARDED_PRODUCTION,true,true,SUCCESS_WITH_WARNING,CRITICAL_SINGULARITY_DAMPED,68,true,true,6.78298242010e-07,false,false,false,false,0,Infinity,539583,0.178571462856|0.178571462856|0.205000215334|0.178571462864|0.178571462863|0.205000215334|0.178571462852|0.178571462863|0.205000215346|0.178571462868
1093,VALID_CAMPAIGN,NEAR_JOINT_LIMIT,3721768161189194766,10,PRISMATIC_ONLY,0.460000000000,-0.615000005550,1.25000001665,UNGUARDED_REFERENCE,true,true,CONVERGED_UNCERTIFIED,NO_GUARDS_OR_FINAL_CERTIFICATION,3,true,true,5.67000882235e-08,false,false,false,false,0,NaN,6250,0.178571435192|0.178571435192|0.205000017875|0.178571435241|0.178571435143|0.205000017875|0.178571435182|0.178571435234|0.205000017980|0.178571435358
1094,VALID_CAMPAIGN,NEAR_SINGULARITY,1688045425469668680,10,PRISMATIC_ONLY,0.460000000000,-0.892500005550,2.08249999445,GUARDED_PRODUCTION,true,true,SUCCESS_WITH_WARNING,CRITICAL_SINGULARITY_DAMPED,67,true,true,2.84102193277e-07,false,false,false,false,0,Infinity,534375,0.297499991406|0.297499991406|0.297499908910|0.297499991411|0.297499991410|0.297499908910|0.297499991399|0.297499991413|0.297499908922|0.297499991416
1094,VALID_CAMPAIGN,NEAR_SINGULARITY,1688045425469668680,10,PRISMATIC_ONLY,0.460000000000,-0.892500005550,2.08249999445,UNGUARDED_REFERENCE,true,true,CONVERGED_UNCERTIFIED,NO_GUARDS_OR_FINAL_CERTIFICATION,3,true,true,5.93223882793e-08,false,false,false,false,0,NaN,6250,0.297499995095|0.297499995095|0.297499984502|0.297499995118|0.297499995020|0.297499984502|0.297499995084|0.297499995137|0.297499984596|0.297499995261
1095,VALID_CAMPAIGN,MICRO_MOTION,-3366817599515911613,10,PRISMATIC_ONLY,0.460000000000,-0.892500061050,2.08249993895,GUARDED_PRODUCTION,true,true,SUCCESS,NONE,1,true,true,3.34309643562e-07,false,false,false,false,0,NaN,7792,0.297499991406|0.297499991406|0.297499908910|0.297499991411|0.297499991410|0.297499908910|0.297499991399|0.297499991413|0.297499908922|0.297499991416
1095,VALID_CAMPAIGN,MICRO_MOTION,-3366817599515911613,10,PRISMATIC_ONLY,0.460000000000,-0.892500061050,2.08249993895,UNGUARDED_REFERENCE,true,true,CONVERGED_UNCERTIFIED,NO_GUARDS_OR_FINAL_CERTIFICATION,1,true,true,1.10757099990e-07,false,false,false,false,0,NaN,1000,0.297499995095|0.297499995095|0.297499984502|0.297499995118|0.297499995020|0.297499984502|0.297499995084|0.297499995137|0.297499984596|0.297499995261
1096,ADVERSARIAL_PROBES,NON_FINITE_TARGET,-2289666905607465428,10,PRISMATIC_ONLY,NaN,-0.892500000000,2.08250000000,GUARDED_PRODUCTION,false,false,INVALID_INPUT,INVALID_TARGET,0,true,true,NaN,false,false,false,false,0,NaN,5959,0.297500000000|0.297500000000|0.297500000000|0.297500000000|0.297500000000|0.297500000000|0.297500000000|0.297500000000|0.297500000000|0.297500000000
1096,ADVERSARIAL_PROBES,NON_FINITE_TARGET,-2289666905607465428,10,PRISMATIC_ONLY,NaN,-0.892500000000,2.08250000000,UNGUARDED_REFERENCE,false,false,MAX_ITERATIONS_UNCERTIFIED,NO_GUARDS_OR_FINAL_CERTIFICATION,800,false,false,NaN,true,false,false,true,0,NaN,2118875,NaN|NaN|NaN|NaN|NaN|NaN|NaN|NaN|NaN|NaN
1097,ADVERSARIAL_PROBES,INFINITE_TARGET,8912770967592246597,10,PRISMATIC_ONLY,0.460000000000,-0.892500000000,Infinity,GUARDED_PRODUCTION,false,false,INVALID_INPUT,INVALID_TARGET,0,true,true,Infinity,false,false,false,false,0,NaN,19666,0.297500000000|0.297500000000|0.297500000000|0.297500000000|0.297500000000|0.297500000000|0.297500000000|0.297500000000|0.297500000000|0.297500000000
1097,ADVERSARIAL_PROBES,INFINITE_TARGET,8912770967592246597,10,PRISMATIC_ONLY,0.460000000000,-0.892500000000,Infinity,UNGUARDED_REFERENCE,false,false,MAX_ITERATIONS_UNCERTIFIED,NO_GUARDS_OR_FINAL_CERTIFICATION,800,false,false,NaN,true,false,false,true,0,NaN,2215292,NaN|NaN|NaN|NaN|NaN|NaN|NaN|NaN|NaN|NaN
1098,ADVERSARIAL_PROBES,NON_FINITE_INITIAL_STATE,-17481137367875264,10,PRISMATIC_ONLY,0.460000000000,-0.892500000000,2.08250000000,GUARDED_PRODUCTION,false,false,INVALID_INPUT,INVALID_INITIAL_STATE,0,true,true,0.00000000000,false,false,false,false,0,NaN,9125,0.297500000000|0.297500000000|0.297500000000|0.297500000000|0.297500000000|0.297500000000|0.297500000000|0.297500000000|0.297500000000|0.297500000000
1098,ADVERSARIAL_PROBES,NON_FINITE_INITIAL_STATE,-17481137367875264,10,PRISMATIC_ONLY,0.460000000000,-0.892500000000,2.08250000000,UNGUARDED_REFERENCE,false,false,MAX_ITERATIONS_UNCERTIFIED,NO_GUARDS_OR_FINAL_CERTIFICATION,800,false,false,NaN,true,false,false,true,0,NaN,2207250,NaN|NaN|NaN|NaN|NaN|NaN|NaN|NaN|NaN|NaN
1099,ADVERSARIAL_PROBES,OVERFLOWING_GEOMETRY,-8074251725503417869,10,PRISMATIC_ONLY,0.00000000000,0.00000000000,0.00000000000,GUARDED_PRODUCTION,false,false,NUMERICAL_FAILURE,OUTPUT_VALIDATION_FAILED,1,true,true,Infinity,false,false,false,false,0,NaN,52833,0.297500000000|0.297500000000|0.297500000000|0.297500000000|0.297500000000|0.297500000000|0.297500000000|0.297500000000|0.297500000000|0.297500000000
1099,ADVERSARIAL_PROBES,OVERFLOWING_GEOMETRY,-8074251725503417869,10,PRISMATIC_ONLY,0.00000000000,0.00000000000,0.00000000000,UNGUARDED_REFERENCE,false,false,MAX_ITERATIONS_UNCERTIFIED,NO_GUARDS_OR_FINAL_CERTIFICATION,800,false,false,NaN,true,false,false,true,0,NaN,2132792,NaN|NaN|NaN|NaN|NaN|NaN|NaN|NaN|NaN|NaN
1100,VALID_CAMPAIGN,UNIFORM,-1650140518785399179,10,MIXED,-1.86397190161,-0.292146425690,0.837514867145,GUARDED_PRODUCTION,true,true,SUCCESS,NONE,115,true,true,5.45034411628e-08,false,false,false,false,0,25.7595197887,970500,-2.69162804771|0.0870358252146|0.356142656859|-0.194832762744|-0.433981595143|0.230536583572|0.236140924529|0.602503490571|0.271527447231|-0.349792828016
1100,VALID_CAMPAIGN,UNIFORM,-1650140518785399179,10,MIXED,-1.86397190161,-0.292146425690,0.837514867145,UNGUARDED_REFERENCE,true,false,CONVERGED_UNCERTIFIED,NO_GUARDS_OR_FINAL_CERTIFICATION,9,true,false,1.20303614060e-07,false,true,false,true,0,NaN,26042,3.41680767419|-10.3365644439|0.0273692505900|4.04128054228|11.2303997077|-1.03494634907|-4.05062351665|4.67209086459|-1.16739459810|2.37847301046
1101,VALID_CAMPAIGN,NEAR_JOINT_LIMIT,-8086317729339668872,10,MIXED,-0.0623466083679,1.07963310479,-0.195258327151,GUARDED_PRODUCTION,true,true,SUCCESS,NONE,493,true,true,9.84849059716e-07,false,false,false,false,0,12.3743480778,4192667,-3.14159265359|-1.30353610459|0.461440335668|-0.0202291361323|0.227898766880|0.0368327616748|1.78285383091|1.78285383091|0.478558431000|-1.38660656998
1101,VALID_CAMPAIGN,NEAR_JOINT_LIMIT,-8086317729339668872,10,MIXED,-0.0623466083679,1.07963310479,-0.195258327151,UNGUARDED_REFERENCE,true,false,CONVERGED_UNCERTIFIED,NO_GUARDS_OR_FINAL_CERTIFICATION,11,true,false,2.26970022929e-09,false,true,false,true,0,NaN,37709,2.71543229142|-8.90889487162|-0.336476613034|3.69975138292|13.7861515282|-0.447163491418|-5.47656576621|1.68262139507|-0.496692198225|2.57973186398
1102,VALID_CAMPAIGN,NEAR_SINGULARITY,-7034859927085232962,10,MIXED,2.05792002923,-0.337499928308,0.794999966340,GUARDED_PRODUCTION,false,false,NO_CONVERGENCE,STAGNATION_WINDOW_EXCEEDED,220,true,true,1.43277185778,false,false,false,false,0,5.10385496156,1901417,-3.14159265359|-2.37713844122|0.575000000000|-0.729825223773|1.42591974360|0.198692181042|1.05697897393|0.0101590897697|0.552233294881|-0.942031441331
1102,VALID_CAMPAIGN,NEAR_SINGULARITY,-7034859927085232962,10,MIXED,2.05792002923,-0.337499928308,0.794999966340,UNGUARDED_REFERENCE,true,false,CONVERGED_UNCERTIFIED,NO_GUARDS_OR_FINAL_CERTIFICATION,13,true,false,1.42922881608e-08,false,true,false,true,0,NaN,37750,-0.162981705401|-6.28691866145|-0.261217756488|7.75680782876|18.2445818513|-0.576331055528|-0.846365100402|6.71247846356|-0.291787973596|1.28877904872
1103,VALID_CAMPAIGN,MICRO_MOTION,-1179702348213145682,10,MIXED,2.05792032151,-0.337499211391,0.794999629737,GUARDED_PRODUCTION,false,false,NO_CONVERGENCE,STAGNATION_WINDOW_EXCEEDED,7,true,true,1.44601377177,false,false,false,false,0,10.2403530712,65500,-3.14159265359|-2.37713844122|0.575000000000|-0.743035738974|1.38431576381|0.210188934750|1.06051896065|-0.0396859376524|0.560888303140|-0.919644481881
1103,VALID_CAMPAIGN,MICRO_MOTION,-1179702348213145682,10,MIXED,2.05792032151,-0.337499211391,0.794999629737,UNGUARDED_REFERENCE,true,false,CONVERGED_UNCERTIFIED,NO_GUARDS_OR_FINAL_CERTIFICATION,1,true,false,8.43387789959e-07,false,true,false,true,0,NaN,1000,-0.162981705401|-6.28691866145|-0.261217756488|7.75680782876|18.2445818513|-0.576331055528|-0.846365100402|6.71247846356|-0.291787973596|1.28877904872
1104,VALID_CAMPAIGN,UNIFORM,5232579251047778198,10,MIXED,0.641657245945,0.843732407803,0.609481314179,GUARDED_PRODUCTION,true,true,SUCCESS,NONE,34,true,true,9.99743328678e-07,false,false,false,false,0,10.3827338092,293458,-2.51358435926|-2.37713844122|0.556421566175|-0.545074323594|1.45004969936|0.166045217967|1.23355685141|0.338784184145|0.532252262916|-1.02230881465
1104,VALID_CAMPAIGN,UNIFORM,5232579251047778198,10,MIXED,0.641657245945,0.843732407803,0.609481314179,UNGUARDED_REFERENCE,true,false,CONVERGED_UNCERTIFIED,NO_GUARDS_OR_FINAL_CERTIFICATION,7,true,false,7.33008433141e-09,false,true,false,true,0,NaN,19958,-0.265017802026|-5.61860597238|-0.247600326666|8.34914103943|14.0391278713|-0.0405328878393|-0.823196408445|6.00621951100|0.0582017108827|3.82219350062
1105,VALID_CAMPAIGN,NEAR_JOINT_LIMIT,7888419977976446948,10,MIXED,-0.0149864264798,-0.403655362325,0.0804259307295,GUARDED_PRODUCTION,true,true,SUCCESS,NONE,176,true,true,9.31251438504e-07,false,false,false,false,0,8.10256555330,1504167,-3.14159265359|-2.37713844122|0.447317982087|1.33048260349|-0.0477019080579|0.137142866070|1.66232695504|0.251099360029|0.575000000000|-0.614742411699
1105,VALID_CAMPAIGN,NEAR_JOINT_LIMIT,7888419977976446948,10,MIXED,-0.0149864264798,-0.403655362325,0.0804259307295,UNGUARDED_REFERENCE,true,false,CONVERGED_UNCERTIFIED,NO_GUARDS_OR_FINAL_CERTIFICATION,8,true,false,1.14960759030e-10,false,true,false,true,0,NaN,23000,-1.43168752637|-6.25383092114|0.100561656352|9.97643207995|13.0647001064|0.0678272958253|-1.27046840709|6.14908491664|-0.0688133456039|3.81743439123
1106,VALID_CAMPAIGN,NEAR_SINGULARITY,-2322158571349379898,10,MIXED,2.05792002923,-0.337499928308,0.794999966340,GUARDED_PRODUCTION,false,false,NO_CONVERGENCE,STAGNATION_WINDOW_EXCEEDED,47,true,true,1.51092162693,false,false,false,false,0,2.62774383440,404334,-1.53099733489|-2.37713844122|0.515765118232|1.21774443893|0.706875586428|0.157514308615|1.57414903163|0.0311339003284|0.575000000000|-0.800813126929
1106,VALID_CAMPAIGN,NEAR_SINGULARITY,-2322158571349379898,10,MIXED,2.05792002923,-0.337499928308,0.794999966340,UNGUARDED_REFERENCE,true,false,CONVERGED_UNCERTIFIED,NO_GUARDS_OR_FINAL_CERTIFICATION,13,true,false,1.48111737979e-07,false,true,false,true,0,NaN,37750,1.06263538931|-1.16006672261|0.145004592159|17.7159363088|10.8754672366|0.589112597038|-4.82868261443|1.33759489174|-0.693775416775|3.91989904150
1107,VALID_CAMPAIGN,MICRO_MOTION,2306670595003324445,10,MIXED,2.05792032151,-0.337499211391,0.794999629737,GUARDED_PRODUCTION,false,false,NO_CONVERGENCE,STAGNATION_WINDOW_EXCEEDED,7,true,true,1.51668651628,false,false,false,false,0,3.95946903692,61500,-1.43215096903|-2.37713844122|0.524880250943|1.22553133825|0.752523448223|0.163228631642|1.56845835931|-0.0106327250139|0.575000000000|-0.805314775084
1107,VALID_CAMPAIGN,MICRO_MOTION,2306670595003324445,10,MIXED,2.05792032151,-0.337499211391,0.794999629737,UNGUARDED_REFERENCE,true,false,CONVERGED_UNCERTIFIED,NO_GUARDS_OR_FINAL_CERTIFICATION,1,true,false,9.17545769594e-07,false,true,false,true,0,NaN,1167,1.06263538931|-1.16006672261|0.145004592159|17.7159363088|10.8754672366|0.589112597038|-4.82868261443|1.33759489174|-0.693775416775|3.91989904150
1108,VALID_CAMPAIGN,UNIFORM,-1908571451271001944,10,MIXED,0.313956183813,1.86403035767,-0.192698948351,GUARDED_PRODUCTION,false,false,NO_CONVERGENCE,STAGNATION_WINDOW_EXCEEDED,37,true,true,1.24687248114,false,false,false,false,0,4.04591509477,308500,-0.389110234199|-2.37713844122|0.575000000000|1.52433106378|0.916485216256|0.171799482637|1.78285383091|0.192782483804|0.575000000000|-0.821319952741
1108,VALID_CAMPAIGN,UNIFORM,-1908571451271001944,10,MIXED,0.313956183813,1.86403035767,-0.192698948351,UNGUARDED_REFERENCE,true,false,CONVERGED_UNCERTIFIED,NO_GUARDS_OR_FINAL_CERTIFICATION,12,true,false,1.67858218303e-09,false,true,false,true,0,NaN,35583,7.72646192928|-6.12958930534|0.156894705756|17.6738813890|12.0873998670|0.387006314403|-3.64759874262|4.33478058256|-0.0575403586225|1.08469286432
1109,VALID_CAMPAIGN,NEAR_JOINT_LIMIT,-9178326229654098179,10,MIXED,-0.242266084978,-1.70814130197,-0.180957313818,GUARDED_PRODUCTION,false,false,NO_CONVERGENCE,STAGNATION_WINDOW_EXCEEDED,144,true,true,0.544080479322,false,false,false,false,0,4.92907432654,1300458,-1.74676480223|0.805122451133|0.575000000000|1.78285383091|0.236832008430|0.0985201119175|1.78285383091|0.591832016060|0.575000000000|-0.539851199190
1109,VALID_CAMPAIGN,NEAR_JOINT_LIMIT,-9178326229654098179,10,MIXED,-0.242266084978,-1.70814130197,-0.180957313818,UNGUARDED_REFERENCE,true,false,CONVERGED_UNCERTIFIED,NO_GUARDS_OR_FINAL_CERTIFICATION,9,true,false,1.90386272786e-08,false,true,false,true,0,NaN,26625,10.8527584415|-9.71439783695|-0.0734519632150|17.1069922396|12.0734233562|-1.16359299188|-1.10867074507|-5.38192774566|-0.432047882726|11.3141525999
1110,VALID_CAMPAIGN,NEAR_SINGULARITY,-1514130126058627565,10,MIXED,2.05792002923,-0.337499928308,0.794999966340,GUARDED_PRODUCTION,true,true,SUCCESS,NONE,183,true,true,7.19402741670e-07,false,false,false,false,0,11.1999819986,1572167,-0.202493813575|0.355975506454|0.575000000000|-0.764343342640|1.52329505880|0.308238761264|1.62881044903|-0.672767898075|0.575000000000|-0.575362003506
1110,VALID_CAMPAIGN,NEAR_SINGULARITY,-1514130126058627565,10,MIXED,2.05792002923,-0.337499928308,0.794999966340,UNGUARDED_REFERENCE,true,false,CONVERGED_UNCERTIFIED,NO_GUARDS_OR_FINAL_CERTIFICATION,10,true,false,1.99814569021e-09,false,true,false,true,0,NaN,29583,12.3264389470|-12.8212050935|-0.328869193390|14.7284415140|8.93927387516|-0.909630696361|-1.56588319923|-5.82860161523|-0.0636333928106|9.94073004160
1111,VALID_CAMPAIGN,MICRO_MOTION,-6065323918240901505,10,MIXED,2.05792032151,-0.337499211391,0.794999629737,GUARDED_PRODUCTION,true,true,SUCCESS,NONE,1,true,true,6.09472039834e-07,false,false,false,false,0,NaN,8250,-0.202493813575|0.355975506454|0.575000000000|-0.764343342640|1.52329505880|0.308238761264|1.62881044903|-0.672767898075|0.575000000000|-0.575362003506
1111,VALID_CAMPAIGN,MICRO_MOTION,-6065323918240901505,10,MIXED,2.05792032151,-0.337499211391,0.794999629737,UNGUARDED_REFERENCE,true,false,CONVERGED_UNCERTIFIED,NO_GUARDS_OR_FINAL_CERTIFICATION,1,true,false,8.44186793434e-07,false,true,false,true,0,NaN,916,12.3264389470|-12.8212050935|-0.328869193390|14.7284415140|8.93927387516|-0.909630696361|-1.56588319923|-5.82860161523|-0.0636333928106|9.94073004160
1112,VALID_CAMPAIGN,UNIFORM,2536313326271772012,10,MIXED,-0.122608147576,0.955680846840,-0.477085353199,GUARDED_PRODUCTION,true,true,SUCCESS,NONE,81,true,true,3.37860781270e-09,false,false,false,false,0,22.2230828720,690375,0.0891790552489|1.62279587532|0.547530457770|-1.33561887556|1.18298068118|0.185554657735|0.541713787079|-1.46151521358|0.473031706209|-0.697428044869
1112,VALID_CAMPAIGN,UNIFORM,2536313326271772012,10,MIXED,-0.122608147576,0.955680846840,-0.477085353199,UNGUARDED_REFERENCE,true,false,CONVERGED_UNCERTIFIED,NO_GUARDS_OR_FINAL_CERTIFICATION,25,true,false,7.07769039313e-08,false,true,false,true,0,NaN,74791,8.40043006782|-4.22725489701|0.507956545565|14.1187376887|15.4024279128|0.928859652280|-5.02493860157|-6.24159761404|-0.514651480814|2.84524643849
1113,VALID_CAMPAIGN,NEAR_JOINT_LIMIT,4986748041822892899,10,MIXED,-0.524115695847,-1.05858892324,-0.100653005627,GUARDED_PRODUCTION,true,true,SUCCESS,NONE,75,true,true,9.80238078669e-07,false,false,false,false,0,2.52090363074,622292,1.82687549155|2.37713844122|0.514495161975|-1.32410957719|1.39392109676|0.198798677323|0.914139531703|-1.05023813201|0.512438983765|-0.640751655776
1113,VALID_CAMPAIGN,NEAR_JOINT_LIMIT,4986748041822892899,10,MIXED,-0.524115695847,-1.05858892324,-0.100653005627,UNGUARDED_REFERENCE,true,false,CONVERGED_UNCERTIFIED,NO_GUARDS_OR_FINAL_CERTIFICATION,8,true,false,4.79811205503e-08,false,true,false,true,0,NaN,22250,10.6758585021|-4.41362696328|0.536822020293|14.6023811797|14.0369901816|0.849520980332|-6.78879896078|-7.85449467508|-0.586191654508|3.01179152538
1114,VALID_CAMPAIGN,NEAR_SINGULARITY,-3933692978855852348,10,MIXED,2.05792002923,-0.337499928308,0.794999966340,GUARDED_PRODUCTION,false,false,NO_CONVERGENCE,STAGNATION_WINDOW_EXCEEDED,49,true,true,1.36584857214,false,false,false,false,0,4.44426313481,397292,3.14159265359|2.37713844122|0.500274595794|-1.03486740165|1.75586908281|0.215855660239|1.07097544126|-0.896844090245|0.533866196986|-0.562287001876
1114,VALID_CAMPAIGN,NEAR_SINGULARITY,-3933692978855852348,10,MIXED,2.05792002923,-0.337499928308,0.794999966340,UNGUARDED_REFERENCE,true,false,CONVERGED_UNCERTIFIED,NO_GUARDS_OR_FINAL_CERTIFICATION,13,true,false,2.22946081951e-09,false,true,false,true,0,NaN,37375,18.9346592015|5.68409195273|-0.450574973909|17.9523664030|12.3662045759|0.373029835019|-3.48128129024|-8.62077134610|0.768261897771|2.59396283719
1115,VALID_CAMPAIGN,MICRO_MOTION,-6087280292313094073,10,MIXED,2.05792032151,-0.337499211391,0.794999629737,GUARDED_PRODUCTION,false,false,NO_CONVERGENCE,STAGNATION_WINDOW_EXCEEDED,7,true,true,1.43464024173,false,false,false,false,0,5.26549245562,56916,3.14159265359|2.37713844122|0.499067602505|-0.997343023829|1.73977110074|0.223771372796|1.15380010468|-0.830036353074|0.541295313728|-0.556740386621
1115,VALID_CAMPAIGN,MICRO_MOTION,-6087280292313094073,10,MIXED,2.05792032151,-0.337499211391,0.794999629737,UNGUARDED_REFERENCE,true,false,CONVERGED_UNCERTIFIED,NO_GUARDS_OR_FINAL_CERTIFICATION,1,true,false,8.43973540541e-07,false,true,false,true,0,NaN,834,18.9346592015|5.68409195273|-0.450574973909|17.9523664030|12.3662045759|0.373029835019|-3.48128129024|-8.62077134610|0.768261897771|2.59396283719
1116,VALID_CAMPAIGN,UNIFORM,7596980336248960025,10,MIXED,1.51235057965,0.848466436858,0.423711362209,GUARDED_PRODUCTION,false,false,MAX_ITERATIONS_REACHED,MAX_ITERATIONS_LIMIT_REACHED,800,true,true,1.16735565023,false,false,false,false,0,5.93236288511,6251625,3.14159265359|2.37713844122|0.154674187669|-0.684317558989|1.38042373307|0.365456496349|0.473560838470|-1.03496114852|0.575000000000|-0.242529180532
1116,VALID_CAMPAIGN,UNIFORM,7596980336248960025,10,MIXED,1.51235057965,0.848466436858,0.423711362209,UNGUARDED_REFERENCE,true,false,CONVERGED_UNCERTIFIED,NO_GUARDS_OR_FINAL_CERTIFICATION,7,true,false,3.16335798950e-09,false,true,false,true,0,NaN,19708,19.5066195018|5.54632039525|-0.460849092716|17.4179640134|12.0461432352|0.305274510849|-2.80223932733|-8.43218335400|0.656819211779|2.70579582529
1117,VALID_CAMPAIGN,NEAR_JOINT_LIMIT,-7283593191030711189,10,MIXED,0.533477342137,-1.68309908055,-0.297769118836,GUARDED_PRODUCTION,false,false,NO_CONVERGENCE,STAGNATION_WINDOW_EXCEEDED,39,true,true,0.0235095000475,false,false,false,false,23,5.19414605082,345083,3.14159265359|1.83052210320|0.150678580270|-0.989462382413|0.666607351223|0.373269752234|0.540341600285|-0.967220716313|0.575000000000|-0.324026891029
1117,VALID_CAMPAIGN,NEAR_JOINT_LIMIT,-7283593191030711189,10,MIXED,0.533477342137,-1.68309908055,-0.297769118836,UNGUARDED_REFERENCE,true,false,CONVERGED_UNCERTIFIED,NO_GUARDS_OR_FINAL_CERTIFICATION,15,true,false,1.80979416980e-08,false,true,false,true,0,NaN,43541,18.0115422404|-1.48979208898|-0.286375181730|17.8636723023|13.7681716960|0.318452760680|-0.276944022493|-7.94998557739|0.574014243490|2.88802665373
1118,VALID_CAMPAIGN,NEAR_SINGULARITY,-6074820785653040846,10,MIXED,2.05792002923,-0.337499928308,0.794999966340,GUARDED_PRODUCTION,false,false,NO_CONVERGENCE,STAGNATION_WINDOW_EXCEEDED,51,true,true,1.19253160879,false,false,false,false,0,7.08963150716,419500,3.14159265359|2.37713844122|0.137307091237|-0.520733182836|0.618433199353|0.415900165946|0.821110683484|-0.767244125385|0.575000000000|-0.311714882898
1118,VALID_CAMPAIGN,NEAR_SINGULARITY,-6074820785653040846,10,MIXED,2.05792002923,-0.337499928308,0.794999966340,UNGUARDED_REFERENCE,true,false,CONVERGED_UNCERTIFIED,NO_GUARDS_OR_FINAL_CERTIFICATION,8,true,false,1.02754584310e-08,false,true,false,true,0,NaN,22125,18.5901515594|-0.339422710300|-0.362176474157|17.7320721247|14.9716158516|0.600390128008|1.35024879344|-7.71202883631|0.357238333755|3.24736481973
1119,VALID_CAMPAIGN,MICRO_MOTION,2565585604414376114,10,MIXED,2.05792032151,-0.337499211391,0.794999629737,GUARDED_PRODUCTION,false,false,NO_CONVERGENCE,STAGNATION_WINDOW_EXCEEDED,7,true,true,1.21521827929,false,false,false,false,0,10.8246356688,90041,3.14159265359|2.37713844122|0.135780605657|-0.505471892849|0.580099714821|0.422914610330|0.821224426465|-0.773493777674|0.575000000000|-0.311145846245
1119,VALID_CAMPAIGN,MICRO_MOTION,2565585604414376114,10,MIXED,2.05792032151,-0.337499211391,0.794999629737,UNGUARDED_REFERENCE,true,false,CONVERGED_UNCERTIFIED,NO_GUARDS_OR_FINAL_CERTIFICATION,1,true,false,8.44236242223e-07,false,true,false,true,0,NaN,4333,18.5901515594|-0.339422710300|-0.362176474157|17.7320721247|14.9716158516|0.600390128008|1.35024879344|-7.71202883631|0.357238333755|3.24736481973
1120,VALID_CAMPAIGN,UNIFORM,4410439375866015769,10,MIXED,-0.463007819474,0.679066992605,1.17778196980,GUARDED_PRODUCTION,true,true,SUCCESS,NONE,79,true,true,3.96995404865e-07,false,false,false,false,0,10.8980749131,682291,1.66064478903|1.71149891515|0.182799989957|0.471111970970|1.66539799803|0.338384665115|1.58008092442|-0.0559592481513|0.520675885269|-0.152327217293
1120,VALID_CAMPAIGN,UNIFORM,4410439375866015769,10,MIXED,-0.463007819474,0.679066992605,1.17778196980,UNGUARDED_REFERENCE,true,false,CONVERGED_UNCERTIFIED,NO_GUARDS_OR_FINAL_CERTIFICATION,10,true,false,8.93379176543e-09,false,true,false,true,0,NaN,29417,14.1327519351|0.770726071333|-0.0314040603443|20.0611967629|18.8502579499|-0.119744337638|2.21137910784|-6.76904362954|-0.586245007591|1.80421624042
1121,VALID_CAMPAIGN,NEAR_JOINT_LIMIT,7581958471924535294,10,MIXED,-0.183563548326,-0.658061066556,0.0995399603199,GUARDED_PRODUCTION,true,true,SUCCESS,NONE,199,true,true,7.65198452467e-07,false,false,false,false,0,4.48911478862,1690542,3.14159265359|0.409905087813|0.0356508164035|1.68620150504|1.77700868824|0.0223935476132|0.0962268441394|0.277944341981|0.288681037891|0.550752414230
1121,VALID_CAMPAIGN,NEAR_JOINT_LIMIT,7581958471924535294,10,MIXED,-0.183563548326,-0.658061066556,0.0995399603199,UNGUARDED_REFERENCE,true,false,CONVERGED_UNCERTIFIED,NO_GUARDS_OR_FINAL_CERTIFICATION,7,true,false,2.63070266823e-09,false,true,false,true,0,NaN,20208,14.0890855807|2.42665939728|-0.0412706635270|18.5110861346|20.0610040751|-0.144063680074|2.66548974844|-7.62564865245|-0.356537611918|2.48760970325
1122,VALID_CAMPAIGN,NEAR_SINGULARITY,3921075017328558899,10,MIXED,2.05792002923,-0.337499928308,0.794999966340,GUARDED_PRODUCTION,false,false,NO_CONVERGENCE,STAGNATION_WINDOW_EXCEEDED,189,true,true,1.40578631760,false,false,false,false,0,1.76121616608,1526000,3.14159265359|2.37713844122|0.0200000000000|0.470073795476|0.144618123551|0.0200000000000|-0.329901212731|-0.416539572694|0.402474741013|0.00586015261556
1122,VALID_CAMPAIGN,NEAR_SINGULARITY,3921075017328558899,10,MIXED,2.05792002923,-0.337499928308,0.794999966340,UNGUARDED_REFERENCE,true,false,CONVERGED_UNCERTIFIED,NO_GUARDS_OR_FINAL_CERTIFICATION,20,true,false,3.21175334020e-09,false,true,false,true,0,NaN,61291,12.3918351437|6.84735419512|0.597072077289|14.1850645638|24.6553343196|-0.655102476214|2.66812451853|-3.14981943721|-0.167517829064|-0.183262372839
1123,VALID_CAMPAIGN,MICRO_MOTION,-6960456054851299568,10,MIXED,2.05792032151,-0.337499211391,0.794999629737,GUARDED_PRODUCTION,false,false,NO_CONVERGENCE,STAGNATION_WINDOW_EXCEEDED,7,true,true,1.41758412187,false,false,false,false,0,10.3533967326,56167,3.14159265359|2.37713844122|0.0200000000000|0.455989018339|0.131215681120|0.0200000000000|-0.313361416039|-0.419445644982|0.409398922795|0.00129410365043
1123,VALID_CAMPAIGN,MICRO_MOTION,-6960456054851299568,10,MIXED,2.05792032151,-0.337499211391,0.794999629737,UNGUARDED_REFERENCE,true,false,CONVERGED_UNCERTIFIED,NO_GUARDS_OR_FINAL_CERTIFICATION,1,true,false,8.44090797650e-07,false,true,false,true,0,NaN,958,12.3918351437|6.84735419512|0.597072077289|14.1850645638|24.6553343196|-0.655102476214|2.66812451853|-3.14981943721|-0.167517829064|-0.183262372839
1124,VALID_CAMPAIGN,UNIFORM,-1631926037821480889,10,MIXED,0.689915136906,1.08554376788,-0.210408291282,GUARDED_PRODUCTION,false,false,NO_CONVERGENCE,STAGNATION_WINDOW_EXCEEDED,7,true,true,2.39700570730,false,false,false,false,0,10.4407165668,78375,2.99244703879|2.37713844122|0.0200000000000|0.458684565178|0.243609214931|0.0201010544536|-0.347035795809|-0.424832882680|0.399721759128|0.0212859880775
1124,VALID_CAMPAIGN,UNIFORM,-1631926037821480889,10,MIXED,0.689915136906,1.08554376788,-0.210408291282,UNGUARDED_REFERENCE,true,false,CONVERGED_UNCERTIFIED,NO_GUARDS_OR_FINAL_CERTIFICATION,8,true,false,3.75005638760e-08,false,true,false,true,0,NaN,23041,12.8530916682|6.29508529064|-0.256423810602|13.6164692862|27.4786649186|0.517539934469|-0.518965129835|-1.52599341702|0.608434664885|-0.0604029824335
1125,VALID_CAMPAIGN,NEAR_JOINT_LIMIT,8693032096400975391,10,MIXED,0.427982472019,-0.000670969393763,0.350470028133,GUARDED_PRODUCTION,true,true,SUCCESS,NONE,106,true,true,8.45477401687e-07,false,false,false,false,0,10.0820220224,1106083,2.28964047821|2.18088620455|0.0820122414443|1.13894268697|1.78285383091|0.0350945843966|0.0392473965020|0.0838040580381|0.347993747973|0.428831612575
1125,VALID_CAMPAIGN,NEAR_JOINT_LIMIT,8693032096400975391,10,MIXED,0.427982472019,-0.000670969393763,0.350470028133,UNGUARDED_REFERENCE,true,false,CONVERGED_UNCERTIFIED,NO_GUARDS_OR_FINAL_CERTIFICATION,8,true,false,2.07408405205e-07,false,true,false,true,0,NaN,24375,11.2507208339|8.31773556257|-0.112282784250|13.3271250909|28.0794651492|0.688379623938|-0.549547768525|-2.40394544807|0.394324095519|0.722381787347
1126,VALID_CAMPAIGN,NEAR_SINGULARITY,-2878913049851144613,10,MIXED,2.05792002923,-0.337499928308,0.794999966340,GUARDED_PRODUCTION,false,false,NO_CONVERGENCE,STAGNATION_WINDOW_EXCEEDED,63,true,true,1.11253632033,false,false,false,false,0,2.42521591581,594083,3.14159265359|2.35421731746|0.0200000000000|0.611623432858|0.554800570660|0.0200000000000|-0.488716944564|-0.512683929481|0.393361932934|0.0934793546507
1126,VALID_CAMPAIGN,NEAR_SINGULARITY,-2878913049851144613,10,MIXED,2.05792002923,-0.337499928308,0.794999966340,UNGUARDED_REFERENCE,true,false,CONVERGED_UNCERTIFIED,NO_GUARDS_OR_FINAL_CERTIFICATION,8,true,false,1.74789830294e-09,false,true,false,true,0,NaN,26917,12.4960998006|6.15873700781|-0.0617066239029|11.5823207984|28.5504811880|0.663173269685|-2.42305341789|-3.04022988807|0.529028910065|0.381902499683
1127,VALID_CAMPAIGN,MICRO_MOTION,-5953188504896930559,10,MIXED,2.05792032151,-0.337499211391,0.794999629737,GUARDED_PRODUCTION,false,false,NO_CONVERGENCE,STAGNATION_WINDOW_EXCEEDED,7,true,true,1.21720030991,false,false,false,false,0,8.46721178885,90791,3.14159265359|2.33006853355|0.0200000000000|0.565189747521|0.437132178619|0.0200000000000|-0.459898797344|-0.502668600180|0.401916380427|0.0692871337887
1127,VALID_CAMPAIGN,MICRO_MOTION,-5953188504896930559,10,MIXED,2.05792032151,-0.337499211391,0.794999629737,UNGUARDED_REFERENCE,true,false,CONVERGED_UNCERTIFIED,NO_GUARDS_OR_FINAL_CERTIFICATION,1,true,false,8.44217175944e-07,false,true,false,true,0,NaN,958,12.4960998006|6.15873700781|-0.0617066239029|11.5823207984|28.5504811880|0.663173269685|-2.42305341789|-3.04022988807|0.529028910065|0.381902499683
1128,VALID_CAMPAIGN,UNIFORM,8995909703776294364,10,MIXED,-0.0719594032413,-1.36632290179,0.766015863551,GUARDED_PRODUCTION,true,true,SUCCESS,NONE,21,true,true,9.42967971669e-11,false,false,false,false,0,8.80105629097,188750,2.61401429538|2.05279847353|0.0246568768336|0.657061812584|0.392905195438|0.0230580750221|-0.441983835045|-0.479676052226|0.397166854782|0.0675862244287
1128,VALID_CAMPAIGN,UNIFORM,8995909703776294364,10,MIXED,-0.0719594032413,-1.36632290179,0.766015863551,UNGUARDED_REFERENCE,true,false,CONVERGED_UNCERTIFIED,NO_GUARDS_OR_FINAL_CERTIFICATION,11,true,false,3.25290433186e-07,false,true,false,true,0,NaN,34000,10.9113165437|6.44836405330|-0.0541324720445|14.1675591122|30.8192356853|-0.257804642234|1.94795508852|-2.95355624737|-0.0259170905930|0.985925975617
1129,VALID_CAMPAIGN,NEAR_JOINT_LIMIT,2683141226092775237,10,MIXED,-0.0489486492622,0.627096876083,0.105122358510,GUARDED_PRODUCTION,true,true,SUCCESS,NONE,135,true,true,8.48977697017e-07,false,false,false,false,0,7.62932740342,1240375,0.807886389442|-0.0317836966120|0.112404432989|1.66177078525|1.78285383091|0.0201412360105|0.0605586771510|0.549022909230|0.313664348123|0.777870597592
1129,VALID_CAMPAIGN,NEAR_JOINT_LIMIT,2683141226092775237,10,MIXED,-0.0489486492622,0.627096876083,0.105122358510,UNGUARDED_REFERENCE,true,false,CONVERGED_UNCERTIFIED,NO_GUARDS_OR_FINAL_CERTIFICATION,9,true,false,8.71449110834e-11,false,true,false,true,0,NaN,27291,8.77019779876|10.5085702217|-0.0966490881642|18.6980893106|28.2582079628|0.184831637607|-0.366957126978|-7.06190292141|-0.192042757750|3.84765841672
1130,VALID_CAMPAIGN,NEAR_SINGULARITY,-1435439698292141973,10,MIXED,2.05792002923,-0.337499928308,0.794999966340,GUARDED_PRODUCTION,true,true,SUCCESS,NONE,124,true,true,1.00971120374e-09,false,false,false,false,0,1.56571104457,1031417,-0.140207905838|0.0320068113364|0.0516520371163|0.432588975322|-0.0186673705946|0.0263647550953|-0.274472171374|-0.403777024381|0.469673193847|0.0760577169307
1130,VALID_CAMPAIGN,NEAR_SINGULARITY,-1435439698292141973,10,MIXED,2.05792002923,-0.337499928308,0.794999966340,UNGUARDED_REFERENCE,true,false,CONVERGED_UNCERTIFIED,NO_GUARDS_OR_FINAL_CERTIFICATION,11,true,false,3.98310089662e-07,false,true,false,true,0,NaN,32834,-0.148757792923|12.1053328622|-0.260272264359|18.3728573307|26.2773891106|0.589601149712|-0.766744242105|-9.38598234320|-0.468595388638|3.92125682412
1131,VALID_CAMPAIGN,MICRO_MOTION,-3540154758696934567,10,MIXED,2.05792032151,-0.337499211391,0.794999629737,GUARDED_PRODUCTION,true,true,SUCCESS,NONE,1,true,true,8.44212103898e-07,false,false,false,false,0,NaN,7792,-0.140207905838|0.0320068113364|0.0516520371163|0.432588975322|-0.0186673705946|0.0263647550953|-0.274472171374|-0.403777024381|0.469673193847|0.0760577169307
1131,VALID_CAMPAIGN,MICRO_MOTION,-3540154758696934567,10,MIXED,2.05792032151,-0.337499211391,0.794999629737,UNGUARDED_REFERENCE,true,false,CONVERGED_UNCERTIFIED,NO_GUARDS_OR_FINAL_CERTIFICATION,2,true,false,1.70079237439e-10,false,true,false,true,0,NaN,3875,-0.148757529993|12.1053330300|-0.260272314749|18.3728571397|26.2773886874|0.589601253062|-0.766744175556|-9.38598305054|-0.468595513456|3.92125705028
1132,VALID_CAMPAIGN,UNIFORM,-746080407868390502,10,MIXED,0.509389012145,1.82581909088,0.947666464991,GUARDED_PRODUCTION,true,true,SUCCESS,NONE,35,true,true,4.01358764187e-07,false,false,false,false,0,38.5860074664,289166,0.881183285365|0.443637866273|0.0455232966587|0.491542905810|0.178477580628|0.0242821365589|-0.203999900699|-0.249510912400|0.445755193070|0.127695294255
1132,VALID_CAMPAIGN,UNIFORM,-746080407868390502,10,MIXED,0.509389012145,1.82581909088,0.947666464991,UNGUARDED_REFERENCE,true,false,CONVERGED_UNCERTIFIED,NO_GUARDS_OR_FINAL_CERTIFICATION,17,true,false,1.65650242223e-08,false,true,false,true,0,NaN,50833,8.67099413476|9.15135873614|-0.416254696699|16.6459452356|26.5871065972|-0.729014718518|-7.47412791890|-4.56842413699|-1.07749107156|8.59747016781
1133,VALID_CAMPAIGN,NEAR_JOINT_LIMIT,8383710747484722983,10,MIXED,-0.754229511300,-0.448232602738,0.233658223115,GUARDED_PRODUCTION,true,true,SUCCESS,NONE,77,true,true,2.90642688288e-07,false,false,false,false,0,16.4984015664,646500,1.47551087712|1.42725584498|0.0288252114449|1.10246994515|1.66953314379|0.0200000000000|-0.427709679273|-0.269004356955|0.411691780415|0.399743013154
1133,VALID_CAMPAIGN,NEAR_JOINT_LIMIT,8383710747484722983,10,MIXED,-0.754229511300,-0.448232602738,0.233658223115,UNGUARDED_REFERENCE,true,false,CONVERGED_UNCERTIFIED,NO_GUARDS_OR_FINAL_CERTIFICATION,8,true,false,7.13844746038e-11,false,true,false,true,0,NaN,22708,11.4913512206|4.18098769238|-0.217686779448|17.9441254144|26.6864016067|-0.502865069378|-9.64817349109|-5.95938887521|-0.787924941000|9.04883080317
1134,VALID_CAMPAIGN,NEAR_SINGULARITY,-1271722086801793287,10,MIXED,2.05792002923,-0.337499928308,0.794999966340,GUARDED_PRODUCTION,false,false,NO_CONVERGENCE,STAGNATION_WINDOW_EXCEEDED,85,true,true,1.08527730877,false,false,false,false,0,3.37815892386,743834,3.14159265359|2.35612990353|0.0200000000000|0.600531653502|0.516164749396|0.0200000000000|-0.515435497321|-0.549798892846|0.477860861515|0.109884522638
1134,VALID_CAMPAIGN,NEAR_SINGULARITY,-1271722086801793287,10,MIXED,2.05792002923,-0.337499928308,0.794999966340,UNGUARDED_REFERENCE,true,false,CONVERGED_UNCERTIFIED,NO_GUARDS_OR_FINAL_CERTIFICATION,8,true,false,3.82093276317e-11,false,true,false,true,0,NaN,27166,14.5922637461|3.59035448065|-0.232205645051|20.2677929674|25.7378703682|-0.625357297987|-7.69295193753|-4.58356668261|-0.900609920798|7.62305034179
1135,VALID_CAMPAIGN,MICRO_MOTION,716483430923518325,10,MIXED,2.05792032151,-0.337499211391,0.794999629737,GUARDED_PRODUCTION,false,false,NO_CONVERGENCE,STAGNATION_WINDOW_EXCEEDED,7,true,true,1.19681698556,false,false,false,false,0,8.85203806842,65084,3.14159265359|2.33496799472|0.0200000000000|0.556051631482|0.403567247252|0.0200000000000|-0.486754926986|-0.543314011432|0.487147913177|0.0871852066297
1135,VALID_CAMPAIGN,MICRO_MOTION,716483430923518325,10,MIXED,2.05792032151,-0.337499211391,0.794999629737,UNGUARDED_REFERENCE,true,false,CONVERGED_UNCERTIFIED,NO_GUARDS_OR_FINAL_CERTIFICATION,1,true,false,8.44218106142e-07,false,true,false,true,0,NaN,1000,14.5922637461|3.59035448065|-0.232205645051|20.2677929674|25.7378703682|-0.625357297987|-7.69295193753|-4.58356668261|-0.900609920798|7.62305034179
1136,VALID_CAMPAIGN,UNIFORM,-7519477365179827561,10,MIXED,0.799118106204,-0.501714321141,0.0661537708535,GUARDED_PRODUCTION,true,true,SUCCESS,NONE,54,true,true,5.77433225270e-07,false,false,false,false,0,9.20323421288,539167,2.59997359369|2.37713844122|0.0472468969382|0.627806692609|1.47289097973|0.0423437188232|-0.665941514017|-0.624195585211|0.438528164689|0.295893912036
1136,VALID_CAMPAIGN,UNIFORM,-7519477365179827561,10,MIXED,0.799118106204,-0.501714321141,0.0661537708535,UNGUARDED_REFERENCE,true,false,CONVERGED_UNCERTIFIED,NO_GUARDS_OR_FINAL_CERTIFICATION,7,true,false,7.94332908806e-07,false,true,false,true,0,NaN,19916,17.0786070550|1.73668592544|-0.118866589544|20.9823198606|25.7430562690|-0.333479397224|-9.39712617487|-5.22058851807|-0.590939626687|8.45630848972
1137,VALID_CAMPAIGN,NEAR_JOINT_LIMIT,6981373286766049419,10,MIXED,-0.242266084978,-1.70814130197,-0.180957313818,GUARDED_PRODUCTION,false,false,NO_CONVERGENCE,STAGNATION_WINDOW_EXCEEDED,49,true,true,0.134862744453,false,false,false,false,16,6.45757320070,435708,3.14159265359|1.33206618705|0.0281887766871|0.274837951593|0.662795265979|0.0200000000000|-0.888019759394|-0.804039553599|0.478490000151|0.0851877030415
1137,VALID_CAMPAIGN,NEAR_JOINT_LIMIT,6981373286766049419,10,MIXED,-0.242266084978,-1.70814130197,-0.180957313818,UNGUARDED_REFERENCE,true,false,CONVERGED_UNCERTIFIED,NO_GUARDS_OR_FINAL_CERTIFICATION,7,true,false,2.65602356632e-07,false,true,false,true,0,NaN,19708,16.6074128550|0.562635736286|-0.0965766179488|20.1955973377|25.2761494927|-0.335888700283|-8.93858571598|-4.78217317452|-0.659045164306|8.08346139303
1138,VALID_CAMPAIGN,NEAR_SINGULARITY,-6823306794530385795,10,MIXED,2.05792002923,-0.337499928308,0.794999966340,GUARDED_PRODUCTION,false,false,NO_CONVERGENCE,STAGNATION_WINDOW_EXCEEDED,92,true,true,1.33297192752,false,false,false,false,0,7.03554864135,765083,3.14159265359|2.37713844122|0.0200000000000|0.431081277167|0.175997475900|0.0218065542408|-0.349897978964|-0.528899238829|0.555210437848|-0.00213416062092
1138,VALID_CAMPAIGN,NEAR_SINGULARITY,-6823306794530385795,10,MIXED,2.05792002923,-0.337499928308,0.794999966340,UNGUARDED_REFERENCE,true,false,CONVERGED_UNCERTIFIED,NO_GUARDS_OR_FINAL_CERTIFICATION,11,true,false,4.57011584393e-08,false,true,false,true,0,NaN,32792,18.6930130370|0.320277041687|0.0571021160814|20.7708847957|23.6195674045|-0.573784895660|-7.77433319274|-4.77426491945|-0.506603994129|8.98089196172
1139,VALID_CAMPAIGN,MICRO_MOTION,-6596534167388346392,10,MIXED,2.05792032151,-0.337499211391,0.794999629737,GUARDED_PRODUCTION,false,false,NO_CONVERGENCE,STAGNATION_WINDOW_EXCEEDED,7,true,true,1.34713166248,false,false,false,false,0,10.8580680356,59583,3.14159265359|2.37713844122|0.0200000000000|0.420611375903|0.161750521499|0.0217760811190|-0.334459451488|-0.534134641514|0.562812305149|-0.00599193577917
1139,VALID_CAMPAIGN,MICRO_MOTION,-6596534167388346392,10,MIXED,2.05792032151,-0.337499211391,0.794999629737,UNGUARDED_REFERENCE,true,false,CONVERGED_UNCERTIFIED,NO_GUARDS_OR_FINAL_CERTIFICATION,1,true,false,8.44044615046e-07,false,true,false,true,0,NaN,959,18.6930130370|0.320277041687|0.0571021160814|20.7708847957|23.6195674045|-0.573784895660|-7.77433319274|-4.77426491945|-0.506603994129|8.98089196172
1140,VALID_CAMPAIGN,UNIFORM,-687776773605485947,10,MIXED,0.499802797985,0.604334301741,0.306477299952,GUARDED_PRODUCTION,false,false,NO_CONVERGENCE,STAGNATION_WINDOW_EXCEEDED,7,true,true,1.88395944866,false,false,false,false,0,10.9488167542,55333,2.95045652256|2.37713844122|0.0202320876377|0.444524357059|0.277146826564|0.0219389661890|-0.351006123010|-0.521351473623|0.551826283972|0.0121623400381
1140,VALID_CAMPAIGN,UNIFORM,-687776773605485947,10,MIXED,0.499802797985,0.604334301741,0.306477299952,UNGUARDED_REFERENCE,true,false,CONVERGED_UNCERTIFIED,NO_GUARDS_OR_FINAL_CERTIFICATION,6,true,false,5.08414519387e-08,false,true,false,true,0,NaN,15666,18.4934199086|1.02878318658|-0.145782654603|21.5595383288|20.9912800554|-0.0235063891349|-8.60899893280|-4.57448134140|0.0658472064824|9.74314893453
1141,VALID_CAMPAIGN,NEAR_JOINT_LIMIT,-2433698811770390708,10,MIXED,0.232900668152,1.27664921821,0.0248180503182,GUARDED_PRODUCTION,false,false,NO_CONVERGENCE,STAGNATION_WINDOW_EXCEEDED,81,true,true,0.888772270613,false,false,false,false,0,10.5463951341,649625,3.14159265359|2.37713844122|0.0382950797723|1.07954628619|1.78285383091|0.0266172575825|-0.274144412376|-0.343275735770|0.511792532509|0.273515805784
1141,VALID_CAMPAIGN,NEAR_JOINT_LIMIT,-2433698811770390708,10,MIXED,0.232900668152,1.27664921821,0.0248180503182,UNGUARDED_REFERENCE,true,false,CONVERGED_UNCERTIFIED,NO_GUARDS_OR_FINAL_CERTIFICATION,7,true,false,1.50353877215e-09,false,true,false,true,0,NaN,18375,20.3047520735|-0.504024927950|-0.203897384386|21.4942167637|21.8745680609|0.0211656773669|-7.91907914936|-5.00374101224|0.150335802909|9.82754039586
1142,VALID_CAMPAIGN,NEAR_SINGULARITY,1283067175467690878,10,MIXED,2.05792002923,-0.337499928308,0.794999966340,GUARDED_PRODUCTION,false,false,NO_CONVERGENCE,STAGNATION_WINDOW_EXCEEDED,43,true,true,0.951735055234,false,false,false,false,0,4.06521913009,329708,3.14159265359|2.36166478479|0.0200000000000|0.720969451888|0.730288237301|0.0200000000000|-0.625524550407|-0.727655727604|0.559262053256|0.0635205618732
1142,VALID_CAMPAIGN,NEAR_SINGULARITY,1283067175467690878,10,MIXED,2.05792002923,-0.337499928308,0.794999966340,UNGUARDED_REFERENCE,true,false,CONVERGED_UNCERTIFIED,NO_GUARDS_OR_FINAL_CERTIFICATION,12,true,false,4.38437234432e-07,false,true,false,true,0,NaN,33667,24.9960196576|-5.52920828367|0.473312747736|21.6682258629|22.9483006692|-0.323098179123|-12.6726863606|0.147876521734|-0.521371171852|6.14713055588
1143,VALID_CAMPAIGN,MICRO_MOTION,997941747021938187,10,MIXED,2.05792032151,-0.337499211391,0.794999629737,GUARDED_PRODUCTION,false,false,NO_CONVERGENCE,STAGNATION_WINDOW_EXCEEDED,7,true,true,1.03770121524,false,false,false,false,0,8.61407210510,52208,3.14159265359|2.33744692992|0.0200000000000|0.660847367887|0.592880424098|0.0200000000000|-0.597417917385|-0.715137079194|0.569115276120|0.0397511728463
1143,VALID_CAMPAIGN,MICRO_MOTION,997941747021938187,10,MIXED,2.05792032151,-0.337499211391,0.794999629737,UNGUARDED_REFERENCE,true,false,CONVERGED_UNCERTIFIED,NO_GUARDS_OR_FINAL_CERTIFICATION,1,true,false,7.89734894214e-07,false,true,false,true,0,NaN,833,24.9960196576|-5.52920828367|0.473312747736|21.6682258629|22.9483006692|-0.323098179123|-12.6726863606|0.147876521734|-0.521371171852|6.14713055588
1144,VALID_CAMPAIGN,UNIFORM,3266078135216508929,10,MIXED,0.809707803683,-1.27673660071,0.0591879953536,GUARDED_PRODUCTION,true,true,SUCCESS,NONE,18,true,true,6.03986163695e-07,false,false,false,false,0,8.82085117290,145125,3.07540702832|2.12493402579|0.0200000000000|0.378501979840|0.549286312924|0.0200000000000|-0.759541459066|-0.849300861998|0.571670392083|0.0293680796121
1144,VALID_CAMPAIGN,UNIFORM,3266078135216508929,10,MIXED,0.809707803683,-1.27673660071,0.0591879953536,UNGUARDED_REFERENCE,true,false,CONVERGED_UNCERTIFIED,NO_GUARDS_OR_FINAL_CERTIFICATION,8,true,false,5.00183873395e-07,false,true,false,true,0,NaN,21750,24.0481440649|-6.68266868436|0.0460195464856|23.2431886065|21.0827756464|0.123545950625|-10.8491472669|-1.37986515337|-0.00362683776447|4.95043256432
1145,VALID_CAMPAIGN,NEAR_JOINT_LIMIT,-7523545994469985551,10,MIXED,-0.178620912079,-1.26522023684,-0.227540197185,GUARDED_PRODUCTION,true,true,SUCCESS,NONE,21,true,true,8.75215484627e-10,false,false,false,false,0,7.85831732820,175500,2.37092947477|2.13115438214|0.0265529410068|0.377538514937|0.755356902952|0.0318317795566|-0.980654261759|-1.03307871838|0.551324338598|0.0708743467568
1145,VALID_CAMPAIGN,NEAR_JOINT_LIMIT,-7523545994469985551,10,MIXED,-0.178620912079,-1.26522023684,-0.227540197185,UNGUARDED_REFERENCE,true,false,CONVERGED_UNCERTIFIED,NO_GUARDS_OR_FINAL_CERTIFICATION,7,true,false,1.27054259989e-09,false,true,false,true,0,NaN,18417,23.4922886712|-6.91538739703|0.0677300904519|23.2471781408|20.5289271275|0.0943995828588|-10.7571145680|-1.69791097022|-0.00140925829091|4.23621467348
1146,VALID_CAMPAIGN,NEAR_SINGULARITY,7241956512143189767,10,MIXED,2.05792002923,-0.337499928308,0.794999966340,GUARDED_PRODUCTION,false,false,NO_CONVERGENCE,STAGNATION_WINDOW_EXCEEDED,36,true,true,1.12591893316,false,false,false,false,0,7.37222472147,295375,3.14159265359|2.32946385043|0.0200000000000|0.589678825272|0.522464262642|0.0321977972179|-0.617982892623|-0.755803445843|0.570993510907|0.0379125690005
1146,VALID_CAMPAIGN,NEAR_SINGULARITY,7241956512143189767,10,MIXED,2.05792002923,-0.337499928308,0.794999966340,UNGUARDED_REFERENCE,true,false,CONVERGED_UNCERTIFIED,NO_GUARDS_OR_FINAL_CERTIFICATION,10,true,false,1.92020231361e-09,false,true,false,true,0,NaN,28166,24.9620580315|-5.71567338789|0.367730546978|20.9181488563|23.2656567113|-0.808702958265|-12.6311759485|-1.38285685774|0.0275062857269|1.63797441123
1147,VALID_CAMPAIGN,MICRO_MOTION,7107661605326580244,10,MIXED,2.05792032151,-0.337499211391,0.794999629737,GUARDED_PRODUCTION,false,false,NO_CONVERGENCE,STAGNATION_WINDOW_EXCEEDED,7,true,true,1.20813661804,false,false,false,false,0,8.84938394296,53292,3.14159265359|2.31360891943|0.0200000000000|0.556623799290|0.425725982283|0.0285996225259|-0.562241140315|-0.718899286525|0.575000000000|0.0212026601448
1147,VALID_CAMPAIGN,MICRO_MOTION,7107661605326580244,10,MIXED,2.05792032151,-0.337499211391,0.794999629737,UNGUARDED_REFERENCE,true,false,CONVERGED_UNCERTIFIED,NO_GUARDS_OR_FINAL_CERTIFICATION,1,true,false,8.44142877956e-07,false,true,false,true,0,NaN,834,24.9620580315|-5.71567338789|0.367730546978|20.9181488563|23.2656567113|-0.808702958265|-12.6311759485|-1.38285685774|0.0275062857269|1.63797441123
1148,VALID_CAMPAIGN,UNIFORM,8938994239777293595,10,MIXED,0.783459311451,0.603660941647,1.30745903197,GUARDED_PRODUCTION,false,false,NO_CONVERGENCE,STAGNATION_WINDOW_EXCEEDED,35,true,true,0.725637823207,false,false,false,false,0,9.10108751630,285125,3.14159265359|2.37713844122|0.0225639109710|1.11776561286|0.702172404188|0.0471577087259|-0.272452035332|-0.464847155514|0.564973168135|0.0671627835599
1148,VALID_CAMPAIGN,UNIFORM,8938994239777293595,10,MIXED,0.783459311451,0.603660941647,1.30745903197,UNGUARDED_REFERENCE,true,false,CONVERGED_UNCERTIFIED,NO_GUARDS_OR_FINAL_CERTIFICATION,7,true,false,4.11176602025e-07,false,true,false,true,0,NaN,19083,25.4451446664|-5.34959309265|0.175562590045|22.3398616177|22.3434943339|-0.778379833835|-12.2261297354|-1.37948760757|-0.0760067498701|5.42088669608
1149,VALID_CAMPAIGN,NEAR_JOINT_LIMIT,6463842081704313988,10,MIXED,0.228749641847,-1.30475989764,0.101274182558,GUARDED_PRODUCTION,true,true,SUCCESS,NONE,48,true,true,7.29568321303e-07,false,false,false,false,0,5.82700923036,398125,2.86384713849|1.66949226743|0.0213646228774|0.791656539423|1.29064623899|0.0200000000000|-0.802964928626|-0.862254546153|0.552721982223|0.130823081424
1149,VALID_CAMPAIGN,NEAR_JOINT_LIMIT,6463842081704313988,10,MIXED,0.228749641847,-1.30475989764,0.101274182558,UNGUARDED_REFERENCE,true,false,CONVERGED_UNCERTIFIED,NO_GUARDS_OR_FINAL_CERTIFICATION,13,true,false,5.90500136996e-08,false,true,false,true,0,NaN,36959,23.7654737493|-0.252364190162|-0.291817302213|21.9557539969|22.3884949035|-0.270036265597|-11.7215615845|-5.61742000449|-0.116644166850|3.66164874568
1150,VALID_CAMPAIGN,NEAR_SINGULARITY,-4257166447744638179,10,MIXED,2.05792002923,-0.337499928308,0.794999966340,GUARDED_PRODUCTION,false,false,NO_CONVERGENCE,STAGNATION_WINDOW_EXCEEDED,98,true,true,1.31612562524,false,false,false,false,0,6.20384747417,756250,3.14159265359|2.37713844122|0.0200000000000|0.472286296611|0.193030153600|0.0200000000000|-0.352659089390|-0.632549049609|0.575000000000|-0.0513550835367
1150,VALID_CAMPAIGN,NEAR_SINGULARITY,-4257166447744638179,10,MIXED,2.05792002923,-0.337499928308,0.794999966340,UNGUARDED_REFERENCE,true,false,CONVERGED_UNCERTIFIED,NO_GUARDS_OR_FINAL_CERTIFICATION,21,true,false,1.82572562203e-08,false,true,false,true,0,NaN,64083,30.8383746805|-1.38796358246|-0.722884789731|26.3408146941|14.3311310566|1.06650159854|-12.1309238555|-5.75854655658|-0.318260088276|5.00484800104
1151,VALID_CAMPAIGN,MICRO_MOTION,1940581524178249988,10,MIXED,2.05792032151,-0.337499211391,0.794999629737,GUARDED_PRODUCTION,false,false,NO_CONVERGENCE,STAGNATION_WINDOW_EXCEEDED,7,true,true,1.33461555845,false,false,false,false,0,10.7651260252,51167,3.14159265359|2.37713844122|0.0200000000000|0.456919838214|0.176244161863|0.0200000000000|-0.331687788834|-0.628989948120|0.575000000000|-0.0540489263943
1151,VALID_CAMPAIGN,MICRO_MOTION,1940581524178249988,10,MIXED,2.05792032151,-0.337499211391,0.794999629737,UNGUARDED_REFERENCE,true,false,CONVERGED_UNCERTIFIED,NO_GUARDS_OR_FINAL_CERTIFICATION,1,true,false,8.47528957918e-07,false,true,false,true,0,NaN,1000,30.8383746805|-1.38796358246|-0.722884789731|26.3408146941|14.3311310566|1.06650159854|-12.1309238555|-5.75854655658|-0.318260088276|5.00484800104
1152,VALID_CAMPAIGN,UNIFORM,3111450006609036300,10,MIXED,-0.244248808419,-1.28912913603,-0.607302985169,GUARDED_PRODUCTION,true,true,SUCCESS,NONE,44,true,true,1.19969768262e-07,false,false,false,false,0,10.8583812148,370000,2.52867336367|2.10836507056|0.0233030127327|-0.205775062754|0.290451039920|0.0200000000000|-0.753606873130|-0.935175472606|0.558624274730|-0.0413125624338
1152,VALID_CAMPAIGN,UNIFORM,3111450006609036300,10,MIXED,-0.244248808419,-1.28912913603,-0.607302985169,UNGUARDED_REFERENCE,true,false,CONVERGED_UNCERTIFIED,NO_GUARDS_OR_FINAL_CERTIFICATION,17,true,false,1.36748989924e-08,false,true,false,true,0,NaN,55750,10.8437447145|11.7608588813|-0.235908316679|28.7771109936|20.4465386152|0.422385848732|-12.4756273027|-3.68806956618|-0.191936011299|3.57060389415
1153,VALID_CAMPAIGN,NEAR_JOINT_LIMIT,810084493370883366,10,MIXED,-0.425961994549,-0.0448427487137,0.0253356286316,GUARDED_PRODUCTION,true,true,SUCCESS,NONE,220,true,true,9.78338033957e-07,false,false,false,false,0,7.64671173568,1863125,1.89748554944|2.37713844122|0.0200000000000|0.354441350958|0.243282700785|0.176324676290|-1.78285383091|-1.78285383091|0.393603782555|0.266970771031
1153,VALID_CAMPAIGN,NEAR_JOINT_LIMIT,810084493370883366,10,MIXED,-0.425961994549,-0.0448427487137,0.0253356286316,UNGUARDED_REFERENCE,true,false,CONVERGED_UNCERTIFIED,NO_GUARDS_OR_FINAL_CERTIFICATION,8,true,false,1.36363567447e-08,false,true,false,true,0,NaN,23750,9.94133325725|10.0363464035|-0.0180230678449|26.5336656078|21.6850046582|0.284604688248|-13.1819256677|-3.41264830873|-0.119104766598|2.83120146319
1154,VALID_CAMPAIGN,NEAR_SINGULARITY,-950580131824526823,10,MIXED,2.05792002923,-0.337499928308,0.794999966340,GUARDED_PRODUCTION,false,false,NO_CONVERGENCE,STAGNATION_WINDOW_EXCEEDED,107,true,true,1.87808383845,false,false,false,false,0,2.84652841422,837791,3.14159265359|2.37713844122|0.0200000000000|1.00615345573|-0.930603385549|0.210971780105|-1.23410844486|-1.54235307132|0.347078840136|1.07261051782
1154,VALID_CAMPAIGN,NEAR_SINGULARITY,-950580131824526823,10,MIXED,2.05792002923,-0.337499928308,0.794999966340,UNGUARDED_REFERENCE,true,false,CONVERGED_UNCERTIFIED,NO_GUARDS_OR_FINAL_CERTIFICATION,11,true,false,6.23102851887e-08,false,true,false,true,0,NaN,32583,6.12182151378|6.84693158769|0.515037432049|25.0691387852|30.7164703936|0.334760275237|-17.7437927656|-6.08141934362|-0.303291861824|1.80706525463
1155,VALID_CAMPAIGN,MICRO_MOTION,454243694126170180,10,MIXED,2.05792032151,-0.337499211391,0.794999629737,GUARDED_PRODUCTION,false,false,NO_CONVERGENCE,STAGNATION_WINDOW_EXCEEDED,7,true,true,1.88626616547,false,false,false,false,0,3.84385392084,55792,3.14159265359|2.37713844122|0.0200000000000|1.06796594679|-0.907995792366|0.209849545797|-1.17046151544|-1.48939171356|0.349012415794|1.09592321139
1155,VALID_CAMPAIGN,MICRO_MOTION,454243694126170180,10,MIXED,2.05792032151,-0.337499211391,0.794999629737,UNGUARDED_REFERENCE,true,false,CONVERGED_UNCERTIFIED,NO_GUARDS_OR_FINAL_CERTIFICATION,1,true,false,8.49368330523e-07,false,true,false,true,0,NaN,916,6.12182151378|6.84693158769|0.515037432049|25.0691387852|30.7164703936|0.334760275237|-17.7437927656|-6.08141934362|-0.303291861824|1.80706525463
1156,VALID_CAMPAIGN,UNIFORM,-7082714384359020302,10,MIXED,-0.748533400937,0.406632087205,1.13955952189,GUARDED_PRODUCTION,true,true,SUCCESS,NONE,75,true,true,4.07097480324e-09,false,false,false,false,0,3.65581312129,626417,1.73781852684|2.00386448466|0.0318267410854|1.59636887717|-0.558939169066|0.241645933662|-0.357737299875|-0.988712840364|0.356872279750|1.38778238462
1156,VALID_CAMPAIGN,UNIFORM,-7082714384359020302,10,MIXED,-0.748533400937,0.406632087205,1.13955952189,UNGUARDED_REFERENCE,true,false,CONVERGED_UNCERTIFIED,NO_GUARDS_OR_FINAL_CERTIFICATION,9,true,false,3.70729424612e-08,false,true,false,true,0,NaN,25500,6.91335187371|7.83645755799|-0.139914443091|27.0654188689|32.0635299457|-0.402310144056|-17.1426793482|-9.62116099071|0.645652832887|8.04645875881
1157,VALID_CAMPAIGN,NEAR_JOINT_LIMIT,2781769614233102324,10,MIXED,-0.00752204299986,-1.17976698887,-0.0363858742887,GUARDED_PRODUCTION,true,true,SUCCESS,NONE,121,true,true,8.99382598630e-07,false,false,false,false,1,5.66545161115,1074250,3.14159265359|2.00765143968|0.0266885841776|0.366967258330|-0.571010733680|0.188001654692|-1.03934282062|-1.32984699119|0.367224957029|1.11247731410
1157,VALID_CAMPAIGN,NEAR_JOINT_LIMIT,2781769614233102324,10,MIXED,-0.00752204299986,-1.17976698887,-0.0363858742887,UNGUARDED_REFERENCE,true,false,CONVERGED_UNCERTIFIED,NO_GUARDS_OR_FINAL_CERTIFICATION,12,true,false,1.76519430421e-07,false,true,false,true,0,NaN,36875,4.27722068734|7.20467349486|-0.264272945713|27.8512120557|35.5632696822|-0.263508708704|-16.6863648089|-9.26909797137|0.466652939227|10.1138258765
1158,VALID_CAMPAIGN,NEAR_SINGULARITY,8282996483385398316,10,MIXED,2.05792002923,-0.337499928308,0.794999966340,GUARDED_PRODUCTION,false,false,MAX_ITERATIONS_REACHED,MAX_ITERATIONS_LIMIT_REACHED,800,true,true,1.10221615300,false,false,false,false,0,4.62016546473,6176625,3.14159265359|2.37713844122|0.0200000000000|-0.508056711121|0.463479705862|0.575000000000|0.719179257018|-0.774757532167|0.575000000000|0.0602578655179
1158,VALID_CAMPAIGN,NEAR_SINGULARITY,8282996483385398316,10,MIXED,2.05792002923,-0.337499928308,0.794999966340,UNGUARDED_REFERENCE,true,false,CONVERGED_UNCERTIFIED,NO_GUARDS_OR_FINAL_CERTIFICATION,13,true,false,5.37168883283e-10,false,true,false,true,0,NaN,39875,6.09927259139|5.73471247209|-0.436699106663|27.5236481777|39.8800225167|-0.656584502596|-17.2877895558|-10.2354590200|0.633630573489|8.91374468436
1159,VALID_CAMPAIGN,MICRO_MOTION,8492493551989471765,10,MIXED,2.05792032151,-0.337499211391,0.794999629737,GUARDED_PRODUCTION,false,false,MAX_ITERATIONS_REACHED,MAX_ITERATIONS_LIMIT_REACHED,800,true,true,1.09724559456,false,false,false,false,0,12.3397388442,6132917,3.14159265359|2.37713844122|0.0200000000000|-0.537322134017|0.505994362455|0.575000000000|0.862390938111|-0.889308098427|0.575000000000|-0.0479288252409
1159,VALID_CAMPAIGN,MICRO_MOTION,8492493551989471765,10,MIXED,2.05792032151,-0.337499211391,0.794999629737,UNGUARDED_REFERENCE,true,false,CONVERGED_UNCERTIFIED,NO_GUARDS_OR_FINAL_CERTIFICATION,1,true,false,8.44206909147e-07,false,true,false,true,0,NaN,1833,6.09927259139|5.73471247209|-0.436699106663|27.5236481777|39.8800225167|-0.656584502596|-17.2877895558|-10.2354590200|0.633630573489|8.91374468436
1160,VALID_CAMPAIGN,UNIFORM,-2028691873684443745,10,MIXED,1.48844848913,-0.331463849486,0.296595213894,GUARDED_PRODUCTION,false,false,NO_CONVERGENCE,STAGNATION_WINDOW_EXCEEDED,7,true,true,1.03448152399,false,false,false,false,0,12.4715296742,60458,3.00074845129|2.37713844122|0.0215814461893|-0.544432442111|0.604749040178|0.563723795169|0.807092230738|-0.935631656995|0.563213288579|-0.0304949907820
1160,VALID_CAMPAIGN,UNIFORM,-2028691873684443745,10,MIXED,1.48844848913,-0.331463849486,0.296595213894,UNGUARDED_REFERENCE,true,false,CONVERGED_UNCERTIFIED,NO_GUARDS_OR_FINAL_CERTIFICATION,6,true,false,1.71800835152e-08,false,true,false,true,0,NaN,16417,6.12476826069|5.95715729064|-0.296660747929|27.6127862593|40.8418061952|-0.382616646440|-16.4940030017|-10.3060241504|0.344892619620|8.99307571570
1161,VALID_CAMPAIGN,NEAR_JOINT_LIMIT,-3437438522987415165,10,MIXED,0.466765111497,0.725135779573,-0.254108633800,GUARDED_PRODUCTION,false,false,NO_CONVERGENCE,STAGNATION_WINDOW_EXCEEDED,70,true,true,0.767227601754,false,false,false,false,0,11.5549957528,588667,3.14159265359|2.37713844122|0.0445843881662|-0.638806702112|1.50767557811|0.502960361623|-0.330698358850|-1.78285383091|0.518581324831|0.0895373347074
1161,VALID_CAMPAIGN,NEAR_JOINT_LIMIT,-3437438522987415165,10,MIXED,0.466765111497,0.725135779573,-0.254108633800,UNGUARDED_REFERENCE,true,false,CONVERGED_UNCERTIFIED,NO_GUARDS_OR_FINAL_CERTIFICATION,7,true,false,7.50144671124e-09,false,true,false,true,0,NaN,19583,7.40472000070|5.74446872501|-0.202176227330|29.3000115713|43.5743285819|-0.0113446228242|-15.1716782619|-8.69660344592|-0.00655065133349|8.88625750144
1162,VALID_CAMPAIGN,NEAR_SINGULARITY,-3759507034805385343,10,MIXED,2.05792002923,-0.337499928308,0.794999966340,GUARDED_PRODUCTION,false,false,NO_CONVERGENCE,STAGNATION_WINDOW_EXCEEDED,45,true,true,0.732948413318,false,false,false,false,0,3.49867010164,382042,3.14159265359|2.37713844122|0.0200000000000|-0.575316047797|0.914699274932|0.534493302271|0.621530197401|-0.956585708743|0.555784008548|0.00698418892334
1162,VALID_CAMPAIGN,NEAR_SINGULARITY,-3759507034805385343,10,MIXED,2.05792002923,-0.337499928308,0.794999966340,UNGUARDED_REFERENCE,true,false,CONVERGED_UNCERTIFIED,NO_GUARDS_OR_FINAL_CERTIFICATION,10,true,false,9.89124979835e-09,false,true,false,true,0,NaN,31584,12.3602786065|6.40372985297|-0.0199556801392|27.2587191522|41.6791599997|-0.881938539161|-14.8567178307|-10.6033299730|-0.294750971005|9.75573002173
1163,VALID_CAMPAIGN,MICRO_MOTION,-9156884338415987313,10,MIXED,2.05792032151,-0.337499211391,0.794999629737,GUARDED_PRODUCTION,false,false,NO_CONVERGENCE,STAGNATION_WINDOW_EXCEEDED,7,true,true,0.788598337436,false,false,false,false,5,8.80120559690,58500,3.14159265359|2.37442554225|0.0200000000000|-0.586846596879|0.852079633480|0.539189781264|0.671446614850|-0.913737614701|0.561552348791|-0.00340320732211
1163,VALID_CAMPAIGN,MICRO_MOTION,-9156884338415987313,10,MIXED,2.05792032151,-0.337499211391,0.794999629737,UNGUARDED_REFERENCE,true,false,CONVERGED_UNCERTIFIED,NO_GUARDS_OR_FINAL_CERTIFICATION,1,true,false,8.44186223876e-07,false,true,false,true,0,NaN,875,12.3602786065|6.40372985297|-0.0199556801392|27.2587191522|41.6791599997|-0.881938539161|-14.8567178307|-10.6033299730|-0.294750971005|9.75573002173
1164,VALID_CAMPAIGN,UNIFORM,-810175770726477148,10,MIXED,0.547412045157,-0.848703738969,0.689456003085,GUARDED_PRODUCTION,true,true,SUCCESS,NONE,35,true,true,1.23590493994e-09,false,false,false,false,0,9.76266155454,299166,2.30364697876|2.13691429274|0.0457011658769|-0.219562956029|1.58702477085|0.515805089532|0.339694936514|-1.22665529147|0.522590716026|0.109303658208
1164,VALID_CAMPAIGN,UNIFORM,-810175770726477148,10,MIXED,0.547412045157,-0.848703738969,0.689456003085,UNGUARDED_REFERENCE,true,false,CONVERGED_UNCERTIFIED,NO_GUARDS_OR_FINAL_CERTIFICATION,8,true,false,1.61927040463e-08,false,true,false,true,0,NaN,22792,11.3621952066|6.87591307689|-0.0675317189928|27.7807139841|42.2338801672|-0.388705439277|-16.2502420884|-10.7209300217|0.100853336720|8.64387109361
1165,VALID_CAMPAIGN,NEAR_JOINT_LIMIT,-8327937041885875056,10,MIXED,-0.139519645356,-0.721543328335,0.105122358510,GUARDED_PRODUCTION,true,true,SUCCESS,NONE,23,true,true,2.79774173141e-07,false,false,false,false,0,3.62087686755,197958,1.97483584389|1.90258956006|0.0542266282620|-0.234750315319|1.63234862394|0.501584572157|-0.133654997670|-1.62476083957|0.512043045075|0.106779927389
1165,VALID_CAMPAIGN,NEAR_JOINT_LIMIT,-8327937041885875056,10,MIXED,-0.139519645356,-0.721543328335,0.105122358510,UNGUARDED_REFERENCE,true,false,CONVERGED_UNCERTIFIED,NO_GUARDS_OR_FINAL_CERTIFICATION,6,true,false,1.40450673820e-07,false,true,false,true,0,NaN,16416,9.82767480240|7.65074543347|-0.0934989779888|28.9753642394|41.5509744566|-0.114433716917|-17.3095646076|-10.7341180499|-0.0284873531112|10.0456723001
1166,VALID_CAMPAIGN,NEAR_SINGULARITY,8160685835478262191,10,MIXED,2.05792002923,-0.337499928308,0.794999966340,GUARDED_PRODUCTION,false,false,NO_CONVERGENCE,STAGNATION_WINDOW_EXCEEDED,55,true,true,0.757433063654,false,false,false,false,3,3.56598872050,468625,3.14159265359|2.37636671868|0.0200000000000|-0.490794474914|0.852013583529|0.526728597564|0.621288801033|-0.923469254672|0.563761323093|-0.00653634280527
1166,VALID_CAMPAIGN,NEAR_SINGULARITY,8160685835478262191,10,MIXED,2.05792002923,-0.337499928308,0.794999966340,UNGUARDED_REFERENCE,true,false,CONVERGED_UNCERTIFIED,NO_GUARDS_OR_FINAL_CERTIFICATION,16,true,false,2.78887893017e-07,false,true,false,true,0,NaN,48292,18.6136522552|6.43186726374|-0.0224295502632|32.7039972302|37.6549045871|-0.525896670287|-19.5959794781|-12.7281490180|0.0652776973882|12.2422444444
1167,VALID_CAMPAIGN,MICRO_MOTION,4703661441558839066,10,MIXED,2.05792032151,-0.337499211391,0.794999629737,GUARDED_PRODUCTION,false,false,NO_CONVERGENCE,STAGNATION_WINDOW_EXCEEDED,7,true,true,0.814458783292,false,false,false,false,6,9.27726058173,59583,3.14159265359|2.37292712403|0.0200000000000|-0.507562793839|0.796489215352|0.530843364041|0.656983412447|-0.893494417505|0.568810508949|-0.0156650780486
1167,VALID_CAMPAIGN,MICRO_MOTION,4703661441558839066,10,MIXED,2.05792032151,-0.337499211391,0.794999629737,UNGUARDED_REFERENCE,true,false,CONVERGED_UNCERTIFIED,NO_GUARDS_OR_FINAL_CERTIFICATION,1,true,false,8.74338893633e-07,false,true,false,true,0,NaN,875,18.6136522552|6.43186726374|-0.0224295502632|32.7039972302|37.6549045871|-0.525896670287|-19.5959794781|-12.7281490180|0.0652776973882|12.2422444444
1168,VALID_CAMPAIGN,UNIFORM,38555858858886397,10,MIXED,1.75381912765,0.223160785684,-0.158388004758,GUARDED_PRODUCTION,false,false,MAX_ITERATIONS_REACHED,MAX_ITERATIONS_LIMIT_REACHED,800,true,true,0.758811164562,false,false,false,false,0,10.0227165608,6293042,3.14159265359|2.37713844122|0.0200000000000|-1.39866702769|1.29526153946|0.575000000000|0.571084577418|-0.894171164871|0.575000000000|-0.0209457833616
1168,VALID_CAMPAIGN,UNIFORM,38555858858886397,10,MIXED,1.75381912765,0.223160785684,-0.158388004758,UNGUARDED_REFERENCE,true,false,CONVERGED_UNCERTIFIED,NO_GUARDS_OR_FINAL_CERTIFICATION,10,true,false,1.04533220159e-07,false,true,false,true,0,NaN,38750,19.0167224938|6.83114133523|0.163351491429|32.8091275046|35.6800031209|-0.133994805729|-19.6425829088|-12.1324370932|-0.273590510238|12.1765454921
1169,VALID_CAMPAIGN,NEAR_JOINT_LIMIT,8371234721644873749,10,MIXED,1.11655016406,0.745757936444,0.0466174964460,GUARDED_PRODUCTION,false,false,MAX_ITERATIONS_REACHED,MAX_ITERATIONS_LIMIT_REACHED,800,true,true,0.636121906972,false,false,false,false,0,7.45910181896,6505916,3.14159265359|2.37713844122|0.0200000000000|-1.49660712113|1.64214834614|0.518957577006|0.00591296372068|-1.02870807050|0.575000000000|-0.0300358159311
1169,VALID_CAMPAIGN,NEAR_JOINT_LIMIT,8371234721644873749,10,MIXED,1.11655016406,0.745757936444,0.0466174964460,UNGUARDED_REFERENCE,true,false,CONVERGED_UNCERTIFIED,NO_GUARDS_OR_FINAL_CERTIFICATION,7,true,false,8.12002465386e-10,false,true,false,true,0,NaN,26292,19.5565149688|6.96832912173|-0.0264775507266|33.4350730810|35.9277639250|0.196474629137|-19.4363163023|-12.2446275812|-0.0564842752253|11.6215149128
1170,VALID_CAMPAIGN,NEAR_SINGULARITY,-3013895364452844930,10,MIXED,2.05792002923,-0.337499928308,0.794999966340,GUARDED_PRODUCTION,false,false,NO_CONVERGENCE,STAGNATION_WINDOW_EXCEEDED,28,true,true,0.761554463643,false,false,false,false,0,3.58241898173,466541,3.14159265359|2.37203124964|0.0200000000000|-1.25991042045|1.75843831768|0.550096558660|0.633337370358|-0.537509459549|0.575000000000|-0.0197604777522
1170,VALID_CAMPAIGN,NEAR_SINGULARITY,-3013895364452844930,10,MIXED,2.05792002923,-0.337499928308,0.794999966340,UNGUARDED_REFERENCE,true,false,CONVERGED_UNCERTIFIED,NO_GUARDS_OR_FINAL_CERTIFICATION,14,true,false,9.45201795129e-09,false,true,false,true,0,NaN,43042,18.6728148878|6.63137841010|0.276834170895|31.7085341188|37.4773026543|0.106628516849|-18.5529928355|-11.9742500307|-0.367521149542|12.5071223426
1171,VALID_CAMPAIGN,MICRO_MOTION,9200174839836738559,10,MIXED,2.05792032151,-0.337499211391,0.794999629737,GUARDED_PRODUCTION,false,false,NO_CONVERGENCE,STAGNATION_WINDOW_EXCEEDED,7,true,true,0.814782104597,false,false,false,false,6,10.1618842581,63208,3.14159265359|2.36049273866|0.0200000000000|-1.23497035240|1.75050778311|0.556220632941|0.688873425640|-0.503436048227|0.575000000000|-0.0216542063320
1171,VALID_CAMPAIGN,MICRO_MOTION,9200174839836738559,10,MIXED,2.05792032151,-0.337499211391,0.794999629737,UNGUARDED_REFERENCE,true,false,CONVERGED_UNCERTIFIED,NO_GUARDS_OR_FINAL_CERTIFICATION,1,true,false,8.44109571107e-07,false,true,false,true,0,NaN,1042,18.6728148878|6.63137841010|0.276834170895|31.7085341188|37.4773026543|0.106628516849|-18.5529928355|-11.9742500307|-0.367521149542|12.5071223426
1172,VALID_CAMPAIGN,UNIFORM,9038941953721224263,10,MIXED,-1.29718526673,1.11016082371,0.988237295256,GUARDED_PRODUCTION,false,false,NO_CONVERGENCE,STAGNATION_WINDOW_EXCEEDED,200,true,true,1.03044326721,false,false,false,false,0,10.9756945396,1664375,1.93407355661|1.15227010785|0.156379177136|-1.62756268204|0.772668899670|0.487664810687|-1.78285383091|-1.78285383091|0.539824122596|1.17332442263
1172,VALID_CAMPAIGN,UNIFORM,9038941953721224263,10,MIXED,-1.29718526673,1.11016082371,0.988237295256,UNGUARDED_REFERENCE,true,false,CONVERGED_UNCERTIFIED,NO_GUARDS_OR_FINAL_CERTIFICATION,16,true,false,4.72677360371e-10,false,true,false,true,0,NaN,50167,14.3066215985|11.6986888507|-0.918983486601|39.3300862307|47.8577727847|-1.32734533781|-19.9682636540|-17.0804795766|2.46209843840|13.7342658694
1173,VALID_CAMPAIGN,NEAR_JOINT_LIMIT,377180115907796443,10,MIXED,0.192989437453,0.111399418934,0.197512414614,GUARDED_PRODUCTION,true,true,SUCCESS,NONE,297,true,true,9.94895388781e-07,false,false,false,false,0,8.80718511248,2273042,-0.346732494607|2.37713844122|0.0200000000000|-1.78285383091|0.233014668419|0.350899381858|-1.78285383091|-1.52987280809|0.575000000000|1.41584517908
1173,VALID_CAMPAIGN,NEAR_JOINT_LIMIT,377180115907796443,10,MIXED,0.192989437453,0.111399418934,0.197512414614,UNGUARDED_REFERENCE,true,false,CONVERGED_UNCERTIFIED,NO_GUARDS_OR_FINAL_CERTIFICATION,8,true,false,3.43550470163e-07,false,true,false,true,0,NaN,23583,12.4933334836|12.2421327547|-0.897811863913|39.1362009541|48.2766816706|-1.40913497637|-20.4258780573|-17.3753997179|2.37213631700|13.8994001877
1174,VALID_CAMPAIGN,NEAR_SINGULARITY,6824708766532667917,10,MIXED,2.05792002923,-0.337499928308,0.794999966340,GUARDED_PRODUCTION,false,false,MAX_ITERATIONS_REACHED,MAX_ITERATIONS_LIMIT_REACHED,800,true,true,1.05201007311,false,false,false,false,0,3.03229896617,5882917,-0.300064595619|0.424950101724|0.236578440719|-1.69300695869|0.129747212168|0.559108075714|-1.78285383091|-1.78285383091|0.573987718341|-0.0713712114884
1174,VALID_CAMPAIGN,NEAR_SINGULARITY,6824708766532667917,10,MIXED,2.05792002923,-0.337499928308,0.794999966340,UNGUARDED_REFERENCE,true,false,CONVERGED_UNCERTIFIED,NO_GUARDS_OR_FINAL_CERTIFICATION,10,true,false,1.33462622291e-11,false,true,false,true,0,NaN,30459,7.65194700197|10.6932402797|-0.974205048234|38.2299678469|49.7692049656|-1.71235926974|-20.9371970940|-17.3218860330|2.05900476100|14.1306692584
1175,VALID_CAMPAIGN,MICRO_MOTION,2170086396717768345,10,MIXED,2.05792032151,-0.337499211391,0.794999629737,GUARDED_PRODUCTION,false,false,MAX_ITERATIONS_REACHED,MAX_ITERATIONS_LIMIT_REACHED,800,true,true,0.609764915627,false,false,false,false,0,8.12217477903,5536958,-0.206197586888|0.708892092603|0.575000000000|-0.609063341448|1.46887851544|0.575000000000|-1.78285383091|-1.78285383091|0.285952669119|-0.460818492754
1175,VALID_CAMPAIGN,MICRO_MOTION,2170086396717768345,10,MIXED,2.05792032151,-0.337499211391,0.794999629737,UNGUARDED_REFERENCE,true,false,CONVERGED_UNCERTIFIED,NO_GUARDS_OR_FINAL_CERTIFICATION,1,true,false,8.44210588580e-07,false,true,false,true,0,NaN,3667,7.65194700197|10.6932402797|-0.974205048234|38.2299678469|49.7692049656|-1.71235926974|-20.9371970940|-17.3218860330|2.05900476100|14.1306692584
1176,VALID_CAMPAIGN,UNIFORM,-9100211276483561306,10,MIXED,-1.28463453281,-1.21003872269,0.582018433946,GUARDED_PRODUCTION,false,false,NO_CONVERGENCE,STAGNATION_WINDOW_EXCEEDED,453,true,true,0.0494528226983,false,false,false,false,0,8.81627198671,3193125,-2.40311420366|0.549824119999|0.575000000000|-0.545178863569|1.75730216171|0.575000000000|-1.78285383091|-1.78285383091|0.0200000000000|-0.379399851812
1176,VALID_CAMPAIGN,UNIFORM,-9100211276483561306,10,MIXED,-1.28463453281,-1.21003872269,0.582018433946,UNGUARDED_REFERENCE,true,false,CONVERGED_UNCERTIFIED,NO_GUARDS_OR_FINAL_CERTIFICATION,9,true,false,2.74964463499e-07,false,true,false,true,0,NaN,33084,8.82917496408|6.54580269124|-0.875426879755|37.4355364919|52.2089993590|-1.58745185299|-20.3877398036|-17.4308076087|2.12666914609|13.9283078304
1177,VALID_CAMPAIGN,NEAR_JOINT_LIMIT,-6417407190445714617,10,MIXED,-0.562760410108,-0.864643360656,-0.227540197185,GUARDED_PRODUCTION,true,true,SUCCESS,NONE,59,true,true,1.82865643434e-07,false,false,false,false,0,9.41473520115,496250,-2.42599772563|0.662823415196|0.546885870312|-1.29735739327|1.33844146896|0.486765879946|-0.853941731972|-0.809414907836|0.0796705376590|-0.457655310634
1177,VALID_CAMPAIGN,NEAR_JOINT_LIMIT,-6417407190445714617,10,MIXED,-0.562760410108,-0.864643360656,-0.227540197185,UNGUARDED_REFERENCE,true,false,CONVERGED_UNCERTIFIED,NO_GUARDS_OR_FINAL_CERTIFICATION,7,true,false,2.14522462843e-10,false,true,false,true,0,NaN,20209,7.64067307434|8.04740473564|-0.805237811092|39.1523781493|52.5735460144|-1.83426904421|-20.6273663186|-17.1539121580|1.87251134403|14.1657406116
1178,VALID_CAMPAIGN,NEAR_SINGULARITY,4541724305328651385,10,MIXED,2.05792002923,-0.337499928308,0.794999966340,GUARDED_PRODUCTION,true,true,SUCCESS,NONE,134,true,true,6.86558424403e-07,false,false,false,false,0,5.25021567738,1080833,-0.179723184818|0.213954995071|0.551059709063|-0.805299052596|1.42439642897|0.575000000000|1.17487767958|0.243723082162|0.189538426242|-0.234904167055
1178,VALID_CAMPAIGN,NEAR_SINGULARITY,4541724305328651385,10,MIXED,2.05792002923,-0.337499928308,0.794999966340,UNGUARDED_REFERENCE,true,false,CONVERGED_UNCERTIFIED,NO_GUARDS_OR_FINAL_CERTIFICATION,7,true,false,7.71898325089e-10,false,true,false,true,0,NaN,19625,9.04679437624|9.37728912520|-0.794085727705|38.6745044373|53.3181882280|-1.82146706561|-19.9469238924|-16.4295851285|1.88640065122|14.2080523398
1179,VALID_CAMPAIGN,MICRO_MOTION,-6189995678720530363,10,MIXED,2.05792032151,-0.337499211391,0.794999629737,GUARDED_PRODUCTION,true,true,SUCCESS,NONE,2,true,true,4.49553721262e-07,false,false,false,false,0,24.1400185790,15333,-0.179722765996|0.213954985770|0.551059787185|-0.805299055866|1.42439504889|0.575000000000|1.17487809633|0.243722065397|0.189538555012|-0.234904260915
1179,VALID_CAMPAIGN,MICRO_MOTION,-6189995678720530363,10,MIXED,2.05792032151,-0.337499211391,0.794999629737,UNGUARDED_REFERENCE,true,false,CONVERGED_UNCERTIFIED,NO_GUARDS_OR_FINAL_CERTIFICATION,1,true,false,8.43894841663e-07,false,true,false,true,0,NaN,1000,9.04679437624|9.37728912520|-0.794085727705|38.6745044373|53.3181882280|-1.82146706561|-19.9469238924|-16.4295851285|1.88640065122|14.2080523398
1180,VALID_CAMPAIGN,UNIFORM,-5793628867695263303,10,MIXED,1.97394823284,0.0648693134444,0.660562888939,GUARDED_PRODUCTION,true,true,SUCCESS,NONE,25,true,true,5.16591231095e-09,false,false,false,false,0,24.1400192412,212125,-0.230863910929|0.418300566189|0.535492814816|-0.918821660134|1.68212513761|0.481408227202|0.912628731883|0.334245687293|0.159224269950|-0.249340620633
1180,VALID_CAMPAIGN,UNIFORM,-5793628867695263303,10,MIXED,1.97394823284,0.0648693134444,0.660562888939,UNGUARDED_REFERENCE,true,false,CONVERGED_UNCERTIFIED,NO_GUARDS_OR_FINAL_CERTIFICATION,4,true,false,1.47741710484e-07,false,true,false,true,0,NaN,10125,9.15107464386|9.44287406202|-0.794230628607|38.5798788147|53.3082450034|-1.82152491351|-19.9891230346|-16.4819917519|1.88455995084|14.2056257901
1181,VALID_CAMPAIGN,NEAR_JOINT_LIMIT,-2649891558906603469,10,MIXED,-0.270439991774,-0.660865564253,-0.182691536056,GUARDED_PRODUCTION,true,true,SUCCESS,NONE,93,true,true,4.14898496821e-07,false,false,false,false,0,15.1866155978,748750,-2.69299901636|1.51575225965|0.531103962090|-1.22926473149|1.49573448743|0.345310083110|-0.901079028581|-0.810886690228|0.0989406093296|-0.231779282685
1181,VALID_CAMPAIGN,NEAR_JOINT_LIMIT,-2649891558906603469,10,MIXED,-0.270439991774,-0.660865564253,-0.182691536056,UNGUARDED_REFERENCE,true,false,CONVERGED_UNCERTIFIED,NO_GUARDS_OR_FINAL_CERTIFICATION,8,true,false,3.99653188427e-08,false,true,false,true,0,NaN,22917,9.29580298374|7.97588632072|-0.743577305217|39.1216065023|54.1502755011|-1.85867297827|-20.6344979437|-17.1902556966|1.82377140732|14.1952469082
1182,VALID_CAMPAIGN,NEAR_SINGULARITY,1662130368132743544,10,MIXED,2.05792002923,-0.337499928308,0.794999966340,GUARDED_PRODUCTION,true,true,SUCCESS,NONE,111,true,true,3.57547450725e-10,false,false,false,false,0,4.09754516345,918000,-0.222831238155|0.264491981602|0.546017722084|-0.759651837828|1.21322347752|0.555970026504|1.12250867364|0.229996685651|0.198775996146|-0.244112864315
1182,VALID_CAMPAIGN,NEAR_SINGULARITY,1662130368132743544,10,MIXED,2.05792002923,-0.337499928308,0.794999966340,UNGUARDED_REFERENCE,true,false,CONVERGED_UNCERTIFIED,NO_GUARDS_OR_FINAL_CERTIFICATION,7,true,false,1.24361802734e-11,false,true,false,true,0,NaN,23667,9.76995663697|8.52795322629|-0.757416972398|38.7144615322|53.7741229116|-1.85367434838|-19.9882531679|-16.5038366787|1.82977161858|14.2516152846
1183,VALID_CAMPAIGN,MICRO_MOTION,3051494314981955294,10,MIXED,2.05792032151,-0.337499211391,0.794999629737,GUARDED_PRODUCTION,true,true,SUCCESS,NONE,1,true,true,8.44281770671e-07,false,false,false,false,0,NaN,6583,-0.222831238155|0.264491981602|0.546017722084|-0.759651837828|1.21322347752|0.555970026504|1.12250867364|0.229996685651|0.198775996146|-0.244112864315
1183,VALID_CAMPAIGN,MICRO_MOTION,3051494314981955294,10,MIXED,2.05792032151,-0.337499211391,0.794999629737,UNGUARDED_REFERENCE,true,false,CONVERGED_UNCERTIFIED,NO_GUARDS_OR_FINAL_CERTIFICATION,1,true,false,8.44217911386e-07,false,true,false,true,0,NaN,958,9.76995663697|8.52795322629|-0.757416972398|38.7144615322|53.7741229116|-1.85367434838|-19.9882531679|-16.5038366787|1.82977161858|14.2516152846
1184,VALID_CAMPAIGN,UNIFORM,-3170554691976756840,10,MIXED,1.21848881591,-0.606263391800,-0.682161855705,GUARDED_PRODUCTION,true,true,SUCCESS,NONE,93,true,true,9.78080076897e-07,false,false,false,false,0,22.8859522858,733500,-1.22693432893|0.868297339125|0.528792535358|-1.78285383091|1.03747606651|0.414061678635|0.229097687674|-0.0586139775824|0.135268217243|-0.398472730457
1184,VALID_CAMPAIGN,UNIFORM,-3170554691976756840,10,MIXED,1.21848881591,-0.606263391800,-0.682161855705,UNGUARDED_REFERENCE,true,false,CONVERGED_UNCERTIFIED,NO_GUARDS_OR_FINAL_CERTIFICATION,7,true,false,1.10220444762e-09,false,true,false,true,0,NaN,19250,9.26236667523|8.33685200237|-0.765716127894|37.4024972653|54.2753550229|-1.89991688123|-20.1124582852|-16.7273858798|1.77266152506|14.3060384495
1185,VALID_CAMPAIGN,NEAR_JOINT_LIMIT,3028224477956082015,10,MIXED,1.29617298598,-0.863985409057,-0.374225251075,GUARDED_PRODUCTION,true,true,SUCCESS,NONE,12,true,true,1.38191542097e-08,false,false,false,false,0,4.39447471113,95125,-1.36787369683|0.796726877805|0.529548142890|-1.57557341571|1.27091849828|0.413242469273|0.250767441256|-0.0377003974630|0.135150518039|-0.367661403391
1185,VALID_CAMPAIGN,NEAR_JOINT_LIMIT,3028224477956082015,10,MIXED,1.29617298598,-0.863985409057,-0.374225251075,UNGUARDED_REFERENCE,true,false,CONVERGED_UNCERTIFIED,NO_GUARDS_OR_FINAL_CERTIFICATION,5,true,false,3.65902050390e-11,false,true,false,true,0,NaN,13542,9.29095060244|8.28006639867|-0.772061847254|37.7846057160|54.3457608744|-1.89133881633|-20.1350276488|-16.7224720948|1.78381038985|14.2969110695
1186,VALID_CAMPAIGN,NEAR_SINGULARITY,8971586552213025944,10,MIXED,2.05792002923,-0.337499928308,0.794999966340,GUARDED_PRODUCTION,true,true,SUCCESS,NONE,64,true,true,2.31365774195e-10,false,false,false,false,0,4.54996451838,512166,-0.230110845482|0.272220184194|0.545056052740|-0.736774640561|1.14479704000|0.549871674974|1.09814535405|0.230765278025|0.195739234290|-0.288565609763
1186,VALID_CAMPAIGN,NEAR_SINGULARITY,8971586552213025944,10,MIXED,2.05792002923,-0.337499928308,0.794999966340,UNGUARDED_REFERENCE,true,false,CONVERGED_UNCERTIFIED,NO_GUARDS_OR_FINAL_CERTIFICATION,7,true,false,8.80197739093e-12,false,true,false,true,0,NaN,19541,9.73070537776|8.28156621940|-0.789154908649|38.9492340010|54.3291287551|-1.86808074371|-20.0309144768|-16.5218780851|1.81661157378|14.2785928016
1187,VALID_CAMPAIGN,MICRO_MOTION,-2394809382943419503,10,MIXED,2.05792032151,-0.337499211391,0.794999629737,GUARDED_PRODUCTION,true,true,SUCCESS,NONE,1,true,true,8.44212486221e-07,false,false,false,false,0,NaN,6000,-0.230110845482|0.272220184194|0.545056052740|-0.736774640561|1.14479704000|0.549871674974|1.09814535405|0.230765278025|0.195739234290|-0.288565609763
1187,VALID_CAMPAIGN,MICRO_MOTION,-2394809382943419503,10,MIXED,2.05792032151,-0.337499211391,0.794999629737,UNGUARDED_REFERENCE,true,false,CONVERGED_UNCERTIFIED,NO_GUARDS_OR_FINAL_CERTIFICATION,1,true,false,8.44220328108e-07,false,true,false,true,0,NaN,1041,9.73070537776|8.28156621940|-0.789154908649|38.9492340010|54.3291287551|-1.86808074371|-20.0309144768|-16.5218780851|1.81661157378|14.2785928016
1188,VALID_CAMPAIGN,UNIFORM,6007759225470377060,10,MIXED,-1.77341165588,0.549288206990,0.336721105520,GUARDED_PRODUCTION,true,true,SUCCESS,NONE,138,true,true,1.10022460654e-09,false,false,false,false,0,22.3919503839,1109792,2.73491832155|0.138037415445|0.462741047425|-0.0166011777254|0.667599468607|0.468851669995|-0.293814806441|-0.662058542460|0.161172850664|-0.242365430403
1188,VALID_CAMPAIGN,UNIFORM,6007759225470377060,10,MIXED,-1.77341165588,0.549288206990,0.336721105520,UNGUARDED_REFERENCE,true,false,CONVERGED_UNCERTIFIED,NO_GUARDS_OR_FINAL_CERTIFICATION,8,true,false,4.44504391705e-07,false,true,false,true,0,NaN,23417,8.01563227538|8.04404439248|-0.718492469271|40.4317123481|54.3045877710|-1.70803523610|-20.9316015215|-17.4954340578|1.95954801695|13.9804150928
1189,VALID_CAMPAIGN,NEAR_JOINT_LIMIT,-2224180806519401788,10,MIXED,0.00538498392935,0.391099474392,0.160868591458,GUARDED_PRODUCTION,true,true,SUCCESS,NONE,239,true,true,9.90191037103e-07,false,false,false,false,0,6.33084954258,1746541,0.441459624055|1.31092989822|0.493056240529|1.41613933738|1.78285383091|0.497598250415|-0.204045801503|-0.675362157333|0.149743291391|0.707324553233
1189,VALID_CAMPAIGN,NEAR_JOINT_LIMIT,-2224180806519401788,10,MIXED,0.00538498392935,0.391099474392,0.160868591458,UNGUARDED_REFERENCE,true,false,CONVERGED_UNCERTIFIED,NO_GUARDS_OR_FINAL_CERTIFICATION,7,true,false,1.68690642859e-10,false,true,false,true,0,NaN,18875,7.78648765418|8.99145641545|-0.715864857787|40.7475838145|55.3001006678|-1.72554339028|-20.6455305673|-17.1722431620|1.93402688869|14.0581612260
1190,VALID_CAMPAIGN,NEAR_SINGULARITY,216221866443515980,10,MIXED,2.05792002923,-0.337499928308,0.794999966340,GUARDED_PRODUCTION,true,true,SUCCESS,NONE,96,true,true,3.10536819757e-08,false,false,false,false,0,1.68781750602,715458,-0.144713601003|0.354129480088|0.531661372316|0.210792651720|-0.0874156778338|0.457414326595|-0.0843742225599|-0.446612932875|0.178299155208|0.216323318217
1190,VALID_CAMPAIGN,NEAR_SINGULARITY,216221866443515980,10,MIXED,2.05792002923,-0.337499928308,0.794999966340,UNGUARDED_REFERENCE,true,false,CONVERGED_UNCERTIFIED,NO_GUARDS_OR_FINAL_CERTIFICATION,7,true,false,9.15048220991e-08,false,true,false,true,0,NaN,18792,8.42729470540|9.22112429082|-0.693911143791|38.6587526677|57.4275634992|-1.75644996168|-20.8833023296|-17.3357951094|1.89878352166|14.1031150144
1191,VALID_CAMPAIGN,MICRO_MOTION,604196659470770174,10,MIXED,2.05792032151,-0.337499211391,0.794999629737,GUARDED_PRODUCTION,true,true,SUCCESS,NONE,1,true,true,8.48002805597e-07,false,false,false,false,0,NaN,6208,-0.144713601003|0.354129480088|0.531661372316|0.210792651720|-0.0874156778338|0.457414326595|-0.0843742225599|-0.446612932875|0.178299155208|0.216323318217
1191,VALID_CAMPAIGN,MICRO_MOTION,604196659470770174,10,MIXED,2.05792032151,-0.337499211391,0.794999629737,UNGUARDED_REFERENCE,true,false,CONVERGED_UNCERTIFIED,NO_GUARDS_OR_FINAL_CERTIFICATION,1,true,false,7.82625067382e-07,false,true,false,true,0,NaN,958,8.42729470540|9.22112429082|-0.693911143791|38.6587526677|57.4275634992|-1.75644996168|-20.8833023296|-17.3357951094|1.89878352166|14.1031150144
1192,VALID_CAMPAIGN,UNIFORM,3292809618503097241,10,MIXED,0.555032656925,-0.400277870082,1.26977857853,GUARDED_PRODUCTION,true,true,SUCCESS,NONE,46,true,true,3.49487504418e-07,false,false,false,false,0,10.9284978391,336583,-0.571376188712|0.235817357633|0.521617131857|1.34519583311|0.453648954230|0.474227420004|0.0471469369745|-0.378289322079|0.168604516222|0.368499123087
1192,VALID_CAMPAIGN,UNIFORM,3292809618503097241,10,MIXED,0.555032656925,-0.400277870082,1.26977857853,UNGUARDED_REFERENCE,true,false,CONVERGED_UNCERTIFIED,NO_GUARDS_OR_FINAL_CERTIFICATION,7,true,false,1.49622233856e-09,false,true,false,true,0,NaN,18667,9.48964483144|7.94224684183|-0.623892646086|39.2742348338|56.7063727987|-1.70044071744|-20.7566509186|-17.1443849800|1.95184867730|14.0646050045
1193,VALID_CAMPAIGN,NEAR_JOINT_LIMIT,8451800453433136423,10,MIXED,-0.616983981375,-0.883415389621,0.0848053310009,GUARDED_PRODUCTION,true,true,SUCCESS,NONE,218,true,true,9.63675338409e-07,false,false,false,false,0,3.69680422622,1590875,-2.15357506786|0.0261423328792|0.543201847119|0.945049094931|1.78285383091|0.355058671234|-0.862051874349|-0.818367869021|0.168349503705|0.863390533231
1193,VALID_CAMPAIGN,NEAR_JOINT_LIMIT,8451800453433136423,10,MIXED,-0.616983981375,-0.883415389621,0.0848053310009,UNGUARDED_REFERENCE,true,false,CONVERGED_UNCERTIFIED,NO_GUARDS_OR_FINAL_CERTIFICATION,5,true,false,2.72427125253e-07,false,true,false,true,0,NaN,13833,8.96791827544|7.04868377543|-0.624647370859|39.3784514533|55.9714675651|-1.71602328003|-20.3916028798|-16.7883101608|1.93413986007|14.1087721742
1194,VALID_CAMPAIGN,NEAR_SINGULARITY,-7294590695889410223,10,MIXED,2.05792002923,-0.337499928308,0.794999966340,GUARDED_PRODUCTION,true,true,SUCCESS,NONE,86,true,true,8.69059691605e-08,false,false,false,false,0,7.10436957565,636750,-0.133500118115|0.332031035668|0.537248455199|0.224115040334|-0.107581871006|0.356864862257|-0.144749529033|-0.281966743588|0.219593026867|0.487323573644
1194,VALID_CAMPAIGN,NEAR_SINGULARITY,-7294590695889410223,10,MIXED,2.05792002923,-0.337499928308,0.794999966340,UNGUARDED_REFERENCE,true,false,CONVERGED_UNCERTIFIED,NO_GUARDS_OR_FINAL_CERTIFICATION,8,true,false,2.23977497245e-09,false,true,false,true,0,NaN,22000,8.55312314448|8.97964518268|-0.600913505112|38.8331749024|57.6336976080|-1.66823757365|-20.9968050440|-17.3084482723|1.98306617462|14.0224896265
1195,VALID_CAMPAIGN,MICRO_MOTION,-724090276080460654,10,MIXED,2.05792032151,-0.337499211391,0.794999629737,GUARDED_PRODUCTION,true,true,SUCCESS,NONE,1,true,true,8.53034568003e-07,false,false,false,false,0,NaN,6833,-0.133500118115|0.332031035668|0.537248455199|0.224115040334|-0.107581871006|0.356864862257|-0.144749529033|-0.281966743588|0.219593026867|0.487323573644
1195,VALID_CAMPAIGN,MICRO_MOTION,-724090276080460654,10,MIXED,2.05792032151,-0.337499211391,0.794999629737,UNGUARDED_REFERENCE,true,false,CONVERGED_UNCERTIFIED,NO_GUARDS_OR_FINAL_CERTIFICATION,1,true,false,8.42642013634e-07,false,true,false,true,0,NaN,834,8.55312314448|8.97964518268|-0.600913505112|38.8331749024|57.6336976080|-1.66823757365|-20.9968050440|-17.3084482723|1.98306617462|14.0224896265
1196,ADVERSARIAL_PROBES,NON_FINITE_TARGET,5388366791161059501,10,MIXED,NaN,-0.337500000000,0.795000000000,GUARDED_PRODUCTION,false,false,INVALID_INPUT,INVALID_TARGET,0,true,true,NaN,false,false,false,false,0,NaN,24958,0.00000000000|0.00000000000|0.297500000000|0.00000000000|0.00000000000|0.297500000000|0.00000000000|0.00000000000|0.297500000000|0.00000000000
1196,ADVERSARIAL_PROBES,NON_FINITE_TARGET,5388366791161059501,10,MIXED,NaN,-0.337500000000,0.795000000000,UNGUARDED_REFERENCE,false,false,MAX_ITERATIONS_UNCERTIFIED,NO_GUARDS_OR_FINAL_CERTIFICATION,800,false,false,NaN,true,false,false,true,0,NaN,1660750,NaN|NaN|NaN|NaN|NaN|NaN|NaN|NaN|NaN|NaN
1197,ADVERSARIAL_PROBES,INFINITE_TARGET,6088622617225297936,10,MIXED,2.05792000000,-0.337500000000,Infinity,GUARDED_PRODUCTION,false,false,INVALID_INPUT,INVALID_TARGET,0,true,true,Infinity,false,false,false,false,0,NaN,5375,0.00000000000|0.00000000000|0.297500000000|0.00000000000|0.00000000000|0.297500000000|0.00000000000|0.00000000000|0.297500000000|0.00000000000
1197,ADVERSARIAL_PROBES,INFINITE_TARGET,6088622617225297936,10,MIXED,2.05792000000,-0.337500000000,Infinity,UNGUARDED_REFERENCE,false,false,MAX_ITERATIONS_UNCERTIFIED,NO_GUARDS_OR_FINAL_CERTIFICATION,800,false,false,NaN,true,false,false,true,0,NaN,2050416,NaN|NaN|NaN|NaN|NaN|NaN|NaN|NaN|NaN|NaN
1198,ADVERSARIAL_PROBES,NON_FINITE_INITIAL_STATE,6888816710053592316,10,MIXED,2.05792000000,-0.337500000000,0.795000000000,GUARDED_PRODUCTION,false,false,INVALID_INPUT,INVALID_INITIAL_STATE,0,true,true,0.00000000000,false,false,false,false,0,NaN,28167,0.00000000000|0.00000000000|0.297500000000|0.00000000000|0.00000000000|0.297500000000|0.00000000000|0.00000000000|0.297500000000|0.00000000000
1198,ADVERSARIAL_PROBES,NON_FINITE_INITIAL_STATE,6888816710053592316,10,MIXED,2.05792000000,-0.337500000000,0.795000000000,UNGUARDED_REFERENCE,false,false,MAX_ITERATIONS_UNCERTIFIED,NO_GUARDS_OR_FINAL_CERTIFICATION,800,false,false,NaN,true,false,false,true,0,NaN,2132666,NaN|NaN|NaN|NaN|NaN|NaN|NaN|NaN|NaN|NaN
1199,ADVERSARIAL_PROBES,OVERFLOWING_GEOMETRY,-6692264681087833499,10,MIXED,0.00000000000,0.00000000000,0.00000000000,GUARDED_PRODUCTION,false,false,NUMERICAL_FAILURE,OUTPUT_VALIDATION_FAILED,1,true,true,Infinity,false,false,false,false,0,NaN,43166,0.00000000000|0.00000000000|0.297500000000|0.00000000000|0.00000000000|0.297500000000|0.00000000000|0.00000000000|0.297500000000|0.00000000000
1199,ADVERSARIAL_PROBES,OVERFLOWING_GEOMETRY,-6692264681087833499,10,MIXED,0.00000000000,0.00000000000,0.00000000000,UNGUARDED_REFERENCE,false,false,MAX_ITERATIONS_UNCERTIFIED,NO_GUARDS_OR_FINAL_CERTIFICATION,800,false,false,NaN,true,false,false,true,0,NaN,2068125,NaN|NaN|NaN|NaN|NaN|NaN|NaN|NaN|NaN|NaN
