trialIndex,cohort,scenario,seed,linkCount,jointMode,targetX,targetY,targetZ,branch,reportedConverged,validatedSuccess,status,detailCode,iterations,stateFinite,jointLimitsValid,independentResidualMeters,nonFiniteEncountered,unsafeSuccess,exceptionContained,contaminatingTrainingCandidate,backtrackingRetryCount,seedConditionNumber,durationNanos,jointValues
0,VALID_CAMPAIGN,UNIFORM,-8264552745066598554,3,AUTO,-0.0308128893820,0.848031640385,0.464231867154,GUARDED_PRODUCTION,true,true,SUCCESS,NONE,59,true,true,2.75458284441e-08,false,false,false,false,0,58.1726278853,113958,1.78002284762|-0.187497745186|1.70027468395
0,VALID_CAMPAIGN,UNIFORM,-8264552745066598554,3,AUTO,-0.0308128893820,0.848031640385,0.464231867154,UNGUARDED_REFERENCE,true,false,CONVERGED_UNCERTIFIED,NO_GUARDS_OR_FINAL_CERTIFICATION,11,true,false,4.03874245675e-08,false,true,false,true,0,NaN,7833,27.1685502310|-44.7092722733|1.44131627175
1,VALID_CAMPAIGN,NEAR_JOINT_LIMIT,1200156880245720091,3,AUTO,-0.459095473190,-0.145846704381,0.298209743404,GUARDED_PRODUCTION,false,false,NO_CONVERGENCE,STAGNATION_WINDOW_EXCEEDED,200,true,true,0.261372424269,false,false,false,false,0,115.456566741,289333,3.14159265359|-1.79872978996|2.67428074637
1,VALID_CAMPAIGN,NEAR_JOINT_LIMIT,1200156880245720091,3,AUTO,-0.459095473190,-0.145846704381,0.298209743404,UNGUARDED_REFERENCE,true,false,CONVERGED_UNCERTIFIED,NO_GUARDS_OR_FINAL_CERTIFICATION,14,true,false,5.53798747140e-09,false,true,false,true,0,NaN,6959,35.1727182790|-38.9540765021|-3.60890462003
2,VALID_CAMPAIGN,NEAR_SINGULARITY,-8614412132134495719,3,AUTO,1.20360000122,-0.0799999580359,0.160000016409,GUARDED_PRODUCTION,true,true,SUCCESS,NONE,126,true,true,3.09874237300e-08,false,false,false,false,0,4.41605763598,196875,6.19066557548e-07|-9.90302715070e-07|5.34857122716e-08
2,VALID_CAMPAIGN,NEAR_SINGULARITY,-8614412132134495719,3,AUTO,1.20360000122,-0.0799999580359,0.160000016409,UNGUARDED_REFERENCE,false,false,MAX_ITERATIONS_UNCERTIFIED,NO_GUARDS_OR_FINAL_CERTIFICATION,800,true,false,1.02178499528,false,false,false,true,0,NaN,377750,82.6389639067|88.5982310891|-3.14159270630
3,VALID_CAMPAIGN,MICRO_MOTION,1626067766134783146,3,AUTO,1.20360001345,-0.0799995383945,0.160000180503,GUARDED_PRODUCTION,true,true,SUCCESS,NONE,1,true,true,4.50782559525e-07,false,false,false,false,0,NaN,3083,6.19066557548e-07|-9.90302715070e-07|5.34857122716e-08
3,VALID_CAMPAIGN,MICRO_MOTION,1626067766134783146,3,AUTO,1.20360001345,-0.0799995383945,0.160000180503,UNGUARDED_REFERENCE,false,false,MAX_ITERATIONS_UNCERTIFIED,NO_GUARDS_OR_FINAL_CERTIFICATION,800,true,false,1.47707496551,false,false,false,true,0,NaN,360625,134.166047709|990.302780736|-3.14159323976
4,VALID_CAMPAIGN,UNIFORM,-2025729856402562536,3,AUTO,1.10333507439,0.438222491474,0.153941610381,GUARDED_PRODUCTION,true,true,SUCCESS,NONE,15,true,true,2.13966013854e-07,false,false,false,false,0,58.1721151439,23750,0.601703244715|-0.265993391967|-0.0197483145143
4,VALID_CAMPAIGN,UNIFORM,-2025729856402562536,3,AUTO,1.10333507439,0.438222491474,0.153941610381,UNGUARDED_REFERENCE,false,false,MAX_ITERATIONS_UNCERTIFIED,NO_GUARDS_OR_FINAL_CERTIFICATION,800,true,false,1.00166786148,false,false,false,true,0,NaN,371166,-42.7935503829|1743.96083951|-3.12181580642
5,VALID_CAMPAIGN,NEAR_JOINT_LIMIT,4007623856558816486,3,AUTO,-0.459095473190,-0.145846704381,0.0217902565965,GUARDED_PRODUCTION,false,false,NO_CONVERGENCE,STAGNATION_WINDOW_EXCEEDED,440,true,true,0.258172785528,false,false,false,false,0,17.1637745710,619250,3.14159265359|-1.92232528373|-2.63113217761
5,VALID_CAMPAIGN,NEAR_JOINT_LIMIT,4007623856558816486,3,AUTO,-0.459095473190,-0.145846704381,0.0217902565965,UNGUARDED_REFERENCE,true,false,CONVERGED_UNCERTIFIED,NO_GUARDS_OR_FINAL_CERTIFICATION,7,true,false,1.31478411002e-07,false,true,false,true,0,NaN,3792,-34.5575192466|1767.95221059|-2.67428070782
6,VALID_CAMPAIGN,NEAR_SINGULARITY,-1837382804771731674,3,AUTO,1.20360000122,-0.0799999580359,0.160000016409,GUARDED_PRODUCTION,true,true,SUCCESS,NONE,107,true,true,3.35876005987e-08,false,false,false,false,0,4.54192113424,167250,6.65729532580e-07|-1.06940939094e-06|5.34856110117e-08
6,VALID_CAMPAIGN,NEAR_SINGULARITY,-1837382804771731674,3,AUTO,1.20360000122,-0.0799999580359,0.160000016409,UNGUARDED_REFERENCE,false,false,MAX_ITERATIONS_UNCERTIFIED,NO_GUARDS_OR_FINAL_CERTIFICATION,800,true,false,1.53682914100,false,false,false,true,0,NaN,369208,134.493899356|2775.43777257|-3.14159270640
7,VALID_CAMPAIGN,MICRO_MOTION,685802945281688553,3,AUTO,1.20360001345,-0.0799995383945,0.160000180503,GUARDED_PRODUCTION,true,true,SUCCESS,NONE,1,true,true,4.50893967991e-07,false,false,false,false,0,NaN,3000,6.65729532580e-07|-1.06940939094e-06|5.34856110117e-08
7,VALID_CAMPAIGN,MICRO_MOTION,685802945281688553,3,AUTO,1.20360001345,-0.0799995383945,0.160000180503,UNGUARDED_REFERENCE,false,false,MAX_ITERATIONS_UNCERTIFIED,NO_GUARDS_OR_FINAL_CERTIFICATION,800,true,false,1.09415288324,false,false,false,true,0,NaN,358583,-287.848029035|2385.57552368|-3.14159324186
8,VALID_CAMPAIGN,UNIFORM,-6342734772139564760,3,AUTO,-0.307416176306,-0.949778189561,0.398621811309,GUARDED_PRODUCTION,true,true,SUCCESS,NONE,56,true,true,1.37727766254e-09,false,false,false,false,0,58.1720742925,85750,-1.41541741471|-0.717090500175|0.891120372569
8,VALID_CAMPAIGN,UNIFORM,-6342734772139564760,3,AUTO,-0.307416176306,-0.949778189561,0.398621811309,UNGUARDED_REFERENCE,true,false,CONVERGED_UNCERTIFIED,NO_GUARDS_OR_FINAL_CERTIFICATION,30,true,false,6.93990729600e-08,false,true,false,true,0,NaN,14167,-259.026014737|2336.62784330|-5.39206515987
9,VALID_CAMPAIGN,NEAR_JOINT_LIMIT,-4780303130829363336,3,AUTO,-0.459095473190,-0.145846704381,0.0217902565965,GUARDED_PRODUCTION,true,true,SUCCESS,NONE,49,true,true,1.06863881257e-07,false,false,false,false,0,12.2554618978,77375,-1.29564818671|-2.23670441949|-0.467311940104
9,VALID_CAMPAIGN,NEAR_JOINT_LIMIT,-4780303130829363336,3,AUTO,-0.459095473190,-0.145846704381,0.0217902565965,UNGUARDED_REFERENCE,true,false,CONVERGED_UNCERTIFIED,NO_GUARDS_OR_FINAL_CERTIFICATION,6,true,false,6.91864639387e-07,false,true,false,true,0,NaN,3083,-271.472616087|2360.24097004|-6.75049701474
10,VALID_CAMPAIGN,NEAR_SINGULARITY,4424748015382284306,3,AUTO,1.20360000122,-0.0799999580359,0.160000016409,GUARDED_PRODUCTION,true,true,SUCCESS,NONE,93,true,true,1.51649158186e-08,false,false,false,false,0,3.22653593191,141125,3.35086461820e-07|-5.08920334279e-07|5.34856127915e-08
10,VALID_CAMPAIGN,NEAR_SINGULARITY,4424748015382284306,3,AUTO,1.20360000122,-0.0799999580359,0.160000016409,UNGUARDED_REFERENCE,true,false,CONVERGED_UNCERTIFIED,NO_GUARDS_OR_FINAL_CERTIFICATION,16,true,false,2.41853188265e-08,false,true,false,true,0,NaN,7666,-289.159263841|2368.98589580|-6.28318525369
11,VALID_CAMPAIGN,MICRO_MOTION,8436882701399814148,3,AUTO,1.20360001345,-0.0799995383945,0.160000180503,GUARDED_PRODUCTION,true,true,SUCCESS,NONE,1,true,true,4.50456024741e-07,false,false,false,false,0,NaN,2541,3.35086461820e-07|-5.08920334279e-07|5.34856127915e-08
11,VALID_CAMPAIGN,MICRO_MOTION,8436882701399814148,3,AUTO,1.20360001345,-0.0799995383945,0.160000180503,UNGUARDED_REFERENCE,true,false,CONVERGED_UNCERTIFIED,NO_GUARDS_OR_FINAL_CERTIFICATION,1,true,false,4.50731158594e-07,false,true,false,true,0,NaN,459,-289.159263841|2368.98589580|-6.28318525369
12,VALID_CAMPAIGN,UNIFORM,2756827125054247311,3,AUTO,0.296711370198,-0.640244301742,-0.0694512601812,GUARDED_PRODUCTION,true,true,SUCCESS,NONE,44,true,true,2.23725341527e-07,false,false,false,false,0,58.1723644370,65083,-0.125650661939|-1.63892734913|-0.844870894588
12,VALID_CAMPAIGN,UNIFORM,2756827125054247311,3,AUTO,0.296711370198,-0.640244301742,-0.0694512601812,UNGUARDED_REFERENCE,true,false,CONVERGED_UNCERTIFIED,NO_GUARDS_OR_FINAL_CERTIFICATION,11,true,false,5.40229270456e-08,false,true,false,true,0,NaN,5500,-301.718545381|2392.25467495|-7.12805616547
13,VALID_CAMPAIGN,NEAR_JOINT_LIMIT,-2722851314084551497,3,AUTO,-0.459095454863,-0.145846762073,0.0217902565965,GUARDED_PRODUCTION,true,true,SUCCESS,NONE,37,true,true,2.51546391341e-10,false,false,false,false,0,5.71305399638,57041,-1.29564788757|-2.23670437718|-0.467311960738
13,VALID_CAMPAIGN,NEAR_JOINT_LIMIT,-2722851314084551497,3,AUTO,-0.459095454863,-0.145846762073,0.0217902565965,UNGUARDED_REFERENCE,true,false,CONVERGED_UNCERTIFIED,NO_GUARDS_OR_FINAL_CERTIFICATION,15,true,false,9.26664656228e-07,false,true,false,true,0,NaN,8084,-302.888543502|2391.65689680|-6.75049709802
14,VALID_CAMPAIGN,NEAR_SINGULARITY,-5277093787232805179,3,AUTO,1.20360000122,-0.0799999580359,0.160000016409,GUARDED_PRODUCTION,true,true,SUCCESS,NONE,93,true,true,1.51644752354e-08,false,false,false,false,0,3.22653599914,140875,3.35078549956e-07|-5.08906929278e-07|5.34856128127e-08
14,VALID_CAMPAIGN,NEAR_SINGULARITY,-5277093787232805179,3,AUTO,1.20360000122,-0.0799999580359,0.160000016409,UNGUARDED_REFERENCE,true,false,CONVERGED_UNCERTIFIED,NO_GUARDS_OR_FINAL_CERTIFICATION,16,true,false,4.20003910929e-08,false,true,false,true,0,NaN,7667,-320.575190697|2400.40182288|-6.28318525369
15,VALID_CAMPAIGN,MICRO_MOTION,-4236715836354594620,3,AUTO,1.20360001345,-0.0799995383945,0.160000180503,GUARDED_PRODUCTION,true,true,SUCCESS,NONE,1,true,true,4.50456027764e-07,false,false,false,false,0,NaN,2750,3.35078549956e-07|-5.08906929278e-07|5.34856128127e-08
15,VALID_CAMPAIGN,MICRO_MOTION,-4236715836354594620,3,AUTO,1.20360001345,-0.0799995383945,0.160000180503,UNGUARDED_REFERENCE,true,false,CONVERGED_UNCERTIFIED,NO_GUARDS_OR_FINAL_CERTIFICATION,1,true,false,4.51540140361e-07,false,true,false,true,0,NaN,542,-320.575190697|2400.40182288|-6.28318525369
16,VALID_CAMPAIGN,UNIFORM,-2910492626130888147,3,AUTO,-0.192411469556,0.752130447605,-0.116952991646,GUARDED_PRODUCTION,true,true,SUCCESS,NONE,86,true,true,6.52384592827e-07,false,false,false,false,0,58.1723642414,132167,1.83256187607|0.257577244590|-2.01554936423
16,VALID_CAMPAIGN,UNIFORM,-2910492626130888147,3,AUTO,-0.192411469556,0.752130447605,-0.116952991646,UNGUARDED_REFERENCE,false,false,MAX_ITERATIONS_UNCERTIFIED,NO_GUARDS_OR_FINAL_CERTIFICATION,800,true,false,1.09409805816,false,false,false,true,0,NaN,349667,-340.469280540|2435.82653139|-7.40956994735
17,VALID_CAMPAIGN,NEAR_JOINT_LIMIT,-1736219276584591664,3,AUTO,-0.348352548809,0.0303651238838,0.0217902565965,GUARDED_PRODUCTION,true,true,SUCCESS,NONE,71,true,true,2.82544243716e-08,false,false,false,false,0,445.200926039,115792,3.14159265359|-2.37713807570|-2.67428068091
17,VALID_CAMPAIGN,NEAR_JOINT_LIMIT,-1736219276584591664,3,AUTO,-0.348352548809,0.0303651238838,0.0217902565965,UNGUARDED_REFERENCE,true,false,CONVERGED_UNCERTIFIED,NO_GUARDS_OR_FINAL_CERTIFICATION,13,true,false,4.97625830290e-10,false,true,false,true,0,NaN,6500,-350.650007286|2434.33446618|-6.75049726871
18,VALID_CAMPAIGN,NEAR_SINGULARITY,-1132956928555405391,3,AUTO,1.20360000122,-0.0799999580359,0.160000016409,GUARDED_PRODUCTION,true,true,SUCCESS,NONE,108,true,true,1.28835725941e-08,false,false,false,false,0,13.0507964181,167208,2.94136054629e-07|-4.39512373548e-07|5.34856130471e-08
18,VALID_CAMPAIGN,NEAR_SINGULARITY,-1132956928555405391,3,AUTO,1.20360000122,-0.0799999580359,0.160000016409,UNGUARDED_REFERENCE,true,false,CONVERGED_UNCERTIFIED,NO_GUARDS_OR_FINAL_CERTIFICATION,16,true,false,2.44896347224e-08,false,true,false,true,0,NaN,8000,-376.991117928|2488.14138085|-6.28318525369
19,VALID_CAMPAIGN,MICRO_MOTION,-4126973376096331283,3,AUTO,1.20360001345,-0.0799995383945,0.160000180503,GUARDED_PRODUCTION,true,true,SUCCESS,NONE,1,true,true,4.50460195724e-07,false,false,false,false,0,NaN,2708,2.94136054629e-07|-4.39512373548e-07|5.34856130471e-08
19,VALID_CAMPAIGN,MICRO_MOTION,-4126973376096331283,3,AUTO,1.20360001345,-0.0799995383945,0.160000180503,UNGUARDED_REFERENCE,true,false,CONVERGED_UNCERTIFIED,NO_GUARDS_OR_FINAL_CERTIFICATION,1,true,false,4.50393838669e-07,false,true,false,true,0,NaN,584,-376.991117928|2488.14138085|-6.28318525369
20,VALID_CAMPAIGN,UNIFORM,-4407501507859559257,3,AUTO,0.280000429269,-0.918607456351,-0.0908540082666,GUARDED_PRODUCTION,true,true,SUCCESS,NONE,40,true,true,5.43556924175e-08,false,false,false,false,0,58.1724003260,59958,-0.758131901580|-0.812431685580|-0.957311441387
20,VALID_CAMPAIGN,UNIFORM,-4407501507859559257,3,AUTO,0.280000429269,-0.918607456351,-0.0908540082666,UNGUARDED_REFERENCE,false,false,MAX_ITERATIONS_UNCERTIFIED,NO_GUARDS_OR_FINAL_CERTIFICATION,800,true,false,1.31748608065,false,false,false,true,0,NaN,410709,-356.314343119|2452.61678146|-7.24098909922
21,VALID_CAMPAIGN,NEAR_JOINT_LIMIT,5685710652482521101,3,AUTO,-0.348352548809,0.0303651238838,0.298209743404,GUARDED_PRODUCTION,false,false,NO_CONVERGENCE,STAGNATION_WINDOW_EXCEEDED,70,true,true,0.534086988670,false,false,false,false,0,12.0466773970,135666,-0.0228391591526|-2.37713844122|0.263154335666
21,VALID_CAMPAIGN,NEAR_JOINT_LIMIT,5685710652482521101,3,AUTO,-0.348352548809,0.0303651238838,0.298209743404,UNGUARDED_REFERENCE,true,false,CONVERGED_UNCERTIFIED,NO_GUARDS_OR_FINAL_CERTIFICATION,7,true,false,6.98747690584e-09,false,true,false,true,0,NaN,4208,-356.933192624|2453.18402212|-5.81587335154
22,VALID_CAMPAIGN,NEAR_SINGULARITY,4296183563071780146,3,AUTO,1.20360000122,-0.0799999580359,0.160000016409,GUARDED_PRODUCTION,true,true,SUCCESS,NONE,68,true,true,3.75546443128e-08,false,false,false,false,0,2.88665667992,115500,7.36920453345e-07|-1.19010054709e-06|5.34856185965e-08
22,VALID_CAMPAIGN,NEAR_SINGULARITY,4296183563071780146,3,AUTO,1.20360000122,-0.0799999580359,0.160000016409,UNGUARDED_REFERENCE,true,false,CONVERGED_UNCERTIFIED,NO_GUARDS_OR_FINAL_CERTIFICATION,13,true,false,2.02707102514e-07,false,true,false,true,0,NaN,7083,-376.991114728|2494.42456074|-6.28318525369
23,VALID_CAMPAIGN,MICRO_MOTION,957848566402797415,3,AUTO,1.20360001345,-0.0799995383945,0.160000180503,GUARDED_PRODUCTION,true,true,SUCCESS,NONE,1,true,true,4.51094611389e-07,false,false,false,false,0,NaN,3542,7.36920453345e-07|-1.19010054709e-06|5.34856185965e-08
23,VALID_CAMPAIGN,MICRO_MOTION,957848566402797415,3,AUTO,1.20360001345,-0.0799995383945,0.160000180503,UNGUARDED_REFERENCE,true,false,CONVERGED_UNCERTIFIED,NO_GUARDS_OR_FINAL_CERTIFICATION,1,true,false,4.86727747812e-07,false,true,false,true,0,NaN,500,-376.991114728|2494.42456074|-6.28318525369
24,VALID_CAMPAIGN,UNIFORM,3107903056864269380,3,AUTO,0.0781093975871,-0.705143563237,0.394289024439,GUARDED_PRODUCTION,true,true,SUCCESS,NONE,48,true,true,1.88756532538e-07,false,false,false,false,0,58.1720117516,74833,-0.466343269484|-1.61899870072|0.868953779621
24,VALID_CAMPAIGN,UNIFORM,3107903056864269380,3,AUTO,0.0781093975871,-0.705143563237,0.394289024439,UNGUARDED_REFERENCE,true,false,CONVERGED_UNCERTIFIED,NO_GUARDS_OR_FINAL_CERTIFICATION,7,true,false,2.93544224037e-09,false,true,false,true,0,NaN,4000,-358.607906135|2461.38964217|-5.41423147867
25,VALID_CAMPAIGN,NEAR_JOINT_LIMIT,-2714718716580595809,3,AUTO,-0.459095454863,-0.145846762073,0.0217902565965,GUARDED_PRODUCTION,true,true,SUCCESS,NONE,42,true,true,8.14258297498e-09,false,false,false,false,0,5.92828277350,71042,-1.29564786441|-2.23670439138|-0.467311956714
25,VALID_CAMPAIGN,NEAR_JOINT_LIMIT,-2714718716580595809,3,AUTO,-0.459095454863,-0.145846762073,0.0217902565965,UNGUARDED_REFERENCE,true,false,CONVERGED_UNCERTIFIED,NO_GUARDS_OR_FINAL_CERTIFICATION,7,true,false,6.93776653344e-09,false,true,false,true,0,NaN,3625,-359.437210397|2460.77193603|-6.75049727704
26,VALID_CAMPAIGN,NEAR_SINGULARITY,-1617782063960653720,3,AUTO,1.20360000122,-0.0799999580359,0.160000016409,GUARDED_PRODUCTION,true,true,SUCCESS,NONE,93,true,true,1.51644361016e-08,false,false,false,false,0,3.22653598162,151875,3.35077848599e-07|-5.08905739953e-07|5.34856127926e-08
26,VALID_CAMPAIGN,NEAR_SINGULARITY,-1617782063960653720,3,AUTO,1.20360000122,-0.0799999580359,0.160000016409,UNGUARDED_REFERENCE,true,false,CONVERGED_UNCERTIFIED,NO_GUARDS_OR_FINAL_CERTIFICATION,16,true,false,2.05616879702e-08,false,true,false,true,0,NaN,8083,-377.123858077|2469.51686061|-6.28318525369
27,VALID_CAMPAIGN,MICRO_MOTION,-3412753843269570010,3,AUTO,1.20360001345,-0.0799995383945,0.160000180503,GUARDED_PRODUCTION,true,true,SUCCESS,NONE,1,true,true,4.50456027364e-07,false,false,false,false,0,NaN,2875,3.35077848599e-07|-5.08905739953e-07|5.34856127926e-08
27,VALID_CAMPAIGN,MICRO_MOTION,-3412753843269570010,3,AUTO,1.20360001345,-0.0799995383945,0.160000180503,UNGUARDED_REFERENCE,true,false,CONVERGED_UNCERTIFIED,NO_GUARDS_OR_FINAL_CERTIFICATION,1,true,false,4.50651736717e-07,false,true,false,true,0,NaN,542,-377.123858077|2469.51686061|-6.28318525369
28,VALID_CAMPAIGN,UNIFORM,-5717814608494812895,3,AUTO,-0.515093452317,-0.456847651105,-0.0535551208897,GUARDED_PRODUCTION,true,true,SUCCESS,NONE,76,true,true,1.25008170791e-09,false,false,false,false,0,58.1723644377,142291,-1.34498951595|-1.71035949804|-0.769912966044
28,VALID_CAMPAIGN,UNIFORM,-5717814608494812895,3,AUTO,-0.515093452317,-0.456847651105,-0.0535551208897,UNGUARDED_REFERENCE,true,false,CONVERGED_UNCERTIFIED,NO_GUARDS_OR_FINAL_CERTIFICATION,30,true,false,2.24357700056e-07,false,true,false,true,0,NaN,16417,-404.464793560|2576.25804760|-8.65486430872
29,VALID_CAMPAIGN,NEAR_JOINT_LIMIT,-6076758352120398607,3,AUTO,-0.459095473190,-0.145846704381,0.0217902565965,GUARDED_PRODUCTION,true,true,SUCCESS,NONE,15,true,true,4.16974207986e-07,false,false,false,false,0,5.10029009964,29500,-1.29564871462|-2.23670452948|-0.467311941602
29,VALID_CAMPAIGN,NEAR_JOINT_LIMIT,-6076758352120398607,3,AUTO,-0.459095473190,-0.145846704381,0.0217902565965,UNGUARDED_REFERENCE,true,false,CONVERGED_UNCERTIFIED,NO_GUARDS_OR_FINAL_CERTIFICATION,8,true,false,5.29063410361e-08,false,true,false,true,0,NaN,4042,-405.265452394|2578.48311469|-8.95746604224
30,VALID_CAMPAIGN,NEAR_SINGULARITY,174559330196114223,3,AUTO,1.20360000122,-0.0799999580359,0.160000016409,GUARDED_PRODUCTION,true,true,SUCCESS,NONE,93,true,true,1.51657732359e-08,false,false,false,false,0,3.22653585239,161208,3.35101849827e-07|-5.08946418344e-07|5.34856127825e-08
30,VALID_CAMPAIGN,NEAR_SINGULARITY,174559330196114223,3,AUTO,1.20360000122,-0.0799999580359,0.160000016409,UNGUARDED_REFERENCE,false,false,MAX_ITERATIONS_UNCERTIFIED,NO_GUARDS_OR_FINAL_CERTIFICATION,800,true,false,1.41786621895,false,false,false,true,0,NaN,394583,-447.742235914|1494.50756166|-9.42477801601
31,VALID_CAMPAIGN,MICRO_MOTION,-6508556029662345578,3,AUTO,1.20360001345,-0.0799995383945,0.160000180503,GUARDED_PRODUCTION,true,true,SUCCESS,NONE,1,true,true,4.50456027004e-07,false,false,false,false,0,NaN,5208,3.35101849827e-07|-5.08946418344e-07|5.34856127825e-08
31,VALID_CAMPAIGN,MICRO_MOTION,-6508556029662345578,3,AUTO,1.20360001345,-0.0799995383945,0.160000180503,UNGUARDED_REFERENCE,false,false,MAX_ITERATIONS_UNCERTIFIED,NO_GUARDS_OR_FINAL_CERTIFICATION,800,true,false,0.811065760606,false,false,false,true,0,NaN,397458,-723.161905705|1979.30505542|-9.42477854908
32,VALID_CAMPAIGN,UNIFORM,-5153019280331440816,3,AUTO,-0.387868362310,0.837115495253,0.418481274227,GUARDED_PRODUCTION,true,true,SUCCESS_WITH_WARNING,NEAR_SINGULARITY_WARNING,94,true,true,3.12769157106e-07,false,false,false,false,0,58.1723641259,156667,2.57544087473|-0.917517201722|1.00192056508
32,VALID_CAMPAIGN,UNIFORM,-5153019280331440816,3,AUTO,-0.387868362310,0.837115495253,0.418481274227,UNGUARDED_REFERENCE,true,false,CONVERGED_UNCERTIFIED,NO_GUARDS_OR_FINAL_CERTIFICATION,173,true,false,1.95801627646e-09,false,true,false,true,0,NaN,87000,-645.734151668|1741.64044183|-11.5644495121
33,VALID_CAMPAIGN,NEAR_JOINT_LIMIT,5362774603004697558,3,AUTO,-0.459095473190,-0.145846704381,0.298209743404,GUARDED_PRODUCTION,false,false,NO_CONVERGENCE,STAGNATION_WINDOW_EXCEEDED,85,true,true,0.258088007711,false,false,false,false,0,11.6164471080,159000,3.14159265359|-1.92847285406|2.62853608367
33,VALID_CAMPAIGN,NEAR_JOINT_LIMIT,5362774603004697558,3,AUTO,-0.459095473190,-0.145846704381,0.298209743404,UNGUARDED_REFERENCE,true,false,CONVERGED_UNCERTIFIED,NO_GUARDS_OR_FINAL_CERTIFICATION,9,true,false,8.49546039186e-08,false,true,false,true,0,NaN,5084,-645.257239836|1742.91493447|-12.0990586506
34,VALID_CAMPAIGN,NEAR_SINGULARITY,8225274306539055895,3,AUTO,1.20360000122,-0.0799999580359,0.160000016409,GUARDED_PRODUCTION,true,true,SUCCESS,NONE,107,true,true,1.91674679639e-08,false,false,false,false,0,4.54922838966,181583,4.06929090186e-07|-6.30694346285e-07|5.34856124349e-08
34,VALID_CAMPAIGN,NEAR_SINGULARITY,8225274306539055895,3,AUTO,1.20360000122,-0.0799999580359,0.160000016409,UNGUARDED_REFERENCE,true,false,CONVERGED_UNCERTIFIED,NO_GUARDS_OR_FINAL_CERTIFICATION,10,true,false,2.06945058234e-07,false,true,false,true,0,NaN,5375,-647.168082861|1746.72550905|-12.5663705609
35,VALID_CAMPAIGN,MICRO_MOTION,-4299406276995388204,3,AUTO,1.20360001345,-0.0799995383945,0.160000180503,GUARDED_PRODUCTION,true,true,SUCCESS,NONE,1,true,true,4.50480590714e-07,false,false,false,false,0,NaN,3916,4.06929090186e-07|-6.30694346285e-07|5.34856124349e-08
35,VALID_CAMPAIGN,MICRO_MOTION,-4299406276995388204,3,AUTO,1.20360001345,-0.0799995383945,0.160000180503,UNGUARDED_REFERENCE,true,false,CONVERGED_UNCERTIFIED,NO_GUARDS_OR_FINAL_CERTIFICATION,1,true,false,4.88397903560e-07,false,true,false,true,0,NaN,541,-647.168082861|1746.72550905|-12.5663705609
36,VALID_CAMPAIGN,UNIFORM,-7484162561445702793,3,AUTO,0.400285732110,-0.371403254090,-0.133140186850,GUARDED_PRODUCTION,true,true,SUCCESS,NONE,51,true,true,1.94799388503e-07,false,false,false,false,0,58.1723012701,79083,0.245062995503|-1.81689017117|-1.27126860748
36,VALID_CAMPAIGN,UNIFORM,-7484162561445702793,3,AUTO,0.400285732110,-0.371403254090,-0.133140186850,UNGUARDED_REFERENCE,true,false,CONVERGED_UNCERTIFIED,NO_GUARDS_OR_FINAL_CERTIFICATION,10,true,false,1.11795966669e-09,false,true,false,true,0,NaN,5500,-630.059568574|1723.73222122|-13.8376410338
37,VALID_CAMPAIGN,NEAR_JOINT_LIMIT,-3467704788824092005,3,AUTO,-0.348352548809,0.0303651238838,0.0217902565965,GUARDED_PRODUCTION,false,false,NO_CONVERGENCE,STAGNATION_WINDOW_EXCEEDED,23,true,true,0.601135944694,false,false,false,false,0,10.1521748445,39125,0.311829700335|-2.37713844122|-1.10130309545
37,VALID_CAMPAIGN,NEAR_JOINT_LIMIT,-3467704788824092005,3,AUTO,-0.348352548809,0.0303651238838,0.0217902565965,UNGUARDED_REFERENCE,false,false,MAX_ITERATIONS_UNCERTIFIED,NO_GUARDS_OR_FINAL_CERTIFICATION,800,true,false,0.782375658846,false,false,false,true,0,NaN,323208,-630.578028843|1724.08942059|-13.0338643916
38,VALID_CAMPAIGN,NEAR_SINGULARITY,-4279695482653290338,3,AUTO,1.20360000122,-0.0799999580359,0.160000016409,GUARDED_PRODUCTION,true,true,SUCCESS,NONE,65,true,true,5.57813503560e-09,false,false,false,false,0,5.26445809657,101458,1.62989338791e-07|-2.17250525673e-07|5.34856139843e-08
38,VALID_CAMPAIGN,NEAR_SINGULARITY,-4279695482653290338,3,AUTO,1.20360000122,-0.0799999580359,0.160000016409,UNGUARDED_REFERENCE,true,false,CONVERGED_UNCERTIFIED,NO_GUARDS_OR_FINAL_CERTIFICATION,10,true,false,6.84954515069e-07,false,true,false,true,0,NaN,4625,-628.451282291|1721.81782927|-12.5663705609
39,VALID_CAMPAIGN,MICRO_MOTION,-4175986947010009634,3,AUTO,1.20360001345,-0.0799995383945,0.160000180503,GUARDED_PRODUCTION,true,true,SUCCESS,NONE,1,true,true,4.50566054035e-07,false,false,false,false,0,NaN,2958,1.62989338791e-07|-2.17250525673e-07|5.34856139843e-08
39,VALID_CAMPAIGN,MICRO_MOTION,-4175986947010009634,3,AUTO,1.20360001345,-0.0799995383945,0.160000180503,UNGUARDED_REFERENCE,true,false,CONVERGED_UNCERTIFIED,NO_GUARDS_OR_FINAL_CERTIFICATION,1,true,false,8.07844769880e-07,false,true,false,true,0,NaN,459,-628.451282291|1721.81782927|-12.5663705609
40,VALID_CAMPAIGN,UNIFORM,-872413513572175433,3,AUTO,0.0630995547512,0.381649524318,-0.139595974920,GUARDED_PRODUCTION,true,true,SUCCESS,NONE,73,true,true,1.13763930576e-10,false,false,false,false,0,58.1725153516,114625,2.51695046354|-2.15249105015|-1.35366203097
40,VALID_CAMPAIGN,UNIFORM,-872413513572175433,3,AUTO,0.0630995547512,0.381649524318,-0.139595974920,UNGUARDED_REFERENCE,true,false,CONVERGED_UNCERTIFIED,NO_GUARDS_OR_FINAL_CERTIFICATION,16,true,false,9.33462742851e-09,false,true,false,true,0,NaN,7583,-633.959904737|1755.49365418|-14.3543013769
41,VALID_CAMPAIGN,NEAR_JOINT_LIMIT,-6290916567817334706,3,AUTO,-0.459095473190,-0.145846704381,0.0217902565965,GUARDED_PRODUCTION,false,false,NO_CONVERGENCE,STAGNATION_WINDOW_EXCEEDED,50,true,true,0.258174840679,false,false,false,false,0,10.6023140931,78041,3.14159265359|-1.92217823098|-2.63119419795
41,VALID_CAMPAIGN,NEAR_JOINT_LIMIT,-6290916567817334706,3,AUTO,-0.459095473190,-0.145846704381,0.0217902565965,UNGUARDED_REFERENCE,true,false,CONVERGED_UNCERTIFIED,NO_GUARDS_OR_FINAL_CERTIFICATION,11,true,false,2.94075206691e-09,false,true,false,true,0,NaN,5958,-624.561738975|1758.03692137|-8.95746599613
42,VALID_CAMPAIGN,NEAR_SINGULARITY,8427297961464414724,3,AUTO,1.20360000122,-0.0799999580359,0.160000016409,GUARDED_PRODUCTION,true,true,SUCCESS,NONE,107,true,true,3.40435229386e-08,false,false,false,false,0,4.54175020812,166625,6.73911444715e-07|-1.08328014536e-06|5.34856109870e-08
42,VALID_CAMPAIGN,NEAR_SINGULARITY,8427297961464414724,3,AUTO,1.20360000122,-0.0799999580359,0.160000016409,UNGUARDED_REFERENCE,false,false,MAX_ITERATIONS_UNCERTIFIED,NO_GUARDS_OR_FINAL_CERTIFICATION,800,true,false,1.05007213537,false,false,false,true,0,NaN,360625,-629.227058582|2720.10366386|-9.42477801266
43,VALID_CAMPAIGN,MICRO_MOTION,5343251669149266867,3,AUTO,1.20360001345,-0.0799995383945,0.160000180503,GUARDED_PRODUCTION,true,true,SUCCESS,NONE,1,true,true,4.50915139316e-07,false,false,false,false,0,NaN,2959,6.73911444715e-07|-1.08328014536e-06|5.34856109870e-08
43,VALID_CAMPAIGN,MICRO_MOTION,5343251669149266867,3,AUTO,1.20360001345,-0.0799995383945,0.160000180503,UNGUARDED_REFERENCE,false,false,MAX_ITERATIONS_UNCERTIFIED,NO_GUARDS_OR_FINAL_CERTIFICATION,800,true,false,1.81756589069,false,false,false,true,0,NaN,356875,-706.748066629|2865.49947603|-9.42477849220
44,VALID_CAMPAIGN,UNIFORM,4853832795352209896,3,AUTO,0.426136177130,-1.00649631900,0.185494975014,GUARDED_PRODUCTION,true,true,SUCCESS,NONE,29,true,true,2.44823643125e-07,false,false,false,false,0,58.1720669172,45083,-0.639094886098|-0.779158585909|0.0831955942198
44,VALID_CAMPAIGN,UNIFORM,4853832795352209896,3,AUTO,0.426136177130,-1.00649631900,0.185494975014,UNGUARDED_REFERENCE,false,false,MAX_ITERATIONS_UNCERTIFIED,NO_GUARDS_OR_FINAL_CERTIFICATION,800,true,false,0.942244140814,false,false,false,true,0,NaN,382500,-540.236609462|3391.80858833|-9.50833998624
45,VALID_CAMPAIGN,NEAR_JOINT_LIMIT,8566079811522515356,3,AUTO,-0.348352552625,0.0303650801085,0.0217902565965,GUARDED_PRODUCTION,false,false,NO_CONVERGENCE,STAGNATION_WINDOW_EXCEEDED,43,true,true,0.549287532830,false,false,false,false,0,7.04812727123,66166,0.0370413775781|-2.37713844122|-0.292047145362
45,VALID_CAMPAIGN,NEAR_JOINT_LIMIT,8566079811522515356,3,AUTO,-0.348352552625,0.0303650801085,0.0217902565965,UNGUARDED_REFERENCE,true,false,CONVERGED_UNCERTIFIED,NO_GUARDS_OR_FINAL_CERTIFICATION,15,true,false,2.11842433997e-07,false,true,false,true,0,NaN,8292,-543.669427178|3346.15389012|-8.95746568542
46,VALID_CAMPAIGN,NEAR_SINGULARITY,-7161166683635119586,3,AUTO,1.20360000122,-0.0799999580359,0.160000016409,GUARDED_PRODUCTION,true,true,SUCCESS,NONE,67,true,true,7.98269181330e-07,false,false,false,false,0,2.92723979796,101209,1.43807060934e-05|-2.43291165745e-05|5.33624305021e-08
46,VALID_CAMPAIGN,NEAR_SINGULARITY,-7161166683635119586,3,AUTO,1.20360000122,-0.0799999580359,0.160000016409,UNGUARDED_REFERENCE,false,false,MAX_ITERATIONS_UNCERTIFIED,NO_GUARDS_OR_FINAL_CERTIFICATION,800,true,false,0.776728971746,false,false,false,true,0,NaN,355875,-547.433255693|3878.63528357|-9.42477801475
47,VALID_CAMPAIGN,MICRO_MOTION,-2991655915707948824,3,AUTO,1.20360001345,-0.0799995383945,0.160000180503,GUARDED_PRODUCTION,true,true,SUCCESS,NONE,1,true,true,9.08279591654e-07,false,false,false,false,0,NaN,2875,1.43807060934e-05|-2.43291165745e-05|5.33624305021e-08
47,VALID_CAMPAIGN,MICRO_MOTION,-2991655915707948824,3,AUTO,1.20360001345,-0.0799995383945,0.160000180503,UNGUARDED_REFERENCE,false,false,MAX_ITERATIONS_UNCERTIFIED,NO_GUARDS_OR_FINAL_CERTIFICATION,800,true,false,1.08226957282,false,false,false,true,0,NaN,354167,-640.086589492|2949.15053897|-9.42477854922
48,VALID_CAMPAIGN,UNIFORM,-3556523771763436434,3,AUTO,-0.566029603755,-0.811799171166,0.435470362503,GUARDED_PRODUCTION,true,true,SUCCESS,NONE,72,true,true,4.20963001291e-08,false,false,false,false,0,58.1600336486,109542,-1.85936328748|-0.464157316740|1.11493569893
48,VALID_CAMPAIGN,UNIFORM,-3556523771763436434,3,AUTO,-0.566029603755,-0.811799171166,0.435470362503,UNGUARDED_REFERENCE,true,false,CONVERGED_UNCERTIFIED,NO_GUARDS_OR_FINAL_CERTIFICATION,92,true,false,1.39645803011e-07,false,true,false,true,0,NaN,45708,-586.195596018|2751.57100569|-11.4514356500
49,VALID_CAMPAIGN,NEAR_JOINT_LIMIT,-2407187486583334944,3,AUTO,-0.459095473190,-0.145846704381,0.298209743404,GUARDED_PRODUCTION,true,true,SUCCESS,NONE,48,true,true,3.13632939715e-07,false,false,false,false,0,23.5561733242,75625,-1.29564852716|-2.23670449800|0.467311906663
49,VALID_CAMPAIGN,NEAR_JOINT_LIMIT,-2407187486583334944,3,AUTO,-0.459095473190,-0.145846704381,0.298209743404,UNGUARDED_REFERENCE,false,false,MAX_ITERATIONS_UNCERTIFIED,NO_GUARDS_OR_FINAL_CERTIFICATION,800,true,false,0.991140725118,false,false,false,true,0,NaN,328958,-623.794615866|2817.15752215|-12.0988599031
50,VALID_CAMPAIGN,NEAR_SINGULARITY,-548814407417105420,3,AUTO,1.20360000122,-0.0799999580359,0.160000016409,GUARDED_PRODUCTION,true,true,SUCCESS,NONE,93,true,true,1.51654347373e-08,false,false,false,false,0,3.22653581536,140166,3.35095773787e-07|-5.08936121276e-07|5.34856128879e-08
50,VALID_CAMPAIGN,NEAR_SINGULARITY,-548814407417105420,3,AUTO,1.20360000122,-0.0799999580359,0.160000016409,UNGUARDED_REFERENCE,true,false,CONVERGED_UNCERTIFIED,NO_GUARDS_OR_FINAL_CERTIFICATION,9,true,false,1.03525148787e-07,false,true,false,true,0,NaN,3958,-622.168086546|2815.09205503|-12.5663705609
51,VALID_CAMPAIGN,MICRO_MOTION,-1549206875803122325,3,AUTO,1.20360001345,-0.0799995383945,0.160000180503,GUARDED_PRODUCTION,true,true,SUCCESS,NONE,1,true,true,4.50456027669e-07,false,false,false,false,0,NaN,2917,3.35095773787e-07|-5.08936121276e-07|5.34856128879e-08
51,VALID_CAMPAIGN,MICRO_MOTION,-1549206875803122325,3,AUTO,1.20360001345,-0.0799995383945,0.160000180503,UNGUARDED_REFERENCE,true,false,CONVERGED_UNCERTIFIED,NO_GUARDS_OR_FINAL_CERTIFICATION,1,true,false,4.59625166884e-07,false,true,false,true,0,NaN,500,-622.168086546|2815.09205503|-12.5663705609
52,VALID_CAMPAIGN,UNIFORM,-1004901359679110994,3,AUTO,0.273409559595,0.291916278873,-0.119309309349,GUARDED_PRODUCTION,true,true,SUCCESS,NONE,64,true,true,2.73344628086e-07,false,false,false,false,0,58.1723641259,97416,2.08071283063|-2.19680468538|-1.14423864722
52,VALID_CAMPAIGN,UNIFORM,-1004901359679110994,3,AUTO,0.273409559595,0.291916278873,-0.119309309349,UNGUARDED_REFERENCE,true,false,CONVERGED_UNCERTIFIED,NO_GUARDS_OR_FINAL_CERTIFICATION,7,true,false,7.57420381443e-10,false,true,false,true,0,NaN,3792,-638.804189323|2844.08613987|-13.7106093477
53,VALID_CAMPAIGN,NEAR_JOINT_LIMIT,5653224128819037666,3,AUTO,-0.348352552625,0.0303650801085,0.0217902565965,GUARDED_PRODUCTION,false,false,NO_CONVERGENCE,STAGNATION_WINDOW_EXCEEDED,28,true,true,0.455797892744,false,false,false,false,0,5.93482651868,43708,3.14159265359|-2.37713844122|-0.999718058927
53,VALID_CAMPAIGN,NEAR_JOINT_LIMIT,5653224128819037666,3,AUTO,-0.348352552625,0.0303650801085,0.0217902565965,UNGUARDED_REFERENCE,false,false,MAX_ITERATIONS_UNCERTIFIED,NO_GUARDS_OR_FINAL_CERTIFICATION,800,true,false,0.782375978294,false,false,false,true,0,NaN,310125,-638.799325256|2844.02219244|-13.0338471733
54,VALID_CAMPAIGN,NEAR_SINGULARITY,3364053733584477144,3,AUTO,1.20360000122,-0.0799999580359,0.160000016409,GUARDED_PRODUCTION,true,true,SUCCESS,NONE,84,true,true,3.32051127148e-08,false,false,false,false,0,4.65310880260,122292,6.58865434255e-07|-1.05777275315e-06|5.34856110967e-08
54,VALID_CAMPAIGN,NEAR_SINGULARITY,3364053733584477144,3,AUTO,1.20360000122,-0.0799999580359,0.160000016409,UNGUARDED_REFERENCE,true,false,CONVERGED_UNCERTIFIED,NO_GUARDS_OR_FINAL_CERTIFICATION,10,true,false,4.63427370620e-07,false,true,false,true,0,NaN,4834,-640.884892949|2846.28293001|-12.5663705609
55,VALID_CAMPAIGN,MICRO_MOTION,-3416152975213730845,3,AUTO,1.20360001345,-0.0799995383945,0.160000180503,GUARDED_PRODUCTION,true,true,SUCCESS,NONE,1,true,true,4.50876583732e-07,false,false,false,false,0,NaN,2583,6.58865434255e-07|-1.05777275315e-06|5.34856110967e-08
55,VALID_CAMPAIGN,MICRO_MOTION,-3416152975213730845,3,AUTO,1.20360001345,-0.0799995383945,0.160000180503,UNGUARDED_REFERENCE,true,false,CONVERGED_UNCERTIFIED,NO_GUARDS_OR_FINAL_CERTIFICATION,1,true,false,6.33867782095e-07,false,true,false,true,0,NaN,458,-640.884892949|2846.28293001|-12.5663705609
56,VALID_CAMPAIGN,UNIFORM,1951916133908653471,3,AUTO,0.596077102202,0.207022271099,0.127416696115,GUARDED_PRODUCTION,true,true,SUCCESS,NONE,52,true,true,1.07556240036e-07,false,false,false,false,0,58.1720802087,77792,1.68165634771|-1.98225991327|-0.106404397999
56,VALID_CAMPAIGN,UNIFORM,1951916133908653471,3,AUTO,0.596077102202,0.207022271099,0.127416696115,UNGUARDED_REFERENCE,true,false,CONVERGED_UNCERTIFIED,NO_GUARDS_OR_FINAL_CERTIFICATION,8,true,false,8.74407824174e-10,false,true,false,true,0,NaN,4250,-658.052801151|2875.71661096|-12.6727750123
57,VALID_CAMPAIGN,NEAR_JOINT_LIMIT,-4573091229748964211,3,AUTO,-0.459095473190,-0.145846704381,0.298209743404,GUARDED_PRODUCTION,false,false,NO_CONVERGENCE,STAGNATION_WINDOW_EXCEEDED,465,true,true,0.258103552804,false,false,false,false,0,3.02270284251,626584,3.14159265359|-1.92725466373|2.62905764842
57,VALID_CAMPAIGN,NEAR_JOINT_LIMIT,-4573091229748964211,3,AUTO,-0.459095473190,-0.145846704381,0.298209743404,UNGUARDED_REFERENCE,true,false,CONVERGED_UNCERTIFIED,NO_GUARDS_OR_FINAL_CERTIFICATION,10,true,false,4.36478616498e-07,false,true,false,true,0,NaN,5167,-629.614177504|2837.76305377|-12.0990586571
58,VALID_CAMPAIGN,NEAR_SINGULARITY,7052020589034942425,3,AUTO,1.20360000122,-0.0799999580359,0.160000016409,GUARDED_PRODUCTION,true,true,SUCCESS,NONE,107,true,true,2.14246421107e-08,false,false,false,false,0,4.54779523968,167334,4.47441751589e-07|-6.99366608833e-07|5.34856122116e-08
58,VALID_CAMPAIGN,NEAR_SINGULARITY,7052020589034942425,3,AUTO,1.20360000122,-0.0799999580359,0.160000016409,UNGUARDED_REFERENCE,true,false,CONVERGED_UNCERTIFIED,NO_GUARDS_OR_FINAL_CERTIFICATION,15,true,false,5.62696701911e-07,false,true,false,true,0,NaN,7625,-647.300836018|2846.50799553|-12.5663705609
59,VALID_CAMPAIGN,MICRO_MOTION,-3673944485833067997,3,AUTO,1.20360001345,-0.0799995383945,0.160000180503,GUARDED_PRODUCTION,true,true,SUCCESS,NONE,1,true,true,4.50512030651e-07,false,false,false,false,0,NaN,2583,4.47441751589e-07|-6.99366608833e-07|5.34856122116e-08
59,VALID_CAMPAIGN,MICRO_MOTION,-3673944485833067997,3,AUTO,1.20360001345,-0.0799995383945,0.160000180503,UNGUARDED_REFERENCE,true,false,CONVERGED_UNCERTIFIED,NO_GUARDS_OR_FINAL_CERTIFICATION,1,true,false,7.09928099972e-07,false,true,false,true,0,NaN,459,-647.300836018|2846.50799553|-12.5663705609
60,VALID_CAMPAIGN,UNIFORM,38025437584110670,3,AUTO,-0.654317097635,0.0855223006376,0.466216322239,GUARDED_PRODUCTION,true,true,SUCCESS_WITH_WARNING,NEAR_SINGULARITY_WARNING,180,true,true,3.31901699184e-08,false,false,false,false,0,58.1722659739,269583,-2.56659627828|-1.36628176439|1.50910061106
60,VALID_CAMPAIGN,UNIFORM,38025437584110670,3,AUTO,-0.654317097635,0.0855223006376,0.466216322239,UNGUARDED_REFERENCE,true,false,CONVERGED_UNCERTIFIED,NO_GUARDS_OR_FINAL_CERTIFICATION,20,true,false,3.44699398352e-07,false,true,false,true,0,NaN,9208,-674.942430586|2888.99721108|-10.9338620977
61,VALID_CAMPAIGN,NEAR_JOINT_LIMIT,4890064592932029525,3,AUTO,-0.459095473190,-0.145846704381,0.298209743404,GUARDED_PRODUCTION,true,true,SUCCESS,NONE,37,true,true,6.10108593483e-09,false,false,false,false,0,62.3558502216,57292,-1.29564801679|-2.23670438349|0.467311953819
61,VALID_CAMPAIGN,NEAR_JOINT_LIMIT,4890064592932029525,3,AUTO,-0.459095473190,-0.145846704381,0.298209743404,UNGUARDED_REFERENCE,true,false,CONVERGED_UNCERTIFIED,NO_GUARDS_OR_FINAL_CERTIFICATION,11,true,false,4.75465770016e-09,false,true,false,true,0,NaN,6000,-681.110406737|2895.29346196|-3.60890462033
62,VALID_CAMPAIGN,NEAR_SINGULARITY,43159105266772879,3,AUTO,1.20360000122,-0.0799999580359,0.160000016409,GUARDED_PRODUCTION,true,true,SUCCESS,NONE,93,true,true,1.51646320459e-08,false,false,false,false,0,3.22653598218,143792,3.35081367412e-07|-5.08911701240e-07|5.34856128228e-08
62,VALID_CAMPAIGN,NEAR_SINGULARITY,43159105266772879,3,AUTO,1.20360000122,-0.0799999580359,0.160000016409,UNGUARDED_REFERENCE,false,false,MAX_ITERATIONS_UNCERTIFIED,NO_GUARDS_OR_FINAL_CERTIFICATION,800,true,false,0.990488730530,false,false,false,true,0,NaN,362709,-754.702088373|3693.11747805|-3.14159270590
63,VALID_CAMPAIGN,MICRO_MOTION,-327066725819291414,3,AUTO,1.20360001345,-0.0799995383945,0.160000180503,GUARDED_PRODUCTION,true,true,SUCCESS,NONE,1,true,true,4.50456025600e-07,false,false,false,false,0,NaN,2959,3.35081367412e-07|-5.08911701240e-07|5.34856128228e-08
63,VALID_CAMPAIGN,MICRO_MOTION,-327066725819291414,3,AUTO,1.20360001345,-0.0799995383945,0.160000180503,UNGUARDED_REFERENCE,false,false,MAX_ITERATIONS_UNCERTIFIED,NO_GUARDS_OR_FINAL_CERTIFICATION,800,true,false,1.09210217273,false,false,false,true,0,NaN,359459,-702.734566509|3833.83219112|-3.14159324011
64,VALID_CAMPAIGN,UNIFORM,7639898715262283530,3,AUTO,-0.00372235891592,-0.708325116973,-0.000464568650191,GUARDED_PRODUCTION,true,true,SUCCESS,NONE,49,true,true,1.94168217475e-07,false,false,false,false,0,58.1723644377,73333,-0.449582023201|-1.74104602942|-0.550398142799
64,VALID_CAMPAIGN,UNIFORM,7639898715262283530,3,AUTO,-0.00372235891592,-0.708325116973,-0.000464568650191,UNGUARDED_REFERENCE,true,false,CONVERGED_UNCERTIFIED,NO_GUARDS_OR_FINAL_CERTIFICATION,97,true,false,4.13532482225e-08,false,true,false,true,0,NaN,45000,-744.118386776|3797.02524852|-0.550398143716
65,VALID_CAMPAIGN,NEAR_JOINT_LIMIT,-2088721167142828966,3,AUTO,-0.459095473190,-0.145846704381,0.298209743404,GUARDED_PRODUCTION,true,true,SUCCESS,NONE,35,true,true,7.82181053117e-10,false,false,false,false,0,4.25869654135,56500,-1.29564801154|-2.23670437819|0.467311960038
65,VALID_CAMPAIGN,NEAR_JOINT_LIMIT,-2088721167142828966,3,AUTO,-0.459095473190,-0.145846704381,0.298209743404,UNGUARDED_REFERENCE,true,false,CONVERGED_UNCERTIFIED,NO_GUARDS_OR_FINAL_CERTIFICATION,13,true,false,2.82660586837e-07,false,true,false,true,0,NaN,6084,-777.204130870|3803.79971539|0.467311873705
66,VALID_CAMPAIGN,NEAR_SINGULARITY,3566967027885502798,3,AUTO,1.20360000122,-0.0799999580359,0.160000016409,GUARDED_PRODUCTION,true,true,SUCCESS,NONE,93,true,true,1.51646379358e-08,false,false,false,false,0,3.22653599677,136750,3.35081469637e-07|-5.08911876911e-07|5.34856128262e-08
66,VALID_CAMPAIGN,NEAR_SINGULARITY,3566967027885502798,3,AUTO,1.20360000122,-0.0799999580359,0.160000016409,UNGUARDED_REFERENCE,true,false,CONVERGED_UNCERTIFIED,NO_GUARDS_OR_FINAL_CERTIFICATION,10,true,false,2.06937034613e-07,false,true,false,true,0,NaN,4125,-779.114974312|3807.61028981|5.34852652188e-08
67,VALID_CAMPAIGN,MICRO_MOTION,692602895425458189,3,AUTO,1.20360001345,-0.0799995383945,0.160000180503,GUARDED_PRODUCTION,true,true,SUCCESS,NONE,1,true,true,4.50456027215e-07,false,false,false,false,0,NaN,2708,3.35081469637e-07|-5.08911876911e-07|5.34856128262e-08
67,VALID_CAMPAIGN,MICRO_MOTION,692602895425458189,3,AUTO,1.20360001345,-0.0799995383945,0.160000180503,UNGUARDED_REFERENCE,true,false,CONVERGED_UNCERTIFIED,NO_GUARDS_OR_FINAL_CERTIFICATION,1,true,false,4.88352934732e-07,false,true,false,true,0,NaN,459,-779.114974312|3807.61028981|5.34852652188e-08
68,VALID_CAMPAIGN,UNIFORM,-5186865856460374955,3,AUTO,-0.925404209388,-0.164525558517,0.462066339534,GUARDED_PRODUCTION,true,true,SUCCESS,NONE,132,true,true,8.33970898863e-09,false,false,false,false,0,58.1723643220,200208,-2.78060064962|-0.209686496005|1.39490426769
68,VALID_CAMPAIGN,UNIFORM,-5186865856460374955,3,AUTO,-0.925404209388,-0.164525558517,0.462066339534,UNGUARDED_REFERENCE,true,false,CONVERGED_UNCERTIFIED,NO_GUARDS_OR_FINAL_CERTIFICATION,17,true,false,7.27403001429e-07,false,true,false,true,0,NaN,8417,-737.913259813|3732.00234096|1.39489118194
69,VALID_CAMPAIGN,NEAR_JOINT_LIMIT,7142287685504277482,3,AUTO,-0.459095473190,-0.145846704381,0.0217902565965,GUARDED_PRODUCTION,false,false,NO_CONVERGENCE,STAGNATION_WINDOW_EXCEEDED,486,true,true,0.307017023675,false,false,false,false,0,90.8424659155,810458,-2.67205536944|-0.175629152299|2.67428074637
69,VALID_CAMPAIGN,NEAR_JOINT_LIMIT,7142287685504277482,3,AUTO,-0.459095473190,-0.145846704381,0.0217902565965,UNGUARDED_REFERENCE,true,false,CONVERGED_UNCERTIFIED,NO_GUARDS_OR_FINAL_CERTIFICATION,16,true,false,4.09189848088e-08,false,true,false,true,0,NaN,10750,-767.844255452|3723.69218271|-6.75049722194
70,VALID_CAMPAIGN,NEAR_SINGULARITY,-3563255977414673941,3,AUTO,1.20360000122,-0.0799999580359,0.160000016409,GUARDED_PRODUCTION,true,true,SUCCESS_WITH_WARNING,NEAR_SINGULARITY_WARNING,144,true,true,3.69055556027e-08,false,false,false,false,0,11.5341978616,281042,-0.132739939044|0.225035385225|5.34857844498e-08
70,VALID_CAMPAIGN,NEAR_SINGULARITY,-3563255977414673941,3,AUTO,1.20360000122,-0.0799999580359,0.160000016409,UNGUARDED_REFERENCE,true,false,CONVERGED_UNCERTIFIED,NO_GUARDS_OR_FINAL_CERTIFICATION,16,true,false,2.21379865933e-08,false,true,false,true,0,NaN,9000,-785.530903072|3732.43710740|-6.28318525369
71,VALID_CAMPAIGN,MICRO_MOTION,328251587083932139,3,AUTO,1.20360001345,-0.0799995383945,0.160000180503,GUARDED_PRODUCTION,true,true,SUCCESS,NONE,1,true,true,4.50902724818e-07,false,false,false,false,0,NaN,9292,-0.132739939044|0.225035385225|5.34857844498e-08
71,VALID_CAMPAIGN,MICRO_MOTION,328251587083932139,3,AUTO,1.20360001345,-0.0799995383945,0.160000180503,UNGUARDED_REFERENCE,true,false,CONVERGED_UNCERTIFIED,NO_GUARDS_OR_FINAL_CERTIFICATION,1,true,false,4.50682925948e-07,false,true,false,true,0,NaN,958,-785.530903072|3732.43710740|-6.28318525369
72,VALID_CAMPAIGN,UNIFORM,-96944683865583960,3,AUTO,0.477699834627,-0.647777895474,0.449410969334,GUARDED_PRODUCTION,true,true,SUCCESS,NONE,46,true,true,1.67650464071e-08,false,false,false,false,0,58.1720217607,80000,-1.58765834321|1.44182495768|1.23249936924
72,VALID_CAMPAIGN,UNIFORM,-96944683865583960,3,AUTO,0.477699834627,-0.647777895474,0.449410969334,UNGUARDED_REFERENCE,false,false,MAX_ITERATIONS_UNCERTIFIED,NO_GUARDS_OR_FINAL_CERTIFICATION,800,true,false,1.15537515355,false,false,false,true,0,NaN,335083,-800.296641518|3755.15546057|-5.04745982984
73,VALID_CAMPAIGN,NEAR_JOINT_LIMIT,-6176622919291255360,3,AUTO,-0.459095473190,-0.145846704381,0.298209743404,GUARDED_PRODUCTION,true,true,SUCCESS,NONE,54,true,true,2.85338190850e-08,false,false,false,false,0,14.1012779133,85292,-3.14159265359|2.37713844122|2.67428074637
73,VALID_CAMPAIGN,NEAR_JOINT_LIMIT,-6176622919291255360,3,AUTO,-0.459095473190,-0.145846704381,0.298209743404,UNGUARDED_REFERENCE,true,false,CONVERGED_UNCERTIFIED,NO_GUARDS_OR_FINAL_CERTIFICATION,7,true,false,5.64065931751e-10,false,true,false,true,0,NaN,3833,-799.260182024|3755.10810932|-5.81587334734
74,VALID_CAMPAIGN,NEAR_SINGULARITY,9181288587678988585,3,AUTO,1.20360000122,-0.0799999580359,0.160000016409,GUARDED_PRODUCTION,true,true,SUCCESS_WITH_WARNING,NEAR_SINGULARITY_WARNING,149,true,true,4.38593228711e-09,false,false,false,false,0,4.53004331252,233375,-0.132739355356|0.225034395851|5.34856143465e-08
74,VALID_CAMPAIGN,NEAR_SINGULARITY,9181288587678988585,3,AUTO,1.20360000122,-0.0799999580359,0.160000016409,UNGUARDED_REFERENCE,true,false,CONVERGED_UNCERTIFIED,NO_GUARDS_OR_FINAL_CERTIFICATION,16,true,false,2.38720866321e-08,false,true,false,true,0,NaN,7958,-816.946829639|3763.85303399|-6.28318525369
75,VALID_CAMPAIGN,MICRO_MOTION,-5078110764652114433,3,AUTO,1.20360001345,-0.0799995383945,0.160000180503,GUARDED_PRODUCTION,true,true,SUCCESS,NONE,1,true,true,4.50640553842e-07,false,false,false,false,0,NaN,2708,-0.132739355356|0.225034395851|5.34856143465e-08
75,VALID_CAMPAIGN,MICRO_MOTION,-5078110764652114433,3,AUTO,1.20360001345,-0.0799995383945,0.160000180503,UNGUARDED_REFERENCE,true,false,CONVERGED_UNCERTIFIED,NO_GUARDS_OR_FINAL_CERTIFICATION,1,true,false,4.50723085799e-07,false,true,false,true,0,NaN,458,-816.946829639|3763.85303399|-6.28318525369
76,VALID_CAMPAIGN,UNIFORM,6447961448918716621,3,AUTO,-0.683528840044,0.691024840087,0.351877393485,GUARDED_PRODUCTION,true,true,SUCCESS,NONE,77,true,true,1.61047010452e-09,false,false,false,false,0,58.1725341840,119917,1.71219073996|1.23805207559|0.675663568194
76,VALID_CAMPAIGN,UNIFORM,6447961448918716621,3,AUTO,-0.683528840044,0.691024840087,0.351877393485,UNGUARDED_REFERENCE,false,false,MAX_ITERATIONS_UNCERTIFIED,NO_GUARDS_OR_FINAL_CERTIFICATION,800,true,false,0.454531208351,false,false,false,true,0,NaN,312792,-776.802678210|3700.07939978|-3.81746071734
77,VALID_CAMPAIGN,NEAR_JOINT_LIMIT,-4531105064455412292,3,AUTO,-0.348352548809,0.0303651238838,0.298209743404,GUARDED_PRODUCTION,false,false,NO_CONVERGENCE,STAGNATION_WINDOW_EXCEEDED,33,true,true,0.261325090090,false,false,false,false,0,7.42926761019,52625,1.15953539860|2.37713844122|0.520815369429
77,VALID_CAMPAIGN,NEAR_JOINT_LIMIT,-4531105064455412292,3,AUTO,-0.348352548809,0.0303651238838,0.298209743404,UNGUARDED_REFERENCE,true,false,CONVERGED_UNCERTIFIED,NO_GUARDS_OR_FINAL_CERTIFICATION,8,true,false,1.17059732470e-07,false,true,false,true,0,NaN,3417,-776.147282660|3698.01226977|-3.60890479356
78,VALID_CAMPAIGN,NEAR_SINGULARITY,8899044773353281036,3,AUTO,1.20360000122,-0.0799999580359,0.160000016409,GUARDED_PRODUCTION,true,true,SUCCESS,NONE,87,true,true,2.28907473665e-08,false,false,false,false,0,3.37502063619,133625,-0.132739687527|0.225034958843|5.34856343876e-08
78,VALID_CAMPAIGN,NEAR_SINGULARITY,8899044773353281036,3,AUTO,1.20360000122,-0.0799999580359,0.160000016409,UNGUARDED_REFERENCE,false,false,MAX_ITERATIONS_UNCERTIFIED,NO_GUARDS_OR_FINAL_CERTIFICATION,800,true,false,1.49446610955,false,false,false,true,0,NaN,370542,-1183.24152725|3620.25397401|-3.14159270532
79,VALID_CAMPAIGN,MICRO_MOTION,-401840862845974964,3,AUTO,1.20360001345,-0.0799995383945,0.160000180503,GUARDED_PRODUCTION,true,true,SUCCESS,NONE,1,true,true,4.50535389724e-07,false,false,false,false,0,NaN,2875,-0.132739687527|0.225034958843|5.34856343876e-08
79,VALID_CAMPAIGN,MICRO_MOTION,-401840862845974964,3,AUTO,1.20360001345,-0.0799995383945,0.160000180503,UNGUARDED_REFERENCE,false,false,MAX_ITERATIONS_UNCERTIFIED,NO_GUARDS_OR_FINAL_CERTIFICATION,800,true,false,0.995343805740,false,false,false,true,0,NaN,359792,-1362.77220254|2315.75015959|-3.14159324197
80,VALID_CAMPAIGN,UNIFORM,-2165525818299374112,3,AUTO,-0.0332775621431,0.632394947077,0.375131193691,GUARDED_PRODUCTION,true,true,SUCCESS,NONE,57,true,true,8.05034980780e-10,false,false,false,false,0,58.1722430495,85875,0.472540189933|2.08870098609|0.777093088127
80,VALID_CAMPAIGN,UNIFORM,-2165525818299374112,3,AUTO,-0.0332775621431,0.632394947077,0.375131193691,UNGUARDED_REFERENCE,true,false,CONVERGED_UNCERTIFIED,NO_GUARDS_OR_FINAL_CERTIFICATION,7,true,false,3.83604171600e-07,false,true,false,true,0,NaN,4333,-1362.08562628|2313.57010960|-3.91868622087
81,VALID_CAMPAIGN,NEAR_JOINT_LIMIT,5977619990589935471,3,AUTO,-0.348352552625,0.0303650801085,0.0217902565965,GUARDED_PRODUCTION,false,false,NO_CONVERGENCE,STAGNATION_WINDOW_EXCEEDED,17,true,true,0.617352744004,false,false,false,false,0,4.64351075957,28541,0.231242073808|2.37713844122|0.291367540802
81,VALID_CAMPAIGN,NEAR_JOINT_LIMIT,5977619990589935471,3,AUTO,-0.348352552625,0.0303650801085,0.0217902565965,UNGUARDED_REFERENCE,true,false,CONVERGED_UNCERTIFIED,NO_GUARDS_OR_FINAL_CERTIFICATION,10,true,false,2.02625926809e-07,false,true,false,true,0,NaN,4875,-1360.30961680|2303.55187429|-2.67428046881
82,VALID_CAMPAIGN,NEAR_SINGULARITY,-2553864515700424214,3,AUTO,1.20360000122,-0.0799999580359,0.160000016409,GUARDED_PRODUCTION,true,true,SUCCESS,NONE,66,true,true,2.07767831984e-08,false,false,false,false,0,3.00461245307,103000,-0.132739649586|0.225034894528|5.34856122452e-08
82,VALID_CAMPAIGN,NEAR_SINGULARITY,-2553864515700424214,3,AUTO,1.20360000122,-0.0799999580359,0.160000016409,UNGUARDED_REFERENCE,false,false,MAX_ITERATIONS_UNCERTIFIED,NO_GUARDS_OR_FINAL_CERTIFICATION,800,true,false,1.36985888817,false,false,false,true,0,NaN,363292,-1339.86849779|2348.79566147|-3.14159270806
83,VALID_CAMPAIGN,MICRO_MOTION,4383933396412974894,3,AUTO,1.20360001345,-0.0799995383945,0.160000180503,GUARDED_PRODUCTION,true,true,SUCCESS,NONE,1,true,true,4.50514617961e-07,false,false,false,false,0,NaN,2708,-0.132739649586|0.225034894528|5.34856122452e-08
83,VALID_CAMPAIGN,MICRO_MOTION,4383933396412974894,3,AUTO,1.20360001345,-0.0799995383945,0.160000180503,UNGUARDED_REFERENCE,false,false,MAX_ITERATIONS_UNCERTIFIED,NO_GUARDS_OR_FINAL_CERTIFICATION,800,true,false,1.03164934365,false,false,false,true,0,NaN,355083,-1613.64688014|1796.75380702|-3.14159324200
84,VALID_CAMPAIGN,UNIFORM,7472287659178337784,3,AUTO,0.123992545664,0.735753516539,0.446014847798,GUARDED_PRODUCTION,true,true,SUCCESS,NONE,52,true,true,1.65746734038e-07,false,false,false,false,0,58.1722760344,81708,0.638971275797|1.64325066057|1.20058680948
84,VALID_CAMPAIGN,UNIFORM,7472287659178337784,3,AUTO,0.123992545664,0.735753516539,0.446014847798,UNGUARDED_REFERENCE,true,false,CONVERGED_UNCERTIFIED,NO_GUARDS_OR_FINAL_CERTIFICATION,6,true,false,4.72079388719e-08,false,true,false,true,0,NaN,2875,-1613.65008623|1797.99932090|-4.34218046112
85,VALID_CAMPAIGN,NEAR_JOINT_LIMIT,-2621672344198222523,3,AUTO,-0.348352552625,0.0303650801085,0.0217902565965,GUARDED_PRODUCTION,false,false,NO_CONVERGENCE,STAGNATION_WINDOW_EXCEEDED,31,true,true,0.645958420644,false,false,false,false,0,11.2411203482,48875,0.174968038035|2.37713844122|0.404720192376
85,VALID_CAMPAIGN,NEAR_JOINT_LIMIT,-2621672344198222523,3,AUTO,-0.348352552625,0.0303650801085,0.0217902565965,UNGUARDED_REFERENCE,true,false,CONVERGED_UNCERTIFIED,NO_GUARDS_OR_FINAL_CERTIFICATION,10,true,false,4.50066634223e-07,false,true,false,true,0,NaN,4083,-1613.57025546|1799.73275105|-0.467312048203
86,VALID_CAMPAIGN,NEAR_SINGULARITY,9009777755770800152,3,AUTO,1.20360000122,-0.0799999580359,0.160000016409,GUARDED_PRODUCTION,true,true,SUCCESS,NONE,65,true,true,1.09942605646e-07,false,false,false,false,0,3.17268632154,97875,-0.132741249493|0.225037607179|5.34894763943e-08
86,VALID_CAMPAIGN,NEAR_SINGULARITY,9009777755770800152,3,AUTO,1.20360000122,-0.0799999580359,0.160000016409,UNGUARDED_REFERENCE,true,false,CONVERGED_UNCERTIFIED,NO_GUARDS_OR_FINAL_CERTIFICATION,15,true,false,2.26704201496e-08,false,true,false,true,0,NaN,6416,-1627.47773424|1828.63195934|5.34855745667e-08
87,VALID_CAMPAIGN,MICRO_MOTION,3814336754406894591,3,AUTO,1.20360001345,-0.0799995383945,0.160000180503,GUARDED_PRODUCTION,true,true,SUCCESS,NONE,1,true,true,4.59501163630e-07,false,false,false,false,0,NaN,2667,-0.132741249493|0.225037607179|5.34894763943e-08
87,VALID_CAMPAIGN,MICRO_MOTION,3814336754406894591,3,AUTO,1.20360001345,-0.0799995383945,0.160000180503,UNGUARDED_REFERENCE,true,false,CONVERGED_UNCERTIFIED,NO_GUARDS_OR_FINAL_CERTIFICATION,1,true,false,4.50691872758e-07,false,true,false,true,0,NaN,500,-1627.47773424|1828.63195934|5.34855745667e-08
88,VALID_CAMPAIGN,UNIFORM,-2702224513091671187,3,AUTO,-0.575751140756,-0.136872817854,0.465683083023,GUARDED_PRODUCTION,false,false,NO_CONVERGENCE,STAGNATION_WINDOW_EXCEEDED,120,true,true,0.244514697793,false,false,false,false,0,58.1708716498,180084,-3.14159265359|2.07548970440|1.84281687688
88,VALID_CAMPAIGN,UNIFORM,-2702224513091671187,3,AUTO,-0.575751140756,-0.136872817854,0.465683083023,UNGUARDED_REFERENCE,true,false,CONVERGED_UNCERTIFIED,NO_GUARDS_OR_FINAL_CERTIFICATION,8,true,false,2.49873581624e-07,false,true,false,true,0,NaN,4000,-1656.19037229|1880.62544883|1.48543166771
89,VALID_CAMPAIGN,NEAR_JOINT_LIMIT,-8400070382043631574,3,AUTO,-0.348352548809,0.0303651238838,0.298209743404,GUARDED_PRODUCTION,false,false,NO_CONVERGENCE,STAGNATION_WINDOW_EXCEEDED,348,true,true,0.208425070931,false,false,false,false,0,9.50092738205,500667,-3.14159265359|2.37713844122|2.66430630647
89,VALID_CAMPAIGN,NEAR_JOINT_LIMIT,-8400070382043631574,3,AUTO,-0.348352548809,0.0303651238838,0.298209743404,UNGUARDED_REFERENCE,true,false,CONVERGED_UNCERTIFIED,NO_GUARDS_OR_FINAL_CERTIFICATION,10,true,false,2.61214742112e-08,false,true,false,true,0,NaN,4500,-1644.98618068|1862.56460328|-18.3822439713
90,VALID_CAMPAIGN,NEAR_SINGULARITY,2106561940859430934,3,AUTO,1.20360000122,-0.0799999580359,0.160000016409,GUARDED_PRODUCTION,true,true,SUCCESS_WITH_WARNING,NEAR_SINGULARITY_WARNING,149,true,true,3.09458065434e-09,false,false,false,false,0,4.50097085659,232541,-0.132739332171|0.225034356563|5.34856144673e-08
90,VALID_CAMPAIGN,NEAR_SINGULARITY,2106561940859430934,3,AUTO,1.20360000122,-0.0799999580359,0.160000016409,UNGUARDED_REFERENCE,true,false,CONVERGED_UNCERTIFIED,NO_GUARDS_OR_FINAL_CERTIFICATION,14,true,false,1.99492691233e-07,false,true,false,true,0,NaN,6375,-1658.89366395|1891.46381779|-18.8495558681
91,VALID_CAMPAIGN,MICRO_MOTION,-2790039281044183752,3,AUTO,1.20360001345,-0.0799995383945,0.160000180503,GUARDED_PRODUCTION,true,true,SUCCESS,NONE,1,true,true,4.50670040835e-07,false,false,false,false,0,NaN,2542,-0.132739332171|0.225034356563|5.34856144673e-08
91,VALID_CAMPAIGN,MICRO_MOTION,-2790039281044183752,3,AUTO,1.20360001345,-0.0799995383945,0.160000180503,UNGUARDED_REFERENCE,true,false,CONVERGED_UNCERTIFIED,NO_GUARDS_OR_FINAL_CERTIFICATION,1,true,false,4.87586368031e-07,false,true,false,true,0,NaN,458,-1658.89366395|1891.46381779|-18.8495558681
92,VALID_CAMPAIGN,UNIFORM,7518638923502779926,3,AUTO,0.908643594714,0.320335429649,0.460735762375,GUARDED_PRODUCTION,true,true,SUCCESS,NONE,53,true,true,4.85257137718e-07,false,false,false,false,0,58.1725544322,81208,0.296434619962|0.258936658725|1.37163285730
92,VALID_CAMPAIGN,UNIFORM,7518638923502779926,3,AUTO,0.908643594714,0.320335429649,0.460735762375,UNGUARDED_REFERENCE,true,false,CONVERGED_UNCERTIFIED,NO_GUARDS_OR_FINAL_CERTIFICATION,28,true,false,5.34661279946e-07,false,true,false,true,0,NaN,12708,-1633.24673206|1903.88919067|-17.4779242204
93,VALID_CAMPAIGN,NEAR_JOINT_LIMIT,-1678097378142148911,3,AUTO,-0.348352548809,0.0303651238838,0.298209743404,GUARDED_PRODUCTION,true,true,SUCCESS_WITH_WARNING,NEAR_SINGULARITY_WARNING,217,true,true,7.69752417225e-07,false,false,false,false,0,340.617952972,334208,3.14159036361|-2.37713844122|2.67428071401
93,VALID_CAMPAIGN,NEAR_JOINT_LIMIT,-1678097378142148911,3,AUTO,-0.348352548809,0.0303651238838,0.298209743404,UNGUARDED_REFERENCE,true,false,CONVERGED_UNCERTIFIED,NO_GUARDS_OR_FINAL_CERTIFICATION,6,true,false,6.13515184541e-07,false,true,false,true,0,NaN,2833,-1611.81093384|1857.03896206|-16.1752760380
94,VALID_CAMPAIGN,NEAR_SINGULARITY,2383896229641266671,3,AUTO,1.20360000122,-0.0799999580359,0.160000016409,GUARDED_PRODUCTION,true,true,SUCCESS,NONE,108,true,true,1.28752815230e-08,false,false,false,false,0,13.0508348120,167458,2.93987228223e-07|-4.39260129545e-07|5.34856131129e-08
94,VALID_CAMPAIGN,NEAR_SINGULARITY,2383896229641266671,3,AUTO,1.20360000122,-0.0799999580359,0.160000016409,UNGUARDED_REFERENCE,false,false,MAX_ITERATIONS_UNCERTIFIED,NO_GUARDS_OR_FINAL_CERTIFICATION,800,true,false,1.26388363268,false,false,false,true,0,NaN,360250,-1063.16471643|3134.21935950|-15.7079633213
95,VALID_CAMPAIGN,MICRO_MOTION,-3284180761375571905,3,AUTO,1.20360001345,-0.0799995383945,0.160000180503,GUARDED_PRODUCTION,true,true,SUCCESS,NONE,1,true,true,4.50460235884e-07,false,false,false,false,0,NaN,2709,2.93987228223e-07|-4.39260129545e-07|5.34856131129e-08
95,VALID_CAMPAIGN,MICRO_MOTION,-3284180761375571905,3,AUTO,1.20360001345,-0.0799995383945,0.160000180503,UNGUARDED_REFERENCE,false,false,MAX_ITERATIONS_UNCERTIFIED,NO_GUARDS_OR_FINAL_CERTIFICATION,800,true,false,1.28527720416,false,false,false,true,0,NaN,356958,-1232.94070677|3443.47890857|-15.7079638563
96,ADVERSARIAL_PROBES,NON_FINITE_TARGET,-4673142129448926016,3,AUTO,NaN,-0.0800000000000,0.160000000000,GUARDED_PRODUCTION,false,false,INVALID_INPUT,INVALID_TARGET,0,true,true,NaN,false,false,false,false,0,NaN,3125,0.00000000000|0.00000000000|0.00000000000
96,ADVERSARIAL_PROBES,NON_FINITE_TARGET,-4673142129448926016,3,AUTO,NaN,-0.0800000000000,0.160000000000,UNGUARDED_REFERENCE,false,false,MAX_ITERATIONS_UNCERTIFIED,NO_GUARDS_OR_FINAL_CERTIFICATION,800,false,false,NaN,true,false,false,true,0,NaN,284542,NaN|NaN|NaN
97,ADVERSARIAL_PROBES,INFINITE_TARGET,1940448676407413608,3,AUTO,1.20360000000,-0.0800000000000,Infinity,GUARDED_PRODUCTION,false,false,INVALID_INPUT,INVALID_TARGET,0,true,true,Infinity,false,false,false,false,0,NaN,2042,0.00000000000|0.00000000000|0.00000000000
97,ADVERSARIAL_PROBES,INFINITE_TARGET,1940448676407413608,3,AUTO,1.20360000000,-0.0800000000000,Infinity,UNGUARDED_REFERENCE,false,false,MAX_ITERATIONS_UNCERTIFIED,NO_GUARDS_OR_FINAL_CERTIFICATION,800,false,false,NaN,true,false,false,true,0,NaN,273209,NaN|NaN|NaN
98,ADVERSARIAL_PROBES,NON_FINITE_INITIAL_STATE,-4803809796176882739,3,AUTO,1.20360000000,-0.0800000000000,0.160000000000,GUARDED_PRODUCTION,false,false,INVALID_INPUT,INVALID_INITIAL_STATE,0,true,true,0.00000000000,false,false,false,false,0,NaN,6000,0.00000000000|0.00000000000|0.00000000000
98,ADVERSARIAL_PROBES,NON_FINITE_INITIAL_STATE,-4803809796176882739,3,AUTO,1.20360000000,-0.0800000000000,0.160000000000,UNGUARDED_REFERENCE,false,false,MAX_ITERATIONS_UNCERTIFIED,NO_GUARDS_OR_FINAL_CERTIFICATION,800,false,false,NaN,true,false,false,true,0,NaN,271500,NaN|NaN|NaN
99,ADVERSARIAL_PROBES,OVERFLOWING_GEOMETRY,-3197649578660324249,3,AUTO,0.00000000000,0.00000000000,0.00000000000,GUARDED_PRODUCTION,false,false,NUMERICAL_FAILURE,OUTPUT_VALIDATION_FAILED,1,true,true,Infinity,false,false,false,false,0,NaN,4042,0.00000000000|0.00000000000|0.00000000000
99,ADVERSARIAL_PROBES,OVERFLOWING_GEOMETRY,-3197649578660324249,3,AUTO,0.00000000000,0.00000000000,0.00000000000,UNGUARDED_REFERENCE,false,false,MAX_ITERATIONS_UNCERTIFIED,NO_GUARDS_OR_FINAL_CERTIFICATION,800,false,false,NaN,true,false,false,true,0,NaN,273250,NaN|NaN|NaN
100,VALID_CAMPAIGN,UNIFORM,8370393533906713402,3,REVOLUTE_ONLY,-0.403332705124,0.598640002141,0.0958275827387,GUARDED_PRODUCTION,false,false,NO_CONVERGENCE,STAGNATION_WINDOW_EXCEEDED,180,true,true,0.172656773178,false,false,false,false,0,58.1726278853,263792,3.14159265359|-1.82577410394|-0.211007836374
100,VALID_CAMPAIGN,UNIFORM,8370393533906713402,3,REVOLUTE_ONLY,-0.403332705124,0.598640002141,0.0958275827387,UNGUARDED_REFERENCE,true,false,CONVERGED_UNCERTIFIED,NO_GUARDS_OR_FINAL_CERTIFICATION,15,true,false,2.63560931743e-07,false,true,false,true,0,NaN,6500,34.7656202314|-45.7634409032|-0.210722938951
101,VALID_CAMPAIGN,NEAR_JOINT_LIMIT,1247147124249537827,3,REVOLUTE_ONLY,-0.459095473190,-0.145846704381,0.298209743404,GUARDED_PRODUCTION,false,false,NO_CONVERGENCE,STAGNATION_WINDOW_EXCEEDED,470,true,true,0.258093419452,false,false,false,false,0,3.39509561090,631625,3.14159265359|-1.92803223380|2.62872599204
101,VALID_CAMPAIGN,NEAR_JOINT_LIMIT,1247147124249537827,3,REVOLUTE_ONLY,-0.459095473190,-0.145846704381,0.298209743404,UNGUARDED_REFERENCE,true,false,CONVERGED_UNCERTIFIED,NO_GUARDS_OR_FINAL_CERTIFICATION,14,true,false,5.36277930520e-11,false,true,false,true,0,NaN,6208,33.3267735742|-47.7928782228|0.467311960758
102,VALID_CAMPAIGN,NEAR_SINGULARITY,3506268697754878335,3,REVOLUTE_ONLY,1.20360000122,-0.0799999580359,0.160000016409,GUARDED_PRODUCTION,true,true,SUCCESS,NONE,107,true,true,1.99566680123e-08,false,false,false,false,0,4.54871604381,166416,4.21094108798e-07|-6.54704989622e-07|5.34856123855e-08
102,VALID_CAMPAIGN,NEAR_SINGULARITY,3506268697754878335,3,REVOLUTE_ONLY,1.20360000122,-0.0799999580359,0.160000016409,UNGUARDED_REFERENCE,true,false,CONVERGED_UNCERTIFIED,NO_GUARDS_OR_FINAL_CERTIFICATION,10,true,false,2.06941487170e-07,false,true,false,true,0,NaN,4459,31.4159303145|-43.9823034935|5.34852656662e-08
103,VALID_CAMPAIGN,MICRO_MOTION,8181384776359533781,3,REVOLUTE_ONLY,1.20360001345,-0.0799995383945,0.160000180503,GUARDED_PRODUCTION,true,true,SUCCESS,NONE,1,true,true,4.50490153604e-07,false,false,false,false,0,NaN,2750,4.21094108798e-07|-6.54704989622e-07|5.34856123855e-08
103,VALID_CAMPAIGN,MICRO_MOTION,8181384776359533781,3,REVOLUTE_ONLY,1.20360001345,-0.0799995383945,0.160000180503,UNGUARDED_REFERENCE,true,false,CONVERGED_UNCERTIFIED,NO_GUARDS_OR_FINAL_CERTIFICATION,1,true,false,4.88374926367e-07,false,true,false,true,0,NaN,417,31.4159303145|-43.9823034935|5.34852656662e-08
104,VALID_CAMPAIGN,UNIFORM,-7428507053504027007,3,REVOLUTE_ONLY,-0.108841284603,-0.839472475038,0.464606128767,GUARDED_PRODUCTION,true,true,SUCCESS,NONE,62,true,true,1.97656099073e-08,false,false,false,false,0,58.1722887311,98000,-1.27381507295|-0.723249691049|1.45113497106
104,VALID_CAMPAIGN,UNIFORM,-7428507053504027007,3,REVOLUTE_ONLY,-0.108841284603,-0.839472475038,0.464606128767,UNGUARDED_REFERENCE,true,false,CONVERGED_UNCERTIFIED,NO_GUARDS_OR_FINAL_CERTIFICATION,13,true,false,7.75609984248e-08,false,true,false,true,0,NaN,6666,55.2748539199|-170.369255254|1.45113338664
105,VALID_CAMPAIGN,NEAR_JOINT_LIMIT,7775873307719233843,3,REVOLUTE_ONLY,-0.348352548809,0.0303651238838,0.0217902565965,GUARDED_PRODUCTION,false,false,NO_CONVERGENCE,STAGNATION_WINDOW_EXCEEDED,78,true,true,0.276419472157,false,false,false,false,0,58.0061508183,127875,-3.14159265359|-2.37713844122|2.67428074637
105,VALID_CAMPAIGN,NEAR_JOINT_LIMIT,7775873307719233843,3,REVOLUTE_ONLY,-0.348352548809,0.0303651238838,0.0217902565965,UNGUARDED_REFERENCE,true,false,CONVERGED_UNCERTIFIED,NO_GUARDS_OR_FINAL_CERTIFICATION,12,true,false,5.76845808877e-07,false,true,false,true,0,NaN,6000,72.0827288860|-178.713076549|-8.95746522120
106,VALID_CAMPAIGN,NEAR_SINGULARITY,-7134876638226093508,3,REVOLUTE_ONLY,1.20360000122,-0.0799999580359,0.160000016409,GUARDED_PRODUCTION,false,false,NO_CONVERGENCE,STAGNATION_WINDOW_EXCEEDED,382,true,true,1.24327554849,false,false,false,false,0,13.0508586085,499166,-3.14159265359|-2.37713844122|9.08798217486e-05
106,VALID_CAMPAIGN,NEAR_SINGULARITY,-7134876638226093508,3,REVOLUTE_ONLY,1.20360000122,-0.0799999580359,0.160000016409,UNGUARDED_REFERENCE,false,false,MAX_ITERATIONS_UNCERTIFIED,NO_GUARDS_OR_FINAL_CERTIFICATION,800,true,false,0.920710394338,false,false,false,true,0,NaN,370542,333.413794177|1467.12243428|-9.42477801473
107,VALID_CAMPAIGN,MICRO_MOTION,8084729900617606768,3,REVOLUTE_ONLY,1.20360001345,-0.0799995383945,0.160000180503,GUARDED_PRODUCTION,false,false,NO_CONVERGENCE,STAGNATION_WINDOW_EXCEEDED,13,true,true,1.24327538632,false,false,false,false,0,2.59062078844,19375,-3.14159265359|-2.37713844122|6.31359086118e-05
107,VALID_CAMPAIGN,MICRO_MOTION,8084729900617606768,3,REVOLUTE_ONLY,1.20360001345,-0.0799995383945,0.160000180503,UNGUARDED_REFERENCE,false,false,MAX_ITERATIONS_UNCERTIFIED,NO_GUARDS_OR_FINAL_CERTIFICATION,800,true,false,1.10108676911,false,false,false,true,0,NaN,429375,495.357458308|338.886477962|-9.42477854932
108,VALID_CAMPAIGN,UNIFORM,4957568846161179195,3,REVOLUTE_ONLY,-0.100529605805,-0.378461630564,0.451922771905,GUARDED_PRODUCTION,true,true,SUCCESS,NONE,59,true,true,4.98782504793e-08,false,false,false,false,0,2.59062072719,125625,-0.647944392153|-2.17488063293|1.25810214427
108,VALID_CAMPAIGN,UNIFORM,4957568846161179195,3,REVOLUTE_ONLY,-0.100529605805,-0.378461630564,0.451922771905,UNGUARDED_REFERENCE,true,false,CONVERGED_UNCERTIFIED,NO_GUARDS_OR_FINAL_CERTIFICATION,14,true,false,2.90735555935e-09,false,true,false,true,0,NaN,9042,481.281077826|348.061544408|-10.6828806249
109,VALID_CAMPAIGN,NEAR_JOINT_LIMIT,-4519335923556178584,3,REVOLUTE_ONLY,-0.348352552625,0.0303650801085,0.0217902565965,GUARDED_PRODUCTION,false,false,NO_CONVERGENCE,STAGNATION_WINDOW_EXCEEDED,165,true,true,0.0947489564243,false,false,false,false,0,7.64325879713,255333,-1.35565096824|-2.37713844122|-0.467471365197
109,VALID_CAMPAIGN,NEAR_JOINT_LIMIT,-4519335923556178584,3,REVOLUTE_ONLY,-0.348352552625,0.0303650801085,0.0217902565965,UNGUARDED_REFERENCE,true,false,CONVERGED_UNCERTIFIED,NO_GUARDS_OR_FINAL_CERTIFICATION,7,true,false,1.06695259912e-08,false,true,false,true,0,NaN,4083,485.013638655|348.316944222|-6.75049725031
110,VALID_CAMPAIGN,NEAR_SINGULARITY,-298451248622220338,3,REVOLUTE_ONLY,1.20360000122,-0.0799999580359,0.160000016409,GUARDED_PRODUCTION,true,true,SUCCESS,NONE,95,true,true,4.44300261460e-09,false,false,false,false,0,3.19605672992,148292,1.42609266443e-07|-1.82715234322e-07|5.34856141615e-08
110,VALID_CAMPAIGN,NEAR_SINGULARITY,-298451248622220338,3,REVOLUTE_ONLY,1.20360000122,-0.0799999580359,0.160000016409,UNGUARDED_REFERENCE,false,false,MAX_ITERATIONS_UNCERTIFIED,NO_GUARDS_OR_FINAL_CERTIFICATION,800,true,false,1.48142979556,false,false,false,true,0,NaN,398125,455.307647358|391.868604319|-6.28318525361
111,VALID_CAMPAIGN,MICRO_MOTION,-2524681357403058477,3,REVOLUTE_ONLY,1.20360001345,-0.0799995383945,0.160000180503,GUARDED_PRODUCTION,true,true,SUCCESS,NONE,1,true,true,4.50595772098e-07,false,false,false,false,0,NaN,7333,1.42609266443e-07|-1.82715234322e-07|5.34856141615e-08
111,VALID_CAMPAIGN,MICRO_MOTION,-2524681357403058477,3,REVOLUTE_ONLY,1.20360001345,-0.0799995383945,0.160000180503,UNGUARDED_REFERENCE,false,false,MAX_ITERATIONS_UNCERTIFIED,NO_GUARDS_OR_FINAL_CERTIFICATION,800,true,false,1.48142976984,false,false,false,true,0,NaN,393000,455.307647685|391.868604348|-6.28318471867
112,VALID_CAMPAIGN,UNIFORM,-1162763447277938576,3,REVOLUTE_ONLY,-0.262161689500,0.647843064887,-0.129055705032,GUARDED_PRODUCTION,true,true,SUCCESS,NONE,68,true,true,3.25679922411e-07,false,false,false,false,0,58.1725332133,114750,2.35317594713|-0.806662773036|-1.91256457767
112,VALID_CAMPAIGN,UNIFORM,-1162763447277938576,3,REVOLUTE_ONLY,-0.262161689500,0.647843064887,-0.129055705032,UNGUARDED_REFERENCE,true,false,CONVERGED_UNCERTIFIED,NO_GUARDS_OR_FINAL_CERTIFICATION,8,true,false,4.10002781555e-07,false,true,false,true,0,NaN,4333,453.526666037|391.320558677|-7.51221119493
113,VALID_CAMPAIGN,NEAR_JOINT_LIMIT,2123103880842064311,3,REVOLUTE_ONLY,-0.348352552625,0.0303650801085,0.298209743404,GUARDED_PRODUCTION,false,false,NO_CONVERGENCE,STAGNATION_WINDOW_EXCEEDED,67,true,true,0.324321634686,false,false,false,false,0,16.6709339046,111834,2.65157432171|-2.37713844122|-2.67428074637
113,VALID_CAMPAIGN,NEAR_JOINT_LIMIT,2123103880842064311,3,REVOLUTE_ONLY,-0.348352552625,0.0303650801085,0.298209743404,UNGUARDED_REFERENCE,true,false,CONVERGED_UNCERTIFIED,NO_GUARDS_OR_FINAL_CERTIFICATION,11,true,false,1.53551610196e-08,false,true,false,true,0,NaN,5500,449.073853443|393.056800815|-3.60890463873
114,VALID_CAMPAIGN,NEAR_SINGULARITY,-2612599859440852842,3,REVOLUTE_ONLY,1.20360000122,-0.0799999580359,0.160000016409,GUARDED_PRODUCTION,true,true,SUCCESS_WITH_WARNING,NEAR_SINGULARITY_WARNING,136,true,true,3.64380921693e-09,false,false,false,false,0,13.0508362272,231750,-0.132739342032|0.225034373273|5.34855432604e-08
114,VALID_CAMPAIGN,NEAR_SINGULARITY,-2612599859440852842,3,REVOLUTE_ONLY,1.20360000122,-0.0799999580359,0.160000016409,UNGUARDED_REFERENCE,false,false,MAX_ITERATIONS_UNCERTIFIED,NO_GUARDS_OR_FINAL_CERTIFICATION,800,true,false,1.45423516903,false,false,false,true,0,NaN,390917,579.834427821|-12.2762176319|-3.14159270679
115,VALID_CAMPAIGN,MICRO_MOTION,-7331771190188802648,3,REVOLUTE_ONLY,1.20360001345,-0.0799995383945,0.160000180503,GUARDED_PRODUCTION,true,true,SUCCESS,NONE,1,true,true,4.50657213450e-07,false,false,false,false,0,NaN,6208,-0.132739342032|0.225034373273|5.34855432604e-08
115,VALID_CAMPAIGN,MICRO_MOTION,-7331771190188802648,3,REVOLUTE_ONLY,1.20360001345,-0.0799995383945,0.160000180503,UNGUARDED_REFERENCE,false,false,MAX_ITERATIONS_UNCERTIFIED,NO_GUARDS_OR_FINAL_CERTIFICATION,800,true,false,0.852370398944,false,false,false,true,0,NaN,366292,698.165774802|-540.009361037|-3.14159324186
116,VALID_CAMPAIGN,UNIFORM,-4565499985173636322,3,REVOLUTE_ONLY,-0.487087604451,-0.945298321899,0.267983266455,GUARDED_PRODUCTION,true,true,SUCCESS,NONE,52,true,true,3.45445560367e-08,false,false,false,false,0,58.1725459313,79834,-2.60092013774|1.05597715797|0.359671009363
116,VALID_CAMPAIGN,UNIFORM,-4565499985173636322,3,REVOLUTE_ONLY,-0.487087604451,-0.945298321899,0.267983266455,UNGUARDED_REFERENCE,true,false,CONVERGED_UNCERTIFIED,NO_GUARDS_OR_FINAL_CERTIFICATION,161,true,false,5.34961496217e-08,false,true,false,true,0,NaN,78542,695.941312698|-220.736067460|0.359670973498
117,VALID_CAMPAIGN,NEAR_JOINT_LIMIT,1757200463644762821,3,REVOLUTE_ONLY,-0.459095454863,-0.145846762073,0.0217902565965,GUARDED_PRODUCTION,false,false,NO_CONVERGENCE,STAGNATION_WINDOW_EXCEEDED,37,true,true,0.579982571981,false,false,false,false,0,7.20330377756,59500,-3.14159265359|2.31069662798|-0.146976596205
117,VALID_CAMPAIGN,NEAR_JOINT_LIMIT,1757200463644762821,3,REVOLUTE_ONLY,-0.459095454863,-0.145846762073,0.0217902565965,UNGUARDED_REFERENCE,true,false,CONVERGED_UNCERTIFIED,NO_GUARDS_OR_FINAL_CERTIFICATION,7,true,false,6.86590472876e-10,false,true,false,true,0,NaN,3250,696.137921207|-222.148190128|-0.467311961991
118,VALID_CAMPAIGN,NEAR_SINGULARITY,1166840039516000521,3,REVOLUTE_ONLY,1.20360000122,-0.0799999580359,0.160000016409,GUARDED_PRODUCTION,true,true,SUCCESS,NONE,77,true,true,2.35716773256e-08,false,false,false,false,0,2.90878560072,120625,-0.132739699748|0.225034979560|5.34856098585e-08
118,VALID_CAMPAIGN,NEAR_SINGULARITY,1166840039516000521,3,REVOLUTE_ONLY,1.20360000122,-0.0799999580359,0.160000016409,UNGUARDED_REFERENCE,true,false,CONVERGED_UNCERTIFIED,NO_GUARDS_OR_FINAL_CERTIFICATION,15,true,false,9.21021164037e-07,false,true,false,true,0,NaN,6791,678.451257366|-213.403238164|5.34843092951e-08
119,VALID_CAMPAIGN,MICRO_MOTION,1151294877255656705,3,REVOLUTE_ONLY,1.20360001345,-0.0799995383945,0.160000180503,GUARDED_PRODUCTION,true,true,SUCCESS,NONE,1,true,true,4.50544054125e-07,false,false,false,false,0,NaN,3125,-0.132739699748|0.225034979560|5.34856098585e-08
119,VALID_CAMPAIGN,MICRO_MOTION,1151294877255656705,3,REVOLUTE_ONLY,1.20360001345,-0.0799995383945,0.160000180503,UNGUARDED_REFERENCE,true,false,CONVERGED_UNCERTIFIED,NO_GUARDS_OR_FINAL_CERTIFICATION,2,true,false,1.76048846779e-08,false,true,false,true,0,NaN,834,678.451273650|-213.403265171|5.88262291262e-07
120,VALID_CAMPAIGN,UNIFORM,-2784831456005430403,3,REVOLUTE_ONLY,-0.727826916187,0.621892428000,-0.141391298776,GUARDED_PRODUCTION,true,true,SUCCESS,NONE,104,true,true,4.57653293848e-08,false,false,false,false,0,58.1722318626,164708,2.34888732869|0.349544528793|-1.38274530265
120,VALID_CAMPAIGN,UNIFORM,-2784831456005430403,3,REVOLUTE_ONLY,-0.727826916187,0.621892428000,-0.141391298776,UNGUARDED_REFERENCE,true,false,CONVERGED_UNCERTIFIED,NO_GUARDS_OR_FINAL_CERTIFICATION,13,true,false,6.49669394459e-07,false,true,false,true,0,NaN,5750,643.233752150|-156.730014498|-1.38273498427
121,VALID_CAMPAIGN,NEAR_JOINT_LIMIT,3284460136490445565,3,REVOLUTE_ONLY,-0.348352548809,0.0303651238838,0.0217902565965,GUARDED_PRODUCTION,false,false,NO_CONVERGENCE,STAGNATION_WINDOW_EXCEEDED,426,true,true,0.132100890729,false,false,false,false,0,177.122656986,649875,2.72363471841|2.37713844122|-2.67041779928
121,VALID_CAMPAIGN,NEAR_JOINT_LIMIT,3284460136490445565,3,REVOLUTE_ONLY,-0.348352548809,0.0303651238838,0.0217902565965,UNGUARDED_REFERENCE,true,false,CONVERGED_UNCERTIFIED,NO_GUARDS_OR_FINAL_CERTIFICATION,6,true,false,4.40162944032e-09,false,true,false,true,0,NaN,2833,629.526900614|-129.205139137|-0.467311957821
122,VALID_CAMPAIGN,NEAR_SINGULARITY,-1686582610604095329,3,REVOLUTE_ONLY,1.20360000122,-0.0799999580359,0.160000016409,GUARDED_PRODUCTION,true,true,SUCCESS_WITH_WARNING,NEAR_SINGULARITY_WARNING,195,true,true,5.98492211327e-07,false,false,false,false,0,4.51879038397,309042,-0.132750012065|0.225052467906|5.14495060384e-08
122,VALID_CAMPAIGN,NEAR_SINGULARITY,-1686582610604095329,3,REVOLUTE_ONLY,1.20360000122,-0.0799999580359,0.160000016409,UNGUARDED_REFERENCE,true,false,CONVERGED_UNCERTIFIED,NO_GUARDS_OR_FINAL_CERTIFICATION,19,true,false,4.58401185727e-07,false,true,false,true,0,NaN,8292,615.619412597|-94.0227313998|5.34848970969e-08
123,VALID_CAMPAIGN,MICRO_MOTION,-8370861462301714738,3,REVOLUTE_ONLY,1.20360001345,-0.0799995383945,0.160000180503,GUARDED_PRODUCTION,true,true,SUCCESS,NONE,1,true,true,7.32232809756e-07,false,false,false,false,0,NaN,3041,-0.132750012065|0.225052467906|5.14495060384e-08
123,VALID_CAMPAIGN,MICRO_MOTION,-8370861462301714738,3,REVOLUTE_ONLY,1.20360001345,-0.0799995383945,0.160000180503,UNGUARDED_REFERENCE,true,false,CONVERGED_UNCERTIFIED,NO_GUARDS_OR_FINAL_CERTIFICATION,1,true,false,6.32943314805e-07,false,true,false,true,0,NaN,500,615.619412597|-94.0227313998|5.34848970969e-08
124,VALID_CAMPAIGN,UNIFORM,-8812511188667420250,3,REVOLUTE_ONLY,0.157498206423,-0.736261541241,0.426229324957,GUARDED_PRODUCTION,true,true,SUCCESS,NONE,54,true,true,6.53692087794e-09,false,false,false,false,0,58.1631783317,86375,-2.19748242002|1.69930033339|1.05068087645
124,VALID_CAMPAIGN,UNIFORM,-8812511188667420250,3,REVOLUTE_ONLY,0.157498206423,-0.736261541241,0.426229324957,UNGUARDED_REFERENCE,true,false,CONVERGED_UNCERTIFIED,NO_GUARDS_OR_FINAL_CERTIFICATION,8,true,false,6.68336259444e-09,false,true,false,true,0,NaN,4125,596.379973824|-64.2441606769|1.05068085211
125,VALID_CAMPAIGN,NEAR_JOINT_LIMIT,1723958172857219513,3,REVOLUTE_ONLY,-0.348352548809,0.0303651238838,0.298209743404,GUARDED_PRODUCTION,false,false,NO_CONVERGENCE,STAGNATION_WINDOW_EXCEEDED,31,true,true,0.539773940607,false,false,false,false,0,8.12207101706,53333,-3.14159265359|2.37713844122|0.983801322998
125,VALID_CAMPAIGN,NEAR_JOINT_LIMIT,1723958172857219513,3,REVOLUTE_ONLY,-0.348352548809,0.0303651238838,0.298209743404,UNGUARDED_REFERENCE,false,false,MAX_ITERATIONS_UNCERTIFIED,NO_GUARDS_OR_FINAL_CERTIFICATION,800,true,false,0.782375942516,false,false,false,true,0,NaN,330167,598.988180094|-65.0926048942|0.467476559336
126,VALID_CAMPAIGN,NEAR_SINGULARITY,-8281184439030907452,3,REVOLUTE_ONLY,1.20360000122,-0.0799999580359,0.160000016409,GUARDED_PRODUCTION,true,true,SUCCESS,NONE,81,true,true,3.68891063031e-08,false,false,false,false,0,4.91228173842,127708,-0.132739938749|0.225035384725|5.34856108274e-08
126,VALID_CAMPAIGN,NEAR_SINGULARITY,-8281184439030907452,3,REVOLUTE_ONLY,1.20360000122,-0.0799999580359,0.160000016409,UNGUARDED_REFERENCE,true,false,CONVERGED_UNCERTIFIED,NO_GUARDS_OR_FINAL_CERTIFICATION,10,true,false,4.63431031021e-07,false,true,false,true,0,NaN,4125,596.902612565|-62.8318672178|5.34848839612e-08
127,VALID_CAMPAIGN,MICRO_MOTION,8478784290394827557,3,REVOLUTE_ONLY,1.20360001345,-0.0799995383945,0.160000180503,GUARDED_PRODUCTION,true,true,SUCCESS,NONE,1,true,true,4.50902125294e-07,false,false,false,false,0,NaN,2834,-0.132739938749|0.225035384725|5.34856108274e-08
127,VALID_CAMPAIGN,MICRO_MOTION,8478784290394827557,3,REVOLUTE_ONLY,1.20360001345,-0.0799995383945,0.160000180503,UNGUARDED_REFERENCE,true,false,CONVERGED_UNCERTIFIED,NO_GUARDS_OR_FINAL_CERTIFICATION,1,true,false,6.33904167808e-07,false,true,false,true,0,NaN,458,596.902612565|-62.8318672178|5.34848839612e-08
128,VALID_CAMPAIGN,UNIFORM,5486759404569896134,3,REVOLUTE_ONLY,-0.658305502182,0.203632903289,0.462840522501,GUARDED_PRODUCTION,true,true,SUCCESS,NONE,132,true,true,2.50978263690e-07,false,false,false,false,0,58.1720222708,208416,2.11663220027|1.70244872659|1.40995962980
128,VALID_CAMPAIGN,UNIFORM,5486759404569896134,3,REVOLUTE_ONLY,-0.658305502182,0.203632903289,0.462840522501,UNGUARDED_REFERENCE,true,false,CONVERGED_UNCERTIFIED,NO_GUARDS_OR_FINAL_CERTIFICATION,18,true,false,4.86090537558e-07,false,true,false,true,0,NaN,9666,636.718344883|-136.527625224|1.40995410842
129,VALID_CAMPAIGN,NEAR_JOINT_LIMIT,5553052348595089069,3,REVOLUTE_ONLY,-0.459095454863,-0.145846762073,0.0217902565965,GUARDED_PRODUCTION,false,false,NO_CONVERGENCE,STAGNATION_WINDOW_EXCEEDED,92,true,true,0.0683199758865,false,false,false,false,0,23.1082523681,141125,1.90116860863|2.37713844122|-0.467358581639
129,VALID_CAMPAIGN,NEAR_JOINT_LIMIT,5553052348595089069,3,REVOLUTE_ONLY,-0.459095454863,-0.145846762073,0.0217902565965,UNGUARDED_REFERENCE,true,false,CONVERGED_UNCERTIFIED,NO_GUARDS_OR_FINAL_CERTIFICATION,11,true,false,2.69129330118e-09,false,true,false,true,0,NaN,5834,630.229377874|-129.474287211|-6.75049726373
130,VALID_CAMPAIGN,NEAR_SINGULARITY,-2940742074827528675,3,REVOLUTE_ONLY,1.20360000122,-0.0799999580359,0.160000016409,GUARDED_PRODUCTION,false,false,NO_CONVERGENCE,STAGNATION_WINDOW_EXCEEDED,7,true,true,1.73537300920,false,false,false,false,0,3.27746880863,13084,1.77163955662|2.37713844122|-0.493276256176
130,VALID_CAMPAIGN,NEAR_SINGULARITY,-2940742074827528675,3,REVOLUTE_ONLY,1.20360000122,-0.0799999580359,0.160000016409,UNGUARDED_REFERENCE,true,false,CONVERGED_UNCERTIFIED,NO_GUARDS_OR_FINAL_CERTIFICATION,10,true,false,2.06940017339e-07,false,true,false,true,0,NaN,5000,628.318534497|-125.663712487|-6.28318525369
131,VALID_CAMPAIGN,MICRO_MOTION,332137740874384735,3,REVOLUTE_ONLY,1.20360001345,-0.0799995383945,0.160000180503,GUARDED_PRODUCTION,true,true,SUCCESS,NONE,106,true,true,4.18462400067e-07,false,false,false,false,0,3.32374636407,167333,-0.132746716143|0.225047467459|5.88125326190e-07
131,VALID_CAMPAIGN,MICRO_MOTION,332137740874384735,3,REVOLUTE_ONLY,1.20360001345,-0.0799995383945,0.160000180503,UNGUARDED_REFERENCE,true,false,CONVERGED_UNCERTIFIED,NO_GUARDS_OR_FINAL_CERTIFICATION,1,true,false,4.88374984767e-07,false,true,false,true,0,NaN,583,628.318534497|-125.663712487|-6.28318525369
132,VALID_CAMPAIGN,UNIFORM,2808928407765120122,3,REVOLUTE_ONLY,-0.611966382476,-0.682330602813,-0.146453800421,GUARDED_PRODUCTION,true,true,SUCCESS_WITH_WARNING,NEAR_SINGULARITY_WARNING,75,true,true,8.02225956822e-07,false,false,false,false,0,58.1657667974,123375,-2.36946756895|0.336796437751|-1.52323083258
132,VALID_CAMPAIGN,UNIFORM,2808928407765120122,3,REVOLUTE_ONLY,-0.611966382476,-0.682330602813,-0.146453800421,UNGUARDED_REFERENCE,true,false,CONVERGED_UNCERTIFIED,NO_GUARDS_OR_FINAL_CERTIFICATION,43,true,false,9.39435108807e-07,false,true,false,true,0,NaN,19834,657.500197873|-175.885905135|-7.80640657789
133,VALID_CAMPAIGN,NEAR_JOINT_LIMIT,1126208180858130858,3,REVOLUTE_ONLY,-0.348352548809,0.0303651238838,0.0217902565965,GUARDED_PRODUCTION,true,true,SUCCESS_WITH_WARNING,NEAR_SINGULARITY_WARNING,82,true,true,1.69475119978e-08,false,false,false,false,0,830.721900412,137208,-3.14159265359|-2.37713835956|-2.67428069129
133,VALID_CAMPAIGN,NEAR_JOINT_LIMIT,1126208180858130858,3,REVOLUTE_ONLY,-0.348352548809,0.0303651238838,0.0217902565965,UNGUARDED_REFERENCE,true,false,CONVERGED_UNCERTIFIED,NO_GUARDS_OR_FINAL_CERTIFICATION,8,true,false,1.32169589338e-08,false,true,false,true,0,NaN,4959,662.876049984|-190.872697286|-8.95746598434
134,VALID_CAMPAIGN,NEAR_SINGULARITY,5307103854844330545,3,REVOLUTE_ONLY,1.20360000122,-0.0799999580359,0.160000016409,GUARDED_PRODUCTION,false,false,NO_CONVERGENCE,STAGNATION_WINDOW_EXCEEDED,382,true,true,1.24327554849,false,false,false,false,0,13.0508529689,512000,-3.14159265359|-2.37713844122|-9.08022910669e-05
134,VALID_CAMPAIGN,NEAR_SINGULARITY,5307103854844330545,3,REVOLUTE_ONLY,1.20360000122,-0.0799999580359,0.160000016409,UNGUARDED_REFERENCE,false,false,MAX_ITERATIONS_UNCERTIFIED,NO_GUARDS_OR_FINAL_CERTIFICATION,800,true,false,1.20023133087,false,false,false,true,0,NaN,371750,799.061109544|-461.938200273|-9.42477801405
135,VALID_CAMPAIGN,MICRO_MOTION,5454444666487042365,3,REVOLUTE_ONLY,1.20360001345,-0.0799995383945,0.160000180503,GUARDED_PRODUCTION,false,false,NO_CONVERGENCE,STAGNATION_WINDOW_EXCEEDED,13,true,true,1.24327538632,false,false,false,false,0,2.59062078868,18583,-3.14159265359|-2.37713844122|-6.28205597209e-05
135,VALID_CAMPAIGN,MICRO_MOTION,5454444666487042365,3,REVOLUTE_ONLY,1.20360001345,-0.0799995383945,0.160000180503,UNGUARDED_REFERENCE,false,false,MAX_ITERATIONS_UNCERTIFIED,NO_GUARDS_OR_FINAL_CERTIFICATION,800,true,false,0.852514011958,false,false,false,true,0,NaN,436959,893.034918415|-239.560693388|-9.42477854917
136,VALID_CAMPAIGN,UNIFORM,8182878348335973220,3,REVOLUTE_ONLY,0.819177453158,-0.551940806095,0.246603030321,GUARDED_PRODUCTION,false,false,MAX_ITERATIONS_REACHED,MAX_ITERATIONS_LIMIT_REACHED,800,true,true,1.23422300117,false,false,false,false,0,2.59062072700,1137458,-3.14159265359|-2.37713844122|0.459421958867
136,VALID_CAMPAIGN,UNIFORM,8182878348335973220,3,REVOLUTE_ONLY,0.819177453158,-0.551940806095,0.246603030321,UNGUARDED_REFERENCE,false,false,MAX_ITERATIONS_UNCERTIFIED,NO_GUARDS_OR_FINAL_CERTIFICATION,800,true,false,0.869653872633,false,false,false,true,0,NaN,390750,903.381651756|-359.271391151|-9.71223299808
137,VALID_CAMPAIGN,NEAR_JOINT_LIMIT,-8359867867029673179,3,REVOLUTE_ONLY,-0.348352552625,0.0303650801085,0.0217902565965,GUARDED_PRODUCTION,false,false,NO_CONVERGENCE,STAGNATION_WINDOW_EXCEEDED,42,true,true,0.0827010200481,false,false,false,false,5,3.18270178774,70625,-1.40379073028|-2.37713844122|-0.449805364975
137,VALID_CAMPAIGN,NEAR_JOINT_LIMIT,-8359867867029673179,3,REVOLUTE_ONLY,-0.348352552625,0.0303650801085,0.0217902565965,UNGUARDED_REFERENCE,true,false,CONVERGED_UNCERTIFIED,NO_GUARDS_OR_FINAL_CERTIFICATION,7,true,false,1.82250013218e-07,false,true,false,true,0,NaN,3917,901.463193790|-360.925440351|-8.95746572673
138,VALID_CAMPAIGN,NEAR_SINGULARITY,-8265709290889491915,3,REVOLUTE_ONLY,1.20360000122,-0.0799999580359,0.160000016409,GUARDED_PRODUCTION,true,true,SUCCESS,NONE,96,true,true,1.79007292900e-08,false,false,false,false,0,3.16690024278,153500,3.84192605978e-07|-5.92155019065e-07|5.34856125142e-08
138,VALID_CAMPAIGN,NEAR_SINGULARITY,-8265709290889491915,3,REVOLUTE_ONLY,1.20360000122,-0.0799999580359,0.160000016409,UNGUARDED_REFERENCE,false,false,MAX_ITERATIONS_UNCERTIFIED,NO_GUARDS_OR_FINAL_CERTIFICATION,800,true,false,0.611060347324,false,false,false,true,0,NaN,362750,854.241604878|1119.15250690|-9.42477802680
139,VALID_CAMPAIGN,MICRO_MOTION,-1533197980775243061,3,REVOLUTE_ONLY,1.20360001345,-0.0799995383945,0.160000180503,GUARDED_PRODUCTION,true,true,SUCCESS,NONE,1,true,true,4.50468474468e-07,false,false,false,false,0,NaN,2917,3.84192605978e-07|-5.92155019065e-07|5.34856125142e-08
139,VALID_CAMPAIGN,MICRO_MOTION,-1533197980775243061,3,REVOLUTE_ONLY,1.20360001345,-0.0799995383945,0.160000180503,UNGUARDED_REFERENCE,false,false,MAX_ITERATIONS_UNCERTIFIED,NO_GUARDS_OR_FINAL_CERTIFICATION,800,true,false,0.832818280131,false,false,false,true,0,NaN,354375,546.193806668|1639.17102285|-9.42477854923
140,VALID_CAMPAIGN,UNIFORM,6089923527651711578,3,REVOLUTE_ONLY,0.563411320000,0.709003411838,0.103178082329,GUARDED_PRODUCTION,true,true,SUCCESS,NONE,44,true,true,4.71336464845e-10,false,false,false,false,0,58.1723214181,67750,1.78849371041|-1.35121446706|-0.186283862361
140,VALID_CAMPAIGN,UNIFORM,6089923527651711578,3,REVOLUTE_ONLY,0.563411320000,0.709003411838,0.103178082329,UNGUARDED_REFERENCE,false,false,MAX_ITERATIONS_UNCERTIFIED,NO_GUARDS_OR_FINAL_CERTIFICATION,800,true,false,0.512182536566,false,false,false,true,0,NaN,421709,554.068632135|1480.94865473|-9.23832757342
141,VALID_CAMPAIGN,NEAR_JOINT_LIMIT,8053803923434529404,3,REVOLUTE_ONLY,-0.348352548809,0.0303651238838,0.298209743404,GUARDED_PRODUCTION,false,false,NO_CONVERGENCE,STAGNATION_WINDOW_EXCEEDED,750,true,true,0.528399691160,false,false,false,false,0,4.32607707758,1103000,3.14159265359|-2.37713844122|0.599237912334
141,VALID_CAMPAIGN,NEAR_JOINT_LIMIT,8053803923434529404,3,REVOLUTE_ONLY,-0.348352548809,0.0303651238838,0.298209743404,UNGUARDED_REFERENCE,true,false,CONVERGED_UNCERTIFIED,NO_GUARDS_OR_FINAL_CERTIFICATION,12,true,false,9.08171069911e-07,false,true,false,true,0,NaN,6584,537.038438057|1530.31331860|-9.89209105862
142,VALID_CAMPAIGN,NEAR_SINGULARITY,2942915677283679745,3,REVOLUTE_ONLY,1.20360000122,-0.0799999580359,0.160000016409,GUARDED_PRODUCTION,true,true,SUCCESS,NONE,81,true,true,3.13115344624e-08,false,false,false,false,0,3.43414437463,130625,6.24883112697e-07|-1.00016333687e-06|5.34856112545e-08
142,VALID_CAMPAIGN,NEAR_SINGULARITY,2942915677283679745,3,REVOLUTE_ONLY,1.20360000122,-0.0799999580359,0.160000016409,UNGUARDED_REFERENCE,false,false,MAX_ITERATIONS_UNCERTIFIED,NO_GUARDS_OR_FINAL_CERTIFICATION,800,true,false,1.51950611994,false,false,false,true,0,NaN,370125,758.372922470|1326.07574953|-9.42477801714
143,VALID_CAMPAIGN,MICRO_MOTION,-9143057131170800158,3,REVOLUTE_ONLY,1.20360001345,-0.0799995383945,0.160000180503,GUARDED_PRODUCTION,true,true,SUCCESS,NONE,1,true,true,4.50795605687e-07,false,false,false,false,0,NaN,3042,6.24883112697e-07|-1.00016333687e-06|5.34856112545e-08
143,VALID_CAMPAIGN,MICRO_MOTION,-9143057131170800158,3,REVOLUTE_ONLY,1.20360001345,-0.0799995383945,0.160000180503,UNGUARDED_REFERENCE,false,false,MAX_ITERATIONS_UNCERTIFIED,NO_GUARDS_OR_FINAL_CERTIFICATION,800,true,false,0.736582237774,false,false,false,true,0,NaN,372750,1043.57803546|408.011409237|-9.42477854989
144,VALID_CAMPAIGN,UNIFORM,-5986073380429054963,3,REVOLUTE_ONLY,-0.428873060861,0.652361839203,0.457708737145,GUARDED_PRODUCTION,true,true,SUCCESS_WITH_WARNING,NEAR_SINGULARITY_WARNING,74,true,true,8.79039392128e-09,false,false,false,false,0,58.1721100971,119333,2.44133683467|-0.481907937241|1.81484561342
144,VALID_CAMPAIGN,UNIFORM,-5986073380429054963,3,REVOLUTE_ONLY,-0.428873060861,0.652361839203,0.457708737145,UNGUARDED_REFERENCE,true,false,CONVERGED_UNCERTIFIED,NO_GUARDS_OR_FINAL_CERTIFICATION,6,true,false,5.84694641806e-07,false,true,false,true,0,NaN,3667,1045.45009061|401.641968463|-10.7515170816
145,VALID_CAMPAIGN,NEAR_JOINT_LIMIT,689688967282977884,3,REVOLUTE_ONLY,-0.459095473190,-0.145846704381,0.298209743404,GUARDED_PRODUCTION,false,false,NO_CONVERGENCE,STAGNATION_WINDOW_EXCEEDED,192,true,true,0.261372424274,false,false,false,false,0,34.9552111226,283083,3.14159265359|-1.79872978989|2.67428074637
145,VALID_CAMPAIGN,NEAR_JOINT_LIMIT,689688967282977884,3,REVOLUTE_ONLY,-0.459095473190,-0.145846704381,0.298209743404,UNGUARDED_REFERENCE,true,false,CONVERGED_UNCERTIFIED,NO_GUARDS_OR_FINAL_CERTIFICATION,7,true,false,3.46559346592e-08,false,true,false,true,0,NaN,3416,1046.76555276|400.868894802|-9.89208995612
146,VALID_CAMPAIGN,NEAR_SINGULARITY,2073058321806575850,3,REVOLUTE_ONLY,1.20360000122,-0.0799999580359,0.160000016409,GUARDED_PRODUCTION,true,true,SUCCESS,NONE,126,true,true,3.09874171684e-08,false,false,false,false,0,4.41605763549,204375,6.19066441593e-07|-9.90302520907e-07|5.34857122900e-08
146,VALID_CAMPAIGN,NEAR_SINGULARITY,2073058321806575850,3,REVOLUTE_ONLY,1.20360000122,-0.0799999580359,0.160000016409,UNGUARDED_REFERENCE,false,false,MAX_ITERATIONS_UNCERTIFIED,NO_GUARDS_OR_FINAL_CERTIFICATION,800,true,false,1.57344668676,false,false,false,true,0,NaN,377917,1221.14139193|624.961833389|-9.42477801825
147,VALID_CAMPAIGN,MICRO_MOTION,4372133745148545966,3,REVOLUTE_ONLY,1.20360001345,-0.0799995383945,0.160000180503,GUARDED_PRODUCTION,true,true,SUCCESS,NONE,1,true,true,4.50782560840e-07,false,false,false,false,0,NaN,3334,6.19066441593e-07|-9.90302520907e-07|5.34857122900e-08
147,VALID_CAMPAIGN,MICRO_MOTION,4372133745148545966,3,REVOLUTE_ONLY,1.20360001345,-0.0799995383945,0.160000180503,UNGUARDED_REFERENCE,false,false,MAX_ITERATIONS_UNCERTIFIED,NO_GUARDS_OR_FINAL_CERTIFICATION,800,true,false,0.757372140136,false,false,false,true,0,NaN,368333,829.822982171|1186.35472283|-9.42477854898
148,VALID_CAMPAIGN,UNIFORM,-5171876701162166276,3,REVOLUTE_ONLY,0.210854751215,0.594152087227,0.466018438608,GUARDED_PRODUCTION,true,true,SUCCESS,NONE,58,true,true,1.36902205178e-08,false,false,false,false,0,58.1721151439,93542,1.97870767164|-1.46259223609|1.49940180375
148,VALID_CAMPAIGN,UNIFORM,-5171876701162166276,3,REVOLUTE_ONLY,0.210854751215,0.594152087227,0.466018438608,UNGUARDED_REFERENCE,true,false,CONVERGED_UNCERTIFIED,NO_GUARDS_OR_FINAL_CERTIFICATION,9,true,false,2.74094485089e-07,false,true,false,true,0,NaN,4958,837.555650838|1173.59683079|-10.9241678710
149,VALID_CAMPAIGN,NEAR_JOINT_LIMIT,-689114660722064090,3,REVOLUTE_ONLY,-0.348352552625,0.0303650801085,0.0217902565965,GUARDED_PRODUCTION,false,false,NO_CONVERGENCE,STAGNATION_WINDOW_EXCEEDED,651,true,true,0.352546325870,false,false,false,false,0,50.1837280544,947916,2.50512699837|-2.37713844122|2.67428074637
149,VALID_CAMPAIGN,NEAR_JOINT_LIMIT,-689114660722064090,3,REVOLUTE_ONLY,-0.348352552625,0.0303650801085,0.0217902565965,UNGUARDED_REFERENCE,true,false,CONVERGED_UNCERTIFIED,NO_GUARDS_OR_FINAL_CERTIFICATION,9,true,false,2.05856685171e-09,false,true,false,true,0,NaN,4750,830.588830596|1177.69740474|12.0990586503
150,VALID_CAMPAIGN,NEAR_SINGULARITY,-8534693981677794270,3,REVOLUTE_ONLY,1.20360000122,-0.0799999580359,0.160000016409,GUARDED_PRODUCTION,true,true,SUCCESS_WITH_WARNING,NEAR_SINGULARITY_WARNING,137,true,true,3.23635317848e-08,false,false,false,false,0,13.0508362163,222125,-0.132739857534|0.225035247041|5.34856113605e-08
150,VALID_CAMPAIGN,NEAR_SINGULARITY,-8534693981677794270,3,REVOLUTE_ONLY,1.20360000122,-0.0799999580359,0.160000016409,UNGUARDED_REFERENCE,true,false,CONVERGED_UNCERTIFIED,NO_GUARDS_OR_FINAL_CERTIFICATION,15,true,false,2.22484091795e-07,false,true,false,true,0,NaN,7625,816.814093991|1206.37157216|12.5663706678
151,VALID_CAMPAIGN,MICRO_MOTION,-6350846927047011180,3,REVOLUTE_ONLY,1.20360001345,-0.0799995383945,0.160000180503,GUARDED_PRODUCTION,true,true,SUCCESS,NONE,1,true,true,4.50739524928e-07,false,false,false,false,0,NaN,2750,-0.132739857534|0.225035247041|5.34856113605e-08
151,VALID_CAMPAIGN,MICRO_MOTION,-6350846927047011180,3,REVOLUTE_ONLY,1.20360001345,-0.0799995383945,0.160000180503,UNGUARDED_REFERENCE,true,false,CONVERGED_UNCERTIFIED,NO_GUARDS_OR_FINAL_CERTIFICATION,1,true,false,4.94637469424e-07,false,true,false,true,0,NaN,500,816.814093991|1206.37157216|12.5663706678
152,VALID_CAMPAIGN,UNIFORM,-1436107624126845137,3,REVOLUTE_ONLY,0.517341129938,-0.0702804595923,-0.146798180157,GUARDED_PRODUCTION,true,true,SUCCESS,NONE,63,true,true,8.24070633290e-07,false,false,false,false,0,58.1720933752,110250,-0.963533922343|2.12212912487|-1.56664479322
152,VALID_CAMPAIGN,UNIFORM,-1436107624126845137,3,REVOLUTE_ONLY,0.517341129938,-0.0702804595923,-0.146798180157,UNGUARDED_REFERENCE,true,false,CONVERGED_UNCERTIFIED,NO_GUARDS_OR_FINAL_CERTIFICATION,24,true,false,9.45772327942e-07,false,true,false,true,0,NaN,11500,834.700050724|1183.36098862|10.9998203218
153,VALID_CAMPAIGN,NEAR_JOINT_LIMIT,8682587818963060273,3,REVOLUTE_ONLY,-0.348352552625,0.0303650801085,0.298209743404,GUARDED_PRODUCTION,false,false,NO_CONVERGENCE,STAGNATION_WINDOW_EXCEEDED,320,true,true,0.346009129075,false,false,false,false,0,645.507161570,571000,-3.14159265359|2.37713844122|-2.67428074637
153,VALID_CAMPAIGN,NEAR_JOINT_LIMIT,8682587818963060273,3,REVOLUTE_ONLY,-0.348352552625,0.0303650801085,0.298209743404,UNGUARDED_REFERENCE,true,false,CONVERGED_UNCERTIFIED,NO_GUARDS_OR_FINAL_CERTIFICATION,8,true,false,3.28745632490e-09,false,true,false,true,0,NaN,3791,818.022459959|1190.26377537|38.1664237986
154,VALID_CAMPAIGN,NEAR_SINGULARITY,-2564242839023524523,3,REVOLUTE_ONLY,1.20360000122,-0.0799999580359,0.160000016409,GUARDED_PRODUCTION,true,true,SUCCESS_WITH_WARNING,NEAR_SINGULARITY_WARNING,149,true,true,4.38601987978e-09,false,false,false,false,0,4.53004331245,249958,-0.132739355358|0.225034395854|5.34856141198e-08
154,VALID_CAMPAIGN,NEAR_SINGULARITY,-2564242839023524523,3,REVOLUTE_ONLY,1.20360000122,-0.0799999580359,0.160000016409,UNGUARDED_REFERENCE,true,false,CONVERGED_UNCERTIFIED,NO_GUARDS_OR_FINAL_CERTIFICATION,14,true,false,1.96767094362e-07,false,true,false,true,0,NaN,7416,804.114976509|1219.16298984|37.6991118966
155,VALID_CAMPAIGN,MICRO_MOTION,-2357033843975697129,3,REVOLUTE_ONLY,1.20360001345,-0.0799995383945,0.160000180503,GUARDED_PRODUCTION,true,true,SUCCESS,NONE,1,true,true,4.50640552977e-07,false,false,false,false,0,NaN,2958,-0.132739355358|0.225034395854|5.34856141198e-08
155,VALID_CAMPAIGN,MICRO_MOTION,-2357033843975697129,3,REVOLUTE_ONLY,1.20360001345,-0.0799995383945,0.160000180503,UNGUARDED_REFERENCE,true,false,CONVERGED_UNCERTIFIED,NO_GUARDS_OR_FINAL_CERTIFICATION,1,true,false,4.86534622752e-07,false,true,false,true,0,NaN,500,804.114976509|1219.16298984|37.6991118966
156,VALID_CAMPAIGN,UNIFORM,-5935047389286179134,3,REVOLUTE_ONLY,-0.607395619314,0.512983550900,-0.143741879747,GUARDED_PRODUCTION,true,true,SUCCESS,NONE,92,true,true,1.10405538865e-08,false,false,false,false,0,58.1725340657,148750,1.89508434672|1.32876435452|-1.42948507110
156,VALID_CAMPAIGN,UNIFORM,-5935047389286179134,3,REVOLUTE_ONLY,-0.607395619314,0.512983550900,-0.143741879747,UNGUARDED_REFERENCE,true,false,CONVERGED_UNCERTIFIED,NO_GUARDS_OR_FINAL_CERTIFICATION,14,true,false,5.29930017058e-08,false,true,false,true,0,NaN,7875,763.044862454|1274.90107547|35.9870057208
157,VALID_CAMPAIGN,NEAR_JOINT_LIMIT,83746608303217869,3,REVOLUTE_ONLY,-0.348352548809,0.0303651238838,0.298209743404,GUARDED_PRODUCTION,false,false,NO_CONVERGENCE,STAGNATION_WINDOW_EXCEEDED,59,true,true,0.332747669519,false,false,false,false,0,35.0032835704,93958,0.953278758626|2.37713844122|0.267833355075
157,VALID_CAMPAIGN,NEAR_JOINT_LIMIT,83746608303217869,3,REVOLUTE_ONLY,-0.348352548809,0.0303651238838,0.298209743404,UNGUARDED_REFERENCE,true,false,CONVERGED_UNCERTIFIED,NO_GUARDS_OR_FINAL_CERTIFICATION,10,true,false,1.57521581345e-10,false,true,false,true,0,NaN,5167,755.190606776|1290.79474028|25.6000531896
158,VALID_CAMPAIGN,NEAR_SINGULARITY,615772451523940444,3,REVOLUTE_ONLY,1.20360000122,-0.0799999580359,0.160000016409,GUARDED_PRODUCTION,true,true,SUCCESS,NONE,80,true,true,2.97875625898e-08,false,false,false,false,0,2.97282520798,124792,-0.132739811305|0.225035168671|5.34856114227e-08
158,VALID_CAMPAIGN,NEAR_SINGULARITY,615772451523940444,3,REVOLUTE_ONLY,1.20360000122,-0.0799999580359,0.160000016409,UNGUARDED_REFERENCE,true,false,CONVERGED_UNCERTIFIED,NO_GUARDS_OR_FINAL_CERTIFICATION,14,true,false,3.54657201322e-07,false,true,false,true,0,NaN,6834,741.283120603|1319.69395956|25.1327412822
159,VALID_CAMPAIGN,MICRO_MOTION,3001427219687522694,3,REVOLUTE_ONLY,1.20360001345,-0.0799995383945,0.160000180503,GUARDED_PRODUCTION,true,true,SUCCESS,NONE,1,true,true,4.50665883374e-07,false,false,false,false,0,NaN,2708,-0.132739811305|0.225035168671|5.34856114227e-08
159,VALID_CAMPAIGN,MICRO_MOTION,3001427219687522694,3,REVOLUTE_ONLY,1.20360001345,-0.0799995383945,0.160000180503,UNGUARDED_REFERENCE,true,false,CONVERGED_UNCERTIFIED,NO_GUARDS_OR_FINAL_CERTIFICATION,1,true,false,5.65063791226e-07,false,true,false,true,0,NaN,459,741.283120603|1319.69395956|25.1327412822
160,VALID_CAMPAIGN,UNIFORM,2234384587530568163,3,REVOLUTE_ONLY,-0.409529119931,1.13187786232,0.109072254403,GUARDED_PRODUCTION,true,true,SUCCESS,NONE,69,true,true,9.42522827447e-07,false,false,false,false,0,58.1721341039,110375,1.89669703698|0.149327001536|-0.166768268635
160,VALID_CAMPAIGN,UNIFORM,2234384587530568163,3,REVOLUTE_ONLY,-0.409529119931,1.13187786232,0.109072254403,UNGUARDED_REFERENCE,true,false,CONVERGED_UNCERTIFIED,NO_GUARDS_OR_FINAL_CERTIFICATION,13,true,false,4.33729930823e-07,false,true,false,true,0,NaN,7417,711.896665365|1369.88367532|24.9659729523
161,VALID_CAMPAIGN,NEAR_JOINT_LIMIT,556270415164459353,3,REVOLUTE_ONLY,-0.459095454863,-0.145846762073,0.298209743404,GUARDED_PRODUCTION,false,false,NO_CONVERGENCE,STAGNATION_WINDOW_EXCEEDED,111,true,true,0.0683199758855,false,false,false,false,0,183.427506285,167750,1.90116860863|2.37713844122|0.467358581639
161,VALID_CAMPAIGN,NEAR_JOINT_LIMIT,556270415164459353,3,REVOLUTE_ONLY,-0.459095454863,-0.145846762073,0.298209743404,UNGUARDED_REFERENCE,true,false,CONVERGED_UNCERTIFIED,NO_GUARDS_OR_FINAL_CERTIFICATION,5,true,false,3.66310048677e-09,false,true,false,true,0,NaN,2125,655.362119111|1466.45478081|25.6000531950
162,VALID_CAMPAIGN,NEAR_SINGULARITY,1758333956219698925,3,REVOLUTE_ONLY,1.20360000122,-0.0799999580359,0.160000016409,GUARDED_PRODUCTION,false,false,NO_CONVERGENCE,STAGNATION_WINDOW_EXCEEDED,7,true,true,1.73537300606,false,false,false,false,0,3.27746880875,11917,1.77163955789|2.37713844122|0.493276262562
162,VALID_CAMPAIGN,NEAR_SINGULARITY,1758333956219698925,3,REVOLUTE_ONLY,1.20360000122,-0.0799999580359,0.160000016409,UNGUARDED_REFERENCE,true,false,CONVERGED_UNCERTIFIED,NO_GUARDS_OR_FINAL_CERTIFICATION,10,true,false,2.06942986353e-07,false,true,false,true,0,NaN,4583,653.451275725|1470.26535554|25.1327412822
163,VALID_CAMPAIGN,MICRO_MOTION,1851497005583409645,3,REVOLUTE_ONLY,1.20360001345,-0.0799995383945,0.160000180503,GUARDED_PRODUCTION,true,true,SUCCESS,NONE,106,true,true,4.18348679924e-07,false,false,false,false,0,3.32374637570,167417,-0.132746714104|0.225047464000|5.88557726632e-07
163,VALID_CAMPAIGN,MICRO_MOTION,1851497005583409645,3,REVOLUTE_ONLY,1.20360001345,-0.0799995383945,0.160000180503,UNGUARDED_REFERENCE,true,false,CONVERGED_UNCERTIFIED,NO_GUARDS_OR_FINAL_CERTIFICATION,1,true,false,4.88397111854e-07,false,true,false,true,0,NaN,500,653.451275725|1470.26535554|25.1327412822
164,VALID_CAMPAIGN,UNIFORM,5251257035832564748,3,REVOLUTE_ONLY,0.931640867585,-0.330379773451,0.211732884535,GUARDED_PRODUCTION,true,true,SUCCESS,NONE,31,true,true,3.67022425173e-09,false,false,false,false,0,58.1657684956,47667,-1.08423101838|1.35012986917|0.169430341385
164,VALID_CAMPAIGN,UNIFORM,5251257035832564748,3,REVOLUTE_ONLY,0.931640867585,-0.330379773451,0.211732884535,UNGUARDED_REFERENCE,true,false,CONVERGED_UNCERTIFIED,NO_GUARDS_OR_FINAL_CERTIFICATION,12,true,false,7.45737104392e-09,false,true,false,true,0,NaN,5416,646.083855615|1477.89867707|25.3021715674
165,VALID_CAMPAIGN,NEAR_JOINT_LIMIT,9005174009951143459,3,REVOLUTE_ONLY,-0.348352552625,0.0303650801085,0.298209743404,GUARDED_PRODUCTION,false,false,NO_CONVERGENCE,STAGNATION_WINDOW_EXCEEDED,727,true,true,0.605820638294,false,false,false,false,0,5.02627124145,1045542,-3.14159265359|2.37713844122|0.598273580341
165,VALID_CAMPAIGN,NEAR_JOINT_LIMIT,9005174009951143459,3,REVOLUTE_ONLY,-0.348352552625,0.0303650801085,0.298209743404,UNGUARDED_REFERENCE,true,false,CONVERGED_UNCERTIFIED,NO_GUARDS_OR_FINAL_CERTIFICATION,14,true,false,1.08060656045e-07,false,true,false,true,0,NaN,7208,645.785821259|1480.32587984|25.6000531308
166,VALID_CAMPAIGN,NEAR_SINGULARITY,4448166412342904191,3,REVOLUTE_ONLY,1.20360000122,-0.0799999580359,0.160000016409,GUARDED_PRODUCTION,true,true,SUCCESS,NONE,78,true,true,1.63741732338e-08,false,false,false,false,0,3.53264521627,123041,-0.132739570564|0.225034760583|5.34856127427e-08
166,VALID_CAMPAIGN,NEAR_SINGULARITY,4448166412342904191,3,REVOLUTE_ONLY,1.20360000122,-0.0799999580359,0.160000016409,UNGUARDED_REFERENCE,true,false,CONVERGED_UNCERTIFIED,NO_GUARDS_OR_FINAL_CERTIFICATION,13,true,false,7.27942508492e-07,false,true,false,true,0,NaN,6125,628.318543849|1507.96445153|25.1327412822
167,VALID_CAMPAIGN,MICRO_MOTION,-6682219060051973169,3,REVOLUTE_ONLY,1.20360001345,-0.0799995383945,0.160000180503,GUARDED_PRODUCTION,true,true,SUCCESS,NONE,1,true,true,4.50499502669e-07,false,false,false,false,0,NaN,2625,-0.132739570564|0.225034760583|5.34856127427e-08
167,VALID_CAMPAIGN,MICRO_MOTION,-6682219060051973169,3,REVOLUTE_ONLY,1.20360001345,-0.0799995383945,0.160000180503,UNGUARDED_REFERENCE,true,false,CONVERGED_UNCERTIFIED,NO_GUARDS_OR_FINAL_CERTIFICATION,1,true,false,8.41837531773e-07,false,true,false,true,0,NaN,458,628.318543849|1507.96445153|25.1327412822
168,VALID_CAMPAIGN,UNIFORM,-2162476433435695803,3,REVOLUTE_ONLY,-0.368106888884,-0.335456380177,-0.143921319954,GUARDED_PRODUCTION,false,false,NO_CONVERGENCE,STAGNATION_WINDOW_EXCEEDED,98,true,true,0.00992846701851,false,false,false,false,0,58.1723455917,161583,-3.14159265359|2.16350604113|-1.70796595625
168,VALID_CAMPAIGN,UNIFORM,-2162476433435695803,3,REVOLUTE_ONLY,-0.368106888884,-0.335456380177,-0.143921319954,UNGUARDED_REFERENCE,true,false,CONVERGED_UNCERTIFIED,NO_GUARDS_OR_FINAL_CERTIFICATION,7,true,false,7.50347645430e-08,false,true,false,true,0,NaN,3417,656.391241022|1459.91391139|23.6990425008
169,VALID_CAMPAIGN,NEAR_JOINT_LIMIT,4345249112873418526,3,REVOLUTE_ONLY,-0.459095473190,-0.145846704381,0.298209743404,GUARDED_PRODUCTION,false,false,NO_CONVERGENCE,STAGNATION_WINDOW_EXCEEDED,316,true,true,0.298675476642,false,false,false,false,0,18.4129727926,455875,-2.90618792859|2.37713844122|-2.67428074637
169,VALID_CAMPAIGN,NEAR_JOINT_LIMIT,4345249112873418526,3,REVOLUTE_ONLY,-0.459095473190,-0.145846704381,0.298209743404,UNGUARDED_REFERENCE,true,false,CONVERGED_UNCERTIFIED,NO_GUARDS_OR_FINAL_CERTIFICATION,15,true,false,8.20071177940e-07,false,true,false,true,0,NaN,15542,662.876048723|1403.52746609|34.0902075738
170,VALID_CAMPAIGN,NEAR_SINGULARITY,-8676364069851020462,3,REVOLUTE_ONLY,1.20360000122,-0.0799999580359,0.160000016409,GUARDED_PRODUCTION,true,true,SUCCESS_WITH_WARNING,NEAR_SINGULARITY_WARNING,138,true,true,3.08978779704e-08,false,false,false,false,0,4.53004338982,226208,-0.132739831231|0.225035202450|5.34856111450e-08
170,VALID_CAMPAIGN,NEAR_SINGULARITY,-8676364069851020462,3,REVOLUTE_ONLY,1.20360000122,-0.0799999580359,0.160000016409,UNGUARDED_REFERENCE,false,false,MAX_ITERATIONS_UNCERTIFIED,NO_GUARDS_OR_FINAL_CERTIFICATION,800,true,false,1.80687298806,false,false,false,true,0,NaN,358708,600.299390590|1533.67559116|34.5575191335
171,VALID_CAMPAIGN,MICRO_MOTION,4455272503687792123,3,REVOLUTE_ONLY,1.20360001345,-0.0799995383945,0.160000180503,GUARDED_PRODUCTION,true,true,SUCCESS,NONE,1,true,true,4.50695952686e-07,false,false,false,false,0,NaN,2875,-0.132739831231|0.225035202450|5.34856111450e-08
171,VALID_CAMPAIGN,MICRO_MOTION,4455272503687792123,3,REVOLUTE_ONLY,1.20360001345,-0.0799995383945,0.160000180503,UNGUARDED_REFERENCE,false,false,MAX_ITERATIONS_UNCERTIFIED,NO_GUARDS_OR_FINAL_CERTIFICATION,800,true,false,1.36003958776,false,false,false,true,0,NaN,356000,686.782241989|1518.59317518|34.5575185913
172,VALID_CAMPAIGN,UNIFORM,1831002993613370536,3,REVOLUTE_ONLY,-0.432875086949,-0.289669531024,0.354151556454,GUARDED_PRODUCTION,false,false,NO_CONVERGENCE,STAGNATION_WINDOW_EXCEEDED,86,true,true,0.356713953189,false,false,false,false,0,58.1721167043,132791,-3.14159265359|2.37713844122|0.913738584022
172,VALID_CAMPAIGN,UNIFORM,1831002993613370536,3,REVOLUTE_ONLY,-0.432875086949,-0.289669531024,0.354151556454,UNGUARDED_REFERENCE,true,false,CONVERGED_UNCERTIFIED,NO_GUARDS_OR_FINAL_CERTIFICATION,9,true,false,2.40312103725e-08,false,true,false,true,0,NaN,4667,688.241576484|1516.31475817|33.8723193597
173,VALID_CAMPAIGN,NEAR_JOINT_LIMIT,-8991559339339482837,3,REVOLUTE_ONLY,-0.348352552625,0.0303650801085,0.0217902565965,GUARDED_PRODUCTION,false,false,NO_CONVERGENCE,STAGNATION_WINDOW_EXCEEDED,7,true,true,0.673351851006,false,false,false,false,0,4.53755823863,12750,-3.14159265359|2.37713844122|0.761833300695
173,VALID_CAMPAIGN,NEAR_JOINT_LIMIT,-8991559339339482837,3,REVOLUTE_ONLY,-0.348352552625,0.0303650801085,0.0217902565965,UNGUARDED_REFERENCE,true,false,CONVERGED_UNCERTIFIED,NO_GUARDS_OR_FINAL_CERTIFICATION,7,true,false,1.47429910059e-08,false,true,false,true,0,NaN,3125,687.834895122|1517.74697082|35.0248311737
174,VALID_CAMPAIGN,NEAR_SINGULARITY,-1619120222355825803,3,REVOLUTE_ONLY,1.20360000122,-0.0799999580359,0.160000016409,GUARDED_PRODUCTION,true,true,SUCCESS,NONE,79,true,true,3.34988888556e-08,false,false,false,false,0,3.95611007310,118208,-0.132739877909|0.225035281583|5.34856111068e-08
174,VALID_CAMPAIGN,NEAR_SINGULARITY,-1619120222355825803,3,REVOLUTE_ONLY,1.20360000122,-0.0799999580359,0.160000016409,UNGUARDED_REFERENCE,false,false,MAX_ITERATIONS_UNCERTIFIED,NO_GUARDS_OR_FINAL_CERTIFICATION,800,true,false,1.78310944772,false,false,false,true,0,NaN,437125,737.757998662|1433.94363617|34.5575191380
175,VALID_CAMPAIGN,MICRO_MOTION,1620121494321807718,3,REVOLUTE_ONLY,1.20360001345,-0.0799995383945,0.160000180503,GUARDED_PRODUCTION,true,true,SUCCESS,NONE,1,true,true,4.50776321718e-07,false,false,false,false,0,NaN,16042,-0.132739877909|0.225035281583|5.34856111068e-08
175,VALID_CAMPAIGN,MICRO_MOTION,1620121494321807718,3,REVOLUTE_ONLY,1.20360001345,-0.0799995383945,0.160000180503,UNGUARDED_REFERENCE,false,false,MAX_ITERATIONS_UNCERTIFIED,NO_GUARDS_OR_FINAL_CERTIFICATION,800,true,false,1.34893292308,false,false,false,true,0,NaN,374292,749.423080723|789.140076117|34.5575186010
176,VALID_CAMPAIGN,UNIFORM,-6240949871863834441,3,REVOLUTE_ONLY,-0.523655266830,-0.695347638711,0.466794122168,GUARDED_PRODUCTION,true,true,SUCCESS_WITH_WARNING,NEAR_SINGULARITY_WARNING,481,true,true,9.98129889189e-07,false,false,false,false,0,58.1720755019,679208,-2.45849043892|0.736362460963|1.57749138223
176,VALID_CAMPAIGN,UNIFORM,-6240949871863834441,3,REVOLUTE_ONLY,-0.523655266830,-0.695347638711,0.466794122168,UNGUARDED_REFERENCE,true,false,CONVERGED_UNCERTIFIED,NO_GUARDS_OR_FINAL_CERTIFICATION,77,true,false,9.88427648612e-07,false,true,false,true,0,NaN,33583,758.306816134|898.121442157|32.9800325310
177,VALID_CAMPAIGN,NEAR_JOINT_LIMIT,8707294244006812351,3,REVOLUTE_ONLY,-0.348352548809,0.0303651238838,0.298209743404,GUARDED_PRODUCTION,false,false,NO_CONVERGENCE,STAGNATION_WINDOW_EXCEEDED,356,true,true,0.208425070952,false,false,false,false,0,1550.60957643,557125,-3.14159265359|2.37713844122|2.66430630583
177,VALID_CAMPAIGN,NEAR_JOINT_LIMIT,8707294244006812351,3,REVOLUTE_ONLY,-0.348352548809,0.0303651238838,0.298209743404,UNGUARDED_REFERENCE,false,false,MAX_ITERATIONS_UNCERTIFIED,NO_GUARDS_OR_FINAL_CERTIFICATION,800,true,false,0.782375694050,false,false,false,true,0,NaN,342291,758.005924000|888.425774626|31.8834203136
178,VALID_CAMPAIGN,NEAR_SINGULARITY,-1440893129188762908,3,REVOLUTE_ONLY,1.20360000122,-0.0799999580359,0.160000016409,GUARDED_PRODUCTION,true,true,SUCCESS_WITH_WARNING,NEAR_SINGULARITY_WARNING,149,true,true,3.09458107498e-09,false,false,false,false,0,4.50097085485,237458,-0.132739332171|0.225034356563|5.34856144958e-08
178,VALID_CAMPAIGN,NEAR_SINGULARITY,-1440893129188762908,3,REVOLUTE_ONLY,1.20360000122,-0.0799999580359,0.160000016409,UNGUARDED_REFERENCE,true,false,CONVERGED_UNCERTIFIED,NO_GUARDS_OR_FINAL_CERTIFICATION,10,true,false,6.84942138832e-07,false,true,false,true,0,NaN,4792,760.132670596|886.154183411|31.4159265894
179,VALID_CAMPAIGN,MICRO_MOTION,3243414381273084024,3,REVOLUTE_ONLY,1.20360001345,-0.0799995383945,0.160000180503,GUARDED_PRODUCTION,true,true,SUCCESS,NONE,1,true,true,4.50670041189e-07,false,false,false,false,0,NaN,2750,-0.132739332171|0.225034356563|5.34856144958e-08
179,VALID_CAMPAIGN,MICRO_MOTION,3243414381273084024,3,REVOLUTE_ONLY,1.20360001345,-0.0799995383945,0.160000180503,UNGUARDED_REFERENCE,true,false,CONVERGED_UNCERTIFIED,NO_GUARDS_OR_FINAL_CERTIFICATION,1,true,false,8.07871883424e-07,false,true,false,true,0,NaN,500,760.132670596|886.154183411|31.4159265894
180,VALID_CAMPAIGN,UNIFORM,4403484821636750088,3,REVOLUTE_ONLY,-0.526903822850,0.0602983502122,-0.0511131592556,GUARDED_PRODUCTION,false,false,NO_CONVERGENCE,STAGNATION_WINDOW_EXCEEDED,252,true,true,0.261815081627,false,false,false,false,0,58.1725545109,379042,-3.14159265359|2.37083530483|-2.39077292909
180,VALID_CAMPAIGN,UNIFORM,4403484821636750088,3,REVOLUTE_ONLY,-0.526903822850,0.0602983502122,-0.0511131592556,UNGUARDED_REFERENCE,true,false,CONVERGED_UNCERTIFIED,NO_GUARDS_OR_FINAL_CERTIFICATION,10,true,false,3.43509033297e-09,false,true,false,true,0,NaN,4416,724.275683809|938.508408363|30.6570408960
181,VALID_CAMPAIGN,NEAR_JOINT_LIMIT,6913411665748127710,3,REVOLUTE_ONLY,-0.348352548809,0.0303651238838,0.0217902565965,GUARDED_PRODUCTION,false,false,NO_CONVERGENCE,STAGNATION_WINDOW_EXCEEDED,329,true,true,0.208425070970,false,false,false,false,0,3.80626018666,468542,-3.14159265359|2.37713844122|-2.66430630529
181,VALID_CAMPAIGN,NEAR_JOINT_LIMIT,6913411665748127710,3,REVOLUTE_ONLY,-0.348352548809,0.0303651238838,0.0217902565965,UNGUARDED_REFERENCE,true,false,CONVERGED_UNCERTIFIED,NO_GUARDS_OR_FINAL_CERTIFICATION,5,true,false,1.70243903072e-09,false,true,false,true,0,NaN,2292,723.774680247|938.936363072|30.9486145723
182,VALID_CAMPAIGN,NEAR_SINGULARITY,7986131213125860547,3,REVOLUTE_ONLY,1.20360000122,-0.0799999580359,0.160000016409,GUARDED_PRODUCTION,true,true,SUCCESS_WITH_WARNING,NEAR_SINGULARITY_WARNING,149,true,true,3.09463296338e-09,false,false,false,false,0,4.50097085350,234125,-0.132739332171|0.225034356565|5.34856143387e-08
182,VALID_CAMPAIGN,NEAR_SINGULARITY,7986131213125860547,3,REVOLUTE_ONLY,1.20360000122,-0.0799999580359,0.160000016409,UNGUARDED_REFERENCE,true,false,CONVERGED_UNCERTIFIED,NO_GUARDS_OR_FINAL_CERTIFICATION,19,true,false,8.18262961601e-08,false,true,false,true,0,NaN,9708,703.716755936|980.176905383|31.4159265894
183,VALID_CAMPAIGN,MICRO_MOTION,1612961118153849058,3,REVOLUTE_ONLY,1.20360001345,-0.0799995383945,0.160000180503,GUARDED_PRODUCTION,true,true,SUCCESS,NONE,1,true,true,4.50670039171e-07,false,false,false,false,0,NaN,2916,-0.132739332171|0.225034356565|5.34856143387e-08
183,VALID_CAMPAIGN,MICRO_MOTION,1612961118153849058,3,REVOLUTE_ONLY,1.20360001345,-0.0799995383945,0.160000180503,UNGUARDED_REFERENCE,true,false,CONVERGED_UNCERTIFIED,NO_GUARDS_OR_FINAL_CERTIFICATION,1,true,false,4.54796621412e-07,false,true,false,true,0,NaN,500,703.716755936|980.176905383|31.4159265894
184,VALID_CAMPAIGN,UNIFORM,-1568659086722956188,3,REVOLUTE_ONLY,-0.351586926386,-0.601572154838,0.394843302097,GUARDED_PRODUCTION,true,true,SUCCESS,NONE,77,true,true,4.94681894881e-07,false,false,false,false,0,58.1725541180,121166,-3.11133084951|1.91377640134|0.871756359890
184,VALID_CAMPAIGN,UNIFORM,-1568659086722956188,3,REVOLUTE_ONLY,-0.351586926386,-0.601572154838,0.394843302097,UNGUARDED_REFERENCE,true,false,CONVERGED_UNCERTIFIED,NO_GUARDS_OR_FINAL_CERTIFICATION,9,true,false,1.61091910171e-09,false,true,false,true,0,NaN,4792,732.021350334|931.825200876|32.2876832978
185,VALID_CAMPAIGN,NEAR_JOINT_LIMIT,7056931781366497311,3,REVOLUTE_ONLY,-0.348352552625,0.0303650801085,0.0217902565965,GUARDED_PRODUCTION,false,false,NO_CONVERGENCE,STAGNATION_WINDOW_EXCEEDED,792,true,true,0.605820638314,false,false,false,false,0,5.63464095211,1078583,-3.14159265359|2.37713844122|-0.598273580205
185,VALID_CAMPAIGN,NEAR_JOINT_LIMIT,7056931781366497311,3,REVOLUTE_ONLY,-0.348352552625,0.0303650801085,0.0217902565965,UNGUARDED_REFERENCE,true,false,CONVERGED_UNCERTIFIED,NO_GUARDS_OR_FINAL_CERTIFICATION,9,true,false,1.42302782867e-10,false,true,false,true,0,NaN,3917,730.057865673|932.653177767|30.9486145750
186,VALID_CAMPAIGN,NEAR_SINGULARITY,2245240747573196750,3,REVOLUTE_ONLY,1.20360000122,-0.0799999580359,0.160000016409,GUARDED_PRODUCTION,true,true,SUCCESS,NONE,78,true,true,1.63741874056e-08,false,false,false,false,0,3.53264521639,119333,-0.132739570564|0.225034760583|5.34856127428e-08
186,VALID_CAMPAIGN,NEAR_SINGULARITY,2245240747573196750,3,REVOLUTE_ONLY,1.20360000122,-0.0799999580359,0.160000016409,UNGUARDED_REFERENCE,true,false,CONVERGED_UNCERTIFIED,NO_GUARDS_OR_FINAL_CERTIFICATION,18,true,false,6.35656637150e-08,false,true,false,true,0,NaN,8875,741.415867451|923.628238174|31.4159265894
187,VALID_CAMPAIGN,MICRO_MOTION,1209854977791350810,3,REVOLUTE_ONLY,1.20360001345,-0.0799995383945,0.160000180503,GUARDED_PRODUCTION,true,true,SUCCESS,NONE,1,true,true,4.50499503699e-07,false,false,false,false,0,NaN,2542,-0.132739570564|0.225034760583|5.34856127428e-08
187,VALID_CAMPAIGN,MICRO_MOTION,1209854977791350810,3,REVOLUTE_ONLY,1.20360001345,-0.0799995383945,0.160000180503,UNGUARDED_REFERENCE,true,false,CONVERGED_UNCERTIFIED,NO_GUARDS_OR_FINAL_CERTIFICATION,1,true,false,4.52606672653e-07,false,true,false,true,0,NaN,500,741.415867451|923.628238174|31.4159265894
188,VALID_CAMPAIGN,UNIFORM,3553876799545448154,3,REVOLUTE_ONLY,-0.744876044805,-0.188192287038,0.0438001749839,GUARDED_PRODUCTION,false,false,NO_CONVERGENCE,STAGNATION_WINDOW_EXCEEDED,85,true,true,0.712560029242,false,false,false,false,0,58.1723454768,125458,-3.14159265359|2.37713844122|-0.787496271038
188,VALID_CAMPAIGN,UNIFORM,3553876799545448154,3,REVOLUTE_ONLY,-0.744876044805,-0.188192287038,0.0438001749839,UNGUARDED_REFERENCE,false,false,MAX_ITERATIONS_UNCERTIFIED,NO_GUARDS_OR_FINAL_CERTIFICATION,800,true,false,1.26773386743,false,false,false,true,0,NaN,308417,777.922098169|863.242881606|31.0272491676
189,VALID_CAMPAIGN,NEAR_JOINT_LIMIT,8822691163436181255,3,REVOLUTE_ONLY,-0.459095454863,-0.145846762073,0.0217902565965,GUARDED_PRODUCTION,false,false,NO_CONVERGENCE,STAGNATION_WINDOW_EXCEEDED,7,true,true,0.505024982373,false,false,false,false,0,4.03816659212,12542,-3.14159265359|2.37713844122|-0.740751295075
189,VALID_CAMPAIGN,NEAR_JOINT_LIMIT,8822691163436181255,3,REVOLUTE_ONLY,-0.459095454863,-0.145846762073,0.0217902565965,UNGUARDED_REFERENCE,true,false,CONVERGED_UNCERTIFIED,NO_GUARDS_OR_FINAL_CERTIFICATION,12,true,false,2.99076611460e-09,false,true,false,true,0,NaN,5916,774.742639939|863.268991324|30.9486145798
190,VALID_CAMPAIGN,NEAR_SINGULARITY,4442725308024930689,3,REVOLUTE_ONLY,1.20360000122,-0.0799999580359,0.160000016409,GUARDED_PRODUCTION,true,true,SUCCESS,NONE,79,true,true,1.78950789568e-08,false,false,false,false,0,3.89248919244,121167,-0.132739597863|0.225034806855|5.34856125536e-08
190,VALID_CAMPAIGN,NEAR_SINGULARITY,4442725308024930689,3,REVOLUTE_ONLY,1.20360000122,-0.0799999580359,0.160000016409,UNGUARDED_REFERENCE,true,false,CONVERGED_UNCERTIFIED,NO_GUARDS_OR_FINAL_CERTIFICATION,10,true,false,2.06939925521e-07,false,true,false,true,0,NaN,4667,772.831796562|867.079566048|31.4159265894
191,VALID_CAMPAIGN,MICRO_MOTION,460491303731241332,3,REVOLUTE_ONLY,1.20360001345,-0.0799995383945,0.160000180503,GUARDED_PRODUCTION,true,true,SUCCESS,NONE,1,true,true,4.50500454728e-07,false,false,false,false,0,NaN,2916,-0.132739597863|0.225034806855|5.34856125536e-08
191,VALID_CAMPAIGN,MICRO_MOTION,460491303731241332,3,REVOLUTE_ONLY,1.20360001345,-0.0799995383945,0.160000180503,UNGUARDED_REFERENCE,true,false,CONVERGED_UNCERTIFIED,NO_GUARDS_OR_FINAL_CERTIFICATION,1,true,false,4.88374926690e-07,false,true,false,true,0,NaN,458,772.831796562|867.079566048|31.4159265894
192,VALID_CAMPAIGN,UNIFORM,-7545226931604452214,3,REVOLUTE_ONLY,-0.0718406943101,-0.360120508820,0.381762911692,GUARDED_PRODUCTION,false,false,NO_CONVERGENCE,STAGNATION_WINDOW_EXCEEDED,86,true,true,0.126721384883,false,false,false,false,0,58.1723210795,132416,-3.14159265359|2.37713844122|0.814734384113
192,VALID_CAMPAIGN,UNIFORM,-7545226931604452214,3,REVOLUTE_ONLY,-0.0718406943101,-0.360120508820,0.381762911692,UNGUARDED_REFERENCE,true,false,CONVERGED_UNCERTIFIED,NO_GUARDS_OR_FINAL_CERTIFICATION,11,true,false,1.38443403137e-09,false,true,false,true,0,NaN,5625,800.903844243|819.449633003|32.2238092029
193,VALID_CAMPAIGN,NEAR_JOINT_LIMIT,-1541974285006755458,3,REVOLUTE_ONLY,-0.348352548809,0.0303651238838,0.298209743404,GUARDED_PRODUCTION,false,false,NO_CONVERGENCE,STAGNATION_WINDOW_EXCEEDED,7,true,true,0.575957448257,false,false,false,false,0,4.13141047060,11250,-3.14159265359|2.37713844122|0.785298668929
193,VALID_CAMPAIGN,NEAR_JOINT_LIMIT,-1541974285006755458,3,REVOLUTE_ONLY,-0.348352548809,0.0303651238838,0.298209743404,UNGUARDED_REFERENCE,true,false,CONVERGED_UNCERTIFIED,NO_GUARDS_OR_FINAL_CERTIFICATION,8,true,false,4.37511137651e-09,false,true,false,true,0,NaN,3125,799.172903907|819.555842247|31.8832384891
194,VALID_CAMPAIGN,NEAR_SINGULARITY,3963115181492741944,3,REVOLUTE_ONLY,1.20360000122,-0.0799999580359,0.160000016409,GUARDED_PRODUCTION,true,true,SUCCESS,NONE,80,true,true,1.78748786219e-08,false,false,false,false,0,4.03092893088,119875,-0.132739597500|0.225034806241|5.34856212841e-08
194,VALID_CAMPAIGN,NEAR_SINGULARITY,3963115181492741944,3,REVOLUTE_ONLY,1.20360000122,-0.0799999580359,0.160000016409,UNGUARDED_REFERENCE,true,false,CONVERGED_UNCERTIFIED,NO_GUARDS_OR_FINAL_CERTIFICATION,17,true,false,2.12586150295e-08,false,true,false,true,0,NaN,8416,772.699053125|879.870977914|31.4159265894
195,VALID_CAMPAIGN,MICRO_MOTION,1247563083846193351,3,REVOLUTE_ONLY,1.20360001345,-0.0799995383945,0.160000180503,GUARDED_PRODUCTION,true,true,SUCCESS,NONE,1,true,true,4.50500428327e-07,false,false,false,false,0,NaN,2667,-0.132739597500|0.225034806241|5.34856212841e-08
195,VALID_CAMPAIGN,MICRO_MOTION,1247563083846193351,3,REVOLUTE_ONLY,1.20360001345,-0.0799995383945,0.160000180503,UNGUARDED_REFERENCE,true,false,CONVERGED_UNCERTIFIED,NO_GUARDS_OR_FINAL_CERTIFICATION,1,true,false,4.50662335076e-07,false,true,false,true,0,NaN,500,772.699053125|879.870977914|31.4159265894
196,ADVERSARIAL_PROBES,NON_FINITE_TARGET,-2760221437869798223,3,REVOLUTE_ONLY,NaN,-0.0800000000000,0.160000000000,GUARDED_PRODUCTION,false,false,INVALID_INPUT,INVALID_TARGET,0,true,true,NaN,false,false,false,false,0,NaN,2792,0.00000000000|0.00000000000|0.00000000000
196,ADVERSARIAL_PROBES,NON_FINITE_TARGET,-2760221437869798223,3,REVOLUTE_ONLY,NaN,-0.0800000000000,0.160000000000,UNGUARDED_REFERENCE,false,false,MAX_ITERATIONS_UNCERTIFIED,NO_GUARDS_OR_FINAL_CERTIFICATION,800,false,false,NaN,true,false,false,true,0,NaN,297875,NaN|NaN|NaN
197,ADVERSARIAL_PROBES,INFINITE_TARGET,1819372257635409273,3,REVOLUTE_ONLY,1.20360000000,-0.0800000000000,Infinity,GUARDED_PRODUCTION,false,false,INVALID_INPUT,INVALID_TARGET,0,true,true,Infinity,false,false,false,false,0,NaN,1834,0.00000000000|0.00000000000|0.00000000000
197,ADVERSARIAL_PROBES,INFINITE_TARGET,1819372257635409273,3,REVOLUTE_ONLY,1.20360000000,-0.0800000000000,Infinity,UNGUARDED_REFERENCE,false,false,MAX_ITERATIONS_UNCERTIFIED,NO_GUARDS_OR_FINAL_CERTIFICATION,800,false,false,NaN,true,false,false,true,0,NaN,290916,NaN|NaN|NaN
198,ADVERSARIAL_PROBES,NON_FINITE_INITIAL_STATE,-5115384432960235701,3,REVOLUTE_ONLY,1.20360000000,-0.0800000000000,0.160000000000,GUARDED_PRODUCTION,false,false,INVALID_INPUT,INVALID_INITIAL_STATE,0,true,true,0.00000000000,false,false,false,false,0,NaN,5500,0.00000000000|0.00000000000|0.00000000000
198,ADVERSARIAL_PROBES,NON_FINITE_INITIAL_STATE,-5115384432960235701,3,REVOLUTE_ONLY,1.20360000000,-0.0800000000000,0.160000000000,UNGUARDED_REFERENCE,false,false,MAX_ITERATIONS_UNCERTIFIED,NO_GUARDS_OR_FINAL_CERTIFICATION,800,false,false,NaN,true,false,false,true,0,NaN,285083,NaN|NaN|NaN
199,ADVERSARIAL_PROBES,OVERFLOWING_GEOMETRY,-398378175964857584,3,REVOLUTE_ONLY,0.00000000000,0.00000000000,0.00000000000,GUARDED_PRODUCTION,false,false,NUMERICAL_FAILURE,OUTPUT_VALIDATION_FAILED,1,true,true,Infinity,false,false,false,false,0,NaN,4000,0.00000000000|0.00000000000|0.00000000000
199,ADVERSARIAL_PROBES,OVERFLOWING_GEOMETRY,-398378175964857584,3,REVOLUTE_ONLY,0.00000000000,0.00000000000,0.00000000000,UNGUARDED_REFERENCE,false,false,MAX_ITERATIONS_UNCERTIFIED,NO_GUARDS_OR_FINAL_CERTIFICATION,800,false,false,NaN,true,false,false,true,0,NaN,283833,NaN|NaN|NaN
200,VALID_CAMPAIGN,UNIFORM,4570588371617641616,3,PRISMATIC_ONLY,0.180000000000,-0.300391537888,0.252615895393,GUARDED_PRODUCTION,true,true,SUCCESS_WITH_WARNING,CRITICAL_SINGULARITY_DAMPED,48,true,true,6.85183472472e-08,false,false,false,false,0,Infinity,54125,0.126307981595|0.126307981595|0.300391527980
200,VALID_CAMPAIGN,UNIFORM,4570588371617641616,3,PRISMATIC_ONLY,0.180000000000,-0.300391537888,0.252615895393,UNGUARDED_REFERENCE,true,true,CONVERGED_UNCERTIFIED,NO_GUARDS_OR_FINAL_CERTIFICATION,3,true,true,1.44239712017e-07,false,false,false,false,0,NaN,1417,0.126308019775|0.126308019775|0.300391533024
201,VALID_CAMPAIGN,NEAR_JOINT_LIMIT,3752757878863370698,3,PRISMATIC_ONLY,0.180000000000,-0.574999994450,0.595000000000,GUARDED_PRODUCTION,true,true,SUCCESS_WITH_WARNING,CRITICAL_SINGULARITY_DAMPED,70,true,true,8.75861544495e-07,false,false,false,false,0,Infinity,77875,0.297499969026|0.297499969026|0.574999120782
201,VALID_CAMPAIGN,NEAR_JOINT_LIMIT,3752757878863370698,3,PRISMATIC_ONLY,0.180000000000,-0.574999994450,0.595000000000,UNGUARDED_REFERENCE,true,true,CONVERGED_UNCERTIFIED,NO_GUARDS_OR_FINAL_CERTIFICATION,3,true,true,4.83859542931e-07,false,false,false,false,0,NaN,1083,0.297499927921|0.297499927921|0.574999532564
202,VALID_CAMPAIGN,NEAR_SINGULARITY,1127880278772350182,3,PRISMATIC_ONLY,0.180000000000,-0.297500005550,0.595000000000,GUARDED_PRODUCTION,true,true,SUCCESS_WITH_WARNING,CRITICAL_SINGULARITY_DAMPED,54,true,true,9.68326773931e-07,false,false,false,false,0,Infinity,60917,0.297500000000|0.297500000000|0.297500973877
202,VALID_CAMPAIGN,NEAR_SINGULARITY,1127880278772350182,3,PRISMATIC_ONLY,0.180000000000,-0.297500005550,0.595000000000,UNGUARDED_REFERENCE,true,true,CONVERGED_UNCERTIFIED,NO_GUARDS_OR_FINAL_CERTIFICATION,3,true,true,4.66748664218e-07,false,false,false,false,0,NaN,1084,0.297500000000|0.297500000000|0.297500472299
203,VALID_CAMPAIGN,MICRO_MOTION,2841825519735004856,3,PRISMATIC_ONLY,0.180000000000,-0.297500061050,0.595000000000,GUARDED_PRODUCTION,true,true,SUCCESS,NONE,1,true,true,9.12826773947e-07,false,false,false,false,0,NaN,2500,0.297500000000|0.297500000000|0.297500973877
203,VALID_CAMPAIGN,MICRO_MOTION,2841825519735004856,3,PRISMATIC_ONLY,0.180000000000,-0.297500061050,0.595000000000,UNGUARDED_REFERENCE,true,true,CONVERGED_UNCERTIFIED,NO_GUARDS_OR_FINAL_CERTIFICATION,1,true,true,4.11248664234e-07,false,false,false,false,0,NaN,458,0.297500000000|0.297500000000|0.297500472299
204,VALID_CAMPAIGN,UNIFORM,238572368516895040,3,PRISMATIC_ONLY,0.180000000000,-0.414318601488,0.558693717314,GUARDED_PRODUCTION,true,true,SUCCESS_WITH_WARNING,CRITICAL_SINGULARITY_DAMPED,26,true,true,5.28072333250e-07,false,false,false,false,0,Infinity,31709,0.279346863481|0.279346863481|0.414318073503
204,VALID_CAMPAIGN,UNIFORM,238572368516895040,3,PRISMATIC_ONLY,0.180000000000,-0.414318601488,0.558693717314,UNGUARDED_REFERENCE,true,true,CONVERGED_UNCERTIFIED,NO_GUARDS_OR_FINAL_CERTIFICATION,3,true,true,1.97079491288e-07,false,false,false,false,0,NaN,1000,0.279346866300|0.279346866300|0.414318405002
205,VALID_CAMPAIGN,NEAR_JOINT_LIMIT,5664852865714305685,3,PRISMATIC_ONLY,0.180000000000,-0.0200000055500,0.595000000000,GUARDED_PRODUCTION,true,true,SUCCESS_WITH_WARNING,CRITICAL_SINGULARITY_DAMPED,76,true,true,1.93878291324e-07,false,false,false,false,0,Infinity,81167,0.297499999643|0.297499999643|0.0200001994270
205,VALID_CAMPAIGN,NEAR_JOINT_LIMIT,5664852865714305685,3,PRISMATIC_ONLY,0.180000000000,-0.0200000055500,0.595000000000,UNGUARDED_REFERENCE,true,true,CONVERGED_UNCERTIFIED,NO_GUARDS_OR_FINAL_CERTIFICATION,3,true,true,6.63411800464e-07,false,false,false,false,0,NaN,1000,0.297499992357|0.297499992357|0.0200006687857
206,VALID_CAMPAIGN,NEAR_SINGULARITY,4066320351026888658,3,PRISMATIC_ONLY,0.180000000000,-0.297500005550,0.595000000000,GUARDED_PRODUCTION,true,true,SUCCESS_WITH_WARNING,CRITICAL_SINGULARITY_DAMPED,54,true,true,9.68447335215e-07,false,false,false,false,0,Infinity,57875,0.297500000000|0.297500000000|0.297499037103
206,VALID_CAMPAIGN,NEAR_SINGULARITY,4066320351026888658,3,PRISMATIC_ONLY,0.180000000000,-0.297500005550,0.595000000000,UNGUARDED_REFERENCE,true,true,CONVERGED_UNCERTIFIED,NO_GUARDS_OR_FINAL_CERTIFICATION,3,true,true,4.66748334260e-07,false,false,false,false,0,NaN,958,0.297500000000|0.297500000000|0.297499538802
207,VALID_CAMPAIGN,MICRO_MOTION,348547164360168993,3,PRISMATIC_ONLY,0.180000000000,-0.297500061050,0.595000000000,GUARDED_PRODUCTION,true,true,SUCCESS_WITH_WARNING,CRITICAL_SINGULARITY_DAMPED,2,true,true,1.17686641488e-07,false,false,false,false,0,Infinity,3708,0.297500000000|0.297500000000|0.297499943363
207,VALID_CAMPAIGN,MICRO_MOTION,348547164360168993,3,PRISMATIC_ONLY,0.180000000000,-0.297500061050,0.595000000000,UNGUARDED_REFERENCE,true,true,CONVERGED_UNCERTIFIED,NO_GUARDS_OR_FINAL_CERTIFICATION,1,true,true,5.22248334245e-07,false,false,false,false,0,NaN,417,0.297500000000|0.297500000000|0.297499538802
208,VALID_CAMPAIGN,UNIFORM,-3522096245911592338,3,PRISMATIC_ONLY,0.180000000000,-0.178115593307,0.575740643426,GUARDED_PRODUCTION,true,true,SUCCESS_WITH_WARNING,CRITICAL_SINGULARITY_DAMPED,26,true,true,6.27894729562e-07,false,false,false,false,0,Infinity,31000,0.287870324759|0.287870324759|0.178116221172
208,VALID_CAMPAIGN,UNIFORM,-3522096245911592338,3,PRISMATIC_ONLY,0.180000000000,-0.178115593307,0.575740643426,UNGUARDED_REFERENCE,true,true,CONVERGED_UNCERTIFIED,NO_GUARDS_OR_FINAL_CERTIFICATION,3,true,true,2.00965074470e-07,false,false,false,false,0,NaN,1625,0.287870325768|0.287870325768|0.178115794108
209,VALID_CAMPAIGN,NEAR_JOINT_LIMIT,-1301664076685870916,3,PRISMATIC_ONLY,0.180000000000,-0.0200000055500,0.595000000000,GUARDED_PRODUCTION,true,true,SUCCESS_WITH_WARNING,CRITICAL_SINGULARITY_DAMPED,33,true,true,5.75372898769e-07,false,false,false,false,0,Infinity,38125,0.297499997955|0.297499997955|0.0200005809084
209,VALID_CAMPAIGN,NEAR_JOINT_LIMIT,-1301664076685870916,3,PRISMATIC_ONLY,0.180000000000,-0.0200000055500,0.595000000000,UNGUARDED_REFERENCE,true,true,CONVERGED_UNCERTIFIED,NO_GUARDS_OR_FINAL_CERTIFICATION,3,true,true,2.66071195728e-07,false,false,false,false,0,NaN,958,0.297499995946|0.297499995946|0.0200002714976
210,VALID_CAMPAIGN,NEAR_SINGULARITY,-5733094787255786018,3,PRISMATIC_ONLY,0.180000000000,-0.297500005550,0.595000000000,GUARDED_PRODUCTION,true,true,SUCCESS_WITH_WARNING,CRITICAL_SINGULARITY_DAMPED,54,true,true,9.68380766297e-07,false,false,false,false,0,Infinity,60084,0.297500000000|0.297500000000|0.297499037169
210,VALID_CAMPAIGN,NEAR_SINGULARITY,-5733094787255786018,3,PRISMATIC_ONLY,0.180000000000,-0.297500005550,0.595000000000,UNGUARDED_REFERENCE,true,true,CONVERGED_UNCERTIFIED,NO_GUARDS_OR_FINAL_CERTIFICATION,3,true,true,4.66749002503e-07,false,false,false,false,0,NaN,1041,0.297500000000|0.297500000000|0.297499538801
211,VALID_CAMPAIGN,MICRO_MOTION,-3793077424697390799,3,PRISMATIC_ONLY,0.180000000000,-0.297500061050,0.595000000000,GUARDED_PRODUCTION,true,true,SUCCESS_WITH_WARNING,CRITICAL_SINGULARITY_DAMPED,2,true,true,1.17678990441e-07,false,false,false,false,0,Infinity,4000,0.297500000000|0.297500000000|0.297499943371
211,VALID_CAMPAIGN,MICRO_MOTION,-3793077424697390799,3,PRISMATIC_ONLY,0.180000000000,-0.297500061050,0.595000000000,UNGUARDED_REFERENCE,true,true,CONVERGED_UNCERTIFIED,NO_GUARDS_OR_FINAL_CERTIFICATION,1,true,true,5.22249002488e-07,false,false,false,false,0,NaN,417,0.297500000000|0.297500000000|0.297499538801
212,VALID_CAMPAIGN,UNIFORM,-6052411742625004268,3,PRISMATIC_ONLY,0.180000000000,-0.402025825433,0.569791022543,GUARDED_PRODUCTION,true,true,SUCCESS_WITH_WARNING,CRITICAL_SINGULARITY_DAMPED,24,true,true,1.21986712050e-07,false,false,false,false,0,Infinity,29875,0.284895511774|0.284895511774|0.402025703451
212,VALID_CAMPAIGN,UNIFORM,-6052411742625004268,3,PRISMATIC_ONLY,0.180000000000,-0.402025825433,0.569791022543,UNGUARDED_REFERENCE,true,true,CONVERGED_UNCERTIFIED,NO_GUARDS_OR_FINAL_CERTIFICATION,3,true,true,1.76131221048e-07,false,false,false,false,0,NaN,1000,0.284895516578|0.284895516578|0.402025649622
213,VALID_CAMPAIGN,NEAR_JOINT_LIMIT,-3415788755059389382,3,PRISMATIC_ONLY,0.180000000000,-0.0200000055500,0.595000000000,GUARDED_PRODUCTION,true,true,SUCCESS_WITH_WARNING,CRITICAL_SINGULARITY_DAMPED,73,true,true,8.79930080252e-07,false,false,false,false,0,Infinity,78083,0.297499998369|0.297499998369|0.0200008854740
213,VALID_CAMPAIGN,NEAR_JOINT_LIMIT,-3415788755059389382,3,PRISMATIC_ONLY,0.180000000000,-0.0200000055500,0.595000000000,UNGUARDED_REFERENCE,true,true,CONVERGED_UNCERTIFIED,NO_GUARDS_OR_FINAL_CERTIFICATION,3,true,true,6.42647149387e-07,false,false,false,false,0,NaN,958,0.297499994693|0.297499994693|0.0200006481095
214,VALID_CAMPAIGN,NEAR_SINGULARITY,-2318513605579258893,3,PRISMATIC_ONLY,0.180000000000,-0.297500005550,0.595000000000,GUARDED_PRODUCTION,true,true,SUCCESS_WITH_WARNING,CRITICAL_SINGULARITY_DAMPED,54,true,true,9.68327619255e-07,false,false,false,false,0,Infinity,58125,0.297500000000|0.297500000000|0.297499037222
214,VALID_CAMPAIGN,NEAR_SINGULARITY,-2318513605579258893,3,PRISMATIC_ONLY,0.180000000000,-0.297500005550,0.595000000000,UNGUARDED_REFERENCE,true,true,CONVERGED_UNCERTIFIED,NO_GUARDS_OR_FINAL_CERTIFICATION,3,true,true,4.66748369066e-07,false,false,false,false,0,NaN,958,0.297500000000|0.297500000000|0.297499538802
215,VALID_CAMPAIGN,MICRO_MOTION,4172494889718723836,3,PRISMATIC_ONLY,0.180000000000,-0.297500061050,0.595000000000,GUARDED_PRODUCTION,true,true,SUCCESS_WITH_WARNING,CRITICAL_SINGULARITY_DAMPED,2,true,true,1.17672882050e-07,false,false,false,false,0,Infinity,3584,0.297500000000|0.297500000000|0.297499943377
215,VALID_CAMPAIGN,MICRO_MOTION,4172494889718723836,3,PRISMATIC_ONLY,0.180000000000,-0.297500061050,0.595000000000,UNGUARDED_REFERENCE,true,true,CONVERGED_UNCERTIFIED,NO_GUARDS_OR_FINAL_CERTIFICATION,1,true,true,5.22248369050e-07,false,false,false,false,0,NaN,375,0.297500000000|0.297500000000|0.297499538802
216,VALID_CAMPAIGN,UNIFORM,-8885820842446904065,3,PRISMATIC_ONLY,0.180000000000,-0.396861238974,0.565515268841,GUARDED_PRODUCTION,true,true,SUCCESS_WITH_WARNING,CRITICAL_SINGULARITY_DAMPED,23,true,true,2.82475921169e-07,false,false,false,false,0,Infinity,26250,0.282757636605|0.282757636605|0.396860956532
216,VALID_CAMPAIGN,UNIFORM,-8885820842446904065,3,PRISMATIC_ONLY,0.180000000000,-0.396861238974,0.565515268841,UNGUARDED_REFERENCE,true,true,CONVERGED_UNCERTIFIED,NO_GUARDS_OR_FINAL_CERTIFICATION,3,true,true,1.67584831045e-07,false,false,false,false,0,NaN,958,0.282757640627|0.282757640627|0.396861071850
217,VALID_CAMPAIGN,NEAR_JOINT_LIMIT,4088198248016681498,3,PRISMATIC_ONLY,0.180000000000,-0.0200000055500,0.595000000000,GUARDED_PRODUCTION,true,true,SUCCESS_WITH_WARNING,CRITICAL_SINGULARITY_DAMPED,72,true,true,9.75131300550e-07,false,false,false,false,0,Infinity,79291,0.297499997828|0.297499997828|0.0200009806716
217,VALID_CAMPAIGN,NEAR_JOINT_LIMIT,4088198248016681498,3,PRISMATIC_ONLY,0.180000000000,-0.0200000055500,0.595000000000,UNGUARDED_REFERENCE,true,true,CONVERGED_UNCERTIFIED,NO_GUARDS_OR_FINAL_CERTIFICATION,3,true,true,6.33994329918e-07,false,false,false,false,0,NaN,959,0.297499993793|0.297499993793|0.0200006394228
218,VALID_CAMPAIGN,NEAR_SINGULARITY,838969742537218139,3,PRISMATIC_ONLY,0.180000000000,-0.297500005550,0.595000000000,GUARDED_PRODUCTION,true,true,SUCCESS_WITH_WARNING,CRITICAL_SINGULARITY_DAMPED,54,true,true,9.68311007155e-07,false,false,false,false,0,Infinity,57375,0.297500000000|0.297500000000|0.297499037239
218,VALID_CAMPAIGN,NEAR_SINGULARITY,838969742537218139,3,PRISMATIC_ONLY,0.180000000000,-0.297500005550,0.595000000000,UNGUARDED_REFERENCE,true,true,CONVERGED_UNCERTIFIED,NO_GUARDS_OR_FINAL_CERTIFICATION,3,true,true,4.66748383665e-07,false,false,false,false,0,NaN,958,0.297500000000|0.297500000000|0.297499538802
219,VALID_CAMPAIGN,MICRO_MOTION,-6159407476896109220,3,PRISMATIC_ONLY,0.180000000000,-0.297500061050,0.595000000000,GUARDED_PRODUCTION,true,true,SUCCESS_WITH_WARNING,CRITICAL_SINGULARITY_DAMPED,2,true,true,1.17670972744e-07,false,false,false,false,0,Infinity,4750,0.297500000000|0.297500000000|0.297499943379
219,VALID_CAMPAIGN,MICRO_MOTION,-6159407476896109220,3,PRISMATIC_ONLY,0.180000000000,-0.297500061050,0.595000000000,UNGUARDED_REFERENCE,true,true,CONVERGED_UNCERTIFIED,NO_GUARDS_OR_FINAL_CERTIFICATION,1,true,true,5.22248383650e-07,false,false,false,false,0,NaN,375,0.297500000000|0.297500000000|0.297499538802
220,VALID_CAMPAIGN,UNIFORM,-812388976990852246,3,PRISMATIC_ONLY,0.180000000000,-0.183194022895,0.657174972049,GUARDED_PRODUCTION,true,true,SUCCESS_WITH_WARNING,CRITICAL_SINGULARITY_DAMPED,26,true,true,9.91544601743e-07,false,false,false,false,0,Infinity,30250,0.328587468835|0.328587468835|0.183195013843
220,VALID_CAMPAIGN,UNIFORM,-812388976990852246,3,PRISMATIC_ONLY,0.180000000000,-0.183194022895,0.657174972049,UNGUARDED_REFERENCE,true,true,CONVERGED_UNCERTIFIED,NO_GUARDS_OR_FINAL_CERTIFICATION,3,true,true,1.94033628193e-07,false,false,false,false,0,NaN,958,0.328587472935|0.328587472935|0.183194215154
221,VALID_CAMPAIGN,NEAR_JOINT_LIMIT,-3099242701145390272,3,PRISMATIC_ONLY,0.180000000000,-0.574999994450,1.14999998890,GUARDED_PRODUCTION,true,true,SUCCESS_WITH_WARNING,CRITICAL_SINGULARITY_DAMPED,99,true,true,7.19352045349e-07,false,false,false,false,0,Infinity,103375,0.574999971711|0.574999971711|0.574999276537
221,VALID_CAMPAIGN,NEAR_JOINT_LIMIT,-3099242701145390272,3,PRISMATIC_ONLY,0.180000000000,-0.574999994450,1.14999998890,UNGUARDED_REFERENCE,true,true,CONVERGED_UNCERTIFIED,NO_GUARDS_OR_FINAL_CERTIFICATION,3,true,true,6.90904891858e-07,false,false,false,false,0,NaN,958,0.574999890700|0.574999890700|0.574999335440
222,VALID_CAMPAIGN,NEAR_SINGULARITY,4758287062644530990,3,PRISMATIC_ONLY,0.180000000000,-0.297500005550,0.595000000000,GUARDED_PRODUCTION,true,true,SUCCESS_WITH_WARNING,CRITICAL_SINGULARITY_DAMPED,91,true,true,6.36599548165e-07,false,false,false,false,0,Infinity,97750,0.297500032739|0.297500032739|0.297500638773
222,VALID_CAMPAIGN,NEAR_SINGULARITY,4758287062644530990,3,PRISMATIC_ONLY,0.180000000000,-0.297500005550,0.595000000000,UNGUARDED_REFERENCE,true,true,CONVERGED_UNCERTIFIED,NO_GUARDS_OR_FINAL_CERTIFICATION,3,true,true,5.21976243201e-07,false,false,false,false,0,NaN,1125,0.297500116839|0.297500116839|0.297500472298
223,VALID_CAMPAIGN,MICRO_MOTION,8519831651486181453,3,PRISMATIC_ONLY,0.180000000000,-0.297500061050,0.595000000000,GUARDED_PRODUCTION,true,true,SUCCESS,NONE,1,true,true,5.81421937750e-07,false,false,false,false,0,NaN,2542,0.297500032739|0.297500032739|0.297500638773
223,VALID_CAMPAIGN,MICRO_MOTION,8519831651486181453,3,PRISMATIC_ONLY,0.180000000000,-0.297500061050,0.595000000000,UNGUARDED_REFERENCE,true,true,CONVERGED_UNCERTIFIED,NO_GUARDS_OR_FINAL_CERTIFICATION,1,true,true,4.73001462529e-07,false,false,false,false,0,NaN,375,0.297500116839|0.297500116839|0.297500472298
224,VALID_CAMPAIGN,UNIFORM,-8742140682020374185,3,PRISMATIC_ONLY,0.180000000000,-0.474170139567,0.383371357394,GUARDED_PRODUCTION,true,true,SUCCESS_WITH_WARNING,CRITICAL_SINGULARITY_DAMPED,46,true,true,6.09024504023e-07,false,false,false,false,0,Infinity,51625,0.191685700104|0.191685700104|0.474169532049
224,VALID_CAMPAIGN,UNIFORM,-8742140682020374185,3,PRISMATIC_ONLY,0.180000000000,-0.474170139567,0.383371357394,UNGUARDED_REFERENCE,true,true,CONVERGED_UNCERTIFIED,NO_GUARDS_OR_FINAL_CERTIFICATION,3,true,true,3.10226685458e-07,false,false,false,false,0,NaN,1000,0.191685723249|0.191685723249|0.474169842412
225,VALID_CAMPAIGN,NEAR_JOINT_LIMIT,8697451957258563676,3,PRISMATIC_ONLY,0.180000000000,-0.574999994450,1.14999998890,GUARDED_PRODUCTION,true,true,SUCCESS_WITH_WARNING,CRITICAL_SINGULARITY_DAMPED,104,true,true,1.34596270471e-07,false,false,false,false,0,Infinity,109834,0.574999972578|0.574999972578|0.574999867161
225,VALID_CAMPAIGN,NEAR_JOINT_LIMIT,8697451957258563676,3,PRISMATIC_ONLY,0.180000000000,-0.574999994450,1.14999998890,UNGUARDED_REFERENCE,true,true,CONVERGED_UNCERTIFIED,NO_GUARDS_OR_FINAL_CERTIFICATION,3,true,true,3.64623744034e-07,false,false,false,false,0,NaN,1042,0.574999833059|0.574999833059|0.574999824856
226,VALID_CAMPAIGN,NEAR_SINGULARITY,-5587364420630655070,3,PRISMATIC_ONLY,0.180000000000,-0.297500005550,0.595000000000,GUARDED_PRODUCTION,true,true,SUCCESS_WITH_WARNING,CRITICAL_SINGULARITY_DAMPED,91,true,true,6.36642826500e-07,false,false,false,false,0,Infinity,94750,0.297500032742|0.297500032742|0.297500638816
226,VALID_CAMPAIGN,NEAR_SINGULARITY,-5587364420630655070,3,PRISMATIC_ONLY,0.180000000000,-0.297500005550,0.595000000000,UNGUARDED_REFERENCE,true,true,CONVERGED_UNCERTIFIED,NO_GUARDS_OR_FINAL_CERTIFICATION,3,true,true,5.21976993345e-07,false,false,false,false,0,NaN,1000,0.297500116839|0.297500116839|0.297500472299
227,VALID_CAMPAIGN,MICRO_MOTION,-1995505816366794381,3,PRISMATIC_ONLY,0.180000000000,-0.297500061050,0.595000000000,GUARDED_PRODUCTION,true,true,SUCCESS,NONE,1,true,true,5.81465217153e-07,false,false,false,false,0,NaN,2416,0.297500032742|0.297500032742|0.297500638816
227,VALID_CAMPAIGN,MICRO_MOTION,-1995505816366794381,3,PRISMATIC_ONLY,0.180000000000,-0.297500061050,0.595000000000,UNGUARDED_REFERENCE,true,true,CONVERGED_UNCERTIFIED,NO_GUARDS_OR_FINAL_CERTIFICATION,1,true,true,4.73002193749e-07,false,false,false,false,0,NaN,375,0.297500116839|0.297500116839|0.297500472299
228,VALID_CAMPAIGN,UNIFORM,-1741233053854289179,3,PRISMATIC_ONLY,0.180000000000,-0.442965181964,0.841484875478,GUARDED_PRODUCTION,true,true,SUCCESS_WITH_WARNING,CRITICAL_SINGULARITY_DAMPED,45,true,true,6.67368347240e-07,false,false,false,false,0,Infinity,50750,0.420742403701|0.420742403701|0.442964518077
228,VALID_CAMPAIGN,UNIFORM,-1741233053854289179,3,PRISMATIC_ONLY,0.180000000000,-0.442965181964,0.841484875478,UNGUARDED_REFERENCE,true,true,CONVERGED_UNCERTIFIED,NO_GUARDS_OR_FINAL_CERTIFICATION,3,true,true,2.65768876599e-07,false,false,false,false,0,NaN,1125,0.420742385849|0.420742385849|0.442964937295
229,VALID_CAMPAIGN,NEAR_JOINT_LIMIT,2607079870832363444,3,PRISMATIC_ONLY,0.180000000000,-0.0200000055500,1.14999998890,GUARDED_PRODUCTION,true,true,SUCCESS_WITH_WARNING,CRITICAL_SINGULARITY_DAMPED,90,true,true,8.25462489756e-07,false,false,false,false,0,Infinity,95292,0.574999978587|0.574999978587|0.0200008304026
229,VALID_CAMPAIGN,NEAR_JOINT_LIMIT,2607079870832363444,3,PRISMATIC_ONLY,0.180000000000,-0.0200000055500,1.14999998890,UNGUARDED_REFERENCE,true,true,CONVERGED_UNCERTIFIED,NO_GUARDS_OR_FINAL_CERTIFICATION,3,true,true,7.23180292659e-07,false,false,false,false,0,NaN,1000,0.574999929501|0.574999929501|0.0200007169686
230,VALID_CAMPAIGN,NEAR_SINGULARITY,-1341156045320964964,3,PRISMATIC_ONLY,0.180000000000,-0.297500005550,0.595000000000,GUARDED_PRODUCTION,true,true,SUCCESS_WITH_WARNING,CRITICAL_SINGULARITY_DAMPED,91,true,true,6.36593523166e-07,false,false,false,false,0,Infinity,96667,0.297500032739|0.297500032739|0.297499372333
230,VALID_CAMPAIGN,NEAR_SINGULARITY,-1341156045320964964,3,PRISMATIC_ONLY,0.180000000000,-0.297500005550,0.595000000000,UNGUARDED_REFERENCE,true,true,CONVERGED_UNCERTIFIED,NO_GUARDS_OR_FINAL_CERTIFICATION,3,true,true,5.21976186831e-07,false,false,false,false,0,NaN,1000,0.297500116839|0.297500116839|0.297499538802
231,VALID_CAMPAIGN,MICRO_MOTION,-6254531761479314375,3,PRISMATIC_ONLY,0.180000000000,-0.297500061050,0.595000000000,GUARDED_PRODUCTION,true,true,SUCCESS,NONE,1,true,true,6.91822711385e-07,false,false,false,false,0,NaN,2459,0.297500032739|0.297500032739|0.297499372333
231,VALID_CAMPAIGN,MICRO_MOTION,-6254531761479314375,3,PRISMATIC_ONLY,0.180000000000,-0.297500061050,0.595000000000,UNGUARDED_REFERENCE,true,true,CONVERGED_UNCERTIFIED,NO_GUARDS_OR_FINAL_CERTIFICATION,1,true,true,5.72143728197e-07,false,false,false,false,0,NaN,417,0.297500116839|0.297500116839|0.297499538802
232,VALID_CAMPAIGN,UNIFORM,3232396312887365466,3,PRISMATIC_ONLY,0.180000000000,-0.348304761773,0.559605177039,GUARDED_PRODUCTION,true,true,SUCCESS_WITH_WARNING,CRITICAL_SINGULARITY_DAMPED,15,true,true,1.93828432890e-07,false,false,false,false,0,Infinity,18584,0.279802591821|0.279802591821|0.348304568057
232,VALID_CAMPAIGN,UNIFORM,3232396312887365466,3,PRISMATIC_ONLY,0.180000000000,-0.348304761773,0.559605177039,UNGUARDED_REFERENCE,true,true,CONVERGED_UNCERTIFIED,NO_GUARDS_OR_FINAL_CERTIFICATION,3,true,true,8.67431285169e-08,false,false,false,false,0,NaN,1000,0.279802595971|0.279802595971|0.348304676319
233,VALID_CAMPAIGN,NEAR_JOINT_LIMIT,2520439011868627568,3,PRISMATIC_ONLY,0.180000000000,-0.0200000055500,0.595000000000,GUARDED_PRODUCTION,true,true,SUCCESS_WITH_WARNING,CRITICAL_SINGULARITY_DAMPED,64,true,true,3.16107061707e-07,false,false,false,false,0,Infinity,67125,0.297499999170|0.297499999170|0.0200003216527
233,VALID_CAMPAIGN,NEAR_JOINT_LIMIT,2520439011868627568,3,PRISMATIC_ONLY,0.180000000000,-0.0200000055500,0.595000000000,UNGUARDED_REFERENCE,true,true,CONVERGED_UNCERTIFIED,NO_GUARDS_OR_FINAL_CERTIFICATION,3,true,true,5.52402947547e-07,false,false,false,false,0,NaN,958,0.297499992549|0.297499992549|0.0200005577519
234,VALID_CAMPAIGN,NEAR_SINGULARITY,2642451838325726555,3,PRISMATIC_ONLY,0.180000000000,-0.297500005550,0.595000000000,GUARDED_PRODUCTION,true,true,SUCCESS_WITH_WARNING,CRITICAL_SINGULARITY_DAMPED,54,true,true,9.68426006664e-07,false,false,false,false,0,Infinity,60583,0.297500000000|0.297500000000|0.297499037124
234,VALID_CAMPAIGN,NEAR_SINGULARITY,2642451838325726555,3,PRISMATIC_ONLY,0.180000000000,-0.297500005550,0.595000000000,UNGUARDED_REFERENCE,true,true,CONVERGED_UNCERTIFIED,NO_GUARDS_OR_FINAL_CERTIFICATION,3,true,true,4.66748521055e-07,false,false,false,false,0,NaN,958,0.297500000000|0.297500000000|0.297499538801
235,VALID_CAMPAIGN,MICRO_MOTION,-1482537915662532324,3,PRISMATIC_ONLY,0.180000000000,-0.297500061050,0.595000000000,GUARDED_PRODUCTION,true,true,SUCCESS_WITH_WARNING,CRITICAL_SINGULARITY_DAMPED,2,true,true,1.17684190115e-07,false,false,false,false,0,Infinity,3792,0.297500000000|0.297500000000|0.297499943366
235,VALID_CAMPAIGN,MICRO_MOTION,-1482537915662532324,3,PRISMATIC_ONLY,0.180000000000,-0.297500061050,0.595000000000,UNGUARDED_REFERENCE,true,true,CONVERGED_UNCERTIFIED,NO_GUARDS_OR_FINAL_CERTIFICATION,1,true,true,5.22248521040e-07,false,false,false,false,0,NaN,375,0.297500000000|0.297500000000|0.297499538801
236,VALID_CAMPAIGN,UNIFORM,7643281811240907913,3,PRISMATIC_ONLY,0.180000000000,-0.411859233442,0.556127228549,GUARDED_PRODUCTION,true,true,SUCCESS_WITH_WARNING,CRITICAL_SINGULARITY_DAMPED,26,true,true,1.86742015900e-07,false,false,false,false,0,Infinity,29708,0.278063615689|0.278063615689|0.411859046721
236,VALID_CAMPAIGN,UNIFORM,7643281811240907913,3,PRISMATIC_ONLY,0.180000000000,-0.411859233442,0.556127228549,UNGUARDED_REFERENCE,true,true,CONVERGED_UNCERTIFIED,NO_GUARDS_OR_FINAL_CERTIFICATION,3,true,true,1.93045790082e-07,false,false,false,false,0,NaN,1000,0.278063622458|0.278063622458|0.411859041091
237,VALID_CAMPAIGN,NEAR_JOINT_LIMIT,5079556463844880620,3,PRISMATIC_ONLY,0.180000000000,-0.574999994450,0.595000000000,GUARDED_PRODUCTION,true,true,SUCCESS_WITH_WARNING,CRITICAL_SINGULARITY_DAMPED,34,true,true,7.78639004094e-07,false,false,false,false,0,Infinity,38459,0.297499994376|0.297499994376|0.574999215892
237,VALID_CAMPAIGN,NEAR_JOINT_LIMIT,5079556463844880620,3,PRISMATIC_ONLY,0.180000000000,-0.574999994450,0.595000000000,UNGUARDED_REFERENCE,true,true,CONVERGED_UNCERTIFIED,NO_GUARDS_OR_FINAL_CERTIFICATION,3,true,true,2.74887511835e-07,false,false,false,false,0,NaN,1042,0.297499991816|0.297499991816|0.574999720050
238,VALID_CAMPAIGN,NEAR_SINGULARITY,7909081183181778702,3,PRISMATIC_ONLY,0.180000000000,-0.297500005550,0.595000000000,GUARDED_PRODUCTION,true,true,SUCCESS_WITH_WARNING,CRITICAL_SINGULARITY_DAMPED,54,true,true,9.68343370822e-07,false,false,false,false,0,Infinity,59542,0.297500000000|0.297500000000|0.297500973893
238,VALID_CAMPAIGN,NEAR_SINGULARITY,7909081183181778702,3,PRISMATIC_ONLY,0.180000000000,-0.297500005550,0.595000000000,UNGUARDED_REFERENCE,true,true,CONVERGED_UNCERTIFIED,NO_GUARDS_OR_FINAL_CERTIFICATION,3,true,true,4.66748979577e-07,false,false,false,false,0,NaN,917,0.297500000000|0.297500000000|0.297500472299
239,VALID_CAMPAIGN,MICRO_MOTION,4489753661445465140,3,PRISMATIC_ONLY,0.180000000000,-0.297500061050,0.595000000000,GUARDED_PRODUCTION,true,true,SUCCESS,NONE,1,true,true,9.12843370837e-07,false,false,false,false,0,NaN,2459,0.297500000000|0.297500000000|0.297500973893
239,VALID_CAMPAIGN,MICRO_MOTION,4489753661445465140,3,PRISMATIC_ONLY,0.180000000000,-0.297500061050,0.595000000000,UNGUARDED_REFERENCE,true,true,CONVERGED_UNCERTIFIED,NO_GUARDS_OR_FINAL_CERTIFICATION,1,true,true,4.11248979593e-07,false,false,false,false,0,NaN,375,0.297500000000|0.297500000000|0.297500472299
240,VALID_CAMPAIGN,UNIFORM,-6758898863047809879,3,PRISMATIC_ONLY,0.180000000000,-0.228003843100,0.746328946336,GUARDED_PRODUCTION,true,true,SUCCESS_WITH_WARNING,CRITICAL_SINGULARITY_DAMPED,27,true,true,6.13100298844e-07,false,false,false,false,0,Infinity,30333,0.373164430964|0.373164430964|0.228004450362
240,VALID_CAMPAIGN,UNIFORM,-6758898863047809879,3,PRISMATIC_ONLY,0.180000000000,-0.228003843100,0.746328946336,UNGUARDED_REFERENCE,true,true,CONVERGED_UNCERTIFIED,NO_GUARDS_OR_FINAL_CERTIFICATION,3,true,true,1.33129300646e-07,false,false,false,false,0,NaN,1000,0.373164441310|0.373164441310|0.228003959992
241,VALID_CAMPAIGN,NEAR_JOINT_LIMIT,2269248040733855211,3,PRISMATIC_ONLY,0.180000000000,-0.574999994450,0.595000000000,GUARDED_PRODUCTION,true,true,SUCCESS_WITH_WARNING,CRITICAL_SINGULARITY_DAMPED,70,true,true,4.28297850594e-07,false,false,false,false,0,Infinity,74625,0.297500004789|0.297500004789|0.574999566259
241,VALID_CAMPAIGN,NEAR_JOINT_LIMIT,2269248040733855211,3,PRISMATIC_ONLY,0.180000000000,-0.574999994450,0.595000000000,UNGUARDED_REFERENCE,true,true,CONVERGED_UNCERTIFIED,NO_GUARDS_OR_FINAL_CERTIFICATION,3,true,true,5.87108010998e-07,false,false,false,false,0,NaN,958,0.297500031858|0.297500031858|0.574999410810
242,VALID_CAMPAIGN,NEAR_SINGULARITY,-9045569258151349832,3,PRISMATIC_ONLY,0.180000000000,-0.297500005550,0.595000000000,GUARDED_PRODUCTION,true,true,SUCCESS_WITH_WARNING,CRITICAL_SINGULARITY_DAMPED,54,true,true,9.68404510249e-07,false,false,false,false,0,Infinity,57625,0.297500000000|0.297500000000|0.297500973955
242,VALID_CAMPAIGN,NEAR_SINGULARITY,-9045569258151349832,3,PRISMATIC_ONLY,0.180000000000,-0.297500005550,0.595000000000,UNGUARDED_REFERENCE,true,true,CONVERGED_UNCERTIFIED,NO_GUARDS_OR_FINAL_CERTIFICATION,3,true,true,4.66748459438e-07,false,false,false,false,0,NaN,958,0.297500000000|0.297500000000|0.297500472298
243,VALID_CAMPAIGN,MICRO_MOTION,-6702579717878643346,3,PRISMATIC_ONLY,0.180000000000,-0.297500061050,0.595000000000,GUARDED_PRODUCTION,true,true,SUCCESS,NONE,1,true,true,9.12904510264e-07,false,false,false,false,0,NaN,2416,0.297500000000|0.297500000000|0.297500973955
243,VALID_CAMPAIGN,MICRO_MOTION,-6702579717878643346,3,PRISMATIC_ONLY,0.180000000000,-0.297500061050,0.595000000000,UNGUARDED_REFERENCE,true,true,CONVERGED_UNCERTIFIED,NO_GUARDS_OR_FINAL_CERTIFICATION,1,true,true,4.11248459453e-07,false,false,false,false,0,NaN,375,0.297500000000|0.297500000000|0.297500472298
244,VALID_CAMPAIGN,UNIFORM,8568764617337561243,3,PRISMATIC_ONLY,0.180000000000,-0.215037551022,0.631476192208,GUARDED_PRODUCTION,true,true,SUCCESS_WITH_WARNING,CRITICAL_SINGULARITY_DAMPED,20,true,true,5.37848708932e-07,false,false,false,false,0,Infinity,24291,0.315738088926|0.315738088926|0.215038088679
244,VALID_CAMPAIGN,UNIFORM,8568764617337561243,3,PRISMATIC_ONLY,0.180000000000,-0.215037551022,0.631476192208,UNGUARDED_REFERENCE,true,true,CONVERGED_UNCERTIFIED,NO_GUARDS_OR_FINAL_CERTIFICATION,3,true,true,1.39548665739e-07,false,false,false,false,0,NaN,958,0.315738088425|0.315738088425|0.215037689723
245,VALID_CAMPAIGN,NEAR_JOINT_LIMIT,6165117275503051150,3,PRISMATIC_ONLY,0.180000000000,-0.574999994450,0.0400000111000,GUARDED_PRODUCTION,true,true,SUCCESS_WITH_WARNING,CRITICAL_SINGULARITY_DAMPED,104,true,true,7.04723034589e-07,false,false,false,false,0,Infinity,109417,0.0200000341527|0.0200000341527|0.574999292053
245,VALID_CAMPAIGN,NEAR_JOINT_LIMIT,6165117275503051150,3,PRISMATIC_ONLY,0.180000000000,-0.574999994450,0.0400000111000,UNGUARDED_REFERENCE,true,true,CONVERGED_UNCERTIFIED,NO_GUARDS_OR_FINAL_CERTIFICATION,3,true,true,6.54666146383e-07,false,false,false,false,0,NaN,1000,0.0200001300678|0.0200001300678|0.574999389001
246,VALID_CAMPAIGN,NEAR_SINGULARITY,7509636432752430431,3,PRISMATIC_ONLY,0.180000000000,-0.297500005550,0.595000000000,GUARDED_PRODUCTION,true,true,SUCCESS_WITH_WARNING,CRITICAL_SINGULARITY_DAMPED,91,true,true,6.36599848023e-07,false,false,false,false,0,Infinity,95583,0.297499967261|0.297499967261|0.297500638773
246,VALID_CAMPAIGN,NEAR_SINGULARITY,7509636432752430431,3,PRISMATIC_ONLY,0.180000000000,-0.297500005550,0.595000000000,UNGUARDED_REFERENCE,true,true,CONVERGED_UNCERTIFIED,NO_GUARDS_OR_FINAL_CERTIFICATION,3,true,true,5.21976329329e-07,false,false,false,false,0,NaN,1000,0.297499883161|0.297499883161|0.297500472298
247,VALID_CAMPAIGN,MICRO_MOTION,217838362708016784,3,PRISMATIC_ONLY,0.180000000000,-0.297500061050,0.595000000000,GUARDED_PRODUCTION,true,true,SUCCESS,NONE,1,true,true,5.81422237573e-07,false,false,false,false,0,NaN,2459,0.297499967261|0.297499967261|0.297500638773
247,VALID_CAMPAIGN,MICRO_MOTION,217838362708016784,3,PRISMATIC_ONLY,0.180000000000,-0.297500061050,0.595000000000,UNGUARDED_REFERENCE,true,true,CONVERGED_UNCERTIFIED,NO_GUARDS_OR_FINAL_CERTIFICATION,1,true,true,4.73001547004e-07,false,false,false,false,0,NaN,417,0.297499883161|0.297499883161|0.297500472298
248,VALID_CAMPAIGN,UNIFORM,1729632059296716918,3,PRISMATIC_ONLY,0.180000000000,-0.161214853386,0.482470289465,GUARDED_PRODUCTION,true,true,SUCCESS_WITH_WARNING,CRITICAL_SINGULARITY_DAMPED,33,true,true,3.99251244818e-07,false,false,false,false,0,Infinity,36750,0.241235153976|0.241235153976|0.161215252209
248,VALID_CAMPAIGN,UNIFORM,1729632059296716918,3,PRISMATIC_ONLY,0.180000000000,-0.161214853386,0.482470289465,UNGUARDED_REFERENCE,true,true,CONVERGED_UNCERTIFIED,NO_GUARDS_OR_FINAL_CERTIFICATION,3,true,true,2.34074916636e-07,false,false,false,false,0,NaN,959,0.241235168422|0.241235168422|0.161215082616
249,VALID_CAMPAIGN,NEAR_JOINT_LIMIT,1651121313717525933,3,PRISMATIC_ONLY,0.180000000000,-0.0200000055500,1.14999998890,GUARDED_PRODUCTION,true,true,SUCCESS_WITH_WARNING,CRITICAL_SINGULARITY_DAMPED,93,true,true,3.73797605754e-07,false,false,false,false,0,Infinity,98500,0.574999950499|0.574999950499|0.0200003688654
249,VALID_CAMPAIGN,NEAR_JOINT_LIMIT,1651121313717525933,3,PRISMATIC_ONLY,0.180000000000,-0.0200000055500,1.14999998890,UNGUARDED_REFERENCE,true,true,CONVERGED_UNCERTIFIED,NO_GUARDS_OR_FINAL_CERTIFICATION,3,true,true,3.67980202907e-07,false,false,false,false,0,NaN,1041,0.574999853921|0.574999853921|0.0200002430709
250,VALID_CAMPAIGN,NEAR_SINGULARITY,2732988700421324863,3,PRISMATIC_ONLY,0.180000000000,-0.297500005550,0.595000000000,GUARDED_PRODUCTION,true,true,SUCCESS_WITH_WARNING,CRITICAL_SINGULARITY_DAMPED,91,true,true,6.36623252417e-07,false,false,false,false,0,Infinity,96416,0.297500032741|0.297500032741|0.297499372303
250,VALID_CAMPAIGN,NEAR_SINGULARITY,2732988700421324863,3,PRISMATIC_ONLY,0.180000000000,-0.297500005550,0.595000000000,UNGUARDED_REFERENCE,true,true,CONVERGED_UNCERTIFIED,NO_GUARDS_OR_FINAL_CERTIFICATION,3,true,true,5.21976924679e-07,false,false,false,false,0,NaN,958,0.297500116839|0.297500116839|0.297499538801
251,VALID_CAMPAIGN,MICRO_MOTION,-6374286025655211423,3,PRISMATIC_ONLY,0.180000000000,-0.297500061050,0.595000000000,GUARDED_PRODUCTION,true,true,SUCCESS,NONE,1,true,true,6.91852437971e-07,false,false,false,false,0,NaN,2417,0.297500032741|0.297500032741|0.297499372303
251,VALID_CAMPAIGN,MICRO_MOTION,-6374286025655211423,3,PRISMATIC_ONLY,0.180000000000,-0.297500061050,0.595000000000,UNGUARDED_REFERENCE,true,true,CONVERGED_UNCERTIFIED,NO_GUARDS_OR_FINAL_CERTIFICATION,1,true,true,5.72144478669e-07,false,false,false,false,0,NaN,375,0.297500116839|0.297500116839|0.297499538801
252,VALID_CAMPAIGN,UNIFORM,5034795047647036846,3,PRISMATIC_ONLY,0.180000000000,-0.409806968837,0.848303310250,GUARDED_PRODUCTION,true,true,SUCCESS_WITH_WARNING,CRITICAL_SINGULARITY_DAMPED,42,true,true,7.83146154452e-07,false,false,false,false,0,Infinity,46292,0.424151593833|0.424151593833|0.409806195345
252,VALID_CAMPAIGN,UNIFORM,5034795047647036846,3,PRISMATIC_ONLY,0.180000000000,-0.409806968837,0.848303310250,UNGUARDED_REFERENCE,true,true,CONVERGED_UNCERTIFIED,NO_GUARDS_OR_FINAL_CERTIFICATION,3,true,true,2.16926702089e-07,false,false,false,false,0,NaN,1000,0.424151601800|0.424151601800|0.409806779939
253,VALID_CAMPAIGN,NEAR_JOINT_LIMIT,1499681671270039285,3,PRISMATIC_ONLY,0.180000000000,-0.574999994450,0.595000000000,GUARDED_PRODUCTION,true,true,SUCCESS_WITH_WARNING,CRITICAL_SINGULARITY_DAMPED,48,true,true,7.01088203105e-07,false,false,false,false,0,Infinity,52167,0.297500032124|0.297500032124|0.574999296312
253,VALID_CAMPAIGN,NEAR_JOINT_LIMIT,1499681671270039285,3,PRISMATIC_ONLY,0.180000000000,-0.574999994450,0.595000000000,UNGUARDED_REFERENCE,true,true,CONVERGED_UNCERTIFIED,NO_GUARDS_OR_FINAL_CERTIFICATION,3,true,true,2.97617190362e-07,false,false,false,false,0,NaN,958,0.297500053325|0.297500053325|0.574999716598
254,VALID_CAMPAIGN,NEAR_SINGULARITY,-2198830676509355436,3,PRISMATIC_ONLY,0.180000000000,-0.297500005550,0.595000000000,GUARDED_PRODUCTION,true,true,SUCCESS_WITH_WARNING,CRITICAL_SINGULARITY_DAMPED,54,true,true,9.68357404096e-07,false,false,false,false,0,Infinity,57833,0.297500000000|0.297500000000|0.297500973907
254,VALID_CAMPAIGN,NEAR_SINGULARITY,-2198830676509355436,3,PRISMATIC_ONLY,0.180000000000,-0.297500005550,0.595000000000,UNGUARDED_REFERENCE,true,true,CONVERGED_UNCERTIFIED,NO_GUARDS_OR_FINAL_CERTIFICATION,3,true,true,4.66748973749e-07,false,false,false,false,0,NaN,917,0.297500000000|0.297500000000|0.297500472299
255,VALID_CAMPAIGN,MICRO_MOTION,4308409275268509152,3,PRISMATIC_ONLY,0.180000000000,-0.297500061050,0.595000000000,GUARDED_PRODUCTION,true,true,SUCCESS,NONE,1,true,true,9.12857404112e-07,false,false,false,false,0,NaN,2375,0.297500000000|0.297500000000|0.297500973907
255,VALID_CAMPAIGN,MICRO_MOTION,4308409275268509152,3,PRISMATIC_ONLY,0.180000000000,-0.297500061050,0.595000000000,UNGUARDED_REFERENCE,true,true,CONVERGED_UNCERTIFIED,NO_GUARDS_OR_FINAL_CERTIFICATION,1,true,true,4.11248973764e-07,false,false,false,false,0,NaN,375,0.297500000000|0.297500000000|0.297500472299
256,VALID_CAMPAIGN,UNIFORM,-3813820269775868200,3,PRISMATIC_ONLY,0.180000000000,-0.176399086459,1.03896393139,GUARDED_PRODUCTION,true,true,SUCCESS_WITH_WARNING,CRITICAL_SINGULARITY_DAMPED,65,true,true,3.24530561342e-07,false,false,false,false,0,Infinity,71667,0.519481933659|0.519481933659|0.176399404602
256,VALID_CAMPAIGN,UNIFORM,-3813820269775868200,3,PRISMATIC_ONLY,0.180000000000,-0.176399086459,1.03896393139,UNGUARDED_REFERENCE,true,true,CONVERGED_UNCERTIFIED,NO_GUARDS_OR_FINAL_CERTIFICATION,3,true,true,2.76462216711e-07,false,false,false,false,0,NaN,958,0.519481872231|0.519481872231|0.176399290149
257,VALID_CAMPAIGN,NEAR_JOINT_LIMIT,2414875923224623931,3,PRISMATIC_ONLY,0.180000000000,-0.0200000055500,0.0400000111000,GUARDED_PRODUCTION,true,true,SUCCESS_WITH_WARNING,CRITICAL_SINGULARITY_DAMPED,135,true,true,2.21860799964e-07,false,false,false,false,0,Infinity,177792,0.0200000347020|0.0200000347020|0.0200002196127
257,VALID_CAMPAIGN,NEAR_JOINT_LIMIT,2414875923224623931,3,PRISMATIC_ONLY,0.180000000000,-0.0200000055500,0.0400000111000,UNGUARDED_REFERENCE,true,true,CONVERGED_UNCERTIFIED,NO_GUARDS_OR_FINAL_CERTIFICATION,3,true,true,4.96093716959e-07,false,false,false,false,0,NaN,3291,0.0200002158523|0.0200002158523|0.0200002686105
258,VALID_CAMPAIGN,NEAR_SINGULARITY,-6410597136917615785,3,PRISMATIC_ONLY,0.180000000000,-0.297500005550,0.595000000000,GUARDED_PRODUCTION,true,true,SUCCESS_WITH_WARNING,CRITICAL_SINGULARITY_DAMPED,91,true,true,6.36636262209e-07,false,false,false,false,0,Infinity,114250,0.297499967259|0.297499967259|0.297499372290
258,VALID_CAMPAIGN,NEAR_SINGULARITY,-6410597136917615785,3,PRISMATIC_ONLY,0.180000000000,-0.297500005550,0.595000000000,UNGUARDED_REFERENCE,true,true,CONVERGED_UNCERTIFIED,NO_GUARDS_OR_FINAL_CERTIFICATION,3,true,true,5.21976819758e-07,false,false,false,false,0,NaN,1167,0.297499883161|0.297499883161|0.297499538801
259,VALID_CAMPAIGN,MICRO_MOTION,-5237481139494650999,3,PRISMATIC_ONLY,0.180000000000,-0.297500061050,0.595000000000,GUARDED_PRODUCTION,true,true,SUCCESS,NONE,1,true,true,6.91865446436e-07,false,false,false,false,0,NaN,3292,0.297499967259|0.297499967259|0.297499372290
259,VALID_CAMPAIGN,MICRO_MOTION,-5237481139494650999,3,PRISMATIC_ONLY,0.180000000000,-0.297500061050,0.595000000000,UNGUARDED_REFERENCE,true,true,CONVERGED_UNCERTIFIED,NO_GUARDS_OR_FINAL_CERTIFICATION,1,true,true,5.72144378780e-07,false,false,false,false,0,NaN,458,0.297499883161|0.297499883161|0.297499538801
260,VALID_CAMPAIGN,UNIFORM,-6884787109163092588,3,PRISMATIC_ONLY,0.180000000000,-0.518745767023,0.398497205709,GUARDED_PRODUCTION,true,true,SUCCESS_WITH_WARNING,CRITICAL_SINGULARITY_DAMPED,51,true,true,9.60831343867e-07,false,false,false,false,0,Infinity,64333,0.199248628628|0.199248628628|0.518744807576
260,VALID_CAMPAIGN,UNIFORM,-6884787109163092588,3,PRISMATIC_ONLY,0.180000000000,-0.518745767023,0.398497205709,UNGUARDED_REFERENCE,true,true,CONVERGED_UNCERTIFIED,NO_GUARDS_OR_FINAL_CERTIFICATION,3,true,true,3.81218061161e-07,false,false,false,false,0,NaN,1083,0.199248644222|0.199248644222|0.518745394891
261,VALID_CAMPAIGN,NEAR_JOINT_LIMIT,-5449729596456418923,3,PRISMATIC_ONLY,0.180000000000,-0.0200000055500,0.0400000111000,GUARDED_PRODUCTION,true,true,SUCCESS_WITH_WARNING,CRITICAL_SINGULARITY_DAMPED,105,true,true,9.83438208578e-07,false,false,false,false,0,Infinity,117416,0.0200000235607|0.0200000235607|0.0200009883283
261,VALID_CAMPAIGN,NEAR_JOINT_LIMIT,-5449729596456418923,3,PRISMATIC_ONLY,0.180000000000,-0.0200000055500,0.0400000111000,UNGUARDED_REFERENCE,true,true,CONVERGED_UNCERTIFIED,NO_GUARDS_OR_FINAL_CERTIFICATION,3,true,true,8.52351345813e-07,false,false,false,false,0,NaN,1084,0.0200000810210|0.0200000810210|0.0200008444298
262,VALID_CAMPAIGN,NEAR_SINGULARITY,-7408783877089549536,3,PRISMATIC_ONLY,0.180000000000,-0.297500005550,0.595000000000,GUARDED_PRODUCTION,true,true,SUCCESS_WITH_WARNING,CRITICAL_SINGULARITY_DAMPED,91,true,true,6.36581678605e-07,false,false,false,false,0,Infinity,101875,0.297499967262|0.297499967262|0.297499372345
262,VALID_CAMPAIGN,NEAR_SINGULARITY,-7408783877089549536,3,PRISMATIC_ONLY,0.180000000000,-0.297500005550,0.595000000000,UNGUARDED_REFERENCE,true,true,CONVERGED_UNCERTIFIED,NO_GUARDS_OR_FINAL_CERTIFICATION,3,true,true,5.21976004524e-07,false,false,false,false,0,NaN,1083,0.297499883161|0.297499883161|0.297499538802
263,VALID_CAMPAIGN,MICRO_MOTION,8904962326246449160,3,PRISMATIC_ONLY,0.180000000000,-0.297500061050,0.595000000000,GUARDED_PRODUCTION,true,true,SUCCESS,NONE,1,true,true,6.91810867962e-07,false,false,false,false,0,NaN,2750,0.297499967262|0.297499967262|0.297499372345
263,VALID_CAMPAIGN,MICRO_MOTION,8904962326246449160,3,PRISMATIC_ONLY,0.180000000000,-0.297500061050,0.595000000000,UNGUARDED_REFERENCE,true,true,CONVERGED_UNCERTIFIED,NO_GUARDS_OR_FINAL_CERTIFICATION,1,true,true,5.72143541074e-07,false,false,false,false,0,NaN,417,0.297499883161|0.297499883161|0.297499538802
264,VALID_CAMPAIGN,UNIFORM,5865712803176149185,3,PRISMATIC_ONLY,0.180000000000,-0.458292886621,0.778313536909,GUARDED_PRODUCTION,true,true,SUCCESS_WITH_WARNING,CRITICAL_SINGULARITY_DAMPED,42,true,true,2.03696213013e-07,false,false,false,false,0,Infinity,48541,0.389156762934|0.389156762934|0.458292683224
264,VALID_CAMPAIGN,UNIFORM,5865712803176149185,3,PRISMATIC_ONLY,0.180000000000,-0.458292886621,0.778313536909,UNGUARDED_REFERENCE,true,true,CONVERGED_UNCERTIFIED,NO_GUARDS_OR_FINAL_CERTIFICATION,3,true,true,2.81248995216e-07,false,false,false,false,0,NaN,1166,0.389156729863|0.389156729863|0.458292616170
265,VALID_CAMPAIGN,NEAR_JOINT_LIMIT,2246649860833450977,3,PRISMATIC_ONLY,0.180000000000,-0.0200000055500,0.595000000000,GUARDED_PRODUCTION,true,true,SUCCESS_WITH_WARNING,CRITICAL_SINGULARITY_DAMPED,87,true,true,3.85606915280e-07,false,false,false,false,0,Infinity,106917,0.297500003846|0.297500003846|0.0200003910802
265,VALID_CAMPAIGN,NEAR_JOINT_LIMIT,2246649860833450977,3,PRISMATIC_ONLY,0.180000000000,-0.0200000055500,0.595000000000,UNGUARDED_REFERENCE,true,true,CONVERGED_UNCERTIFIED,NO_GUARDS_OR_FINAL_CERTIFICATION,3,true,true,7.41228774413e-07,false,false,false,false,0,NaN,1042,0.297500038591|0.297500038591|0.0200007427494
266,VALID_CAMPAIGN,NEAR_SINGULARITY,7428199085118626365,3,PRISMATIC_ONLY,0.180000000000,-0.297500005550,0.595000000000,GUARDED_PRODUCTION,true,true,SUCCESS_WITH_WARNING,CRITICAL_SINGULARITY_DAMPED,54,true,true,9.68413891522e-07,false,false,false,false,0,Infinity,59708,0.297500000000|0.297500000000|0.297499037136
266,VALID_CAMPAIGN,NEAR_SINGULARITY,7428199085118626365,3,PRISMATIC_ONLY,0.180000000000,-0.297500005550,0.595000000000,UNGUARDED_REFERENCE,true,true,CONVERGED_UNCERTIFIED,NO_GUARDS_OR_FINAL_CERTIFICATION,3,true,true,4.66748209860e-07,false,false,false,false,0,NaN,1042,0.297500000000|0.297500000000|0.297499538802
267,VALID_CAMPAIGN,MICRO_MOTION,4981510938794411008,3,PRISMATIC_ONLY,0.180000000000,-0.297500061050,0.595000000000,GUARDED_PRODUCTION,true,true,SUCCESS_WITH_WARNING,CRITICAL_SINGULARITY_DAMPED,2,true,true,1.17682797673e-07,false,false,false,false,0,Infinity,3833,0.297500000000|0.297500000000|0.297499943367
267,VALID_CAMPAIGN,MICRO_MOTION,4981510938794411008,3,PRISMATIC_ONLY,0.180000000000,-0.297500061050,0.595000000000,UNGUARDED_REFERENCE,true,true,CONVERGED_UNCERTIFIED,NO_GUARDS_OR_FINAL_CERTIFICATION,1,true,true,5.22248209844e-07,false,false,false,false,0,NaN,458,0.297500000000|0.297500000000|0.297499538802
268,VALID_CAMPAIGN,UNIFORM,2604956151819789271,3,PRISMATIC_ONLY,0.180000000000,-0.287094161272,1.08419381017,GUARDED_PRODUCTION,true,true,SUCCESS_WITH_WARNING,CRITICAL_SINGULARITY_DAMPED,66,true,true,6.46949179311e-07,false,false,false,false,0,Infinity,73000,0.542096589485|0.542096589485|0.287094303165
268,VALID_CAMPAIGN,UNIFORM,2604956151819789271,3,PRISMATIC_ONLY,0.180000000000,-0.287094161272,1.08419381017,UNGUARDED_REFERENCE,true,true,CONVERGED_UNCERTIFIED,NO_GUARDS_OR_FINAL_CERTIFICATION,3,true,true,2.06712880523e-07,false,false,false,false,0,NaN,1208,0.542096802098|0.542096802098|0.287094178774
269,VALID_CAMPAIGN,NEAR_JOINT_LIMIT,7063117239915004851,3,PRISMATIC_ONLY,0.180000000000,-0.574999994450,1.14999998890,GUARDED_PRODUCTION,true,true,SUCCESS_WITH_WARNING,CRITICAL_SINGULARITY_DAMPED,57,true,true,5.30820124509e-07,false,false,false,false,0,Infinity,63000,0.574999991118|0.574999991118|0.574999463672
269,VALID_CAMPAIGN,NEAR_JOINT_LIMIT,7063117239915004851,3,PRISMATIC_ONLY,0.180000000000,-0.574999994450,1.14999998890,UNGUARDED_REFERENCE,true,true,CONVERGED_UNCERTIFIED,NO_GUARDS_OR_FINAL_CERTIFICATION,3,true,true,4.85043839838e-07,false,false,false,false,0,NaN,1000,0.574999980596|0.574999980596|0.574999510198
270,VALID_CAMPAIGN,NEAR_SINGULARITY,5988656714324321313,3,PRISMATIC_ONLY,0.180000000000,-0.297500005550,0.595000000000,GUARDED_PRODUCTION,true,true,SUCCESS_WITH_WARNING,CRITICAL_SINGULARITY_DAMPED,91,true,true,6.36615981170e-07,false,false,false,false,0,Infinity,102542,0.297500032740|0.297500032740|0.297500638789
270,VALID_CAMPAIGN,NEAR_SINGULARITY,5988656714324321313,3,PRISMATIC_ONLY,0.180000000000,-0.297500005550,0.595000000000,UNGUARDED_REFERENCE,true,true,CONVERGED_UNCERTIFIED,NO_GUARDS_OR_FINAL_CERTIFICATION,3,true,true,5.21976557822e-07,false,false,false,false,0,NaN,1083,0.297500116839|0.297500116839|0.297500472299
271,VALID_CAMPAIGN,MICRO_MOTION,5985536298706459183,3,PRISMATIC_ONLY,0.180000000000,-0.297500061050,0.595000000000,GUARDED_PRODUCTION,true,true,SUCCESS,NONE,1,true,true,5.81438371297e-07,false,false,false,false,0,NaN,2709,0.297500032740|0.297500032740|0.297500638789
271,VALID_CAMPAIGN,MICRO_MOTION,5985536298706459183,3,PRISMATIC_ONLY,0.180000000000,-0.297500061050,0.595000000000,UNGUARDED_REFERENCE,true,true,CONVERGED_UNCERTIFIED,NO_GUARDS_OR_FINAL_CERTIFICATION,1,true,true,4.73001775231e-07,false,false,false,false,0,NaN,375,0.297500116839|0.297500116839|0.297500472299
272,VALID_CAMPAIGN,UNIFORM,-5545639000474925312,3,PRISMATIC_ONLY,0.180000000000,-0.506027594017,0.305205054449,GUARDED_PRODUCTION,true,true,SUCCESS_WITH_WARNING,CRITICAL_SINGULARITY_DAMPED,57,true,true,5.78443525438e-07,false,false,false,false,0,Infinity,63250,0.152602550031|0.152602550031|0.506027017375
272,VALID_CAMPAIGN,UNIFORM,-5545639000474925312,3,PRISMATIC_ONLY,0.180000000000,-0.506027594017,0.305205054449,UNGUARDED_REFERENCE,true,true,CONVERGED_UNCERTIFIED,NO_GUARDS_OR_FINAL_CERTIFICATION,3,true,true,3.71355992088e-07,false,false,false,false,0,NaN,1041,0.152602588232|0.152602588232|0.506027243279
273,VALID_CAMPAIGN,NEAR_JOINT_LIMIT,4556169287412743178,3,PRISMATIC_ONLY,0.180000000000,-0.0200000055500,0.595000000000,GUARDED_PRODUCTION,true,true,SUCCESS_WITH_WARNING,CRITICAL_SINGULARITY_DAMPED,100,true,true,1.88965586518e-07,false,false,false,false,0,Infinity,109667,0.297499997918|0.297499997918|0.0200001944697
273,VALID_CAMPAIGN,NEAR_JOINT_LIMIT,4556169287412743178,3,PRISMATIC_ONLY,0.180000000000,-0.0200000055500,0.595000000000,UNGUARDED_REFERENCE,true,true,CONVERGED_UNCERTIFIED,NO_GUARDS_OR_FINAL_CERTIFICATION,3,true,true,8.26543776162e-07,false,false,false,false,0,NaN,959,0.297499938992|0.297499938992|0.0200008230381
274,VALID_CAMPAIGN,NEAR_SINGULARITY,-6925333833465006343,3,PRISMATIC_ONLY,0.180000000000,-0.297500005550,0.595000000000,GUARDED_PRODUCTION,true,true,SUCCESS_WITH_WARNING,CRITICAL_SINGULARITY_DAMPED,54,true,true,9.68448200245e-07,false,false,false,false,0,Infinity,61167,0.297500000000|0.297500000000|0.297499037102
274,VALID_CAMPAIGN,NEAR_SINGULARITY,-6925333833465006343,3,PRISMATIC_ONLY,0.180000000000,-0.297500005550,0.595000000000,UNGUARDED_REFERENCE,true,true,CONVERGED_UNCERTIFIED,NO_GUARDS_OR_FINAL_CERTIFICATION,3,true,true,4.66748074857e-07,false,false,false,false,0,NaN,1041,0.297500000000|0.297500000000|0.297499538802
275,VALID_CAMPAIGN,MICRO_MOTION,3948831081904348430,3,PRISMATIC_ONLY,0.180000000000,-0.297500061050,0.595000000000,GUARDED_PRODUCTION,true,true,SUCCESS_WITH_WARNING,CRITICAL_SINGULARITY_DAMPED,2,true,true,1.17686740908e-07,false,false,false,false,0,Infinity,4000,0.297500000000|0.297500000000|0.297499943363
275,VALID_CAMPAIGN,MICRO_MOTION,3948831081904348430,3,PRISMATIC_ONLY,0.180000000000,-0.297500061050,0.595000000000,UNGUARDED_REFERENCE,true,true,CONVERGED_UNCERTIFIED,NO_GUARDS_OR_FINAL_CERTIFICATION,1,true,true,5.22248074841e-07,false,false,false,false,0,NaN,500,0.297500000000|0.297500000000|0.297499538802
276,VALID_CAMPAIGN,UNIFORM,8110719487081830870,3,PRISMATIC_ONLY,0.180000000000,-0.456045895497,0.528331043187,GUARDED_PRODUCTION,true,true,SUCCESS_WITH_WARNING,CRITICAL_SINGULARITY_DAMPED,34,true,true,7.62342864726e-07,false,false,false,false,0,Infinity,40042,0.264165531314|0.264165531314|0.456045133402
276,VALID_CAMPAIGN,UNIFORM,8110719487081830870,3,PRISMATIC_ONLY,0.180000000000,-0.456045895497,0.528331043187,UNGUARDED_REFERENCE,true,true,CONVERGED_UNCERTIFIED,NO_GUARDS_OR_FINAL_CERTIFICATION,3,true,true,2.68145093500e-07,false,false,false,false,0,NaN,1292,0.264165535629|0.264165535629|0.456045628825
277,VALID_CAMPAIGN,NEAR_JOINT_LIMIT,-3763519099543703538,3,PRISMATIC_ONLY,0.180000000000,-0.574999994450,0.595000000000,GUARDED_PRODUCTION,true,true,SUCCESS_WITH_WARNING,CRITICAL_SINGULARITY_DAMPED,27,true,true,9.79043620191e-07,false,false,false,false,0,Infinity,32625,0.297499982576|0.297499982576|0.574999016027
277,VALID_CAMPAIGN,NEAR_JOINT_LIMIT,-3763519099543703538,3,PRISMATIC_ONLY,0.180000000000,-0.574999994450,0.595000000000,UNGUARDED_REFERENCE,true,true,CONVERGED_UNCERTIFIED,NO_GUARDS_OR_FINAL_CERTIFICATION,3,true,true,2.02038356749e-07,false,false,false,false,0,NaN,1000,0.297499985965|0.297499985965|0.574999794371
278,VALID_CAMPAIGN,NEAR_SINGULARITY,4187203525136270317,3,PRISMATIC_ONLY,0.180000000000,-0.297500005550,0.595000000000,GUARDED_PRODUCTION,true,true,SUCCESS_WITH_WARNING,CRITICAL_SINGULARITY_DAMPED,54,true,true,9.68308494054e-07,false,false,false,false,0,Infinity,61167,0.297500000000|0.297500000000|0.297500973858
278,VALID_CAMPAIGN,NEAR_SINGULARITY,4187203525136270317,3,PRISMATIC_ONLY,0.180000000000,-0.297500005550,0.595000000000,UNGUARDED_REFERENCE,true,true,CONVERGED_UNCERTIFIED,NO_GUARDS_OR_FINAL_CERTIFICATION,3,true,true,4.66749104588e-07,false,false,false,false,0,NaN,1000,0.297500000000|0.297500000000|0.297500472299
279,VALID_CAMPAIGN,MICRO_MOTION,-9075999529076373172,3,PRISMATIC_ONLY,0.180000000000,-0.297500061050,0.595000000000,GUARDED_PRODUCTION,true,true,SUCCESS,NONE,1,true,true,9.12808494069e-07,false,false,false,false,0,NaN,2875,0.297500000000|0.297500000000|0.297500973858
279,VALID_CAMPAIGN,MICRO_MOTION,-9075999529076373172,3,PRISMATIC_ONLY,0.180000000000,-0.297500061050,0.595000000000,UNGUARDED_REFERENCE,true,true,CONVERGED_UNCERTIFIED,NO_GUARDS_OR_FINAL_CERTIFICATION,1,true,true,4.11249104604e-07,false,false,false,false,0,NaN,458,0.297500000000|0.297500000000|0.297500472299
280,VALID_CAMPAIGN,UNIFORM,2035753856265890992,3,PRISMATIC_ONLY,0.180000000000,-0.493173990795,0.779611237265,GUARDED_PRODUCTION,true,true,SUCCESS_WITH_WARNING,CRITICAL_SINGULARITY_DAMPED,47,true,true,3.56453287203e-07,false,false,false,false,0,Infinity,57458,0.389805609640|0.389805609640|0.493173634795
280,VALID_CAMPAIGN,UNIFORM,2035753856265890992,3,PRISMATIC_ONLY,0.180000000000,-0.493173990795,0.779611237265,UNGUARDED_REFERENCE,true,true,CONVERGED_UNCERTIFIED,NO_GUARDS_OR_FINAL_CERTIFICATION,3,true,true,3.38173110369e-07,false,false,false,false,0,NaN,1000,0.389805579768|0.389805579768|0.493173661676
281,VALID_CAMPAIGN,NEAR_JOINT_LIMIT,8597520414314595474,3,PRISMATIC_ONLY,0.180000000000,-0.0200000055500,0.595000000000,GUARDED_PRODUCTION,true,true,SUCCESS_WITH_WARNING,CRITICAL_SINGULARITY_DAMPED,93,true,true,4.77942434365e-07,false,false,false,false,0,Infinity,100750,0.297500004534|0.297500004534|0.0200004834064
281,VALID_CAMPAIGN,NEAR_JOINT_LIMIT,8597520414314595474,3,PRISMATIC_ONLY,0.180000000000,-0.0200000055500,0.595000000000,UNGUARDED_REFERENCE,true,true,CONVERGED_UNCERTIFIED,NO_GUARDS_OR_FINAL_CERTIFICATION,3,true,true,7.99655328346e-07,false,false,false,false,0,NaN,958,0.297500038864|0.297500038864|0.0200008014186
282,VALID_CAMPAIGN,NEAR_SINGULARITY,-6820454640724399438,3,PRISMATIC_ONLY,0.180000000000,-0.297500005550,0.595000000000,GUARDED_PRODUCTION,true,true,SUCCESS_WITH_WARNING,CRITICAL_SINGULARITY_DAMPED,54,true,true,9.68397780465e-07,false,false,false,false,0,Infinity,63167,0.297500000000|0.297500000000|0.297499037152
282,VALID_CAMPAIGN,NEAR_SINGULARITY,-6820454640724399438,3,PRISMATIC_ONLY,0.180000000000,-0.297500005550,0.595000000000,UNGUARDED_REFERENCE,true,true,CONVERGED_UNCERTIFIED,NO_GUARDS_OR_FINAL_CERTIFICATION,3,true,true,4.66748111216e-07,false,false,false,false,0,NaN,958,0.297500000000|0.297500000000|0.297499538802
283,VALID_CAMPAIGN,MICRO_MOTION,-7431208392717907019,3,PRISMATIC_ONLY,0.180000000000,-0.297500061050,0.595000000000,GUARDED_PRODUCTION,true,true,SUCCESS_WITH_WARNING,CRITICAL_SINGULARITY_DAMPED,2,true,true,1.17680945988e-07,false,false,false,false,0,Infinity,3833,0.297500000000|0.297500000000|0.297499943369
283,VALID_CAMPAIGN,MICRO_MOTION,-7431208392717907019,3,PRISMATIC_ONLY,0.180000000000,-0.297500061050,0.595000000000,UNGUARDED_REFERENCE,true,true,CONVERGED_UNCERTIFIED,NO_GUARDS_OR_FINAL_CERTIFICATION,1,true,true,5.22248111201e-07,false,false,false,false,0,NaN,375,0.297500000000|0.297500000000|0.297499538802
284,VALID_CAMPAIGN,UNIFORM,-3090248737938961402,3,PRISMATIC_ONLY,0.180000000000,-0.472286783285,0.395674009419,GUARDED_PRODUCTION,true,true,SUCCESS_WITH_WARNING,CRITICAL_SINGULARITY_DAMPED,45,true,true,4.04628913368e-07,false,false,false,false,0,Infinity,51875,0.197837017505|0.197837017505|0.472286379467
284,VALID_CAMPAIGN,UNIFORM,-3090248737938961402,3,PRISMATIC_ONLY,0.180000000000,-0.472286783285,0.395674009419,UNGUARDED_REFERENCE,true,true,CONVERGED_UNCERTIFIED,NO_GUARDS_OR_FINAL_CERTIFICATION,3,true,true,3.05732932093e-07,false,false,false,false,0,NaN,1000,0.197837046672|0.197837046672|0.472286489297
285,VALID_CAMPAIGN,NEAR_JOINT_LIMIT,8733837516918373851,3,PRISMATIC_ONLY,0.180000000000,-0.0200000055500,1.14999998890,GUARDED_PRODUCTION,true,true,SUCCESS_WITH_WARNING,CRITICAL_SINGULARITY_DAMPED,131,true,true,7.81332936927e-07,false,false,false,false,0,Infinity,154750,0.574999964809|0.574999964809|0.0200007846308
285,VALID_CAMPAIGN,NEAR_JOINT_LIMIT,8733837516918373851,3,PRISMATIC_ONLY,0.180000000000,-0.0200000055500,1.14999998890,UNGUARDED_REFERENCE,true,true,CONVERGED_UNCERTIFIED,NO_GUARDS_OR_FINAL_CERTIFICATION,3,true,true,8.24373470012e-07,false,false,false,false,0,NaN,1583,0.574999835649|0.574999835649|0.0200007662868
286,VALID_CAMPAIGN,NEAR_SINGULARITY,2082539544178543619,3,PRISMATIC_ONLY,0.180000000000,-0.297500005550,0.595000000000,GUARDED_PRODUCTION,true,true,SUCCESS_WITH_WARNING,CRITICAL_SINGULARITY_DAMPED,91,true,true,6.36594908531e-07,false,false,false,false,0,Infinity,129042,0.297500032739|0.297500032739|0.297499372332
286,VALID_CAMPAIGN,NEAR_SINGULARITY,2082539544178543619,3,PRISMATIC_ONLY,0.180000000000,-0.297500005550,0.595000000000,UNGUARDED_REFERENCE,true,true,CONVERGED_UNCERTIFIED,NO_GUARDS_OR_FINAL_CERTIFICATION,3,true,true,5.21976112970e-07,false,false,false,false,0,NaN,1458,0.297500116839|0.297500116839|0.297499538802
287,VALID_CAMPAIGN,MICRO_MOTION,-7075285706107185943,3,PRISMATIC_ONLY,0.180000000000,-0.297500061050,0.595000000000,GUARDED_PRODUCTION,true,true,SUCCESS,NONE,1,true,true,6.91824096698e-07,false,false,false,false,0,NaN,5208,0.297500032739|0.297500032739|0.297499372332
287,VALID_CAMPAIGN,MICRO_MOTION,-7075285706107185943,3,PRISMATIC_ONLY,0.180000000000,-0.297500061050,0.595000000000,UNGUARDED_REFERENCE,true,true,CONVERGED_UNCERTIFIED,NO_GUARDS_OR_FINAL_CERTIFICATION,1,true,true,5.72143652763e-07,false,false,false,false,0,NaN,375,0.297500116839|0.297500116839|0.297499538802
288,VALID_CAMPAIGN,UNIFORM,5962571148265093510,3,PRISMATIC_ONLY,0.180000000000,-0.272761738322,0.745917177761,GUARDED_PRODUCTION,true,true,SUCCESS_WITH_WARNING,CRITICAL_SINGULARITY_DAMPED,24,true,true,2.15136352421e-07,false,false,false,false,0,Infinity,28333,0.372958550370|0.372958550370|0.272761939198
288,VALID_CAMPAIGN,UNIFORM,5962571148265093510,3,PRISMATIC_ONLY,0.180000000000,-0.272761738322,0.745917177761,UNGUARDED_REFERENCE,true,true,CONVERGED_UNCERTIFIED,NO_GUARDS_OR_FINAL_CERTIFICATION,3,true,true,7.59531234849e-08,false,false,false,false,0,NaN,1042,0.372958557110|0.372958557110|0.272761779930
289,VALID_CAMPAIGN,NEAR_JOINT_LIMIT,-6600946001256919308,3,PRISMATIC_ONLY,0.180000000000,-0.0200000055500,0.0400000111000,GUARDED_PRODUCTION,true,true,SUCCESS_WITH_WARNING,CRITICAL_SINGULARITY_DAMPED,106,true,true,1.29116524131e-07,false,false,false,false,0,Infinity,118792,0.0200000120991|0.0200000120991|0.0200001340004
289,VALID_CAMPAIGN,NEAR_JOINT_LIMIT,-6600946001256919308,3,PRISMATIC_ONLY,0.180000000000,-0.0200000055500,0.0400000111000,UNGUARDED_REFERENCE,true,true,CONVERGED_UNCERTIFIED,NO_GUARDS_OR_FINAL_CERTIFICATION,3,true,true,5.18733018802e-07,false,false,false,false,0,NaN,1000,0.0200001541600|0.0200001541600|0.0200004306902
290,VALID_CAMPAIGN,NEAR_SINGULARITY,-4429426229950931761,3,PRISMATIC_ONLY,0.180000000000,-0.297500005550,0.595000000000,GUARDED_PRODUCTION,true,true,SUCCESS_WITH_WARNING,CRITICAL_SINGULARITY_DAMPED,91,true,true,6.36645731669e-07,false,false,false,false,0,Infinity,97292,0.297499967258|0.297499967258|0.297499372281
290,VALID_CAMPAIGN,NEAR_SINGULARITY,-4429426229950931761,3,PRISMATIC_ONLY,0.180000000000,-0.297500005550,0.595000000000,UNGUARDED_REFERENCE,true,true,CONVERGED_UNCERTIFIED,NO_GUARDS_OR_FINAL_CERTIFICATION,3,true,true,5.21976599248e-07,false,false,false,false,0,NaN,958,0.297499883161|0.297499883161|0.297499538801
291,VALID_CAMPAIGN,MICRO_MOTION,2558292066250206303,3,PRISMATIC_ONLY,0.180000000000,-0.297500061050,0.595000000000,GUARDED_PRODUCTION,true,true,SUCCESS,NONE,1,true,true,6.91874914862e-07,false,false,false,false,0,NaN,2417,0.297499967258|0.297499967258|0.297499372281
291,VALID_CAMPAIGN,MICRO_MOTION,2558292066250206303,3,PRISMATIC_ONLY,0.180000000000,-0.297500061050,0.595000000000,UNGUARDED_REFERENCE,true,true,CONVERGED_UNCERTIFIED,NO_GUARDS_OR_FINAL_CERTIFICATION,1,true,true,5.72144151160e-07,false,false,false,false,0,NaN,375,0.297499883161|0.297499883161|0.297499538801
292,VALID_CAMPAIGN,UNIFORM,690685602471068180,3,PRISMATIC_ONLY,0.180000000000,-0.357610377224,0.904527334716,GUARDED_PRODUCTION,true,true,SUCCESS_WITH_WARNING,CRITICAL_SINGULARITY_DAMPED,45,true,true,3.10263226776e-07,false,false,false,false,0,Infinity,50584,0.452263621201|0.452263621201|0.357610081013
292,VALID_CAMPAIGN,UNIFORM,690685602471068180,3,PRISMATIC_ONLY,0.180000000000,-0.357610377224,0.904527334716,UNGUARDED_REFERENCE,true,true,CONVERGED_UNCERTIFIED,NO_GUARDS_OR_FINAL_CERTIFICATION,3,true,true,1.64944053462e-07,false,false,false,false,0,NaN,1000,0.452263602196|0.452263602196|0.357610276119
293,VALID_CAMPAIGN,NEAR_JOINT_LIMIT,9173833065876798933,3,PRISMATIC_ONLY,0.180000000000,-0.574999994450,1.14999998890,GUARDED_PRODUCTION,true,true,SUCCESS_WITH_WARNING,CRITICAL_SINGULARITY_DAMPED,55,true,true,1.47567122728e-07,false,false,false,false,0,Infinity,60292,0.574999991123|0.574999991123|0.574999847033
293,VALID_CAMPAIGN,NEAR_JOINT_LIMIT,9173833065876798933,3,PRISMATIC_ONLY,0.180000000000,-0.574999994450,1.14999998890,UNGUARDED_REFERENCE,true,true,CONVERGED_UNCERTIFIED,NO_GUARDS_OR_FINAL_CERTIFICATION,3,true,true,3.79971654938e-07,false,false,false,false,0,NaN,958,0.574999942773|0.574999942773|0.574999628805
294,VALID_CAMPAIGN,NEAR_SINGULARITY,2340556707255809046,3,PRISMATIC_ONLY,0.180000000000,-0.297500005550,0.595000000000,GUARDED_PRODUCTION,true,true,SUCCESS_WITH_WARNING,CRITICAL_SINGULARITY_DAMPED,91,true,true,6.36643992904e-07,false,false,false,false,0,Infinity,96000,0.297500032742|0.297500032742|0.297500638817
294,VALID_CAMPAIGN,NEAR_SINGULARITY,2340556707255809046,3,PRISMATIC_ONLY,0.180000000000,-0.297500005550,0.595000000000,UNGUARDED_REFERENCE,true,true,CONVERGED_UNCERTIFIED,NO_GUARDS_OR_FINAL_CERTIFICATION,3,true,true,5.21976704063e-07,false,false,false,false,0,NaN,1000,0.297500116839|0.297500116839|0.297500472299
295,VALID_CAMPAIGN,MICRO_MOTION,6012783087747943565,3,PRISMATIC_ONLY,0.180000000000,-0.297500061050,0.595000000000,GUARDED_PRODUCTION,true,true,SUCCESS,NONE,1,true,true,5.81466383716e-07,false,false,false,false,0,NaN,2417,0.297500032742|0.297500032742|0.297500638817
295,VALID_CAMPAIGN,MICRO_MOTION,6012783087747943565,3,PRISMATIC_ONLY,0.180000000000,-0.297500061050,0.595000000000,UNGUARDED_REFERENCE,true,true,CONVERGED_UNCERTIFIED,NO_GUARDS_OR_FINAL_CERTIFICATION,1,true,true,4.73001913211e-07,false,false,false,false,0,NaN,417,0.297500116839|0.297500116839|0.297500472299
296,ADVERSARIAL_PROBES,NON_FINITE_TARGET,4084617359530307602,3,PRISMATIC_ONLY,NaN,-0.297500000000,0.595000000000,GUARDED_PRODUCTION,false,false,INVALID_INPUT,INVALID_TARGET,0,true,true,NaN,false,false,false,false,0,NaN,1875,0.297500000000|0.297500000000|0.297500000000
296,ADVERSARIAL_PROBES,NON_FINITE_TARGET,4084617359530307602,3,PRISMATIC_ONLY,NaN,-0.297500000000,0.595000000000,UNGUARDED_REFERENCE,false,false,MAX_ITERATIONS_UNCERTIFIED,NO_GUARDS_OR_FINAL_CERTIFICATION,800,false,false,NaN,true,false,false,true,0,NaN,282791,NaN|NaN|NaN
297,ADVERSARIAL_PROBES,INFINITE_TARGET,1511949697035209293,3,PRISMATIC_ONLY,0.180000000000,-0.297500000000,Infinity,GUARDED_PRODUCTION,false,false,INVALID_INPUT,INVALID_TARGET,0,true,true,Infinity,false,false,false,false,0,NaN,1792,0.297500000000|0.297500000000|0.297500000000
297,ADVERSARIAL_PROBES,INFINITE_TARGET,1511949697035209293,3,PRISMATIC_ONLY,0.180000000000,-0.297500000000,Infinity,UNGUARDED_REFERENCE,false,false,MAX_ITERATIONS_UNCERTIFIED,NO_GUARDS_OR_FINAL_CERTIFICATION,800,false,false,NaN,true,false,false,true,0,NaN,282458,NaN|NaN|NaN
298,ADVERSARIAL_PROBES,NON_FINITE_INITIAL_STATE,-6815180717793660634,3,PRISMATIC_ONLY,0.180000000000,-0.297500000000,0.595000000000,GUARDED_PRODUCTION,false,false,INVALID_INPUT,INVALID_INITIAL_STATE,0,true,true,0.00000000000,false,false,false,false,0,NaN,2583,0.297500000000|0.297500000000|0.297500000000
298,ADVERSARIAL_PROBES,NON_FINITE_INITIAL_STATE,-6815180717793660634,3,PRISMATIC_ONLY,0.180000000000,-0.297500000000,0.595000000000,UNGUARDED_REFERENCE,false,false,MAX_ITERATIONS_UNCERTIFIED,NO_GUARDS_OR_FINAL_CERTIFICATION,800,false,false,NaN,true,false,false,true,0,NaN,275166,NaN|NaN|NaN
299,ADVERSARIAL_PROBES,OVERFLOWING_GEOMETRY,-1662056293639169993,3,PRISMATIC_ONLY,0.00000000000,0.00000000000,0.00000000000,GUARDED_PRODUCTION,false,false,NUMERICAL_FAILURE,OUTPUT_VALIDATION_FAILED,1,true,true,Infinity,false,false,false,false,0,NaN,3167,0.297500000000|0.297500000000|0.297500000000
299,ADVERSARIAL_PROBES,OVERFLOWING_GEOMETRY,-1662056293639169993,3,PRISMATIC_ONLY,0.00000000000,0.00000000000,0.00000000000,UNGUARDED_REFERENCE,false,false,MAX_ITERATIONS_UNCERTIFIED,NO_GUARDS_OR_FINAL_CERTIFICATION,800,false,false,NaN,true,false,false,true,0,NaN,270875,NaN|NaN|NaN
300,VALID_CAMPAIGN,UNIFORM,-7183513084635693601,3,MIXED,-0.0737634516904,1.03214812029,0.160000000000,GUARDED_PRODUCTION,true,true,SUCCESS_WITH_WARNING,CRITICAL_SINGULARITY_DAMPED,60,true,true,8.51747266238e-08,false,false,false,false,0,Infinity,76959,2.40656055946|-0.864690213470|0.273514880594
300,VALID_CAMPAIGN,UNIFORM,-7183513084635693601,3,MIXED,-0.0737634516904,1.03214812029,0.160000000000,UNGUARDED_REFERENCE,true,false,CONVERGED_UNCERTIFIED,NO_GUARDS_OR_FINAL_CERTIFICATION,6,true,false,4.95708884366e-07,false,true,false,true,0,NaN,2500,7.23656455087|-11.6398687536|-0.152546095062
301,VALID_CAMPAIGN,NEAR_JOINT_LIMIT,-962521241111069317,3,MIXED,0.413388563775,0.0750252571913,0.160000000000,GUARDED_PRODUCTION,true,true,SUCCESS_WITH_WARNING,CRITICAL_SINGULARITY_DAMPED,42,true,true,1.07481780651e-07,false,false,false,false,0,Infinity,52250,2.15167549541|-2.22372618065|0.289068900567
301,VALID_CAMPAIGN,NEAR_JOINT_LIMIT,-962521241111069317,3,MIXED,0.413388563775,0.0750252571913,0.160000000000,UNGUARDED_REFERENCE,false,false,MAX_ITERATIONS_UNCERTIFIED,NO_GUARDS_OR_FINAL_CERTIFICATION,800,true,false,0.936676535391,false,false,false,true,0,NaN,322208,7.50833944390|-10.3149214060|0.0181059560364
302,VALID_CAMPAIGN,NEAR_SINGULARITY,6751813792261436551,3,MIXED,1.20360000455,-0.297499963586,0.160000000000,GUARDED_PRODUCTION,true,true,SUCCESS_WITH_WARNING,CRITICAL_SINGULARITY_DAMPED,64,true,true,1.22387634526e-07,false,false,false,false,0,Infinity,75833,0.00789380034482|-0.00784295124756|0.301448059323
302,VALID_CAMPAIGN,NEAR_SINGULARITY,6751813792261436551,3,MIXED,1.20360000455,-0.297499963586,0.160000000000,UNGUARDED_REFERENCE,true,false,CONVERGED_UNCERTIFIED,NO_GUARDS_OR_FINAL_CERTIFICATION,13,true,false,1.37860136433e-07,false,true,false,true,0,NaN,5041,18.6029079949|-31.7220222234|-0.229377557328
303,VALID_CAMPAIGN,MICRO_MOTION,2802160012421921905,3,MIXED,1.20360005003,-0.297499599444,0.160000000000,GUARDED_PRODUCTION,true,true,SUCCESS,NONE,1,true,true,3.69607381069e-07,false,false,false,false,0,NaN,2583,0.00789380034482|-0.00784295124756|0.301448059323
303,VALID_CAMPAIGN,MICRO_MOTION,2802160012421921905,3,MIXED,1.20360005003,-0.297499599444,0.160000000000,UNGUARDED_REFERENCE,true,false,CONVERGED_UNCERTIFIED,NO_GUARDS_OR_FINAL_CERTIFICATION,1,true,false,3.76672641639e-07,false,true,false,true,0,NaN,458,18.6029079949|-31.7220222234|-0.229377557328
304,VALID_CAMPAIGN,UNIFORM,-7739062549762021814,3,MIXED,-0.774229192259,-0.160062672068,0.160000000000,GUARDED_PRODUCTION,true,true,SUCCESS_WITH_WARNING,CRITICAL_SINGULARITY_DAMPED,99,true,true,6.07947791446e-07,false,false,false,false,0,Infinity,113667,-1.70913826792|-1.43889279004|0.326250786385
304,VALID_CAMPAIGN,UNIFORM,-7739062549762021814,3,MIXED,-0.774229192259,-0.160062672068,0.160000000000,UNGUARDED_REFERENCE,true,false,CONVERGED_UNCERTIFIED,NO_GUARDS_OR_FINAL_CERTIFICATION,14,true,false,1.03932386990e-09,false,true,false,true,0,NaN,5333,-10.3048650896|1.67438872506|-0.0527971194631
305,VALID_CAMPAIGN,NEAR_JOINT_LIMIT,-6493910814533474226,3,MIXED,0.413388554347,0.0750253091393,0.160000000000,GUARDED_PRODUCTION,true,true,SUCCESS_WITH_WARNING,CRITICAL_SINGULARITY_DAMPED,81,true,true,8.81928027535e-07,false,false,false,false,0,Infinity,106125,2.13100330472|-2.23182378144|0.274955847109
305,VALID_CAMPAIGN,NEAR_JOINT_LIMIT,-6493910814533474226,3,MIXED,0.413388554347,0.0750253091393,0.160000000000,UNGUARDED_REFERENCE,true,false,CONVERGED_UNCERTIFIED,NO_GUARDS_OR_FINAL_CERTIFICATION,7,true,false,6.86441971898e-07,false,true,false,true,0,NaN,2583,-7.86684305571|2.48854854376|-0.0224074167366
306,VALID_CAMPAIGN,NEAR_SINGULARITY,-3815624661040621557,3,MIXED,1.20360000455,-0.297499963586,0.160000000000,GUARDED_PRODUCTION,true,true,SUCCESS_WITH_WARNING,CRITICAL_SINGULARITY_DAMPED,65,true,true,2.23753827248e-07,false,false,false,false,0,Infinity,82500,-0.0235220832014|0.0240006883022|0.286182320412
306,VALID_CAMPAIGN,NEAR_SINGULARITY,-3815624661040621557,3,MIXED,1.20360000455,-0.297499963586,0.160000000000,UNGUARDED_REFERENCE,true,false,CONVERGED_UNCERTIFIED,NO_GUARDS_OR_FINAL_CERTIFICATION,16,true,false,1.51629447052e-07,false,true,false,true,0,NaN,5916,-6.52295227776|0.309037564245|0.229361120514
307,VALID_CAMPAIGN,MICRO_MOTION,6373568212172755191,3,MIXED,1.20360005003,-0.297499599444,0.160000000000,GUARDED_PRODUCTION,true,true,SUCCESS,NONE,1,true,true,4.01856074231e-07,false,false,false,false,0,NaN,2667,-0.0235220832014|0.0240006883022|0.286182320412
307,VALID_CAMPAIGN,MICRO_MOTION,6373568212172755191,3,MIXED,1.20360005003,-0.297499599444,0.160000000000,UNGUARDED_REFERENCE,true,false,CONVERGED_UNCERTIFIED,NO_GUARDS_OR_FINAL_CERTIFICATION,1,true,false,3.80002619046e-07,false,true,false,true,0,NaN,375,-6.52295227776|0.309037564245|0.229361120514
308,VALID_CAMPAIGN,UNIFORM,-5896522050260740790,3,MIXED,0.502418445416,-0.827209957582,0.160000000000,GUARDED_PRODUCTION,true,true,SUCCESS_WITH_WARNING,CRITICAL_SINGULARITY_DAMPED,28,true,true,6.83879376656e-07,false,false,false,false,0,Infinity,32959,-0.133131339293|-1.04585051751|0.280407375976
308,VALID_CAMPAIGN,UNIFORM,-5896522050260740790,3,MIXED,0.502418445416,-0.827209957582,0.160000000000,UNGUARDED_REFERENCE,true,false,CONVERGED_UNCERTIFIED,NO_GUARDS_OR_FINAL_CERTIFICATION,9,true,false,1.00819978862e-09,false,true,false,true,0,NaN,3292,-9.19550406253|1.33486396695|-0.989785519057
309,VALID_CAMPAIGN,NEAR_JOINT_LIMIT,-3713239014170016788,3,MIXED,-0.382576065803,-0.905049523662,0.160000000000,GUARDED_PRODUCTION,true,true,SUCCESS_WITH_WARNING,CRITICAL_SINGULARITY_DAMPED,24,true,true,4.55805882208e-08,false,false,false,false,0,Infinity,31916,-1.10084689955|-1.00518663223|0.285872099057
309,VALID_CAMPAIGN,NEAR_JOINT_LIMIT,-3713239014170016788,3,MIXED,-0.382576065803,-0.905049523662,0.160000000000,UNGUARDED_REFERENCE,true,false,CONVERGED_UNCERTIFIED,NO_GUARDS_OR_FINAL_CERTIFICATION,6,true,false,6.06613852918e-08,false,true,false,true,0,NaN,2208,-10.5334770780|1.53772179864|-1.15921150248
310,VALID_CAMPAIGN,NEAR_SINGULARITY,-820917079459153652,3,MIXED,1.20360000455,-0.297499963586,0.160000000000,GUARDED_PRODUCTION,true,true,SUCCESS_WITH_WARNING,CRITICAL_SINGULARITY_DAMPED,62,true,true,4.16592133705e-07,false,false,false,false,0,Infinity,69959,-0.0260517702343|0.0266408659418|0.285007186356
310,VALID_CAMPAIGN,NEAR_SINGULARITY,-820917079459153652,3,MIXED,1.20360000455,-0.297499963586,0.160000000000,UNGUARDED_REFERENCE,true,false,CONVERGED_UNCERTIFIED,NO_GUARDS_OR_FINAL_CERTIFICATION,9,true,false,6.35935964618e-10,false,true,false,true,0,NaN,3458,-11.7884558695|4.01044137471|-0.799116943481
311,VALID_CAMPAIGN,MICRO_MOTION,-7860258484777496195,3,MIXED,1.20360005003,-0.297499599444,0.160000000000,GUARDED_PRODUCTION,true,true,SUCCESS,NONE,1,true,true,5.14807847965e-07,false,false,false,false,0,NaN,2459,-0.0260517702343|0.0266408659418|0.285007186356
311,VALID_CAMPAIGN,MICRO_MOTION,-7860258484777496195,3,MIXED,1.20360005003,-0.297499599444,0.160000000000,UNGUARDED_REFERENCE,true,false,CONVERGED_UNCERTIFIED,NO_GUARDS_OR_FINAL_CERTIFICATION,1,true,false,3.66838935093e-07,false,true,false,true,0,NaN,584,-11.7884558695|4.01044137471|-0.799116943481
312,VALID_CAMPAIGN,UNIFORM,-3031950627767389995,3,MIXED,-0.678308410752,0.328464372795,0.160000000000,GUARDED_PRODUCTION,false,false,MAX_ITERATIONS_REACHED,CRITICAL_SINGULARITY_DAMPED,800,true,true,0.764710362472,false,false,false,false,0,Infinity,767042,3.14159265359|-2.37713844122|0.0942795688527
312,VALID_CAMPAIGN,UNIFORM,-3031950627767389995,3,MIXED,-0.678308410752,0.328464372795,0.160000000000,UNGUARDED_REFERENCE,true,false,CONVERGED_UNCERTIFIED,NO_GUARDS_OR_FINAL_CERTIFICATION,13,true,false,6.74628639485e-07,false,true,false,true,0,NaN,5000,-27.4182668968|29.9061248004|0.342902208145
313,VALID_CAMPAIGN,NEAR_JOINT_LIMIT,-3736714512653764862,3,MIXED,0.413388554347,0.0750253091393,0.160000000000,GUARDED_PRODUCTION,true,true,SUCCESS_WITH_WARNING,CRITICAL_SINGULARITY_DAMPED,30,true,true,1.84353774524e-07,false,false,false,false,0,Infinity,34875,1.97186706159|-2.37690198641|0.111259719851
313,VALID_CAMPAIGN,NEAR_JOINT_LIMIT,-3736714512653764862,3,MIXED,0.413388554347,0.0750253091393,0.160000000000,UNGUARDED_REFERENCE,true,false,CONVERGED_UNCERTIFIED,NO_GUARDS_OR_FINAL_CERTIFICATION,7,true,false,3.63733015878e-09,false,true,false,true,0,NaN,2625,-26.9738885084|28.1892546129|0.319327696653
314,VALID_CAMPAIGN,NEAR_SINGULARITY,-485309998619216995,3,MIXED,1.20360000455,-0.297499963586,0.160000000000,GUARDED_PRODUCTION,true,true,SUCCESS_WITH_WARNING,CRITICAL_SINGULARITY_DAMPED,103,true,true,9.38644537679e-07,false,false,false,false,0,Infinity,114792,-0.232251379746|0.296676597474|0.229485558531
314,VALID_CAMPAIGN,NEAR_SINGULARITY,-485309998619216995,3,MIXED,1.20360000455,-0.297499963586,0.160000000000,UNGUARDED_REFERENCE,true,false,CONVERGED_UNCERTIFIED,NO_GUARDS_OR_FINAL_CERTIFICATION,6,true,false,1.09701762266e-08,false,true,false,true,0,NaN,2167,-25.7791249493|26.2831165723|0.389315766713
315,VALID_CAMPAIGN,MICRO_MOTION,2808396356685770797,3,MIXED,1.20360005003,-0.297499599444,0.160000000000,GUARDED_PRODUCTION,true,true,SUCCESS,NONE,1,true,true,9.66760478467e-07,false,false,false,false,0,NaN,2416,-0.232251379746|0.296676597474|0.229485558531
315,VALID_CAMPAIGN,MICRO_MOTION,2808396356685770797,3,MIXED,1.20360005003,-0.297499599444,0.160000000000,UNGUARDED_REFERENCE,true,false,CONVERGED_UNCERTIFIED,NO_GUARDS_OR_FINAL_CERTIFICATION,1,true,false,3.66176805791e-07,false,true,false,true,0,NaN,416,-25.7791249493|26.2831165723|0.389315766713
316,VALID_CAMPAIGN,UNIFORM,2318224612367725711,3,MIXED,0.644159275267,-0.565717243421,0.160000000000,GUARDED_PRODUCTION,true,true,SUCCESS_WITH_WARNING,CRITICAL_SINGULARITY_DAMPED,45,true,true,3.53714686193e-08,false,false,false,false,0,Infinity,53500,0.297368462891|-1.38127570587|0.182109954375
316,VALID_CAMPAIGN,UNIFORM,2318224612367725711,3,MIXED,0.644159275267,-0.565717243421,0.160000000000,UNGUARDED_REFERENCE,true,false,CONVERGED_UNCERTIFIED,NO_GUARDS_OR_FINAL_CERTIFICATION,7,true,false,2.53788711547e-10,false,true,false,true,0,NaN,2583,-26.9519106379|27.2472213727|0.304563731381
317,VALID_CAMPAIGN,NEAR_JOINT_LIMIT,-5333381434219322966,3,MIXED,0.413388554347,0.0750253091393,0.160000000000,GUARDED_PRODUCTION,true,true,SUCCESS_WITH_WARNING,CRITICAL_SINGULARITY_DAMPED,37,true,true,2.96123149970e-07,false,false,false,false,0,Infinity,49208,2.02536565573|-2.30131842067|0.184315894312
317,VALID_CAMPAIGN,NEAR_JOINT_LIMIT,-5333381434219322966,3,MIXED,0.413388554347,0.0750253091393,0.160000000000,UNGUARDED_REFERENCE,true,false,CONVERGED_UNCERTIFIED,NO_GUARDS_OR_FINAL_CERTIFICATION,8,true,false,2.51309222797e-10,false,true,false,true,0,NaN,3250,-27.0299186852|28.2498265665|0.350266608694
318,VALID_CAMPAIGN,NEAR_SINGULARITY,-2596510527915959069,3,MIXED,1.20360000455,-0.297499963586,0.160000000000,GUARDED_PRODUCTION,true,true,SUCCESS_WITH_WARNING,CRITICAL_SINGULARITY_DAMPED,87,true,true,7.20320418327e-07,false,false,false,false,0,Infinity,97459,-0.230678126080|0.294115240832|0.229531980408
318,VALID_CAMPAIGN,NEAR_SINGULARITY,-2596510527915959069,3,MIXED,1.20360000455,-0.297499963586,0.160000000000,UNGUARDED_REFERENCE,true,false,CONVERGED_UNCERTIFIED,NO_GUARDS_OR_FINAL_CERTIFICATION,6,true,false,2.26697685442e-08,false,true,false,true,0,NaN,2125,-25.8313993510|26.3950391409|0.422321652065
319,VALID_CAMPAIGN,MICRO_MOTION,-2634900080436053387,3,MIXED,1.20360005003,-0.297499599444,0.160000000000,GUARDED_PRODUCTION,true,true,SUCCESS,NONE,1,true,true,7.68895870136e-07,false,false,false,false,0,NaN,2417,-0.230678126080|0.294115240832|0.229531980408
319,VALID_CAMPAIGN,MICRO_MOTION,-2634900080436053387,3,MIXED,1.20360005003,-0.297499599444,0.160000000000,UNGUARDED_REFERENCE,true,false,CONVERGED_UNCERTIFIED,NO_GUARDS_OR_FINAL_CERTIFICATION,1,true,false,3.65216571238e-07,false,true,false,true,0,NaN,459,-25.8313993510|26.3950391409|0.422321652065
320,VALID_CAMPAIGN,UNIFORM,-1990106102086834489,3,MIXED,0.111783143383,-1.16280804857,0.160000000000,GUARDED_PRODUCTION,true,true,SUCCESS_WITH_WARNING,CRITICAL_SINGULARITY_DAMPED,32,true,true,4.11631106831e-07,false,false,false,false,0,Infinity,41042,-1.07114010464|-0.381940107238|0.210276528883
320,VALID_CAMPAIGN,UNIFORM,-1990106102086834489,3,MIXED,0.111783143383,-1.16280804857,0.160000000000,UNGUARDED_REFERENCE,true,false,CONVERGED_UNCERTIFIED,NO_GUARDS_OR_FINAL_CERTIFICATION,7,true,false,1.19557117864e-09,false,true,false,true,0,NaN,2459,-27.0595413864|26.2268445022|0.259393452334
321,VALID_CAMPAIGN,NEAR_JOINT_LIMIT,644332867146800443,3,MIXED,0.0292491160840,0.475602181648,0.160000000000,GUARDED_PRODUCTION,false,false,MAX_ITERATIONS_REACHED,CRITICAL_SINGULARITY_DAMPED,800,true,true,0.00809153793815,false,false,false,false,0,Infinity,837750,3.14159265359|-2.28508967713|0.0914814832105
321,VALID_CAMPAIGN,NEAR_JOINT_LIMIT,644332867146800443,3,MIXED,0.0292491160840,0.475602181648,0.160000000000,UNGUARDED_REFERENCE,true,false,CONVERGED_UNCERTIFIED,NO_GUARDS_OR_FINAL_CERTIFICATION,6,true,false,1.15604015457e-07,false,true,false,true,0,NaN,2750,-31.5421699480|33.7598207687|-0.0447502253324
322,VALID_CAMPAIGN,NEAR_SINGULARITY,-220089152924108166,3,MIXED,1.20360000455,-0.297499963586,0.160000000000,GUARDED_PRODUCTION,true,true,SUCCESS_WITH_WARNING,CRITICAL_SINGULARITY_DAMPED,125,true,true,6.14373191914e-07,false,false,false,false,0,Infinity,154375,-0.232251429141|0.296678025155|0.229486608844
322,VALID_CAMPAIGN,NEAR_SINGULARITY,-220089152924108166,3,MIXED,1.20360000455,-0.297499963586,0.160000000000,UNGUARDED_REFERENCE,false,false,MAX_ITERATIONS_UNCERTIFIED,NO_GUARDS_OR_FINAL_CERTIFICATION,800,true,false,1.54455304629,false,false,false,true,0,NaN,313542,-34.6999397013|35.5548326132|-0.0196982170581
323,VALID_CAMPAIGN,MICRO_MOTION,983275422631727323,3,MIXED,1.20360005003,-0.297499599444,0.160000000000,GUARDED_PRODUCTION,true,true,SUCCESS,NONE,1,true,true,6.77527030999e-07,false,false,false,false,0,NaN,2958,-0.232251429141|0.296678025155|0.229486608844
323,VALID_CAMPAIGN,MICRO_MOTION,983275422631727323,3,MIXED,1.20360005003,-0.297499599444,0.160000000000,UNGUARDED_REFERENCE,false,false,MAX_ITERATIONS_UNCERTIFIED,NO_GUARDS_OR_FINAL_CERTIFICATION,800,true,false,1.54455297419,false,false,false,true,0,NaN,312375,-34.6999393447|35.5548325281|-0.0196982153785
324,VALID_CAMPAIGN,UNIFORM,-8144917268832069613,3,MIXED,1.17459099311,0.154057038657,0.160000000000,GUARDED_PRODUCTION,true,true,SUCCESS_WITH_WARNING,CRITICAL_SINGULARITY_DAMPED,20,true,true,4.03528967012e-07,false,false,false,false,0,Infinity,29834,-0.177872746284|0.751909082885|0.169957107967
324,VALID_CAMPAIGN,UNIFORM,-8144917268832069613,3,MIXED,1.17459099311,0.154057038657,0.160000000000,UNGUARDED_REFERENCE,false,false,MAX_ITERATIONS_UNCERTIFIED,NO_GUARDS_OR_FINAL_CERTIFICATION,800,true,false,1.45426910165,false,false,false,true,0,NaN,291959,-34.2565619830|35.4563163887|-0.0176514144888
325,VALID_CAMPAIGN,NEAR_JOINT_LIMIT,5894013523119499539,3,MIXED,0.0292491160840,0.475602181648,0.160000000000,GUARDED_PRODUCTION,false,false,NO_CONVERGENCE,STAGNATION_WINDOW_EXCEEDED,167,true,true,0.0410835348163,false,false,false,false,0,Infinity,183333,-0.125898713248|2.37713844122|0.0200000000000
325,VALID_CAMPAIGN,NEAR_JOINT_LIMIT,5894013523119499539,3,MIXED,0.0292491160840,0.475602181648,0.160000000000,UNGUARDED_REFERENCE,true,false,CONVERGED_UNCERTIFIED,NO_GUARDS_OR_FINAL_CERTIFICATION,5,true,false,7.18939066061e-09,false,true,false,true,0,NaN,1833,-34.5579413595|35.2739134441|-0.0141775787346
326,VALID_CAMPAIGN,NEAR_SINGULARITY,-5318397412227812678,3,MIXED,1.20360000455,-0.297499963586,0.160000000000,GUARDED_PRODUCTION,true,true,SUCCESS_WITH_WARNING,CRITICAL_SINGULARITY_DAMPED,106,true,true,6.57437767268e-07,false,false,false,false,0,Infinity,123083,-0.232251138705|0.296677372452|0.229486477010
326,VALID_CAMPAIGN,NEAR_SINGULARITY,-5318397412227812678,3,MIXED,1.20360000455,-0.297499963586,0.160000000000,UNGUARDED_REFERENCE,true,false,CONVERGED_UNCERTIFIED,NO_GUARDS_OR_FINAL_CERTIFICATION,13,true,false,7.99987881988e-08,false,true,false,true,0,NaN,4708,-37.7559507029|37.0266929372|-0.271442376449
327,VALID_CAMPAIGN,MICRO_MOTION,-6009650341844631411,3,MIXED,1.20360005003,-0.297499599444,0.160000000000,GUARDED_PRODUCTION,true,true,SUCCESS,NONE,1,true,true,7.14207401042e-07,false,false,false,false,0,NaN,2625,-0.232251138705|0.296677372452|0.229486477010
327,VALID_CAMPAIGN,MICRO_MOTION,-6009650341844631411,3,MIXED,1.20360005003,-0.297499599444,0.160000000000,UNGUARDED_REFERENCE,true,false,CONVERGED_UNCERTIFIED,NO_GUARDS_OR_FINAL_CERTIFICATION,1,true,false,3.64939614792e-07,false,true,false,true,0,NaN,583,-37.7559507029|37.0266929372|-0.271442376449
328,VALID_CAMPAIGN,UNIFORM,8773287013711873008,3,MIXED,-0.506935924035,-0.238459297256,0.160000000000,GUARDED_PRODUCTION,true,true,SUCCESS_WITH_WARNING,CRITICAL_SINGULARITY_DAMPED,84,true,true,2.44120067789e-08,false,false,false,false,0,Infinity,101625,-1.15637427940|-1.99229606262|0.210182068166
328,VALID_CAMPAIGN,UNIFORM,8773287013711873008,3,MIXED,-0.506935924035,-0.238459297256,0.160000000000,UNGUARDED_REFERENCE,true,false,CONVERGED_UNCERTIFIED,NO_GUARDS_OR_FINAL_CERTIFICATION,10,true,false,3.88022683268e-07,false,true,false,true,0,NaN,4208,-31.9832712854|28.1120257161|-0.595764954607
329,VALID_CAMPAIGN,NEAR_JOINT_LIMIT,7694904962123514009,3,MIXED,0.00156338188776,-0.504472599206,0.160000000000,GUARDED_PRODUCTION,true,true,SUCCESS_WITH_WARNING,CRITICAL_SINGULARITY_DAMPED,25,true,true,2.11769499231e-07,false,false,false,false,0,Infinity,31083,0.0878614758789|-2.11127312526|0.202937482292
329,VALID_CAMPAIGN,NEAR_JOINT_LIMIT,7694904962123514009,3,MIXED,0.00156338188776,-0.504472599206,0.160000000000,UNGUARDED_REFERENCE,true,false,CONVERGED_UNCERTIFIED,NO_GUARDS_OR_FINAL_CERTIFICATION,6,true,false,2.63025232470e-07,false,true,false,true,0,NaN,2334,-29.7621341230|27.4506216410|-0.705188928207
330,VALID_CAMPAIGN,NEAR_SINGULARITY,4879317353923615285,3,MIXED,1.20360000455,-0.297499963586,0.160000000000,GUARDED_PRODUCTION,true,true,SUCCESS_WITH_WARNING,CRITICAL_SINGULARITY_DAMPED,78,true,true,8.42469186492e-07,false,false,false,false,0,Infinity,95083,-0.227140838755|0.288384907922|0.229658516479
330,VALID_CAMPAIGN,NEAR_SINGULARITY,4879317353923615285,3,MIXED,1.20360000455,-0.297499963586,0.160000000000,UNGUARDED_REFERENCE,true,false,CONVERGED_UNCERTIFIED,NO_GUARDS_OR_FINAL_CERTIFICATION,7,true,false,3.12005412266e-07,false,true,false,true,0,NaN,2625,-31.0434482468|29.8314923203|-0.526903488126
331,VALID_CAMPAIGN,MICRO_MOTION,7847167700492292591,3,MIXED,1.20360005003,-0.297499599444,0.160000000000,GUARDED_PRODUCTION,true,true,SUCCESS,NONE,1,true,true,8.78221412909e-07,false,false,false,false,0,NaN,2500,-0.227140838755|0.288384907922|0.229658516479
331,VALID_CAMPAIGN,MICRO_MOTION,7847167700492292591,3,MIXED,1.20360005003,-0.297499599444,0.160000000000,UNGUARDED_REFERENCE,true,false,CONVERGED_UNCERTIFIED,NO_GUARDS_OR_FINAL_CERTIFICATION,1,true,false,5.18986261822e-07,false,true,false,true,0,NaN,417,-31.0434482468|29.8314923203|-0.526903488126
332,VALID_CAMPAIGN,UNIFORM,1991187369131979273,3,MIXED,-1.01490676220,-0.671181609000,0.160000000000,GUARDED_PRODUCTION,true,true,SUCCESS_WITH_WARNING,CRITICAL_SINGULARITY_DAMPED,72,true,true,6.66668824149e-07,false,false,false,false,0,Infinity,82000,-2.33414894711|-0.0693747341777|0.220725737486
332,VALID_CAMPAIGN,UNIFORM,1991187369131979273,3,MIXED,-1.01490676220,-0.671181609000,0.160000000000,UNGUARDED_REFERENCE,true,false,CONVERGED_UNCERTIFIED,NO_GUARDS_OR_FINAL_CERTIFICATION,7,true,false,8.46617037022e-08,false,true,false,true,0,NaN,2500,-27.4031045218|24.3056403313|-0.261008833825
333,VALID_CAMPAIGN,NEAR_JOINT_LIMIT,728181527723382332,3,MIXED,0.0292490563180,0.475602185323,0.160000000000,GUARDED_PRODUCTION,true,true,SUCCESS_WITH_WARNING,CRITICAL_SINGULARITY_DAMPED,77,true,true,2.65955772460e-08,false,false,false,false,0,Infinity,92542,-3.01641083616|-2.13520206027|0.242964789764
333,VALID_CAMPAIGN,NEAR_JOINT_LIMIT,728181527723382332,3,MIXED,0.0292490563180,0.475602185323,0.160000000000,UNGUARDED_REFERENCE,false,false,MAX_ITERATIONS_UNCERTIFIED,NO_GUARDS_OR_FINAL_CERTIFICATION,800,true,false,1.02862819336,false,false,false,true,0,NaN,329375,-24.7170732682|16.6917523509|-0.0200640372359
334,VALID_CAMPAIGN,NEAR_SINGULARITY,7936578393148924963,3,MIXED,1.20360000455,-0.297499963586,0.160000000000,GUARDED_PRODUCTION,false,false,NO_CONVERGENCE,STAGNATION_WINDOW_EXCEEDED,227,true,true,1.00532790463,false,false,false,false,0,Infinity,226959,-3.14159265359|-2.15684326748|0.575000000000
334,VALID_CAMPAIGN,NEAR_SINGULARITY,7936578393148924963,3,MIXED,1.20360000455,-0.297499963586,0.160000000000,UNGUARDED_REFERENCE,true,false,CONVERGED_UNCERTIFIED,NO_GUARDS_OR_FINAL_CERTIFICATION,9,true,false,5.23079879031e-07,false,true,false,true,0,NaN,3166,-25.0564341579|17.8859944054|-0.338314650626
335,VALID_CAMPAIGN,MICRO_MOTION,-1068309568972519972,3,MIXED,1.20360005003,-0.297499599444,0.160000000000,GUARDED_PRODUCTION,false,false,NO_CONVERGENCE,STAGNATION_WINDOW_EXCEEDED,7,true,true,1.01077058257,false,false,false,false,0,Infinity,9083,-3.14159265359|-2.14928798508|0.575000000000
335,VALID_CAMPAIGN,MICRO_MOTION,-1068309568972519972,3,MIXED,1.20360005003,-0.297499599444,0.160000000000,UNGUARDED_REFERENCE,true,false,CONVERGED_UNCERTIFIED,NO_GUARDS_OR_FINAL_CERTIFICATION,1,true,false,6.08912433509e-07,false,true,false,true,0,NaN,625,-25.0564341579|17.8859944054|-0.338314650626
336,VALID_CAMPAIGN,UNIFORM,490059618201067944,3,MIXED,-0.503372699570,-0.422108439614,0.160000000000,GUARDED_PRODUCTION,true,true,SUCCESS_WITH_WARNING,CRITICAL_SINGULARITY_DAMPED,70,true,true,2.31748058738e-08,false,false,false,false,0,Infinity,81333,-0.868354101351|-1.68151851099|0.422998587767
336,VALID_CAMPAIGN,UNIFORM,490059618201067944,3,MIXED,-0.503372699570,-0.422108439614,0.160000000000,UNGUARDED_REFERENCE,true,false,CONVERGED_UNCERTIFIED,NO_GUARDS_OR_FINAL_CERTIFICATION,10,true,false,8.98506773119e-10,false,true,false,true,0,NaN,3666,-19.9774942445|4.38522080828|0.108129959900
337,VALID_CAMPAIGN,NEAR_JOINT_LIMIT,-1932930465554776060,3,MIXED,-0.382576179535,-0.905049475587,0.160000000000,GUARDED_PRODUCTION,true,true,SUCCESS_WITH_WARNING,CRITICAL_SINGULARITY_DAMPED,18,true,true,3.61110010477e-07,false,false,false,false,0,Infinity,23125,-0.976998942486|-0.983693868610|0.422471921388
337,VALID_CAMPAIGN,NEAR_JOINT_LIMIT,-1932930465554776060,3,MIXED,-0.382576179535,-0.905049475587,0.160000000000,UNGUARDED_REFERENCE,true,false,CONVERGED_UNCERTIFIED,NO_GUARDS_OR_FINAL_CERTIFICATION,6,true,false,1.48652441140e-10,false,true,false,true,0,NaN,2459,-20.0522458833|5.14777250307|0.0964521244598
338,VALID_CAMPAIGN,NEAR_SINGULARITY,-9127163051752491268,3,MIXED,1.20360000455,-0.297499963586,0.160000000000,GUARDED_PRODUCTION,true,true,SUCCESS_WITH_WARNING,CRITICAL_SINGULARITY_DAMPED,55,true,true,2.71083407731e-07,false,false,false,false,0,Infinity,70125,0.206276423091|-0.180538877215|0.417365435748
338,VALID_CAMPAIGN,NEAR_SINGULARITY,-9127163051752491268,3,MIXED,1.20360000455,-0.297499963586,0.160000000000,UNGUARDED_REFERENCE,true,false,CONVERGED_UNCERTIFIED,NO_GUARDS_OR_FINAL_CERTIFICATION,16,true,false,1.68468267173e-07,false,true,false,true,0,NaN,6166,-19.3798329705|7.17914406849|0.321251095107
339,VALID_CAMPAIGN,MICRO_MOTION,-7086139358796123714,3,MIXED,1.20360005003,-0.297499599444,0.160000000000,GUARDED_PRODUCTION,true,true,SUCCESS,NONE,1,true,true,4.18029839187e-07,false,false,false,false,0,NaN,2500,0.206276423091|-0.180538877215|0.417365435748
339,VALID_CAMPAIGN,MICRO_MOTION,-7086139358796123714,3,MIXED,1.20360005003,-0.297499599444,0.160000000000,UNGUARDED_REFERENCE,true,false,CONVERGED_UNCERTIFIED,NO_GUARDS_OR_FINAL_CERTIFICATION,1,true,false,3.85204118431e-07,false,true,false,true,0,NaN,459,-19.3798329705|7.17914406849|0.321251095107
340,VALID_CAMPAIGN,UNIFORM,-129655146845507800,3,MIXED,0.590597310579,-0.217065905362,0.160000000000,GUARDED_PRODUCTION,true,true,SUCCESS_WITH_WARNING,CRITICAL_SINGULARITY_DAMPED,40,true,true,4.60829135084e-08,false,false,false,false,0,Infinity,49625,1.25610498187|-1.74189006798|0.404565565958
340,VALID_CAMPAIGN,UNIFORM,-129655146845507800,3,MIXED,0.590597310579,-0.217065905362,0.160000000000,UNGUARDED_REFERENCE,true,false,CONVERGED_UNCERTIFIED,NO_GUARDS_OR_FINAL_CERTIFICATION,6,true,false,1.75853546728e-09,false,true,false,true,0,NaN,2292,-20.5712643166|8.56874693836|0.124807000561
341,VALID_CAMPAIGN,NEAR_JOINT_LIMIT,7670203143404363762,3,MIXED,0.00156338188776,-0.504472599206,0.160000000000,GUARDED_PRODUCTION,true,true,SUCCESS_WITH_WARNING,CRITICAL_SINGULARITY_DAMPED,25,true,true,2.24183452706e-08,false,false,false,false,0,Infinity,30375,0.365297756962|-1.99620928036|0.419557600697
341,VALID_CAMPAIGN,NEAR_JOINT_LIMIT,7670203143404363762,3,MIXED,0.00156338188776,-0.504472599206,0.160000000000,UNGUARDED_REFERENCE,false,false,MAX_ITERATIONS_UNCERTIFIED,NO_GUARDS_OR_FINAL_CERTIFICATION,800,true,false,1.07579858872,false,false,false,true,0,NaN,326959,-21.5365368780|10.4602937011|-0.0211576091635
342,VALID_CAMPAIGN,NEAR_SINGULARITY,9080533598457095474,3,MIXED,1.20360000455,-0.297499963586,0.160000000000,GUARDED_PRODUCTION,true,true,SUCCESS_WITH_WARNING,CRITICAL_SINGULARITY_DAMPED,49,true,true,6.19738158269e-07,false,false,false,false,0,Infinity,64208,0.211666841482|-0.184772207334|0.420811592443
342,VALID_CAMPAIGN,NEAR_SINGULARITY,9080533598457095474,3,MIXED,1.20360000455,-0.297499963586,0.160000000000,UNGUARDED_REFERENCE,true,false,CONVERGED_UNCERTIFIED,NO_GUARDS_OR_FINAL_CERTIFICATION,11,true,false,3.32719100741e-08,false,true,false,true,0,NaN,4208,-19.1681601800|6.73312415165|0.237016524700
343,VALID_CAMPAIGN,MICRO_MOTION,-1764599163923580522,3,MIXED,1.20360005003,-0.297499599444,0.160000000000,GUARDED_PRODUCTION,true,true,SUCCESS,NONE,1,true,true,6.64947649010e-07,false,false,false,false,0,NaN,2542,0.211666841482|-0.184772207334|0.420811592443
343,VALID_CAMPAIGN,MICRO_MOTION,-1764599163923580522,3,MIXED,1.20360005003,-0.297499599444,0.160000000000,UNGUARDED_REFERENCE,true,false,CONVERGED_UNCERTIFIED,NO_GUARDS_OR_FINAL_CERTIFICATION,1,true,false,3.64907999733e-07,false,true,false,true,0,NaN,583,-19.1681601800|6.73312415165|0.237016524700
344,VALID_CAMPAIGN,UNIFORM,-262870843250676580,3,MIXED,-1.02319997966,-0.906702663285,0.160000000000,GUARDED_PRODUCTION,true,true,SUCCESS_WITH_WARNING,CRITICAL_SINGULARITY_DAMPED,98,true,true,4.29087866079e-07,false,false,false,false,0,Infinity,182792,-2.37636800418|0.560690088718|0.509305737012
344,VALID_CAMPAIGN,UNIFORM,-262870843250676580,3,MIXED,-1.02319997966,-0.906702663285,0.160000000000,UNGUARDED_REFERENCE,true,false,CONVERGED_UNCERTIFIED,NO_GUARDS_OR_FINAL_CERTIFICATION,9,true,false,1.09955076064e-07,false,true,false,true,0,NaN,8500,-3.88464336524|0.783564432436|-1.21431518893
345,VALID_CAMPAIGN,NEAR_JOINT_LIMIT,1666415786649408364,3,MIXED,-0.382576179535,-0.905049475587,0.160000000000,GUARDED_PRODUCTION,true,true,SUCCESS_WITH_WARNING,CRITICAL_SINGULARITY_DAMPED,50,true,true,2.46474704755e-07,false,false,false,false,0,Infinity,94208,-0.995577794940|-0.983659110811|0.404241729128
345,VALID_CAMPAIGN,NEAR_JOINT_LIMIT,1666415786649408364,3,MIXED,-0.382576179535,-0.905049475587,0.160000000000,UNGUARDED_REFERENCE,true,false,CONVERGED_UNCERTIFIED,NO_GUARDS_OR_FINAL_CERTIFICATION,5,true,false,1.31478023951e-09,false,true,false,true,0,NaN,2500,-4.37895264338|1.61229497844|-1.19724629974
346,VALID_CAMPAIGN,NEAR_SINGULARITY,-5311481827561989175,3,MIXED,1.20360000455,-0.297499963586,0.160000000000,GUARDED_PRODUCTION,true,true,SUCCESS_WITH_WARNING,CRITICAL_SINGULARITY_DAMPED,56,true,true,6.43981299092e-08,false,false,false,false,0,Infinity,74667,0.178135292121|-0.158151800916|0.399544774221
346,VALID_CAMPAIGN,NEAR_SINGULARITY,-5311481827561989175,3,MIXED,1.20360000455,-0.297499963586,0.160000000000,UNGUARDED_REFERENCE,true,false,CONVERGED_UNCERTIFIED,NO_GUARDS_OR_FINAL_CERTIFICATION,9,true,false,6.80162893070e-07,false,true,false,true,0,NaN,3792,-6.85997177830|6.36924709786|-0.347421752417
347,VALID_CAMPAIGN,MICRO_MOTION,-5196874767553839742,3,MIXED,1.20360005003,-0.297499599444,0.160000000000,GUARDED_PRODUCTION,true,true,SUCCESS,NONE,1,true,true,3.61980073047e-07,false,false,false,false,0,NaN,3667,0.178135292121|-0.158151800916|0.399544774221
347,VALID_CAMPAIGN,MICRO_MOTION,-5196874767553839742,3,MIXED,1.20360005003,-0.297499599444,0.160000000000,UNGUARDED_REFERENCE,true,false,CONVERGED_UNCERTIFIED,NO_GUARDS_OR_FINAL_CERTIFICATION,1,true,false,7.21601056127e-07,false,true,false,true,0,NaN,542,-6.85997177830|6.36924709786|-0.347421752417
348,VALID_CAMPAIGN,UNIFORM,7686315144687943667,3,MIXED,1.23353269484,0.0856192795899,0.160000000000,GUARDED_PRODUCTION,true,true,SUCCESS_WITH_WARNING,CRITICAL_SINGULARITY_DAMPED,10,true,true,8.30318343246e-07,false,false,false,false,0,Infinity,16625,0.493856143653|-0.169500532718|0.395572255358
348,VALID_CAMPAIGN,UNIFORM,7686315144687943667,3,MIXED,1.23353269484,0.0856192795899,0.160000000000,UNGUARDED_REFERENCE,true,false,CONVERGED_UNCERTIFIED,NO_GUARDS_OR_FINAL_CERTIFICATION,6,true,false,1.17789630983e-09,false,true,false,true,0,NaN,2541,-6.55740403732|6.38637557853|-0.345362699894
349,VALID_CAMPAIGN,NEAR_JOINT_LIMIT,5364420353348975047,3,MIXED,0.00156338188776,-0.504472599206,0.160000000000,GUARDED_PRODUCTION,true,true,SUCCESS_WITH_WARNING,CRITICAL_SINGULARITY_DAMPED,55,true,true,3.28511488356e-08,false,false,false,false,0,Infinity,88750,0.329723750241|-1.99983577392|0.399106258669
349,VALID_CAMPAIGN,NEAR_JOINT_LIMIT,5364420353348975047,3,MIXED,0.00156338188776,-0.504472599206,0.160000000000,UNGUARDED_REFERENCE,true,false,CONVERGED_UNCERTIFIED,NO_GUARDS_OR_FINAL_CERTIFICATION,10,true,false,2.23831338651e-09,false,true,false,true,0,NaN,4167,-9.43009553374|14.9959337632|0.0553078482055
350,VALID_CAMPAIGN,NEAR_SINGULARITY,5981858909637078547,3,MIXED,1.20360000455,-0.297499963586,0.160000000000,GUARDED_PRODUCTION,true,true,SUCCESS_WITH_WARNING,CRITICAL_SINGULARITY_DAMPED,50,true,true,5.18062674454e-07,false,false,false,false,0,Infinity,65542,0.178216550644|-0.158218264146|0.399594879998
350,VALID_CAMPAIGN,NEAR_SINGULARITY,5981858909637078547,3,MIXED,1.20360000455,-0.297499963586,0.160000000000,UNGUARDED_REFERENCE,true,false,CONVERGED_UNCERTIFIED,NO_GUARDS_OR_FINAL_CERTIFICATION,15,true,false,3.50325521315e-09,false,true,false,true,0,NaN,5875,-13.1280174415|18.9222099263|-0.338716213594
351,VALID_CAMPAIGN,MICRO_MOTION,4454596910153264071,3,MIXED,1.20360005003,-0.297499599444,0.160000000000,GUARDED_PRODUCTION,true,true,SUCCESS,NONE,1,true,true,5.83500753472e-07,false,false,false,false,0,NaN,2917,0.178216550644|-0.158218264146|0.399594879998
351,VALID_CAMPAIGN,MICRO_MOTION,4454596910153264071,3,MIXED,1.20360005003,-0.297499599444,0.160000000000,UNGUARDED_REFERENCE,true,false,CONVERGED_UNCERTIFIED,NO_GUARDS_OR_FINAL_CERTIFICATION,1,true,false,3.66689433505e-07,false,true,false,true,0,NaN,500,-13.1280174415|18.9222099263|-0.338716213594
352,VALID_CAMPAIGN,UNIFORM,7630153972005653027,3,MIXED,-0.929164820791,-0.859352086341,0.160000000000,GUARDED_PRODUCTION,true,true,SUCCESS_WITH_WARNING,CRITICAL_SINGULARITY_DAMPED,78,true,true,1.48913752864e-07,false,false,false,false,0,Infinity,134041,-2.02548402862|-0.0535248250566|0.420072307125
352,VALID_CAMPAIGN,UNIFORM,7630153972005653027,3,MIXED,-0.929164820791,-0.859352086341,0.160000000000,UNGUARDED_REFERENCE,true,false,CONVERGED_UNCERTIFIED,NO_GUARDS_OR_FINAL_CERTIFICATION,17,true,false,4.11684360481e-07,false,true,false,true,0,NaN,7709,-21.2732137020|31.8678215469|0.303640749491
353,VALID_CAMPAIGN,NEAR_JOINT_LIMIT,-5918865067998972985,3,MIXED,0.413388554347,0.0750253091393,0.160000000000,GUARDED_PRODUCTION,true,true,SUCCESS_WITH_WARNING,CRITICAL_SINGULARITY_DAMPED,101,true,true,1.73583818488e-07,false,false,false,false,0,Infinity,122708,2.23586525882|-2.20154734390|0.339441709201
353,VALID_CAMPAIGN,NEAR_JOINT_LIMIT,-5918865067998972985,3,MIXED,0.413388554347,0.0750253091393,0.160000000000,UNGUARDED_REFERENCE,true,false,CONVERGED_UNCERTIFIED,NO_GUARDS_OR_FINAL_CERTIFICATION,14,true,false,5.10570782896e-11,false,true,false,true,0,NaN,5792,-33.0289874044|46.3586515779|-0.111739442775
354,VALID_CAMPAIGN,NEAR_SINGULARITY,2090465083826227055,3,MIXED,1.20360000455,-0.297499963586,0.160000000000,GUARDED_PRODUCTION,true,true,SUCCESS_WITH_WARNING,CRITICAL_SINGULARITY_DAMPED,61,true,true,1.46398609500e-07,false,false,false,false,0,Infinity,83042,0.108556150849|-0.100318295093|0.357039196126
354,VALID_CAMPAIGN,NEAR_SINGULARITY,2090465083826227055,3,MIXED,1.20360000455,-0.297499963586,0.160000000000,UNGUARDED_REFERENCE,true,false,CONVERGED_UNCERTIFIED,NO_GUARDS_OR_FINAL_CERTIFICATION,10,true,false,1.24460489321e-07,false,true,false,true,0,NaN,4083,-31.7627209993|43.8245764977|-0.243522959888
355,VALID_CAMPAIGN,MICRO_MOTION,1148581786672203835,3,MIXED,1.20360005003,-0.297499599444,0.160000000000,GUARDED_PRODUCTION,true,true,SUCCESS,NONE,1,true,true,3.73183683803e-07,false,false,false,false,0,NaN,2875,0.108556150849|-0.100318295093|0.357039196126
355,VALID_CAMPAIGN,MICRO_MOTION,1148581786672203835,3,MIXED,1.20360005003,-0.297499599444,0.160000000000,UNGUARDED_REFERENCE,true,false,CONVERGED_UNCERTIFIED,NO_GUARDS_OR_FINAL_CERTIFICATION,1,true,false,3.75220617197e-07,false,true,false,true,0,NaN,417,-31.7627209993|43.8245764977|-0.243522959888
356,VALID_CAMPAIGN,UNIFORM,-12328877804737616,3,MIXED,0.905948700712,-0.665368710032,0.160000000000,GUARDED_PRODUCTION,true,true,SUCCESS_WITH_WARNING,CRITICAL_SINGULARITY_DAMPED,15,true,true,8.45531358850e-08,false,false,false,false,0,Infinity,20250,0.0215525084507|-0.584732306008|0.352503999875
356,VALID_CAMPAIGN,UNIFORM,-12328877804737616,3,MIXED,0.905948700712,-0.665368710032,0.160000000000,UNGUARDED_REFERENCE,true,false,CONVERGED_UNCERTIFIED,NO_GUARDS_OR_FINAL_CERTIFICATION,7,true,false,2.83394377269e-09,false,true,false,true,0,NaN,2958,-32.4912229651|44.7640846411|0.0256368113068
357,VALID_CAMPAIGN,NEAR_JOINT_LIMIT,-1555507437733804238,3,MIXED,0.0292491160840,0.475602181648,0.160000000000,GUARDED_PRODUCTION,false,false,MAX_ITERATIONS_REACHED,CRITICAL_SINGULARITY_DAMPED,800,true,true,0.0102993384770,false,false,false,false,0,Infinity,908375,3.14159265359|-2.27200517109|0.102552349719
357,VALID_CAMPAIGN,NEAR_JOINT_LIMIT,-1555507437733804238,3,MIXED,0.0292491160840,0.475602181648,0.160000000000,UNGUARDED_REFERENCE,true,false,CONVERGED_UNCERTIFIED,NO_GUARDS_OR_FINAL_CERTIFICATION,11,true,false,2.84981185109e-11,false,true,false,true,0,NaN,4667,-40.8347751073|54.0607688301|-0.0565218375148
358,VALID_CAMPAIGN,NEAR_SINGULARITY,-6456303567723037029,3,MIXED,1.20360000455,-0.297499963586,0.160000000000,GUARDED_PRODUCTION,true,true,SUCCESS_WITH_WARNING,CRITICAL_SINGULARITY_DAMPED,122,true,true,7.34874000520e-07,false,false,false,false,0,Infinity,159459,-0.232251068335|0.296676935967|0.229486227774
358,VALID_CAMPAIGN,NEAR_SINGULARITY,-6456303567723037029,3,MIXED,1.20360000455,-0.297499963586,0.160000000000,UNGUARDED_REFERENCE,true,false,CONVERGED_UNCERTIFIED,NO_GUARDS_OR_FINAL_CERTIFICATION,14,true,false,2.84013754100e-07,false,true,false,true,0,NaN,5583,-44.2713513241|56.3094952830|-0.232258928138
359,VALID_CAMPAIGN,MICRO_MOTION,5376887545613526092,3,MIXED,1.20360005003,-0.297499599444,0.160000000000,GUARDED_PRODUCTION,true,true,SUCCESS,NONE,1,true,true,7.81803884820e-07,false,false,false,false,0,NaN,3125,-0.232251068335|0.296676935967|0.229486227774
359,VALID_CAMPAIGN,MICRO_MOTION,5376887545613526092,3,MIXED,1.20360005003,-0.297499599444,0.160000000000,UNGUARDED_REFERENCE,true,false,CONVERGED_UNCERTIFIED,NO_GUARDS_OR_FINAL_CERTIFICATION,1,true,false,4.40276239213e-07,false,true,false,true,0,NaN,541,-44.2713513241|56.3094952830|-0.232258928138
360,VALID_CAMPAIGN,UNIFORM,883643893518097242,3,MIXED,-0.554459374612,-1.23952634527,0.160000000000,GUARDED_PRODUCTION,true,true,SUCCESS_WITH_WARNING,CRITICAL_SINGULARITY_DAMPED,95,true,true,7.79744037580e-07,false,false,false,false,0,Infinity,117584,-1.97577492084|0.583034303596|0.492375995476
360,VALID_CAMPAIGN,UNIFORM,883643893518097242,3,MIXED,-0.554459374612,-1.23952634527,0.160000000000,UNGUARDED_REFERENCE,true,false,CONVERGED_UNCERTIFIED,NO_GUARDS_OR_FINAL_CERTIFICATION,10,true,false,3.17380790863e-09,false,true,false,true,0,NaN,4375,-47.8111190889|72.3640461750|1.39384716034
361,VALID_CAMPAIGN,NEAR_JOINT_LIMIT,984877445619339758,3,MIXED,0.0292490563180,0.475602185323,0.160000000000,GUARDED_PRODUCTION,false,false,NO_CONVERGENCE,STAGNATION_WINDOW_EXCEEDED,85,true,true,0.683330309575,false,false,false,false,0,Infinity,102958,-0.396365334003|-2.37713844122|0.369007239335
361,VALID_CAMPAIGN,NEAR_JOINT_LIMIT,984877445619339758,3,MIXED,0.0292490563180,0.475602185323,0.160000000000,UNGUARDED_REFERENCE,true,false,CONVERGED_UNCERTIFIED,NO_GUARDS_OR_FINAL_CERTIFICATION,8,true,false,1.37619305584e-08,false,true,false,true,0,NaN,3458,-45.4280902014|66.6323560172|0.659948674127
362,VALID_CAMPAIGN,NEAR_SINGULARITY,-2926004242345965212,3,MIXED,1.20360000455,-0.297499963586,0.160000000000,GUARDED_PRODUCTION,true,true,SUCCESS_WITH_WARNING,CRITICAL_SINGULARITY_DAMPED,76,true,true,6.77744336712e-07,false,false,false,false,0,Infinity,90167,0.0814818830685|-0.0766412338637|0.341268692799
362,VALID_CAMPAIGN,NEAR_SINGULARITY,-2926004242345965212,3,MIXED,1.20360000455,-0.297499963586,0.160000000000,UNGUARDED_REFERENCE,true,false,CONVERGED_UNCERTIFIED,NO_GUARDS_OR_FINAL_CERTIFICATION,9,true,false,9.63893597108e-07,false,true,false,true,0,NaN,3500,-50.4613356740|68.7207321011|-0.232223343008
363,VALID_CAMPAIGN,MICRO_MOTION,1310983684984211871,3,MIXED,1.20360005003,-0.297499599444,0.160000000000,GUARDED_PRODUCTION,true,true,SUCCESS,NONE,1,true,true,7.19476069737e-07,false,false,false,false,0,NaN,2583,0.0814818830685|-0.0766412338637|0.341268692799
363,VALID_CAMPAIGN,MICRO_MOTION,1310983684984211871,3,MIXED,1.20360005003,-0.297499599444,0.160000000000,UNGUARDED_REFERENCE,true,false,CONVERGED_UNCERTIFIED,NO_GUARDS_OR_FINAL_CERTIFICATION,1,true,false,9.84439617393e-07,false,true,false,true,0,NaN,500,-50.4613356740|68.7207321011|-0.232223343008
364,VALID_CAMPAIGN,UNIFORM,2884922708681362011,3,MIXED,0.414140762941,-1.19137565903,0.160000000000,GUARDED_PRODUCTION,true,true,SUCCESS_WITH_WARNING,CRITICAL_SINGULARITY_DAMPED,35,true,true,4.21757198306e-07,false,false,false,false,0,Infinity,46250,-0.981083345618|0.0501358637707|0.354284667724
364,VALID_CAMPAIGN,UNIFORM,2884922708681362011,3,MIXED,0.414140762941,-1.19137565903,0.160000000000,UNGUARDED_REFERENCE,true,false,CONVERGED_UNCERTIFIED,NO_GUARDS_OR_FINAL_CERTIFICATION,32,true,false,3.08365268725e-08,false,true,false,true,0,NaN,13292,-64.0855342456|82.1012276808|0.291940086842
365,VALID_CAMPAIGN,NEAR_JOINT_LIMIT,-8264018278685884431,3,MIXED,0.00156338188776,-0.504472599206,0.160000000000,GUARDED_PRODUCTION,true,true,SUCCESS_WITH_WARNING,CRITICAL_SINGULARITY_DAMPED,51,true,true,7.39272036193e-08,false,false,false,false,0,Infinity,65375,0.238669101352|-2.01935137339|0.339937512398
365,VALID_CAMPAIGN,NEAR_JOINT_LIMIT,-8264018278685884431,3,MIXED,0.00156338188776,-0.504472599206,0.160000000000,UNGUARDED_REFERENCE,false,false,MAX_ITERATIONS_UNCERTIFIED,NO_GUARDS_OR_FINAL_CERTIFICATION,800,true,false,1.07579859099,false,false,false,true,0,NaN,322750,-71.8020193385|85.8585173926|-0.0211576093044
366,VALID_CAMPAIGN,NEAR_SINGULARITY,-7964858228391421851,3,MIXED,1.20360000455,-0.297499963586,0.160000000000,GUARDED_PRODUCTION,true,true,SUCCESS_WITH_WARNING,CRITICAL_SINGULARITY_DAMPED,53,true,true,3.87854600615e-07,false,false,false,false,0,Infinity,66500,0.0763236034692|-0.0720409212447|0.338324353631
366,VALID_CAMPAIGN,NEAR_SINGULARITY,-7964858228391421851,3,MIXED,1.20360000455,-0.297499963586,0.160000000000,UNGUARDED_REFERENCE,true,false,CONVERGED_UNCERTIFIED,NO_GUARDS_OR_FINAL_CERTIFICATION,11,true,false,3.32717250402e-08,false,true,false,true,0,NaN,5083,-69.4336429041|82.1313483469|0.237016577382
367,VALID_CAMPAIGN,MICRO_MOTION,3237641194745713419,3,MIXED,1.20360005003,-0.297499599444,0.160000000000,GUARDED_PRODUCTION,true,true,SUCCESS,NONE,1,true,true,4.91487981801e-07,false,false,false,false,0,NaN,2666,0.0763236034692|-0.0720409212447|0.338324353631
367,VALID_CAMPAIGN,MICRO_MOTION,3237641194745713419,3,MIXED,1.20360005003,-0.297499599444,0.160000000000,UNGUARDED_REFERENCE,true,false,CONVERGED_UNCERTIFIED,NO_GUARDS_OR_FINAL_CERTIFICATION,1,true,false,3.64907940004e-07,false,true,false,true,0,NaN,417,-69.4336429041|82.1313483469|0.237016577382
368,VALID_CAMPAIGN,UNIFORM,-3335716307651934186,3,MIXED,-0.0917809282968,0.615177314072,0.160000000000,GUARDED_PRODUCTION,false,false,MAX_ITERATIONS_REACHED,CRITICAL_SINGULARITY_DAMPED,800,true,true,0.00228372711992,false,false,false,false,0,Infinity,902958,3.14159265359|-1.87067029110|0.206133976831
368,VALID_CAMPAIGN,UNIFORM,-3335716307651934186,3,MIXED,-0.0917809282968,0.615177314072,0.160000000000,UNGUARDED_REFERENCE,false,false,MAX_ITERATIONS_UNCERTIFIED,NO_GUARDS_OR_FINAL_CERTIFICATION,800,true,false,1.15650013363,false,false,false,true,0,NaN,363708,-106.613185129|142.195202917|-0.0235825260364
369,VALID_CAMPAIGN,NEAR_JOINT_LIMIT,-4333413042315148955,3,MIXED,0.413388554347,0.0750253091393,0.160000000000,GUARDED_PRODUCTION,true,true,SUCCESS_WITH_WARNING,CRITICAL_SINGULARITY_DAMPED,31,true,true,3.47519744220e-08,false,false,false,false,0,Infinity,43958,2.06378765051|-2.26891319676|0.222000767406
369,VALID_CAMPAIGN,NEAR_JOINT_LIMIT,-4333413042315148955,3,MIXED,0.413388554347,0.0750253091393,0.160000000000,UNGUARDED_REFERENCE,false,false,MAX_ITERATIONS_UNCERTIFIED,NO_GUARDS_OR_FINAL_CERTIFICATION,800,true,false,0.936677108106,false,false,false,true,0,NaN,342750,-107.680231642|142.261817345|-0.0181052605254
370,VALID_CAMPAIGN,NEAR_SINGULARITY,3652225377553390346,3,MIXED,1.20360000455,-0.297499963586,0.160000000000,GUARDED_PRODUCTION,true,true,SUCCESS_WITH_WARNING,CRITICAL_SINGULARITY_DAMPED,75,true,true,6.40985049368e-07,false,false,false,false,0,Infinity,96541,-0.171384763450|0.203723401706|0.235991871441
370,VALID_CAMPAIGN,NEAR_SINGULARITY,3652225377553390346,3,MIXED,1.20360000455,-0.297499963586,0.160000000000,UNGUARDED_REFERENCE,false,false,MAX_ITERATIONS_UNCERTIFIED,NO_GUARDS_OR_FINAL_CERTIFICATION,800,true,false,1.54455304615,false,false,false,true,0,NaN,330292,-103.814978078|142.368982833|-0.0196982170913
371,VALID_CAMPAIGN,MICRO_MOTION,1914536195152479469,3,MIXED,1.20360005003,-0.297499599444,0.160000000000,GUARDED_PRODUCTION,true,true,SUCCESS,NONE,1,true,true,6.97760564878e-07,false,false,false,false,0,NaN,3000,-0.171384763450|0.203723401706|0.235991871441
371,VALID_CAMPAIGN,MICRO_MOTION,1914536195152479469,3,MIXED,1.20360005003,-0.297499599444,0.160000000000,UNGUARDED_REFERENCE,false,false,MAX_ITERATIONS_UNCERTIFIED,NO_GUARDS_OR_FINAL_CERTIFICATION,800,true,false,1.54455297402,false,false,false,true,0,NaN,316416,-103.814977723|142.368982750|-0.0196982153673
372,VALID_CAMPAIGN,UNIFORM,28471334891405714,3,MIXED,0.894516025407,0.798728276070,0.160000000000,GUARDED_PRODUCTION,true,true,SUCCESS_WITH_WARNING,CRITICAL_SINGULARITY_DAMPED,29,true,true,3.00703936951e-07,false,false,false,false,0,Infinity,39333,1.00035215372|-0.187085804984|0.193248006901
372,VALID_CAMPAIGN,UNIFORM,28471334891405714,3,MIXED,0.894516025407,0.798728276070,0.160000000000,UNGUARDED_REFERENCE,true,false,CONVERGED_UNCERTIFIED,NO_GUARDS_OR_FINAL_CERTIFICATION,9,true,false,3.10109230436e-08,false,true,false,true,0,NaN,3584,-105.955661033|144.206742058|-0.0615154522646
373,VALID_CAMPAIGN,NEAR_JOINT_LIMIT,-3433835831162061513,3,MIXED,-0.382576179535,-0.905049475587,0.160000000000,GUARDED_PRODUCTION,true,true,SUCCESS_WITH_WARNING,CRITICAL_SINGULARITY_DAMPED,99,true,true,1.20382551651e-07,false,false,false,false,0,Infinity,118542,-1.15158809494|-1.04076706814|0.211610317349
373,VALID_CAMPAIGN,NEAR_JOINT_LIMIT,-3433835831162061513,3,MIXED,-0.382576179535,-0.905049475587,0.160000000000,UNGUARDED_REFERENCE,true,false,CONVERGED_UNCERTIFIED,NO_GUARDS_OR_FINAL_CERTIFICATION,11,true,false,5.28939472335e-10,false,true,false,true,0,NaN,4416,-95.3355920493|123.856537881|-0.302453507067
374,VALID_CAMPAIGN,NEAR_SINGULARITY,-2256929418630163198,3,MIXED,1.20360000455,-0.297499963586,0.160000000000,GUARDED_PRODUCTION,true,true,SUCCESS_WITH_WARNING,CRITICAL_SINGULARITY_DAMPED,78,true,true,9.92924453887e-07,false,false,false,false,0,Infinity,98375,-0.209115149071|0.259855275059|0.230821599567
374,VALID_CAMPAIGN,NEAR_SINGULARITY,-2256929418630163198,3,MIXED,1.20360000455,-0.297499963586,0.160000000000,UNGUARDED_REFERENCE,true,false,CONVERGED_UNCERTIFIED,NO_GUARDS_OR_FINAL_CERTIFICATION,7,true,false,2.23195993557e-07,false,true,false,true,0,NaN,2667,-94.3722522319|125.132116864|-0.247236420310
375,VALID_CAMPAIGN,MICRO_MOTION,-2918318499118680616,3,MIXED,1.20360005003,-0.297499599444,0.160000000000,GUARDED_PRODUCTION,true,true,SUCCESS_WITH_WARNING,CRITICAL_SINGULARITY_DAMPED,2,true,true,5.32083730766e-07,false,false,false,false,0,Infinity,4042,-0.209116605300|0.259859721114|0.230822791993
375,VALID_CAMPAIGN,MICRO_MOTION,-2918318499118680616,3,MIXED,1.20360005003,-0.297499599444,0.160000000000,UNGUARDED_REFERENCE,true,false,CONVERGED_UNCERTIFIED,NO_GUARDS_OR_FINAL_CERTIFICATION,1,true,false,4.03355536717e-07,false,true,false,true,0,NaN,625,-94.3722522319|125.132116864|-0.247236420310
376,VALID_CAMPAIGN,UNIFORM,1413271518760655053,3,MIXED,0.797641392081,-0.00275649133553,0.160000000000,GUARDED_PRODUCTION,true,true,SUCCESS_WITH_WARNING,CRITICAL_SINGULARITY_DAMPED,49,true,true,1.21270266622e-08,false,false,false,false,0,Infinity,62625,1.11977139860|-1.50685578138|0.196038041128
376,VALID_CAMPAIGN,UNIFORM,1413271518760655053,3,MIXED,0.797641392081,-0.00275649133553,0.160000000000,UNGUARDED_REFERENCE,true,false,CONVERGED_UNCERTIFIED,NO_GUARDS_OR_FINAL_CERTIFICATION,7,true,false,5.79536215560e-10,false,true,false,true,0,NaN,2834,-95.3202001539|127.416723367|0.0166689867563
377,VALID_CAMPAIGN,NEAR_JOINT_LIMIT,-8325108261062814152,3,MIXED,0.0292491160840,0.475602181648,0.160000000000,GUARDED_PRODUCTION,false,false,MAX_ITERATIONS_REACHED,CRITICAL_SINGULARITY_DAMPED,800,true,true,0.00743207322747,false,false,false,false,0,Infinity,885584,3.14159265359|-2.28940521807|0.0878920301307
377,VALID_CAMPAIGN,NEAR_JOINT_LIMIT,-8325108261062814152,3,MIXED,0.0292491160840,0.475602181648,0.160000000000,UNGUARDED_REFERENCE,true,false,CONVERGED_UNCERTIFIED,NO_GUARDS_OR_FINAL_CERTIFICATION,6,true,false,1.46267216285e-08,false,true,false,true,0,NaN,2666,-97.3887204960|129.503653026|-0.0265944103976
378,VALID_CAMPAIGN,NEAR_SINGULARITY,-4001331354346446582,3,MIXED,1.20360000455,-0.297499963586,0.160000000000,GUARDED_PRODUCTION,true,true,SUCCESS_WITH_WARNING,CRITICAL_SINGULARITY_DAMPED,125,true,true,9.76277517232e-07,false,false,false,false,0,Infinity,166625,-0.232251594179|0.296676790951|0.229485430704
378,VALID_CAMPAIGN,NEAR_SINGULARITY,-4001331354346446582,3,MIXED,1.20360000455,-0.297499963586,0.160000000000,UNGUARDED_REFERENCE,true,false,CONVERGED_UNCERTIFIED,NO_GUARDS_OR_FINAL_CERTIFICATION,11,true,false,5.23268872119e-07,false,true,false,true,0,NaN,4792,-100.993215533|131.924074141|-0.286711965702
379,VALID_CAMPAIGN,MICRO_MOTION,6671256229833369619,3,MIXED,1.20360005003,-0.297499599444,0.160000000000,GUARDED_PRODUCTION,true,true,SUCCESS_WITH_WARNING,CRITICAL_SINGULARITY_DAMPED,2,true,true,5.43695568098e-07,false,false,false,false,0,Infinity,4041,-0.232251308621|0.296678421846|0.229486693219
379,VALID_CAMPAIGN,MICRO_MOTION,6671256229833369619,3,MIXED,1.20360005003,-0.297499599444,0.160000000000,UNGUARDED_REFERENCE,true,false,CONVERGED_UNCERTIFIED,NO_GUARDS_OR_FINAL_CERTIFICATION,1,true,false,6.02396832809e-07,false,true,false,true,0,NaN,416,-100.993215533|131.924074141|-0.286711965702
380,VALID_CAMPAIGN,UNIFORM,8431579157091252509,3,MIXED,-0.760222394703,0.488283603611,0.160000000000,GUARDED_PRODUCTION,true,true,SUCCESS_WITH_WARNING,CRITICAL_SINGULARITY_DAMPED,95,true,true,1.94786545449e-08,false,false,false,false,0,Infinity,113541,1.64768715648|1.70047735999|0.142390106805
380,VALID_CAMPAIGN,UNIFORM,8431579157091252509,3,MIXED,-0.760222394703,0.488283603611,0.160000000000,UNGUARDED_REFERENCE,true,false,CONVERGED_UNCERTIFIED,NO_GUARDS_OR_FINAL_CERTIFICATION,8,true,false,3.20915577349e-08,false,true,false,true,0,NaN,3125,-109.498484488|149.604948704|0.313480853982
381,VALID_CAMPAIGN,NEAR_JOINT_LIMIT,-3309195033878108035,3,MIXED,-0.382576179535,-0.905049475587,0.160000000000,GUARDED_PRODUCTION,false,false,NO_CONVERGENCE,STAGNATION_WINDOW_EXCEEDED,44,true,true,0.206814156752,false,false,false,false,10,Infinity,60334,3.14159265359|1.79486193717|0.145272710810
381,VALID_CAMPAIGN,NEAR_JOINT_LIMIT,-3309195033878108035,3,MIXED,-0.382576179535,-0.905049475587,0.160000000000,UNGUARDED_REFERENCE,true,false,CONVERGED_UNCERTIFIED,NO_GUARDS_OR_FINAL_CERTIFICATION,7,true,false,1.94269232225e-07,false,true,false,true,0,NaN,2709,-107.962965141|149.758445550|0.216227988157
382,VALID_CAMPAIGN,NEAR_SINGULARITY,-3637663590366716745,3,MIXED,1.20360000455,-0.297499963586,0.160000000000,GUARDED_PRODUCTION,false,false,NO_CONVERGENCE,STAGNATION_WINDOW_EXCEEDED,290,true,true,1.21972526088,false,false,false,false,0,Infinity,286500,3.14159265359|2.37713844122|0.0200000000000
382,VALID_CAMPAIGN,NEAR_SINGULARITY,-3637663590366716745,3,MIXED,1.20360000455,-0.297499963586,0.160000000000,UNGUARDED_REFERENCE,true,false,CONVERGED_UNCERTIFIED,NO_GUARDS_OR_FINAL_CERTIFICATION,11,true,false,1.76661123552e-08,false,true,false,true,0,NaN,4375,-107.046272295|151.092917027|0.229492167540
383,VALID_CAMPAIGN,MICRO_MOTION,-7336486222263577332,3,MIXED,1.20360005003,-0.297499599444,0.160000000000,GUARDED_PRODUCTION,false,false,NO_CONVERGENCE,STAGNATION_WINDOW_EXCEEDED,7,true,true,1.21972536749,false,false,false,false,0,Infinity,8917,3.14159265359|2.37713844122|0.0200000000000
383,VALID_CAMPAIGN,MICRO_MOTION,-7336486222263577332,3,MIXED,1.20360005003,-0.297499599444,0.160000000000,UNGUARDED_REFERENCE,true,false,CONVERGED_UNCERTIFIED,NO_GUARDS_OR_FINAL_CERTIFICATION,1,true,false,3.69461019464e-07,false,true,false,true,0,NaN,416,-107.046272295|151.092917027|0.229492167540
384,VALID_CAMPAIGN,UNIFORM,3993689771312456117,3,MIXED,-0.878522747045,0.825056550649,0.160000000000,GUARDED_PRODUCTION,true,true,SUCCESS_WITH_WARNING,CRITICAL_SINGULARITY_DAMPED,87,true,true,7.06986033480e-07,false,false,false,false,0,Infinity,105667,2.31733547048|0.220819256864|0.0722509545380
384,VALID_CAMPAIGN,UNIFORM,3993689771312456117,3,MIXED,-0.878522747045,0.825056550649,0.160000000000,UNGUARDED_REFERENCE,true,false,CONVERGED_UNCERTIFIED,NO_GUARDS_OR_FINAL_CERTIFICATION,11,true,false,9.25474178150e-07,false,true,false,true,0,NaN,4292,-88.5343140903|127.534765598|-1.53988540225
385,VALID_CAMPAIGN,NEAR_JOINT_LIMIT,3030408770918989090,3,MIXED,0.413388554347,0.0750253091393,0.160000000000,GUARDED_PRODUCTION,false,false,NO_CONVERGENCE,STAGNATION_WINDOW_EXCEEDED,95,true,true,0.0919483972757,false,false,false,false,10,Infinity,119000,-1.47396466068|2.37713844122|0.0200000000000
385,VALID_CAMPAIGN,NEAR_JOINT_LIMIT,3030408770918989090,3,MIXED,0.413388554347,0.0750253091393,0.160000000000,UNGUARDED_REFERENCE,false,false,MAX_ITERATIONS_UNCERTIFIED,NO_GUARDS_OR_FINAL_CERTIFICATION,800,true,false,0.936676537060,false,false,false,true,0,NaN,336042,-80.4562547267|109.065599427|0.0181059561235
386,VALID_CAMPAIGN,NEAR_SINGULARITY,1661953068744568995,3,MIXED,1.20360000455,-0.297499963586,0.160000000000,GUARDED_PRODUCTION,true,true,SUCCESS_WITH_WARNING,CRITICAL_SINGULARITY_DAMPED,94,true,true,9.91310842398e-07,false,false,false,false,0,Infinity,116250,-0.232251627590|0.296676783005|0.229485381049
386,VALID_CAMPAIGN,NEAR_SINGULARITY,1661953068744568995,3,MIXED,1.20360000455,-0.297499963586,0.160000000000,UNGUARDED_REFERENCE,true,false,CONVERGED_UNCERTIFIED,NO_GUARDS_OR_FINAL_CERTIFICATION,13,true,false,1.35110165454e-07,false,true,false,true,0,NaN,4875,-69.3617332929|87.6585761776|-0.229378114188
387,VALID_CAMPAIGN,MICRO_MOTION,-1709780449190426708,3,MIXED,1.20360005003,-0.297499599444,0.160000000000,GUARDED_PRODUCTION,true,true,SUCCESS_WITH_WARNING,CRITICAL_SINGULARITY_DAMPED,2,true,true,5.52455395669e-07,false,false,false,false,0,Infinity,4000,-0.232251341337|0.296678438828|0.229486663929
387,VALID_CAMPAIGN,MICRO_MOTION,-1709780449190426708,3,MIXED,1.20360005003,-0.297499599444,0.160000000000,UNGUARDED_REFERENCE,true,false,CONVERGED_UNCERTIFIED,NO_GUARDS_OR_FINAL_CERTIFICATION,1,true,false,3.75984064924e-07,false,true,false,true,0,NaN,417,-69.3617332929|87.6585761776|-0.229378114188
388,VALID_CAMPAIGN,UNIFORM,-8052098770824099160,3,MIXED,0.976814868948,0.0530492863005,0.160000000000,GUARDED_PRODUCTION,true,true,SUCCESS_WITH_WARNING,CRITICAL_SINGULARITY_DAMPED,39,true,true,1.11329086731e-07,false,false,false,false,0,Infinity,47417,-0.732075091595|1.47420532133|0.127800782376
388,VALID_CAMPAIGN,UNIFORM,-8052098770824099160,3,MIXED,0.976814868948,0.0530492863005,0.160000000000,UNGUARDED_REFERENCE,true,false,CONVERGED_UNCERTIFIED,NO_GUARDS_OR_FINAL_CERTIFICATION,8,true,false,5.25657696816e-11,false,true,false,true,0,NaN,3125,-67.7727046140|86.9086176191|0.656382684849
389,VALID_CAMPAIGN,NEAR_JOINT_LIMIT,-5823651630292031457,3,MIXED,0.413388563775,0.0750252571913,0.160000000000,GUARDED_PRODUCTION,false,false,NO_CONVERGENCE,STAGNATION_WINDOW_EXCEEDED,29,true,true,0.164487560337,false,false,false,false,5,Infinity,39375,-1.44948672736|2.37713844122|0.101723136326
389,VALID_CAMPAIGN,NEAR_JOINT_LIMIT,-5823651630292031457,3,MIXED,0.413388563775,0.0750252571913,0.160000000000,UNGUARDED_REFERENCE,true,false,CONVERGED_UNCERTIFIED,NO_GUARDS_OR_FINAL_CERTIFICATION,6,true,false,2.93489278542e-07,false,true,false,true,0,NaN,2500,-65.4577682378|85.3384347873|0.560367959002
390,VALID_CAMPAIGN,NEAR_SINGULARITY,431649959753022240,3,MIXED,1.20360000455,-0.297499963586,0.160000000000,GUARDED_PRODUCTION,true,true,SUCCESS_WITH_WARNING,CRITICAL_SINGULARITY_DAMPED,74,true,true,9.66169170770e-07,false,false,false,false,0,Infinity,94875,-0.232738766198|0.297471989450|0.229472650015
390,VALID_CAMPAIGN,NEAR_SINGULARITY,431649959753022240,3,MIXED,1.20360000455,-0.297499963586,0.160000000000,UNGUARDED_REFERENCE,true,false,CONVERGED_UNCERTIFIED,NO_GUARDS_OR_FINAL_CERTIFICATION,9,true,false,1.10305420450e-07,false,true,false,true,0,NaN,3334,-69.4841456788|94.1187750630|-0.249934058237
391,VALID_CAMPAIGN,MICRO_MOTION,1706407422897316399,3,MIXED,1.20360005003,-0.297499599444,0.160000000000,GUARDED_PRODUCTION,true,true,SUCCESS,NONE,1,true,true,9.92328964213e-07,false,false,false,false,0,NaN,2500,-0.232738766198|0.297471989450|0.229472650015
391,VALID_CAMPAIGN,MICRO_MOTION,1706407422897316399,3,MIXED,1.20360005003,-0.297499599444,0.160000000000,UNGUARDED_REFERENCE,true,false,CONVERGED_UNCERTIFIED,NO_GUARDS_OR_FINAL_CERTIFICATION,1,true,false,3.72258541416e-07,false,true,false,true,0,NaN,458,-69.4841456788|94.1187750630|-0.249934058237
392,VALID_CAMPAIGN,UNIFORM,-162160281365535185,3,MIXED,0.470352507714,-1.06404067152,0.160000000000,GUARDED_PRODUCTION,true,true,SUCCESS_WITH_WARNING,CRITICAL_SINGULARITY_DAMPED,26,true,true,1.05720529086e-07,false,false,false,false,0,Infinity,35791,-0.741478253926|-0.405891353816|0.204068122349
392,VALID_CAMPAIGN,UNIFORM,-162160281365535185,3,MIXED,0.470352507714,-1.06404067152,0.160000000000,UNGUARDED_REFERENCE,true,false,CONVERGED_UNCERTIFIED,NO_GUARDS_OR_FINAL_CERTIFICATION,11,true,false,4.50761408371e-08,false,true,false,true,0,NaN,4958,-58.0971093723|70.0230734382|0.181478733773
393,VALID_CAMPAIGN,NEAR_JOINT_LIMIT,-8993234938551909777,3,MIXED,-0.382576065803,-0.905049523662,0.160000000000,GUARDED_PRODUCTION,true,true,SUCCESS_WITH_WARNING,CRITICAL_SINGULARITY_DAMPED,23,true,true,2.17667617076e-07,false,false,false,false,0,Infinity,32500,-1.15321467291|-1.04245103405|0.208859378625
393,VALID_CAMPAIGN,NEAR_JOINT_LIMIT,-8993234938551909777,3,MIXED,-0.382576065803,-0.905049523662,0.160000000000,UNGUARDED_REFERENCE,true,false,CONVERGED_UNCERTIFIED,NO_GUARDS_OR_FINAL_CERTIFICATION,10,true,false,1.68327290677e-08,false,true,false,true,0,NaN,4250,-82.6221808416|80.6955250615|0.456502645999
394,VALID_CAMPAIGN,NEAR_SINGULARITY,4477254299989695206,3,MIXED,1.20360000455,-0.297499963586,0.160000000000,GUARDED_PRODUCTION,true,true,SUCCESS_WITH_WARNING,CRITICAL_SINGULARITY_DAMPED,79,true,true,9.06374819650e-07,false,false,false,false,0,Infinity,97375,-0.213853922780|0.267247255097|0.230432653214
394,VALID_CAMPAIGN,NEAR_SINGULARITY,4477254299989695206,3,MIXED,1.20360000455,-0.297499963586,0.160000000000,UNGUARDED_REFERENCE,true,false,CONVERGED_UNCERTIFIED,NO_GUARDS_OR_FINAL_CERTIFICATION,7,true,false,4.01717604218e-07,false,true,false,true,0,NaN,2792,-81.6115207814|81.6151485155|0.334678917742
395,VALID_CAMPAIGN,MICRO_MOTION,3957225229460348848,3,MIXED,1.20360005003,-0.297499599444,0.160000000000,GUARDED_PRODUCTION,true,true,SUCCESS,NONE,1,true,true,9.36199918653e-07,false,false,false,false,0,NaN,2625,-0.213853922780|0.267247255097|0.230432653214
395,VALID_CAMPAIGN,MICRO_MOTION,3957225229460348848,3,MIXED,1.20360005003,-0.297499599444,0.160000000000,UNGUARDED_REFERENCE,true,false,CONVERGED_UNCERTIFIED,NO_GUARDS_OR_FINAL_CERTIFICATION,1,true,false,5.18310516013e-07,false,true,false,true,0,NaN,416,-81.6115207814|81.6151485155|0.334678917742
396,ADVERSARIAL_PROBES,NON_FINITE_TARGET,-976211119345491000,3,MIXED,NaN,-0.297500000000,0.160000000000,GUARDED_PRODUCTION,false,false,INVALID_INPUT,INVALID_TARGET,0,true,true,NaN,false,false,false,false,0,NaN,3542,0.00000000000|0.00000000000|0.297500000000
396,ADVERSARIAL_PROBES,NON_FINITE_TARGET,-976211119345491000,3,MIXED,NaN,-0.297500000000,0.160000000000,UNGUARDED_REFERENCE,false,false,MAX_ITERATIONS_UNCERTIFIED,NO_GUARDS_OR_FINAL_CERTIFICATION,800,false,false,NaN,true,false,false,true,0,NaN,299125,NaN|NaN|NaN
397,ADVERSARIAL_PROBES,INFINITE_TARGET,-2111451996112827659,3,MIXED,1.20360000000,-0.297500000000,Infinity,GUARDED_PRODUCTION,false,false,INVALID_INPUT,INVALID_TARGET,0,true,true,Infinity,false,false,false,false,0,NaN,2292,0.00000000000|0.00000000000|0.297500000000
397,ADVERSARIAL_PROBES,INFINITE_TARGET,-2111451996112827659,3,MIXED,1.20360000000,-0.297500000000,Infinity,UNGUARDED_REFERENCE,false,false,MAX_ITERATIONS_UNCERTIFIED,NO_GUARDS_OR_FINAL_CERTIFICATION,800,false,false,NaN,true,false,false,true,0,NaN,331000,NaN|NaN|NaN
398,ADVERSARIAL_PROBES,NON_FINITE_INITIAL_STATE,8353521390450461963,3,MIXED,1.20360000000,-0.297500000000,0.160000000000,GUARDED_PRODUCTION,false,false,INVALID_INPUT,INVALID_INITIAL_STATE,0,true,true,0.00000000000,false,false,false,false,0,NaN,12250,0.00000000000|0.00000000000|0.297500000000
398,ADVERSARIAL_PROBES,NON_FINITE_INITIAL_STATE,8353521390450461963,3,MIXED,1.20360000000,-0.297500000000,0.160000000000,UNGUARDED_REFERENCE,false,false,MAX_ITERATIONS_UNCERTIFIED,NO_GUARDS_OR_FINAL_CERTIFICATION,800,false,false,NaN,true,false,false,true,0,NaN,283875,NaN|NaN|NaN
399,ADVERSARIAL_PROBES,OVERFLOWING_GEOMETRY,-2444217517897273916,3,MIXED,0.00000000000,0.00000000000,0.00000000000,GUARDED_PRODUCTION,false,false,NUMERICAL_FAILURE,OUTPUT_VALIDATION_FAILED,1,true,true,Infinity,false,false,false,false,0,NaN,8125,0.00000000000|0.00000000000|0.297500000000
399,ADVERSARIAL_PROBES,OVERFLOWING_GEOMETRY,-2444217517897273916,3,MIXED,0.00000000000,0.00000000000,0.00000000000,UNGUARDED_REFERENCE,false,false,MAX_ITERATIONS_UNCERTIFIED,NO_GUARDS_OR_FINAL_CERTIFICATION,800,false,false,NaN,true,false,false,true,0,NaN,284875,NaN|NaN|NaN
400,VALID_CAMPAIGN,UNIFORM,-8088722046870041443,5,AUTO,-0.482448613738,0.985188346308,0.811343529028,GUARDED_PRODUCTION,true,true,SUCCESS,NONE,77,true,true,6.14184063800e-10,false,false,false,false,0,21.6707746410,212500,2.24374482272|0.187088889068|0.985659395090|0.268924646189|0.185481483970
400,VALID_CAMPAIGN,UNIFORM,-8088722046870041443,5,AUTO,-0.482448613738,0.985188346308,0.811343529028,UNGUARDED_REFERENCE,true,false,CONVERGED_UNCERTIFIED,NO_GUARDS_OR_FINAL_CERTIFICATION,11,true,false,2.57527130540e-09,false,true,false,true,0,NaN,9792,14.2480755372|-18.3896344322|1.54873633404|-0.151617423350|-0.314452945075
401,VALID_CAMPAIGN,NEAR_JOINT_LIMIT,7529746665770471469,5,AUTO,-1.05655992008,-0.322035969768,-0.154475026173,GUARDED_PRODUCTION,false,false,NO_CONVERGENCE,STAGNATION_WINDOW_EXCEEDED,46,true,true,1.08029390268,false,false,false,false,0,35.7211243997,122583,3.14159265359|-0.0292365498943|0.899359396741|0.207679820140|0.0667605506481
401,VALID_CAMPAIGN,NEAR_JOINT_LIMIT,7529746665770471469,5,AUTO,-1.05655992008,-0.322035969768,-0.154475026173,UNGUARDED_REFERENCE,true,false,CONVERGED_UNCERTIFIED,NO_GUARDS_OR_FINAL_CERTIFICATION,9,true,false,6.03455198563e-10,false,true,false,true,0,NaN,6584,23.2902430922|-20.1775130986|-0.500995252647|0.000560085678008|0.00202126498697
402,VALID_CAMPAIGN,NEAR_SINGULARITY,-2328748857173131237,5,AUTO,1.46555998986,-0.377499950837,0.457500040767,GUARDED_PRODUCTION,false,false,NO_CONVERGENCE,STAGNATION_WINDOW_EXCEEDED,166,true,true,0.367601162895,false,false,false,false,0,29.2647916914,480250,-0.262492518183|1.93065778928|2.53431214975|0.575000000000|0.121791946986
402,VALID_CAMPAIGN,NEAR_SINGULARITY,-2328748857173131237,5,AUTO,1.46555998986,-0.377499950837,0.457500040767,UNGUARDED_REFERENCE,true,false,CONVERGED_UNCERTIFIED,NO_GUARDS_OR_FINAL_CERTIFICATION,15,true,false,2.58497946001e-09,false,true,false,true,0,NaN,12209,32.8408579176|-44.9898848968|0.449531910897|1.23628681039|0.0126340785335
403,VALID_CAMPAIGN,MICRO_MOTION,-2182681317974882049,5,AUTO,1.46555988846,-0.377499459207,0.457500448438,GUARDED_PRODUCTION,false,false,NO_CONVERGENCE,STAGNATION_WINDOW_EXCEEDED,7,true,true,0.368032093438,false,false,false,false,0,15.7585226131,25666,-0.269822114601|1.93079609277|2.53058490833|0.575000000000|0.124280015556
403,VALID_CAMPAIGN,MICRO_MOTION,-2182681317974882049,5,AUTO,1.46555988846,-0.377499459207,0.457500448438,UNGUARDED_REFERENCE,true,false,CONVERGED_UNCERTIFIED,NO_GUARDS_OR_FINAL_CERTIFICATION,1,true,false,6.46478135868e-07,false,true,false,true,0,NaN,625,32.8408579176|-44.9898848968|0.449531910897|1.23628681039|0.0126340785335
404,VALID_CAMPAIGN,UNIFORM,-1023699183394809864,5,AUTO,-0.168432605638,1.50060752344,-0.124676233822,GUARDED_PRODUCTION,false,false,NO_CONVERGENCE,STAGNATION_WINDOW_EXCEEDED,599,true,true,0.272170379119,false,false,false,false,0,15.7621498304,1531166,1.63001730534|2.21516257489|2.64311835755|0.575000000000|0.575000000000
404,VALID_CAMPAIGN,UNIFORM,-1023699183394809864,5,AUTO,-0.168432605638,1.50060752344,-0.124676233822,UNGUARDED_REFERENCE,true,false,CONVERGED_UNCERTIFIED,NO_GUARDS_OR_FINAL_CERTIFICATION,20,true,false,1.90392670092e-08,false,true,false,true,0,NaN,14625,26.6868257753|-31.7006920674|-0.436698982122|-0.561106208249|-0.00682960689423
405,VALID_CAMPAIGN,NEAR_JOINT_LIMIT,-4566098153515172630,5,AUTO,-1.25002080597,-0.136513609356,-0.0567305267123,GUARDED_PRODUCTION,true,true,SUCCESS,NONE,184,true,true,9.71437437217e-07,false,false,false,false,0,18.0927998971,455125,3.14159265359|2.37713700766|2.67428074637|0.575000000000|0.574999768231
405,VALID_CAMPAIGN,NEAR_JOINT_LIMIT,-4566098153515172630,5,AUTO,-1.25002080597,-0.136513609356,-0.0567305267123,UNGUARDED_REFERENCE,true,false,CONVERGED_UNCERTIFIED,NO_GUARDS_OR_FINAL_CERTIFICATION,8,true,false,3.71480570839e-09,false,true,false,true,0,NaN,5833,10.5677146947|-7.21096128772|-0.348858476705|0.410479770942|0.00887553496839
406,VALID_CAMPAIGN,NEAR_SINGULARITY,-7116977405024547074,5,AUTO,1.46555998986,-0.377499950837,0.457500040767,GUARDED_PRODUCTION,false,false,MAX_ITERATIONS_REACHED,MAX_ITERATIONS_LIMIT_REACHED,800,true,true,1.24890302132,false,false,false,false,0,16.8662717252,2010625,3.14159265359|2.37713844122|-0.338479846456|0.0200000000000|0.523334208225
406,VALID_CAMPAIGN,NEAR_SINGULARITY,-7116977405024547074,5,AUTO,1.46555998986,-0.377499950837,0.457500040767,UNGUARDED_REFERENCE,true,false,CONVERGED_UNCERTIFIED,NO_GUARDS_OR_FINAL_CERTIFICATION,28,true,false,5.25282230214e-09,false,true,false,true,0,NaN,24125,43.8391579883|-37.3702406723|0.459953370804|0.417586833280|0.00581912106896
407,VALID_CAMPAIGN,MICRO_MOTION,4356123100889371197,5,AUTO,1.46555988846,-0.377499459207,0.457500448438,GUARDED_PRODUCTION,false,false,NO_CONVERGENCE,STAGNATION_WINDOW_EXCEEDED,314,true,true,1.23546525012,false,false,false,false,0,5.50984997457,693625,3.14159265359|2.37713844122|-0.401317533660|0.0200000000000|0.575000000000
407,VALID_CAMPAIGN,MICRO_MOTION,4356123100889371197,5,AUTO,1.46555988846,-0.377499459207,0.457500448438,UNGUARDED_REFERENCE,true,false,CONVERGED_UNCERTIFIED,NO_GUARDS_OR_FINAL_CERTIFICATION,1,true,false,6.46406349059e-07,false,true,false,true,0,NaN,625,43.8391579883|-37.3702406723|0.459953370804|0.417586833280|0.00581912106896
408,VALID_CAMPAIGN,UNIFORM,6350101870979240510,5,AUTO,-0.975473996459,-0.753378134136,0.720910679858,GUARDED_PRODUCTION,true,true,SUCCESS,NONE,37,true,true,2.10532217670e-07,false,false,false,false,0,5.67873983210,99667,2.85051583807|1.41652010029|-0.0212036377682|0.0350449434832|0.575000000000
408,VALID_CAMPAIGN,UNIFORM,6350101870979240510,5,AUTO,-0.975473996459,-0.753378134136,0.720910679858,UNGUARDED_REFERENCE,true,false,CONVERGED_UNCERTIFIED,NO_GUARDS_OR_FINAL_CERTIFICATION,10,true,false,2.16562535336e-09,false,true,false,true,0,NaN,8417,38.8496948284|-42.3299463537|1.03642810834|-1.55921889373|-0.0112637000827
409,VALID_CAMPAIGN,NEAR_JOINT_LIMIT,-3538049832643855588,5,AUTO,0.0306028428158,-0.450419555458,-0.649969271475,GUARDED_PRODUCTION,false,false,NO_CONVERGENCE,STAGNATION_WINDOW_EXCEEDED,350,true,true,0.117465253686,false,false,false,false,0,7.60594930570,860375,3.14159265359|2.37713844122|-1.95859498085|0.0200000000000|0.530006059738
409,VALID_CAMPAIGN,NEAR_JOINT_LIMIT,-3538049832643855588,5,AUTO,0.0306028428158,-0.450419555458,-0.649969271475,UNGUARDED_REFERENCE,true,false,CONVERGED_UNCERTIFIED,NO_GUARDS_OR_FINAL_CERTIFICATION,17,true,false,3.32651770901e-09,false,true,false,true,0,NaN,13834,32.8307963989|-35.7020805829|-1.04704682424|-0.928368305117|-0.479461094570
410,VALID_CAMPAIGN,NEAR_SINGULARITY,-6858260684820003450,5,AUTO,1.46555998986,-0.377499950837,0.457500040767,GUARDED_PRODUCTION,false,false,NO_CONVERGENCE,STAGNATION_WINDOW_EXCEEDED,70,true,true,1.24127319613,false,false,false,false,0,8.86677999499,173000,3.14159265359|2.37713844122|-0.404200197491|0.0200000000000|0.540844229837
410,VALID_CAMPAIGN,NEAR_SINGULARITY,-6858260684820003450,5,AUTO,1.46555998986,-0.377499950837,0.457500040767,UNGUARDED_REFERENCE,true,false,CONVERGED_UNCERTIFIED,NO_GUARDS_OR_FINAL_CERTIFICATION,10,true,false,2.76762710656e-07,false,true,false,true,0,NaN,8833,31.8803649391|-38.1133281285|-5.39968583256|0.550115466534|-0.333281254455
411,VALID_CAMPAIGN,MICRO_MOTION,7178078670399234716,5,AUTO,1.46555988846,-0.377499459207,0.457500448438,GUARDED_PRODUCTION,false,false,NO_CONVERGENCE,STAGNATION_WINDOW_EXCEEDED,277,true,true,1.23546525013,false,false,false,false,0,5.55827791274,638250,3.14159265359|2.37713844122|-0.401317533547|0.0200000000000|0.575000000000
411,VALID_CAMPAIGN,MICRO_MOTION,7178078670399234716,5,AUTO,1.46555988846,-0.377499459207,0.457500448438,UNGUARDED_REFERENCE,true,false,CONVERGED_UNCERTIFIED,NO_GUARDS_OR_FINAL_CERTIFICATION,1,true,false,7.07932090567e-07,false,true,false,true,0,NaN,1750,31.8803649391|-38.1133281285|-5.39968583256|0.550115466534|-0.333281254455
412,VALID_CAMPAIGN,UNIFORM,7978421351542050568,5,AUTO,0.584511829567,1.10376326177,0.704813387997,GUARDED_PRODUCTION,false,false,NO_CONVERGENCE,STAGNATION_WINDOW_EXCEEDED,7,true,true,2.05578280120,false,false,false,false,0,5.67873983269,25208,3.01984791860|2.37713844122|-0.307111683996|0.0200000000000|0.569035582859
412,VALID_CAMPAIGN,UNIFORM,7978421351542050568,5,AUTO,0.584511829567,1.10376326177,0.704813387997,UNGUARDED_REFERENCE,true,false,CONVERGED_UNCERTIFIED,NO_GUARDS_OR_FINAL_CERTIFICATION,7,true,false,1.38102197501e-08,false,true,false,true,0,NaN,6292,33.0215103871|-37.9614175907|-5.08406279314|0.356144989686|-0.189078966668
413,VALID_CAMPAIGN,NEAR_JOINT_LIMIT,6850857912404522963,5,AUTO,-1.25002078882,-0.136513766438,-0.0567305267123,GUARDED_PRODUCTION,true,true,SUCCESS,NONE,40,true,true,6.13850799386e-08,false,false,false,false,0,5.67580733553,112000,1.99356500568|1.71029172772|-0.952545351868|0.0291850754686|0.551797746565
413,VALID_CAMPAIGN,NEAR_JOINT_LIMIT,6850857912404522963,5,AUTO,-1.25002078882,-0.136513766438,-0.0567305267123,UNGUARDED_REFERENCE,true,false,CONVERGED_UNCERTIFIED,NO_GUARDS_OR_FINAL_CERTIFICATION,10,true,false,2.11208112143e-08,false,true,false,true,0,NaN,7959,33.8778155689|-36.7364180161|-6.57144358603|-0.228122892339|-0.0308189304683
414,VALID_CAMPAIGN,NEAR_SINGULARITY,6337406483321920568,5,AUTO,1.46555998986,-0.377499950837,0.457500040767,GUARDED_PRODUCTION,false,false,NO_CONVERGENCE,STAGNATION_WINDOW_EXCEEDED,23,true,true,2.44219964692,false,false,false,false,0,5.84222966369,63375,1.45631508776|2.37713844122|-0.874707858503|0.0200000000000|0.528087220966
414,VALID_CAMPAIGN,NEAR_SINGULARITY,6337406483321920568,5,AUTO,1.46555998986,-0.377499950837,0.457500040767,UNGUARDED_REFERENCE,true,false,CONVERGED_UNCERTIFIED,NO_GUARDS_OR_FINAL_CERTIFICATION,19,true,false,5.16054853405e-08,false,true,false,true,0,NaN,14750,50.0269416941|-49.8081403754|-5.81422189380|0.409658110415|-0.000100558108164
415,VALID_CAMPAIGN,MICRO_MOTION,-644674255944349747,5,AUTO,1.46555988846,-0.377499459207,0.457500448438,GUARDED_PRODUCTION,false,false,NO_CONVERGENCE,STAGNATION_WINDOW_EXCEEDED,7,true,true,2.47815184448,false,false,false,false,0,5.52223169149,19000,1.28983800282|2.37713844122|-0.848916653419|0.0200000000000|0.521228946876
415,VALID_CAMPAIGN,MICRO_MOTION,-644674255944349747,5,AUTO,1.46555988846,-0.377499459207,0.457500448438,UNGUARDED_REFERENCE,true,false,CONVERGED_UNCERTIFIED,NO_GUARDS_OR_FINAL_CERTIFICATION,1,true,false,6.50904181547e-07,false,true,false,true,0,NaN,583,50.0269416941|-49.8081403754|-5.81422189380|0.409658110415|-0.000100558108164
416,VALID_CAMPAIGN,UNIFORM,3323471051806922549,5,AUTO,-0.581518932839,-0.0661252007321,-0.525242090706,GUARDED_PRODUCTION,true,true,SUCCESS,NONE,344,true,true,9.99396007805e-07,false,false,false,false,0,5.49643502830,842042,1.65077281960|2.37713844122|-1.63741891818|0.0200000000000|0.424536695465
416,VALID_CAMPAIGN,UNIFORM,3323471051806922549,5,AUTO,-0.581518932839,-0.0661252007321,-0.525242090706,UNGUARDED_REFERENCE,true,false,CONVERGED_UNCERTIFIED,NO_GUARDS_OR_FINAL_CERTIFICATION,19,true,false,2.92896556158e-07,false,true,false,true,0,NaN,16291,35.4828978092|-39.4676148361|-7.46569321617|-0.120865697250|-0.200253959598
417,VALID_CAMPAIGN,NEAR_JOINT_LIMIT,-3826562170746919266,5,AUTO,-0.491965313603,-0.0945093590783,-0.649969271475,GUARDED_PRODUCTION,true,true,SUCCESS,NONE,21,true,true,3.49737353966e-09,false,false,false,false,0,6.50113035923,59625,2.37690777043|2.18485072634|-2.11880719587|0.0276555956949|0.475919615368
417,VALID_CAMPAIGN,NEAR_JOINT_LIMIT,-3826562170746919266,5,AUTO,-0.491965313603,-0.0945093590783,-0.649969271475,UNGUARDED_REFERENCE,true,false,CONVERGED_UNCERTIFIED,NO_GUARDS_OR_FINAL_CERTIFICATION,6,true,false,6.81043139051e-07,false,true,false,true,0,NaN,4333,35.0595124240|-38.9238035848|-7.43946239614|-0.0566856546489|-0.514693136967
418,VALID_CAMPAIGN,NEAR_SINGULARITY,7734737514749117608,5,AUTO,1.46555998986,-0.377499950837,0.457500040767,GUARDED_PRODUCTION,false,false,NO_CONVERGENCE,STAGNATION_WINDOW_EXCEEDED,103,true,true,1.25986999491,false,false,false,false,0,15.0998832494,249042,3.14159265359|2.37713844122|-0.325255383705|0.0200000000000|0.462110963157
418,VALID_CAMPAIGN,NEAR_SINGULARITY,7734737514749117608,5,AUTO,1.46555998986,-0.377499950837,0.457500040767,UNGUARDED_REFERENCE,true,false,CONVERGED_UNCERTIFIED,NO_GUARDS_OR_FINAL_CERTIFICATION,10,true,false,1.46477719724e-07,false,true,false,true,0,NaN,7667,31.4507529591|-38.1982944400|-11.6015130806|-0.185297521532|-0.427922605002
419,VALID_CAMPAIGN,MICRO_MOTION,1826455454769835324,5,AUTO,1.46555988846,-0.377499459207,0.457500448438,GUARDED_PRODUCTION,false,false,NO_CONVERGENCE,STAGNATION_WINDOW_EXCEEDED,7,true,true,1.26003377895,false,false,false,false,0,5.31196630188,17250,3.14159265359|2.37713844122|-0.312027445913|0.0200000000000|0.465412970747
419,VALID_CAMPAIGN,MICRO_MOTION,1826455454769835324,5,AUTO,1.46555988846,-0.377499459207,0.457500448438,UNGUARDED_REFERENCE,true,false,CONVERGED_UNCERTIFIED,NO_GUARDS_OR_FINAL_CERTIFICATION,1,true,false,6.40225014663e-07,false,true,false,true,0,NaN,542,31.4507529591|-38.1982944400|-11.6015130806|-0.185297521532|-0.427922605002
420,VALID_CAMPAIGN,UNIFORM,9177891787018892615,5,AUTO,1.02921089893,0.312388946765,-0.640033905433,GUARDED_PRODUCTION,false,false,NO_CONVERGENCE,STAGNATION_WINDOW_EXCEEDED,62,true,true,1.35751716011,false,false,false,false,0,5.32503230178,155792,3.14159265359|2.37713844122|-1.66433161847|0.0200000000000|0.414900284453
420,VALID_CAMPAIGN,UNIFORM,9177891787018892615,5,AUTO,1.02921089893,0.312388946765,-0.640033905433,UNGUARDED_REFERENCE,true,false,CONVERGED_UNCERTIFIED,NO_GUARDS_OR_FINAL_CERTIFICATION,10,true,false,2.83065323320e-08,false,true,false,true,0,NaN,8542,50.3021359610|-75.4923883256|-13.2391943314|-0.409091779125|-0.498291255485
421,VALID_CAMPAIGN,NEAR_JOINT_LIMIT,-1050889088646075234,5,AUTO,-0.533991763657,-0.222892944768,-0.154475026173,GUARDED_PRODUCTION,false,false,NO_CONVERGENCE,STAGNATION_WINDOW_EXCEEDED,37,true,true,0.255095904252,false,false,false,false,4,6.73128644437,96209,1.55398963741|2.37713844122|-1.14326496993|0.0200000000000|0.369170851818
421,VALID_CAMPAIGN,NEAR_JOINT_LIMIT,-1050889088646075234,5,AUTO,-0.533991763657,-0.222892944768,-0.154475026173,UNGUARDED_REFERENCE,true,false,CONVERGED_UNCERTIFIED,NO_GUARDS_OR_FINAL_CERTIFICATION,8,true,false,1.86450126118e-07,false,true,false,true,0,NaN,6167,46.9133238466|-70.8149740765|-15.8038484671|-0.0668797824687|0.379255053983
422,VALID_CAMPAIGN,NEAR_SINGULARITY,8505164670707861898,5,AUTO,1.46555998986,-0.377499950837,0.457500040767,GUARDED_PRODUCTION,false,false,NO_CONVERGENCE,STAGNATION_WINDOW_EXCEEDED,7,true,true,2.36407882704,false,false,false,false,0,5.29013428106,18750,1.41977487135|2.37713844122|-1.16294877274|0.0200000000000|0.363014194351
422,VALID_CAMPAIGN,NEAR_SINGULARITY,8505164670707861898,5,AUTO,1.46555998986,-0.377499950837,0.457500040767,UNGUARDED_REFERENCE,true,false,CONVERGED_UNCERTIFIED,NO_GUARDS_OR_FINAL_CERTIFICATION,16,true,false,4.93908782340e-09,false,true,false,true,0,NaN,12709,25.7095232130|-70.8429740855|-18.0189823008|-0.824049419676|-0.279691082567
423,VALID_CAMPAIGN,MICRO_MOTION,-5397708070690289958,5,AUTO,1.46555988846,-0.377499459207,0.457500448438,GUARDED_PRODUCTION,false,false,NO_CONVERGENCE,STAGNATION_WINDOW_EXCEEDED,7,true,true,2.37440237550,false,false,false,false,0,5.30399465856,19125,1.26555650471|2.37713844122|-1.19561297790|0.0200000000000|0.356597462403
423,VALID_CAMPAIGN,MICRO_MOTION,-5397708070690289958,5,AUTO,1.46555988846,-0.377499459207,0.457500448438,UNGUARDED_REFERENCE,true,false,CONVERGED_UNCERTIFIED,NO_GUARDS_OR_FINAL_CERTIFICATION,1,true,false,6.45753214030e-07,false,true,false,true,0,NaN,500,25.7095232130|-70.8429740855|-18.0189823008|-0.824049419676|-0.279691082567
424,VALID_CAMPAIGN,UNIFORM,-7666888218293203345,5,AUTO,0.334152305482,1.05754508450,-0.539737630844,GUARDED_PRODUCTION,true,true,SUCCESS,NONE,54,true,true,9.67954794684e-09,false,false,false,false,0,5.33649284129,146625,0.898485516917|0.792167918992|-1.68133073915|0.0606802010976|0.410806930001
424,VALID_CAMPAIGN,UNIFORM,-7666888218293203345,5,AUTO,0.334152305482,1.05754508450,-0.539737630844,UNGUARDED_REFERENCE,true,false,CONVERGED_UNCERTIFIED,NO_GUARDS_OR_FINAL_CERTIFICATION,10,true,false,1.70074092694e-08,false,true,false,true,0,NaN,8208,26.6053429335|-69.7095954579|-20.5423543527|-0.248435514980|0.379555825663
425,VALID_CAMPAIGN,NEAR_JOINT_LIMIT,8778334443053798247,5,AUTO,-1.06956565863,-0.309564009256,0.438763718590,GUARDED_PRODUCTION,false,false,MAX_ITERATIONS_REACHED,MAX_ITERATIONS_LIMIT_REACHED,800,true,true,0.623154852921,false,false,false,false,0,18.3712520711,1873000,3.14159265359|2.37713844122|-2.67428074637|0.385091873643|0.0200000000000
425,VALID_CAMPAIGN,NEAR_JOINT_LIMIT,8778334443053798247,5,AUTO,-1.06956565863,-0.309564009256,0.438763718590,UNGUARDED_REFERENCE,true,false,CONVERGED_UNCERTIFIED,NO_GUARDS_OR_FINAL_CERTIFICATION,9,true,false,1.85070698886e-08,false,true,false,true,0,NaN,8708,31.6888568761|-78.3454427140|-17.6238643969|0.211598039235|-1.00756544617
426,VALID_CAMPAIGN,NEAR_SINGULARITY,7646063769358691755,5,AUTO,1.46555998986,-0.377499950837,0.457500040767,GUARDED_PRODUCTION,false,false,NO_CONVERGENCE,STAGNATION_WINDOW_EXCEEDED,172,true,true,1.38610381115,false,false,false,false,0,11.4877203152,456458,3.14159265359|2.37713844122|0.222413272291|0.0896161319339|0.0576965792974
426,VALID_CAMPAIGN,NEAR_SINGULARITY,7646063769358691755,5,AUTO,1.46555998986,-0.377499950837,0.457500040767,UNGUARDED_REFERENCE,true,false,CONVERGED_UNCERTIFIED,NO_GUARDS_OR_FINAL_CERTIFICATION,21,true,false,2.75168252876e-07,false,true,false,true,0,NaN,18250,18.5365932361|-45.6866097996|-16.0386787649|-1.12282670247|-0.0884865505624
427,VALID_CAMPAIGN,MICRO_MOTION,-7886176672802887630,5,AUTO,1.46555988846,-0.377499459207,0.457500448438,GUARDED_PRODUCTION,false,false,NO_CONVERGENCE,STAGNATION_WINDOW_EXCEEDED,7,true,true,1.38646524965,false,false,false,false,0,4.57211058666,19667,3.14159265359|2.37713844122|0.247837184940|0.0882737748223|0.0584412401664
427,VALID_CAMPAIGN,MICRO_MOTION,-7886176672802887630,5,AUTO,1.46555988846,-0.377499459207,0.457500448438,UNGUARDED_REFERENCE,true,false,CONVERGED_UNCERTIFIED,NO_GUARDS_OR_FINAL_CERTIFICATION,1,true,false,6.31011376913e-07,false,true,false,true,0,NaN,667,18.5365932361|-45.6866097996|-16.0386787649|-1.12282670247|-0.0884865505624
428,VALID_CAMPAIGN,UNIFORM,-5802724725224006490,5,AUTO,0.555600953109,1.29191503760,0.427969539630,GUARDED_PRODUCTION,false,false,NO_CONVERGENCE,STAGNATION_WINDOW_EXCEEDED,7,true,true,2.15540784013,false,false,false,false,0,4.58480847328,21333,3.01207008961|2.37713844122|0.312891470038|0.0831123925039|0.0586543419758
428,VALID_CAMPAIGN,UNIFORM,-5802724725224006490,5,AUTO,0.555600953109,1.29191503760,0.427969539630,UNGUARDED_REFERENCE,true,false,CONVERGED_UNCERTIFIED,NO_GUARDS_OR_FINAL_CERTIFICATION,13,true,false,7.14408435497e-09,false,true,false,true,0,NaN,10625,19.9934400033|-54.6944948690|-16.1325252033|0.849854024436|0.00357340043366
429,VALID_CAMPAIGN,NEAR_JOINT_LIMIT,-8098724128426990997,5,AUTO,-0.685426199498,0.0910130013335,0.438763718590,GUARDED_PRODUCTION,false,false,NO_CONVERGENCE,STAGNATION_WINDOW_EXCEEDED,41,true,true,0.0944457355964,false,false,false,false,14,4.62124881314,110875,1.19657818125|2.37713844122|0.361568029104|0.0598553224142|0.0535161002538
429,VALID_CAMPAIGN,NEAR_JOINT_LIMIT,-8098724128426990997,5,AUTO,-0.685426199498,0.0910130013335,0.438763718590,UNGUARDED_REFERENCE,true,false,CONVERGED_UNCERTIFIED,NO_GUARDS_OR_FINAL_CERTIFICATION,16,true,false,6.79095770141e-10,false,true,false,true,0,NaN,12375,11.5856381736|-51.0867226142|-16.1444179761|0.934542742787|-0.000465556336192
430,VALID_CAMPAIGN,NEAR_SINGULARITY,-1640794426199947658,5,AUTO,1.46555998986,-0.377499950837,0.457500040767,GUARDED_PRODUCTION,true,true,SUCCESS,NONE,146,true,true,3.99900168462e-09,false,false,false,false,0,4.65452218139,386834,-0.243052704434|0.375882788186|0.122997817460|0.324534545221|0.218367100443
430,VALID_CAMPAIGN,NEAR_SINGULARITY,-1640794426199947658,5,AUTO,1.46555998986,-0.377499950837,0.457500040767,UNGUARDED_REFERENCE,true,false,CONVERGED_UNCERTIFIED,NO_GUARDS_OR_FINAL_CERTIFICATION,7,true,false,8.16623695636e-07,false,true,false,true,0,NaN,5833,18.5645468870|-54.7176273536|-16.1750246260|0.963437084176|-0.00115122864564
431,VALID_CAMPAIGN,MICRO_MOTION,4751995128364924197,5,AUTO,1.46555988846,-0.377499459207,0.457500448438,GUARDED_PRODUCTION,true,true,SUCCESS,NONE,1,true,true,6.46436282726e-07,false,false,false,false,0,NaN,4042,-0.243052704434|0.375882788186|0.122997817460|0.324534545221|0.218367100443
431,VALID_CAMPAIGN,MICRO_MOTION,4751995128364924197,5,AUTO,1.46555988846,-0.377499459207,0.457500448438,UNGUARDED_REFERENCE,true,false,CONVERGED_UNCERTIFIED,NO_GUARDS_OR_FINAL_CERTIFICATION,1,true,false,8.00069992813e-07,false,true,false,true,0,NaN,667,18.5645468870|-54.7176273536|-16.1750246260|0.963437084176|-0.00115122864564
432,VALID_CAMPAIGN,UNIFORM,-4863140448987361674,5,AUTO,1.09008843673,0.372715387568,-0.374385114436,GUARDED_PRODUCTION,true,true,SUCCESS,NONE,44,true,true,2.22356877103e-08,false,false,false,false,0,42.9821009187,120208,-0.323609348842|1.38357208439|-1.13997447952|0.250457174168|0.152983254622
432,VALID_CAMPAIGN,UNIFORM,-4863140448987361674,5,AUTO,1.09008843673,0.372715387568,-0.374385114436,UNGUARDED_REFERENCE,true,false,CONVERGED_UNCERTIFIED,NO_GUARDS_OR_FINAL_CERTIFICATION,8,true,false,3.08774812850e-09,false,true,false,true,0,NaN,6083,19.2025607901|-54.9817650881|-14.7994339049|0.625786582035|0.0246202445786
433,VALID_CAMPAIGN,NEAR_JOINT_LIMIT,5633990476800964139,5,AUTO,-0.343313253185,-0.808992138222,-0.0567305267123,GUARDED_PRODUCTION,false,false,NO_CONVERGENCE,STAGNATION_WINDOW_EXCEEDED,219,true,true,0.111161625148,false,false,false,false,0,10.5053099799,601416,-1.92691777097|2.15311067186|-2.67428074637|0.258861285630|0.0200000000000
433,VALID_CAMPAIGN,NEAR_JOINT_LIMIT,5633990476800964139,5,AUTO,-0.343313253185,-0.808992138222,-0.0567305267123,UNGUARDED_REFERENCE,true,false,CONVERGED_UNCERTIFIED,NO_GUARDS_OR_FINAL_CERTIFICATION,6,true,false,4.24594238760e-08,false,true,false,true,0,NaN,4500,18.4711258875|-54.1601917171|-15.3908434951|-1.03980908937|0.0120070587924
434,VALID_CAMPAIGN,NEAR_SINGULARITY,7701375564473135868,5,AUTO,1.46555998986,-0.377499950837,0.457500040767,GUARDED_PRODUCTION,false,false,NO_CONVERGENCE,STAGNATION_WINDOW_EXCEEDED,399,true,true,0.760365542163,false,false,false,false,0,13.3093576755,947125,-0.0628141692113|1.89175053523|-2.67428074637|0.575000000000|0.0200000000000
434,VALID_CAMPAIGN,NEAR_SINGULARITY,7701375564473135868,5,AUTO,1.46555998986,-0.377499950837,0.457500040767,UNGUARDED_REFERENCE,true,false,CONVERGED_UNCERTIFIED,NO_GUARDS_OR_FINAL_CERTIFICATION,8,true,false,1.85975548899e-09,false,true,false,true,0,NaN,5875,24.9014664796|-58.3626260810|-16.1731625400|-1.12322710052|-0.00237572273786
435,VALID_CAMPAIGN,MICRO_MOTION,7746361026768083859,5,AUTO,1.46555988846,-0.377499459207,0.457500448438,GUARDED_PRODUCTION,false,false,NO_CONVERGENCE,STAGNATION_WINDOW_EXCEEDED,7,true,true,0.760365682864,false,false,false,false,0,15.5247548249,18250,-0.0628140601879|1.89175056761|-2.67428074637|0.575000000000|0.0200000000000
435,VALID_CAMPAIGN,MICRO_MOTION,7746361026768083859,5,AUTO,1.46555988846,-0.377499459207,0.457500448438,UNGUARDED_REFERENCE,true,false,CONVERGED_UNCERTIFIED,NO_GUARDS_OR_FINAL_CERTIFICATION,1,true,false,6.46167431813e-07,false,true,false,true,0,NaN,583,24.9014664796|-58.3626260810|-16.1731625400|-1.12322710052|-0.00237572273786
436,VALID_CAMPAIGN,UNIFORM,-4523097216790506027,5,AUTO,-0.762707458746,-0.275561529968,-0.500384110358,GUARDED_PRODUCTION,true,true,SUCCESS,NONE,368,true,true,9.73611661865e-07,false,false,false,false,0,15.5247548912,970625,-3.14159265359|1.61521446339|-1.88928114673|0.248590737665|0.111955613260
436,VALID_CAMPAIGN,UNIFORM,-4523097216790506027,5,AUTO,-0.762707458746,-0.275561529968,-0.500384110358,UNGUARDED_REFERENCE,true,false,CONVERGED_UNCERTIFIED,NO_GUARDS_OR_FINAL_CERTIFICATION,10,true,false,9.56757324266e-07,false,true,false,true,0,NaN,7916,22.5636612346|-57.0834504787|-14.1826509350|-0.0992692018849|0.0577132807038
437,VALID_CAMPAIGN,NEAR_JOINT_LIMIT,-1070627804976212977,5,AUTO,-1.25002078882,-0.136513766438,-0.0567305267123,GUARDED_PRODUCTION,false,false,NO_CONVERGENCE,STAGNATION_WINDOW_EXCEEDED,75,true,true,0.186591558656,false,false,false,false,0,21.3787865060,205875,-2.97391515682|1.82196337388|-2.67428074637|0.575000000000|0.0582354774306
437,VALID_CAMPAIGN,NEAR_JOINT_LIMIT,-1070627804976212977,5,AUTO,-1.25002078882,-0.136513766438,-0.0567305267123,UNGUARDED_REFERENCE,true,false,CONVERGED_UNCERTIFIED,NO_GUARDS_OR_FINAL_CERTIFICATION,12,true,false,5.65115265455e-09,false,true,false,true,0,NaN,9916,13.0220863228|-54.0174258998|-5.44939462962|-0.663062523978|-1.04794318495
438,VALID_CAMPAIGN,NEAR_SINGULARITY,3929636567604079256,5,AUTO,1.46555998986,-0.377499950837,0.457500040767,GUARDED_PRODUCTION,false,false,NO_CONVERGENCE,STAGNATION_WINDOW_EXCEEDED,103,true,true,0.743486300243,false,false,false,false,0,15.2667141422,297292,-0.152467110195|1.96454721460|-2.67428074637|0.575000000000|0.0200000000000
438,VALID_CAMPAIGN,NEAR_SINGULARITY,3929636567604079256,5,AUTO,1.46555998986,-0.377499950837,0.457500040767,UNGUARDED_REFERENCE,true,false,CONVERGED_UNCERTIFIED,NO_GUARDS_OR_FINAL_CERTIFICATION,17,true,false,2.60351645533e-08,false,true,false,true,0,NaN,14416,-0.270622341237|-44.0395897892|-5.35288113141|-0.169086578388|-0.385612656245
439,VALID_CAMPAIGN,MICRO_MOTION,4993025791337826951,5,AUTO,1.46555988846,-0.377499459207,0.457500448438,GUARDED_PRODUCTION,false,false,NO_CONVERGENCE,STAGNATION_WINDOW_EXCEEDED,7,true,true,0.747295802623,false,false,false,false,0,15.4678120102,20708,-0.128836268964|1.94467582303|-2.67428074637|0.575000000000|0.0200000000000
439,VALID_CAMPAIGN,MICRO_MOTION,4993025791337826951,5,AUTO,1.46555988846,-0.377499459207,0.457500448438,UNGUARDED_REFERENCE,true,false,CONVERGED_UNCERTIFIED,NO_GUARDS_OR_FINAL_CERTIFICATION,1,true,false,6.45509649954e-07,false,true,false,true,0,NaN,667,-0.270622341237|-44.0395897892|-5.35288113141|-0.169086578388|-0.385612656245
440,VALID_CAMPAIGN,UNIFORM,-7655593725603922008,5,AUTO,-0.170948376392,0.707428762813,0.452937663681,GUARDED_PRODUCTION,false,false,NO_CONVERGENCE,STAGNATION_WINDOW_EXCEEDED,140,true,true,0.609550542174,false,false,false,false,0,15.5240675506,343792,1.96120131100|2.31233735681|-2.67428074637|0.0614603158811|0.0200000000000
440,VALID_CAMPAIGN,UNIFORM,-7655593725603922008,5,AUTO,-0.170948376392,0.707428762813,0.452937663681,UNGUARDED_REFERENCE,true,false,CONVERGED_UNCERTIFIED,NO_GUARDS_OR_FINAL_CERTIFICATION,11,true,false,8.58446255312e-11,false,true,false,true,0,NaN,9458,-0.0533467278031|-47.8485620746|-5.75970061009|0.00824629512661|-0.0418173630365
441,VALID_CAMPAIGN,NEAR_JOINT_LIMIT,4663658104395265809,5,AUTO,-0.685426210935,0.0910129152003,0.438763718590,GUARDED_PRODUCTION,false,false,NO_CONVERGENCE,STAGNATION_WINDOW_EXCEEDED,38,true,true,0.608989889117,false,false,false,false,0,12.6925903533,96833,3.14159265359|1.78903400378|-2.67428074637|0.0200000000000|0.0200000000000
441,VALID_CAMPAIGN,NEAR_JOINT_LIMIT,4663658104395265809,5,AUTO,-0.685426210935,0.0910129152003,0.438763718590,UNGUARDED_REFERENCE,true,false,CONVERGED_UNCERTIFIED,NO_GUARDS_OR_FINAL_CERTIFICATION,6,true,false,1.71028285687e-08,false,true,false,true,0,NaN,4708,-1.28930284503|-46.3337387564|-5.77956099034|-0.0112987710256|-0.0445303443707
442,VALID_CAMPAIGN,NEAR_SINGULARITY,-8418013846532223861,5,AUTO,1.46555998986,-0.377499950837,0.457500040767,GUARDED_PRODUCTION,false,false,NO_CONVERGENCE,STAGNATION_WINDOW_EXCEEDED,542,true,true,0.760365542207,false,false,false,false,0,6.01462176155,1277500,-0.0628141687408|1.89175053463|-2.67428074637|0.575000000000|0.0200000000000
442,VALID_CAMPAIGN,NEAR_SINGULARITY,-8418013846532223861,5,AUTO,1.46555998986,-0.377499950837,0.457500040767,UNGUARDED_REFERENCE,true,false,CONVERGED_UNCERTIFIED,NO_GUARDS_OR_FINAL_CERTIFICATION,20,true,false,1.02703127864e-08,false,true,false,true,0,NaN,15625,12.3919860989|-56.4214218282|-5.39433403451|0.171418043682|-0.339008785976
443,VALID_CAMPAIGN,MICRO_MOTION,6205660375949693841,5,AUTO,1.46555988846,-0.377499459207,0.457500448438,GUARDED_PRODUCTION,false,false,NO_CONVERGENCE,STAGNATION_WINDOW_EXCEEDED,7,true,true,0.760365682898,false,false,false,false,0,15.5247548240,18500,-0.0628140598750|1.89175056723|-2.67428074637|0.575000000000|0.0200000000000
443,VALID_CAMPAIGN,MICRO_MOTION,6205660375949693841,5,AUTO,1.46555988846,-0.377499459207,0.457500448438,UNGUARDED_REFERENCE,true,false,CONVERGED_UNCERTIFIED,NO_GUARDS_OR_FINAL_CERTIFICATION,1,true,false,6.46068053814e-07,false,true,false,true,0,NaN,584,12.3919860989|-56.4214218282|-5.39433403451|0.171418043682|-0.339008785976
444,VALID_CAMPAIGN,UNIFORM,-1254292374366182794,5,AUTO,-0.363273751411,1.21972367681,-0.278815553047,GUARDED_PRODUCTION,false,false,MAX_ITERATIONS_REACHED,MAX_ITERATIONS_LIMIT_REACHED,800,true,true,0.157978458878,false,false,false,false,0,15.5247548887,2078583,1.83585035462|1.79201896423|-2.62352726223|0.575000000000|0.127189042012
444,VALID_CAMPAIGN,UNIFORM,-1254292374366182794,5,AUTO,-0.363273751411,1.21972367681,-0.278815553047,UNGUARDED_REFERENCE,true,false,CONVERGED_UNCERTIFIED,NO_GUARDS_OR_FINAL_CERTIFICATION,9,true,false,1.16338071398e-08,false,true,false,true,0,NaN,7083,6.81018776555|-51.4665097674|-10.3061273649|-0.390364898945|1.48852513627
445,VALID_CAMPAIGN,NEAR_JOINT_LIMIT,-1316467815854664139,5,AUTO,0.0306027862144,-0.450419559303,-0.649969271475,GUARDED_PRODUCTION,true,true,SUCCESS,NONE,334,true,true,9.16442599421e-07,false,false,false,false,0,15.1977053292,917333,-2.33436943621|2.37713844122|-2.22761270944|0.0625934241277|0.472526699960
445,VALID_CAMPAIGN,NEAR_JOINT_LIMIT,-1316467815854664139,5,AUTO,0.0306027862144,-0.450419559303,-0.649969271475,UNGUARDED_REFERENCE,true,false,CONVERGED_UNCERTIFIED,NO_GUARDS_OR_FINAL_CERTIFICATION,11,true,false,1.06460807267e-08,false,true,false,true,0,NaN,10542,5.51069234412|-48.7972092628|-9.44134697976|-0.158360732684|0.820991162798
446,VALID_CAMPAIGN,NEAR_SINGULARITY,-5161206451628695487,5,AUTO,1.46555998986,-0.377499950837,0.457500040767,GUARDED_PRODUCTION,true,true,SUCCESS,NONE,67,true,true,2.36322139997e-08,false,false,false,false,0,15.5840902025,190334,-0.795211867734|0.893174891151|-0.299331144220|0.0915365004312|0.514541211471
446,VALID_CAMPAIGN,NEAR_SINGULARITY,-5161206451628695487,5,AUTO,1.46555998986,-0.377499950837,0.457500040767,UNGUARDED_REFERENCE,true,false,CONVERGED_UNCERTIFIED,NO_GUARDS_OR_FINAL_CERTIFICATION,10,true,false,1.78174398924e-07,false,true,false,true,0,NaN,8125,12.3170685213|-52.8724396312|-10.6984414895|-0.627489290181|1.13425463434
447,VALID_CAMPAIGN,MICRO_MOTION,-5584149200514147852,5,AUTO,1.46555988846,-0.377499459207,0.457500448438,GUARDED_PRODUCTION,true,true,SUCCESS,NONE,1,true,true,6.37420504383e-07,false,false,false,false,0,NaN,3666,-0.795211867734|0.893174891151|-0.299331144220|0.0915365004312|0.514541211471
447,VALID_CAMPAIGN,MICRO_MOTION,-5584149200514147852,5,AUTO,1.46555988846,-0.377499459207,0.457500448438,UNGUARDED_REFERENCE,true,false,CONVERGED_UNCERTIFIED,NO_GUARDS_OR_FINAL_CERTIFICATION,1,true,false,6.69586472770e-07,false,true,false,true,0,NaN,542,12.3170685213|-52.8724396312|-10.6984414895|-0.627489290181|1.13425463434
448,VALID_CAMPAIGN,UNIFORM,3810710574750539398,5,AUTO,0.214342831366,-1.43948786047,-0.405753959538,GUARDED_PRODUCTION,true,true,SUCCESS,NONE,57,true,true,1.68772726729e-09,false,false,false,false,0,11.3581715964,154291,-1.56913752188|0.394949667453|-1.41393326178|0.106739187526|0.541553840771
448,VALID_CAMPAIGN,UNIFORM,3810710574750539398,5,AUTO,0.214342831366,-1.43948786047,-0.405753959538,UNGUARDED_REFERENCE,true,false,CONVERGED_UNCERTIFIED,NO_GUARDS_OR_FINAL_CERTIFICATION,12,true,false,2.99180291238e-07,false,true,false,true,0,NaN,9792,4.76936169890|-51.7051267505|-8.61535506196|-1.09196660196|0.129169876229
449,VALID_CAMPAIGN,NEAR_JOINT_LIMIT,-3333605302236763595,5,AUTO,-0.672420431917,0.0785408219174,-0.154475026173,GUARDED_PRODUCTION,true,true,SUCCESS,NONE,785,true,true,9.78486151730e-07,false,false,false,false,0,25.1076195482,2064917,-2.80786691861|1.20992885929|-2.67428074637|0.176993283768|0.0200010032723
449,VALID_CAMPAIGN,NEAR_JOINT_LIMIT,-3333605302236763595,5,AUTO,-0.672420431917,0.0785408219174,-0.154475026173,UNGUARDED_REFERENCE,true,false,CONVERGED_UNCERTIFIED,NO_GUARDS_OR_FINAL_CERTIFICATION,13,true,false,6.21485985150e-08,false,true,false,true,0,NaN,10500,3.04486598005|-47.5041942363|-8.99809235609|-0.00660652173710|0.0461098518710
450,VALID_CAMPAIGN,NEAR_SINGULARITY,3657430605405500041,5,AUTO,1.46555998986,-0.377499950837,0.457500040767,GUARDED_PRODUCTION,false,false,NO_CONVERGENCE,STAGNATION_WINDOW_EXCEEDED,523,true,true,0.760365542197,false,false,false,false,0,4.80412919925,1273250,-0.0628141688562|1.89175053478|-2.67428074637|0.575000000000|0.0200000000000
450,VALID_CAMPAIGN,NEAR_SINGULARITY,3657430605405500041,5,AUTO,1.46555998986,-0.377499950837,0.457500040767,UNGUARDED_REFERENCE,true,false,CONVERGED_UNCERTIFIED,NO_GUARDS_OR_FINAL_CERTIFICATION,16,true,false,2.65896291275e-07,false,true,false,true,0,NaN,13708,6.07966509008|-48.4477540761|-9.32150247128|0.935285926608|-0.367337143248
451,VALID_CAMPAIGN,MICRO_MOTION,-3759417491374150542,5,AUTO,1.46555988846,-0.377499459207,0.457500448438,GUARDED_PRODUCTION,false,false,NO_CONVERGENCE,STAGNATION_WINDOW_EXCEEDED,7,true,true,0.760365682891,false,false,false,false,0,15.5247548222,21458,-0.0628140599845|1.89175056738|-2.67428074637|0.575000000000|0.0200000000000
451,VALID_CAMPAIGN,MICRO_MOTION,-3759417491374150542,5,AUTO,1.46555988846,-0.377499459207,0.457500448438,UNGUARDED_REFERENCE,true,false,CONVERGED_UNCERTIFIED,NO_GUARDS_OR_FINAL_CERTIFICATION,1,true,false,6.40245682359e-07,false,true,false,true,0,NaN,709,6.07966509008|-48.4477540761|-9.32150247128|0.935285926608|-0.367337143248
452,VALID_CAMPAIGN,UNIFORM,-8795834214247560713,5,AUTO,0.398014159463,-1.12217505105,-0.446119421252,GUARDED_PRODUCTION,false,false,NO_CONVERGENCE,STAGNATION_WINDOW_EXCEEDED,203,true,true,0.0822358568060,false,false,false,false,0,15.5247548898,508417,-1.21888991844|1.41158876239|-1.99969282590|0.575000000000|0.0200000000000
452,VALID_CAMPAIGN,UNIFORM,-8795834214247560713,5,AUTO,0.398014159463,-1.12217505105,-0.446119421252,UNGUARDED_REFERENCE,true,false,CONVERGED_UNCERTIFIED,NO_GUARDS_OR_FINAL_CERTIFICATION,15,true,false,2.35225458260e-07,false,true,false,true,0,NaN,12209,5.07437250423|-45.4470296849|-8.24995544777|-0.817514351927|-0.00355539534020
453,VALID_CAMPAIGN,NEAR_JOINT_LIMIT,429531544517122564,5,AUTO,-1.06956569753,-0.309563874850,0.438763718590,GUARDED_PRODUCTION,false,false,NO_CONVERGENCE,STAGNATION_WINDOW_EXCEEDED,399,true,true,0.668310899683,false,false,false,false,0,16.4457283808,969125,-2.15708214349|1.20153190971|-2.67428074637|0.556134876125|0.0200000000000
453,VALID_CAMPAIGN,NEAR_JOINT_LIMIT,429531544517122564,5,AUTO,-1.06956569753,-0.309563874850,0.438763718590,UNGUARDED_REFERENCE,true,false,CONVERGED_UNCERTIFIED,NO_GUARDS_OR_FINAL_CERTIFICATION,14,true,false,6.46401419823e-08,false,true,false,true,0,NaN,10791,12.7735734527|-47.8915419503|-12.6984257664|-1.22050283505|0.368671516225
454,VALID_CAMPAIGN,NEAR_SINGULARITY,-7200868915135472729,5,AUTO,1.46555998986,-0.377499950837,0.457500040767,GUARDED_PRODUCTION,false,false,NO_CONVERGENCE,STAGNATION_WINDOW_EXCEEDED,77,true,true,0.725332859569,false,false,false,false,0,7.84880124475,186917,-0.107474040295|1.76406728960|-2.67428074637|0.575000000000|0.0200000000000
454,VALID_CAMPAIGN,NEAR_SINGULARITY,-7200868915135472729,5,AUTO,1.46555998986,-0.377499950837,0.457500040767,UNGUARDED_REFERENCE,true,false,CONVERGED_UNCERTIFIED,NO_GUARDS_OR_FINAL_CERTIFICATION,8,true,false,6.91366759875e-10,false,true,false,true,0,NaN,6125,20.8499696213|-51.9273074323|-11.4223508750|1.20705538245|-0.729289276482
455,VALID_CAMPAIGN,MICRO_MOTION,-8820315128240897653,5,AUTO,1.46555988846,-0.377499459207,0.457500448438,GUARDED_PRODUCTION,false,false,NO_CONVERGENCE,STAGNATION_WINDOW_EXCEEDED,7,true,true,0.730986629145,false,false,false,false,0,14.6917106640,18459,-0.105159305235|1.81362553583|-2.67428074637|0.575000000000|0.0200000000000
455,VALID_CAMPAIGN,MICRO_MOTION,-8820315128240897653,5,AUTO,1.46555988846,-0.377499459207,0.457500448438,UNGUARDED_REFERENCE,true,false,CONVERGED_UNCERTIFIED,NO_GUARDS_OR_FINAL_CERTIFICATION,1,true,false,6.46516735833e-07,false,true,false,true,0,NaN,541,20.8499696213|-51.9273074323|-11.4223508750|1.20705538245|-0.729289276482
456,VALID_CAMPAIGN,UNIFORM,5635049596215162137,5,AUTO,0.448816676815,-0.786347548165,0.808833106421,GUARDED_PRODUCTION,false,false,NO_CONVERGENCE,STAGNATION_WINDOW_EXCEEDED,494,true,true,1.07090680270,false,false,false,false,0,15.1392123582,1141792,0.166926300674|0.765387446606|-2.67428074637|0.440021880206|0.0200000000000
456,VALID_CAMPAIGN,UNIFORM,5635049596215162137,5,AUTO,0.448816676815,-0.786347548165,0.808833106421,UNGUARDED_REFERENCE,true,false,CONVERGED_UNCERTIFIED,NO_GUARDS_OR_FINAL_CERTIFICATION,7,true,false,1.85169898430e-07,false,true,false,true,0,NaN,5791,21.3720101130|-52.8375180220|-11.0149638067|0.923668573199|-0.489111478170
457,VALID_CAMPAIGN,NEAR_JOINT_LIMIT,2647235474480419120,5,AUTO,-0.162858043079,-0.635941915869,0.438763718590,GUARDED_PRODUCTION,false,false,NO_CONVERGENCE,STAGNATION_WINDOW_EXCEEDED,261,true,true,0.668310875026,false,false,false,false,0,4.56752161458,606291,-0.410175903028|0.314451875348|-2.67428074637|0.430636428108|0.0200000000000
457,VALID_CAMPAIGN,NEAR_JOINT_LIMIT,2647235474480419120,5,AUTO,-0.162858043079,-0.635941915869,0.438763718590,UNGUARDED_REFERENCE,true,false,CONVERGED_UNCERTIFIED,NO_GUARDS_OR_FINAL_CERTIFICATION,8,true,false,1.60265362933e-08,false,true,false,true,0,NaN,6125,21.2006729026|-53.9118545125|-12.1649445578|0.0340226888173|0.0233464379792
458,VALID_CAMPAIGN,NEAR_SINGULARITY,-5528458633421809574,5,AUTO,1.46555998986,-0.377499950837,0.457500040767,GUARDED_PRODUCTION,false,false,NO_CONVERGENCE,STAGNATION_WINDOW_EXCEEDED,66,true,true,0.746768013675,false,false,false,false,0,3.20998281196,157584,-0.0709541412593|1.84719107281|-2.67428074637|0.575000000000|0.0200000000000
458,VALID_CAMPAIGN,NEAR_SINGULARITY,-5528458633421809574,5,AUTO,1.46555998986,-0.377499950837,0.457500040767,UNGUARDED_REFERENCE,true,false,CONVERGED_UNCERTIFIED,NO_GUARDS_OR_FINAL_CERTIFICATION,14,true,false,2.62619061443e-09,false,true,false,true,0,NaN,11208,18.2431843349|-49.4014493385|-12.6044680565|0.319293044758|0.322813091521
459,VALID_CAMPAIGN,MICRO_MOTION,-5832073387911091,5,AUTO,1.46555988846,-0.377499459207,0.457500448438,GUARDED_PRODUCTION,false,false,NO_CONVERGENCE,STAGNATION_WINDOW_EXCEEDED,7,true,true,0.750269214571,false,false,false,false,0,15.3580662300,16750,-0.0711437327631|1.86370155629|-2.67428074637|0.575000000000|0.0200000000000
459,VALID_CAMPAIGN,MICRO_MOTION,-5832073387911091,5,AUTO,1.46555988846,-0.377499459207,0.457500448438,UNGUARDED_REFERENCE,true,false,CONVERGED_UNCERTIFIED,NO_GUARDS_OR_FINAL_CERTIFICATION,1,true,false,6.46475746855e-07,false,true,false,true,0,NaN,583,18.2431843349|-49.4014493385|-12.6044680565|0.319293044758|0.322813091521
460,VALID_CAMPAIGN,UNIFORM,-2629007844780598108,5,AUTO,1.09090106911,-0.0460496912810,0.552604268729,GUARDED_PRODUCTION,false,false,NO_CONVERGENCE,STAGNATION_WINDOW_EXCEEDED,11,true,true,0.712267924841,false,false,false,false,0,15.4370622800,28292,0.0392253902421|1.89220237146|-2.67428074637|0.551799789616|0.0200000000000
460,VALID_CAMPAIGN,UNIFORM,-2629007844780598108,5,AUTO,1.09090106911,-0.0460496912810,0.552604268729,UNGUARDED_REFERENCE,true,false,CONVERGED_UNCERTIFIED,NO_GUARDS_OR_FINAL_CERTIFICATION,6,true,false,7.66784881448e-08,false,true,false,true,0,NaN,4292,17.6466742673|-48.3521711187|-12.3416712876|0.246220097518|0.252236017293
461,VALID_CAMPAIGN,NEAR_JOINT_LIMIT,1100685329921629707,5,AUTO,-0.149852343976,-0.623469802121,-0.154475026173,GUARDED_PRODUCTION,true,true,SUCCESS,NONE,67,true,true,3.50839540161e-08,false,false,false,false,0,15.2528887800,176125,-0.932127592017|0.386669423335|-2.67428063021|0.362538482197|0.0200000000000
461,VALID_CAMPAIGN,NEAR_JOINT_LIMIT,1100685329921629707,5,AUTO,-0.149852343976,-0.623469802121,-0.154475026173,UNGUARDED_REFERENCE,true,false,CONVERGED_UNCERTIFIED,NO_GUARDS_OR_FINAL_CERTIFICATION,11,true,false,6.94103451593e-08,false,true,false,true,0,NaN,8500,7.79643692176|-35.1798250281|-13.1343527848|-0.615427107396|0.0471193373418
462,VALID_CAMPAIGN,NEAR_SINGULARITY,3371272616169666146,5,AUTO,1.46555998986,-0.377499950837,0.457500040767,GUARDED_PRODUCTION,false,false,NO_CONVERGENCE,STAGNATION_WINDOW_EXCEEDED,91,true,true,0.758191104746,false,false,false,false,0,3.13188737867,215208,-0.0706957667558|1.89620555809|-2.67428074637|0.575000000000|0.0200000000000
462,VALID_CAMPAIGN,NEAR_SINGULARITY,3371272616169666146,5,AUTO,1.46555998986,-0.377499950837,0.457500040767,UNGUARDED_REFERENCE,true,false,CONVERGED_UNCERTIFIED,NO_GUARDS_OR_FINAL_CERTIFICATION,12,true,false,2.55088093421e-08,false,true,false,true,0,NaN,9000,-0.790798330749|-24.9162885121|-11.7662901654|-0.655082620594|-0.251019977927
463,VALID_CAMPAIGN,MICRO_MOTION,-5134418514063559736,5,AUTO,1.46555988846,-0.377499459207,0.457500448438,GUARDED_PRODUCTION,false,false,NO_CONVERGENCE,STAGNATION_WINDOW_EXCEEDED,7,true,true,0.758760981671,false,false,false,false,0,15.5331335062,17750,-0.0686963927301|1.89516775732|-2.67428074637|0.575000000000|0.0200000000000
463,VALID_CAMPAIGN,MICRO_MOTION,-5134418514063559736,5,AUTO,1.46555988846,-0.377499459207,0.457500448438,UNGUARDED_REFERENCE,true,false,CONVERGED_UNCERTIFIED,NO_GUARDS_OR_FINAL_CERTIFICATION,1,true,false,6.43923714844e-07,false,true,false,true,0,NaN,750,-0.790798330749|-24.9162885121|-11.7662901654|-0.655082620594|-0.251019977927
464,VALID_CAMPAIGN,UNIFORM,2828424015836910806,5,AUTO,0.611804491420,-0.579602747796,-0.111319546992,GUARDED_PRODUCTION,false,false,NO_CONVERGENCE,STAGNATION_WINDOW_EXCEEDED,66,true,true,0.0490905599691,false,false,false,false,0,15.5313194092,165375,-0.161622957686|0.954087837492|-2.67428074637|0.398718588108|0.0200000000000
464,VALID_CAMPAIGN,UNIFORM,2828424015836910806,5,AUTO,0.611804491420,-0.579602747796,-0.111319546992,UNGUARDED_REFERENCE,true,false,CONVERGED_UNCERTIFIED,NO_GUARDS_OR_FINAL_CERTIFICATION,7,true,false,2.37182711425e-08,false,true,false,true,0,NaN,5125,-2.53146621134|-23.2630989872|-12.8271637204|-0.425025984742|-0.105096582966
465,VALID_CAMPAIGN,NEAR_JOINT_LIMIT,2296385353209028254,5,AUTO,-0.149852265629,-0.623469820952,-0.154475026173,GUARDED_PRODUCTION,true,true,SUCCESS,NONE,241,true,true,9.97852679685e-07,false,false,false,false,0,5.13332611702,614500,-0.892931381827|0.333845267866|-2.67428074637|0.381866145408|0.0200010223332
465,VALID_CAMPAIGN,NEAR_JOINT_LIMIT,2296385353209028254,5,AUTO,-0.149852265629,-0.623469820952,-0.154475026173,UNGUARDED_REFERENCE,true,false,CONVERGED_UNCERTIFIED,NO_GUARDS_OR_FINAL_CERTIFICATION,6,true,false,2.52005325881e-08,false,true,false,true,0,NaN,4834,-4.05920216049|-22.8099107289|-12.9482217357|-0.360700723047|-0.0744788865913
466,VALID_CAMPAIGN,NEAR_SINGULARITY,-3875224541462059354,5,AUTO,1.46555998986,-0.377499950837,0.457500040767,GUARDED_PRODUCTION,false,false,NO_CONVERGENCE,STAGNATION_WINDOW_EXCEEDED,87,true,true,0.756230556635,false,false,false,false,0,3.08247847513,205666,-0.0707678325391|1.88846290972|-2.67428074637|0.575000000000|0.0200000000000
466,VALID_CAMPAIGN,NEAR_SINGULARITY,-3875224541462059354,5,AUTO,1.46555998986,-0.377499950837,0.457500040767,UNGUARDED_REFERENCE,true,false,CONVERGED_UNCERTIFIED,NO_GUARDS_OR_FINAL_CERTIFICATION,10,true,false,9.12764269683e-07,false,true,false,true,0,NaN,7042,-6.56768895356|-19.2678512988|-11.9724354362|-0.558044040011|-0.0856486515715
467,VALID_CAMPAIGN,MICRO_MOTION,2207837559058216221,5,AUTO,1.46555988846,-0.377499459207,0.457500448438,GUARDED_PRODUCTION,false,false,NO_CONVERGENCE,STAGNATION_WINDOW_EXCEEDED,7,true,true,0.757348704256,false,false,false,false,0,15.5175853372,16916,-0.0690553497645|1.89015280368|-2.67428074637|0.575000000000|0.0200000000000
467,VALID_CAMPAIGN,MICRO_MOTION,2207837559058216221,5,AUTO,1.46555988846,-0.377499459207,0.457500448438,UNGUARDED_REFERENCE,true,false,CONVERGED_UNCERTIFIED,NO_GUARDS_OR_FINAL_CERTIFICATION,2,true,false,6.23142808579e-09,false,true,false,true,0,NaN,1250,-6.56768711772|-19.2678551817|-11.9724333691|-0.558045948167|-0.0856491862941
468,VALID_CAMPAIGN,UNIFORM,-6837764418422600456,5,AUTO,0.856115512353,0.250193954580,0.908451407493,GUARDED_PRODUCTION,false,false,NO_CONVERGENCE,STAGNATION_WINDOW_EXCEEDED,32,true,true,1.08132639786,false,false,false,false,0,15.5213749782,78125,0.268368975939|2.13484360396|-2.67428074637|0.502776746129|0.0200000000000
468,VALID_CAMPAIGN,UNIFORM,-6837764418422600456,5,AUTO,0.856115512353,0.250193954580,0.908451407493,UNGUARDED_REFERENCE,true,false,CONVERGED_UNCERTIFIED,NO_GUARDS_OR_FINAL_CERTIFICATION,9,true,false,2.54628790192e-08,false,true,false,true,0,NaN,7125,-6.80908685214|-16.5045549888|-11.4686896308|0.492438202627|0.356271053612
469,VALID_CAMPAIGN,NEAR_JOINT_LIMIT,6332455792618368507,5,AUTO,-0.672420422047,0.0785409064162,-0.154475026173,GUARDED_PRODUCTION,true,true,SUCCESS,NONE,264,true,true,9.95605635770e-07,false,false,false,false,0,13.8554030986,669208,-3.12557320885|2.31143875730|-2.67428074637|0.0258267793670|0.0200010201215
469,VALID_CAMPAIGN,NEAR_JOINT_LIMIT,6332455792618368507,5,AUTO,-0.672420422047,0.0785409064162,-0.154475026173,UNGUARDED_REFERENCE,true,false,CONVERGED_UNCERTIFIED,NO_GUARDS_OR_FINAL_CERTIFICATION,9,true,false,1.14524187935e-07,false,true,false,true,0,NaN,7000,3.80451799123|-23.8901636495|-2.06890207995|0.107075925489|-0.552486790839
470,VALID_CAMPAIGN,NEAR_SINGULARITY,-2626403648327064843,5,AUTO,1.46555998986,-0.377499950837,0.457500040767,GUARDED_PRODUCTION,false,false,NO_CONVERGENCE,STAGNATION_WINDOW_EXCEEDED,513,true,true,0.760365542201,false,false,false,false,0,11.5468304135,1311542,-0.0628141688458|1.89175053478|-2.67428074637|0.575000000000|0.0200000000000
470,VALID_CAMPAIGN,NEAR_SINGULARITY,-2626403648327064843,5,AUTO,1.46555998986,-0.377499950837,0.457500040767,UNGUARDED_REFERENCE,true,false,CONVERGED_UNCERTIFIED,NO_GUARDS_OR_FINAL_CERTIFICATION,13,true,false,8.08959213241e-08,false,true,false,true,0,NaN,12959,12.3138935762|-39.5469676642|-3.97926834361|-1.10649674398|0.286584449160
471,VALID_CAMPAIGN,MICRO_MOTION,3170756686283983256,5,AUTO,1.46555988846,-0.377499459207,0.457500448438,GUARDED_PRODUCTION,false,false,NO_CONVERGENCE,STAGNATION_WINDOW_EXCEEDED,7,true,true,0.760365682893,false,false,false,false,0,15.5247548229,32584,-0.0628140599917|1.89175056740|-2.67428074637|0.575000000000|0.0200000000000
471,VALID_CAMPAIGN,MICRO_MOTION,3170756686283983256,5,AUTO,1.46555988846,-0.377499459207,0.457500448438,UNGUARDED_REFERENCE,true,false,CONVERGED_UNCERTIFIED,NO_GUARDS_OR_FINAL_CERTIFICATION,1,true,false,6.29145597001e-07,false,true,false,true,0,NaN,750,12.3138935762|-39.5469676642|-3.97926834361|-1.10649674398|0.286584449160
472,VALID_CAMPAIGN,UNIFORM,6353622446073012059,5,AUTO,0.919056521375,0.310926771334,-0.539590970897,GUARDED_PRODUCTION,true,true,SUCCESS,NONE,66,true,true,1.48505902199e-07,false,false,false,false,0,15.5247548909,189625,-0.381182992805|2.15444795952|-1.90913699901|0.510606063683|0.236440907116
472,VALID_CAMPAIGN,UNIFORM,6353622446073012059,5,AUTO,0.919056521375,0.310926771334,-0.539590970897,UNGUARDED_REFERENCE,true,false,CONVERGED_UNCERTIFIED,NO_GUARDS_OR_FINAL_CERTIFICATION,8,true,false,9.12051430950e-09,false,true,false,true,0,NaN,6292,13.0974861265|-38.6965539994|-1.82112409944|-0.396231117649|0.248963809588
473,VALID_CAMPAIGN,NEAR_JOINT_LIMIT,-7396336679079960557,5,AUTO,-1.05655992008,-0.322035969768,-0.154475026173,GUARDED_PRODUCTION,true,true,SUCCESS,NONE,685,true,true,9.77141509222e-07,false,false,false,false,0,41.8120677886,1811125,-2.79240950744|1.81786528621|-2.67428074637|0.542588796449|0.0200010019488
473,VALID_CAMPAIGN,NEAR_JOINT_LIMIT,-7396336679079960557,5,AUTO,-1.05655992008,-0.322035969768,-0.154475026173,UNGUARDED_REFERENCE,true,false,CONVERGED_UNCERTIFIED,NO_GUARDS_OR_FINAL_CERTIFICATION,14,true,false,4.74686595242e-07,false,true,false,true,0,NaN,11542,28.5725931902|-54.6407099396|-2.55731824074|0.540549038924|-0.0584055153467
474,VALID_CAMPAIGN,NEAR_SINGULARITY,-6738106990078659627,5,AUTO,1.46555998986,-0.377499950837,0.457500040767,GUARDED_PRODUCTION,false,false,NO_CONVERGENCE,STAGNATION_WINDOW_EXCEEDED,94,true,true,0.744413938194,false,false,false,false,0,14.7108599161,232666,-0.147174733108|1.96058325509|-2.67428074637|0.575000000000|0.0200000000000
474,VALID_CAMPAIGN,NEAR_SINGULARITY,-6738106990078659627,5,AUTO,1.46555998986,-0.377499950837,0.457500040767,UNGUARDED_REFERENCE,true,false,CONVERGED_UNCERTIFIED,NO_GUARDS_OR_FINAL_CERTIFICATION,15,true,false,4.45959057726e-07,false,true,false,true,0,NaN,11708,24.8694918840|-61.0313842651|-3.58561496137|0.963078961673|-0.0162237198699
475,VALID_CAMPAIGN,MICRO_MOTION,2100466305051987639,5,AUTO,1.46555988846,-0.377499459207,0.457500448438,GUARDED_PRODUCTION,false,false,NO_CONVERGENCE,STAGNATION_WINDOW_EXCEEDED,7,true,true,0.748047951606,false,false,false,false,0,15.4814125167,17500,-0.124924716422|1.94178120703|-2.67428074637|0.575000000000|0.0200000000000
475,VALID_CAMPAIGN,MICRO_MOTION,2100466305051987639,5,AUTO,1.46555988846,-0.377499459207,0.457500448438,UNGUARDED_REFERENCE,true,false,CONVERGED_UNCERTIFIED,NO_GUARDS_OR_FINAL_CERTIFICATION,1,true,false,6.05416773579e-07,false,true,false,true,0,NaN,542,24.8694918840|-61.0313842651|-3.58561496137|0.963078961673|-0.0162237198699
476,VALID_CAMPAIGN,UNIFORM,4905684545376183931,5,AUTO,-0.909185422149,-0.737787222455,-0.501599214056,GUARDED_PRODUCTION,true,true,SUCCESS,NONE,88,true,true,6.36019762835e-07,false,false,false,false,0,15.5297499414,230708,-2.56134674033|1.19164077177|-1.64829738945|0.543867609481|0.0663238529562
476,VALID_CAMPAIGN,UNIFORM,4905684545376183931,5,AUTO,-0.909185422149,-0.737787222455,-0.501599214056,UNGUARDED_REFERENCE,true,false,CONVERGED_UNCERTIFIED,NO_GUARDS_OR_FINAL_CERTIFICATION,13,true,false,5.98229525992e-07,false,true,false,true,0,NaN,9416,24.5575183905|-60.0509115442|-1.66629414167|-1.40699417008|0.0645893013176
477,VALID_CAMPAIGN,NEAR_JOINT_LIMIT,2275949915592296075,5,AUTO,-0.865881341125,0.264063158018,-0.0567305267123,GUARDED_PRODUCTION,false,false,NO_CONVERGENCE,STAGNATION_WINDOW_EXCEEDED,106,true,true,0.111161625145,false,false,false,false,0,148.203097971,266375,-2.72506535241|0.821778799695|-2.67428074637|0.497987759713|0.0200000000000
477,VALID_CAMPAIGN,NEAR_JOINT_LIMIT,2275949915592296075,5,AUTO,-0.865881341125,0.264063158018,-0.0567305267123,UNGUARDED_REFERENCE,true,false,CONVERGED_UNCERTIFIED,NO_GUARDS_OR_FINAL_CERTIFICATION,13,true,false,1.07742225830e-08,false,true,false,true,0,NaN,10250,18.5121536889|-56.2229221236|4.43666787128|-0.476691851085|-1.53114264862
478,VALID_CAMPAIGN,NEAR_SINGULARITY,8117969074702974244,5,AUTO,1.46555998986,-0.377499950837,0.457500040767,GUARDED_PRODUCTION,false,false,NO_CONVERGENCE,STAGNATION_WINDOW_EXCEEDED,94,true,true,1.13591835324,false,false,false,false,0,5.10897454663,231750,-1.17679405765|-2.37713844122|-2.67428074637|0.399010350180|0.0200000000000
478,VALID_CAMPAIGN,NEAR_SINGULARITY,8117969074702974244,5,AUTO,1.46555998986,-0.377499950837,0.457500040767,UNGUARDED_REFERENCE,true,false,CONVERGED_UNCERTIFIED,NO_GUARDS_OR_FINAL_CERTIFICATION,16,true,false,1.08935520076e-07,false,true,false,true,0,NaN,12334,12.2857539791|-58.2973325138|2.56125156428|-1.12227763984|0.0759662045657
479,VALID_CAMPAIGN,MICRO_MOTION,-6316981938119113442,5,AUTO,1.46555988846,-0.377499459207,0.457500448438,GUARDED_PRODUCTION,false,false,NO_CONVERGENCE,STAGNATION_WINDOW_EXCEEDED,7,true,true,1.14432008591,false,false,false,false,0,2.93305591345,18000,-1.11377828026|-2.37713844122|-2.67428074637|0.402303520889|0.0200000000000
479,VALID_CAMPAIGN,MICRO_MOTION,-6316981938119113442,5,AUTO,1.46555988846,-0.377499459207,0.457500448438,UNGUARDED_REFERENCE,true,false,CONVERGED_UNCERTIFIED,NO_GUARDS_OR_FINAL_CERTIFICATION,1,true,false,6.26316777491e-07,false,true,false,true,0,NaN,541,12.2857539791|-58.2973325138|2.56125156428|-1.12227763984|0.0759662045657
480,VALID_CAMPAIGN,UNIFORM,447507601605115648,5,AUTO,-0.673989250933,0.732774274849,0.799495041496,GUARDED_PRODUCTION,false,false,NO_CONVERGENCE,STAGNATION_WINDOW_EXCEEDED,734,true,true,1.06091936660,false,false,false,false,0,2.93546576813,1751416,1.19366800419|-2.26283801240|-2.67428074637|0.502025023036|0.0200000000000
480,VALID_CAMPAIGN,UNIFORM,447507601605115648,5,AUTO,-0.673989250933,0.732774274849,0.799495041496,UNGUARDED_REFERENCE,true,false,CONVERGED_UNCERTIFIED,NO_GUARDS_OR_FINAL_CERTIFICATION,7,true,false,1.17037085817e-09,false,true,false,true,0,NaN,4917,13.0348629178|-59.2197209469|1.80926405966|1.09887449120|0.00132000534886
481,VALID_CAMPAIGN,NEAR_JOINT_LIMIT,4525645721209285154,5,AUTO,0.0306028428158,-0.450419555458,-0.649969271475,GUARDED_PRODUCTION,false,false,NO_CONVERGENCE,STAGNATION_WINDOW_EXCEEDED,88,true,true,0.148046313919,false,false,false,false,0,2.93821616637,227583,2.43659367024|-2.37713844122|-1.97227050774|0.575000000000|0.309817719475
481,VALID_CAMPAIGN,NEAR_JOINT_LIMIT,4525645721209285154,5,AUTO,0.0306028428158,-0.450419555458,-0.649969271475,UNGUARDED_REFERENCE,true,false,CONVERGED_UNCERTIFIED,NO_GUARDS_OR_FINAL_CERTIFICATION,16,true,false,6.69764249198e-09,false,true,false,true,0,NaN,12917,20.3684992846|-52.1166194268|17.8282365091|0.764441810421|-0.475743898541
482,VALID_CAMPAIGN,NEAR_SINGULARITY,2472556527905289876,5,AUTO,1.46555998986,-0.377499950837,0.457500040767,GUARDED_PRODUCTION,true,true,SUCCESS,NONE,77,true,true,1.43324847792e-07,false,false,false,false,0,23.4523570579,194500,0.551929434261|-0.511270963734|-0.119582881309|0.575000000000|0.378755556107
482,VALID_CAMPAIGN,NEAR_SINGULARITY,2472556527905289876,5,AUTO,1.46555998986,-0.377499950837,0.457500040767,UNGUARDED_REFERENCE,true,false,CONVERGED_UNCERTIFIED,NO_GUARDS_OR_FINAL_CERTIFICATION,7,true,false,2.78554134589e-09,false,true,false,true,0,NaN,4917,23.5217404040|-52.6139785724|14.4223517918|1.04914060252|1.18842496100
483,VALID_CAMPAIGN,MICRO_MOTION,3502511646979693071,5,AUTO,1.46555988846,-0.377499459207,0.457500448438,GUARDED_PRODUCTION,true,true,SUCCESS,NONE,1,true,true,5.44735378065e-07,false,false,false,false,0,NaN,6000,0.551929434261|-0.511270963734|-0.119582881309|0.575000000000|0.378755556107
483,VALID_CAMPAIGN,MICRO_MOTION,3502511646979693071,5,AUTO,1.46555988846,-0.377499459207,0.457500448438,UNGUARDED_REFERENCE,true,false,CONVERGED_UNCERTIFIED,NO_GUARDS_OR_FINAL_CERTIFICATION,1,true,false,6.45969202763e-07,false,true,false,true,0,NaN,542,23.5217404040|-52.6139785724|14.4223517918|1.04914060252|1.18842496100
484,VALID_CAMPAIGN,UNIFORM,7676898028002798694,5,AUTO,-0.463927818956,-0.635759589561,0.992583731810,GUARDED_PRODUCTION,true,true,SUCCESS,NONE,74,true,true,7.59784894250e-08,false,false,false,false,0,8.93802313199,189583,-0.917811135034|-0.874781692627|0.816911993206|0.575000000000|0.515076700494
484,VALID_CAMPAIGN,UNIFORM,7676898028002798694,5,AUTO,-0.463927818956,-0.635759589561,0.992583731810,UNGUARDED_REFERENCE,true,false,CONVERGED_UNCERTIFIED,NO_GUARDS_OR_FINAL_CERTIFICATION,9,true,false,9.03907278829e-10,false,true,false,true,0,NaN,7250,23.8112522166|-55.9534797952|13.9036909814|0.453336520873|0.829910133652
485,VALID_CAMPAIGN,NEAR_JOINT_LIMIT,-6607306129707182050,5,AUTO,-0.491965313603,-0.0945093590783,-0.649969271475,GUARDED_PRODUCTION,true,true,SUCCESS,NONE,123,true,true,8.05201440166e-07,false,false,false,false,0,17.4909272028,322291,-0.982814310241|-1.53818992071|-2.10117775762|0.575000000000|0.478370375829
485,VALID_CAMPAIGN,NEAR_JOINT_LIMIT,-6607306129707182050,5,AUTO,-0.491965313603,-0.0945093590783,-0.649969271475,UNGUARDED_REFERENCE,true,false,CONVERGED_UNCERTIFIED,NO_GUARDS_OR_FINAL_CERTIFICATION,9,true,false,4.20537004852e-09,false,true,false,true,0,NaN,7459,29.3708399739|-57.5445631966|16.5172119135|0.249719437709|0.483174436754
486,VALID_CAMPAIGN,NEAR_SINGULARITY,-3854013388261826976,5,AUTO,1.46555998986,-0.377499950837,0.457500040767,GUARDED_PRODUCTION,false,false,NO_CONVERGENCE,STAGNATION_WINDOW_EXCEEDED,88,true,true,1.12736200598,false,false,false,false,0,16.6469913276,226959,0.508271170419|0.970294511605|-2.67428074637|0.573125906973|0.372576096856
486,VALID_CAMPAIGN,NEAR_SINGULARITY,-3854013388261826976,5,AUTO,1.46555998986,-0.377499950837,0.457500040767,UNGUARDED_REFERENCE,true,false,CONVERGED_UNCERTIFIED,NO_GUARDS_OR_FINAL_CERTIFICATION,8,true,false,2.68014180470e-07,false,true,false,true,0,NaN,6583,26.7052688787|-52.0400899720|13.8302506285|0.432477934566|-1.09284514356
487,VALID_CAMPAIGN,MICRO_MOTION,-3482824524793189068,5,AUTO,1.46555988846,-0.377499459207,0.457500448438,GUARDED_PRODUCTION,false,false,NO_CONVERGENCE,STAGNATION_WINDOW_EXCEEDED,7,true,true,1.14750747004,false,false,false,false,0,8.61175921417,18167,0.492311633388|1.10688222267|-2.67428074637|0.575000000000|0.365350995415
487,VALID_CAMPAIGN,MICRO_MOTION,-3482824524793189068,5,AUTO,1.46555988846,-0.377499459207,0.457500448438,UNGUARDED_REFERENCE,true,false,CONVERGED_UNCERTIFIED,NO_GUARDS_OR_FINAL_CERTIFICATION,1,true,false,8.21081659710e-07,false,true,false,true,0,NaN,584,26.7052688787|-52.0400899720|13.8302506285|0.432477934566|-1.09284514356
488,VALID_CAMPAIGN,UNIFORM,-8969881829639650031,5,AUTO,-0.785539239493,1.32915257487,-0.257342101023,GUARDED_PRODUCTION,false,false,NO_CONVERGENCE,STAGNATION_WINDOW_EXCEEDED,70,true,true,0.481990705507,false,false,false,false,0,9.75667542148,178916,2.13085064456|1.68193966403|-2.67428074637|0.575000000000|0.352506796245
488,VALID_CAMPAIGN,UNIFORM,-8969881829639650031,5,AUTO,-0.785539239493,1.32915257487,-0.257342101023,UNGUARDED_REFERENCE,true,false,CONVERGED_UNCERTIFIED,NO_GUARDS_OR_FINAL_CERTIFICATION,8,true,false,2.36123484500e-09,false,true,false,true,0,NaN,6250,38.6127994917|-60.9898098099|13.0748798169|0.426050509306|-0.844813646598
489,VALID_CAMPAIGN,NEAR_JOINT_LIMIT,-3856062087815980834,5,AUTO,-0.162858122994,-0.635941895404,0.438763718590,GUARDED_PRODUCTION,false,false,NO_CONVERGENCE,STAGNATION_WINDOW_EXCEEDED,163,true,true,1.07442520849,false,false,false,false,0,15.2235364969,394167,3.14159265359|2.37713844122|-2.67428074637|0.0552707441559|0.128829739117
489,VALID_CAMPAIGN,NEAR_JOINT_LIMIT,-3856062087815980834,5,AUTO,-0.162858122994,-0.635941895404,0.438763718590,UNGUARDED_REFERENCE,true,false,CONVERGED_UNCERTIFIED,NO_GUARDS_OR_FINAL_CERTIFICATION,9,true,false,2.36626297432e-09,false,true,false,true,0,NaN,6958,27.0601776260|-47.6698549286|12.5095988778|-0.271336880868|0.316634547552
490,VALID_CAMPAIGN,NEAR_SINGULARITY,7772585807558678682,5,AUTO,1.46555998986,-0.377499950837,0.457500040767,GUARDED_PRODUCTION,false,false,NO_CONVERGENCE,STAGNATION_WINDOW_EXCEEDED,107,true,true,1.31684380548,false,false,false,false,0,14.2320237006,248833,3.14159265359|2.37713844122|0.0520047052732|0.0200000000000|0.149230687978
490,VALID_CAMPAIGN,NEAR_SINGULARITY,7772585807558678682,5,AUTO,1.46555998986,-0.377499950837,0.457500040767,UNGUARDED_REFERENCE,true,false,CONVERGED_UNCERTIFIED,NO_GUARDS_OR_FINAL_CERTIFICATION,8,true,false,2.86761401473e-08,false,true,false,true,0,NaN,5458,24.9365539989|-44.3054597845|12.5118903338|-0.338009429173|0.333849610156
491,VALID_CAMPAIGN,MICRO_MOTION,3509701292702042440,5,AUTO,1.46555988846,-0.377499459207,0.457500448438,GUARDED_PRODUCTION,false,false,NO_CONVERGENCE,STAGNATION_WINDOW_EXCEEDED,7,true,true,1.31780680989,false,false,false,false,0,4.66711670548,17375,3.14159265359|2.37713844122|0.0777219311246|0.0200000000000|0.151035582100
491,VALID_CAMPAIGN,MICRO_MOTION,3509701292702042440,5,AUTO,1.46555988846,-0.377499459207,0.457500448438,UNGUARDED_REFERENCE,true,false,CONVERGED_UNCERTIFIED,NO_GUARDS_OR_FINAL_CERTIFICATION,1,true,false,6.45098791731e-07,false,true,false,true,0,NaN,625,24.9365539989|-44.3054597845|12.5118903338|-0.338009429173|0.333849610156
492,VALID_CAMPAIGN,UNIFORM,8317545115245840822,5,AUTO,0.346383999212,-0.611450740327,-0.429075530332,GUARDED_PRODUCTION,false,false,NO_CONVERGENCE,STAGNATION_WINDOW_EXCEEDED,28,true,true,0.340264130706,false,false,false,false,0,4.67901208418,72334,3.14159265359|2.30357415386|-1.01350058892|0.0228347139438|0.137290775041
492,VALID_CAMPAIGN,UNIFORM,8317545115245840822,5,AUTO,0.346383999212,-0.611450740327,-0.429075530332,UNGUARDED_REFERENCE,true,false,CONVERGED_UNCERTIFIED,NO_GUARDS_OR_FINAL_CERTIFICATION,17,true,false,3.68098693010e-08,false,true,false,true,0,NaN,14042,30.0766206300|-57.1848061615|10.5354083479|-0.374146065121|-0.00196518996373
493,VALID_CAMPAIGN,NEAR_JOINT_LIMIT,2639802831183762916,5,AUTO,-0.685426199498,0.0910130013335,0.438763718590,GUARDED_PRODUCTION,false,false,NO_CONVERGENCE,STAGNATION_WINDOW_EXCEEDED,55,true,true,0.184069318126,false,false,false,false,5,5.18147620646,137667,0.969439140614|2.37713844122|0.167044540254|0.0200000000000|0.135546321555
493,VALID_CAMPAIGN,NEAR_JOINT_LIMIT,2639802831183762916,5,AUTO,-0.685426199498,0.0910130013335,0.438763718590,UNGUARDED_REFERENCE,true,false,CONVERGED_UNCERTIFIED,NO_GUARDS_OR_FINAL_CERTIFICATION,18,true,false,4.27263701219e-07,false,true,false,true,0,NaN,13541,43.8893841172|-78.0371970835|6.44168409005|0.491380848589|0.177057695566
494,VALID_CAMPAIGN,NEAR_SINGULARITY,8618267333806059728,5,AUTO,1.46555998986,-0.377499950837,0.457500040767,GUARDED_PRODUCTION,true,true,SUCCESS,NONE,129,true,true,2.50906152724e-07,false,false,false,false,0,4.69275269670,335000,-0.246511799979|0.229697649735|-0.0564287108173|0.171249740049|0.335168504737
494,VALID_CAMPAIGN,NEAR_SINGULARITY,8618267333806059728,5,AUTO,1.46555998986,-0.377499950837,0.457500040767,UNGUARDED_REFERENCE,true,false,CONVERGED_UNCERTIFIED,NO_GUARDS_OR_FINAL_CERTIFICATION,13,true,false,1.99148996605e-07,false,true,false,true,0,NaN,10875,18.5320586731|-60.6438438514|8.30500903493|0.845026298902|0.676995421662
495,VALID_CAMPAIGN,MICRO_MOTION,-4627892579308369868,5,AUTO,1.46555988846,-0.377499459207,0.457500448438,GUARDED_PRODUCTION,true,true,SUCCESS,NONE,1,true,true,7.73243717006e-07,false,false,false,false,0,NaN,3500,-0.246511799979|0.229697649735|-0.0564287108173|0.171249740049|0.335168504737
495,VALID_CAMPAIGN,MICRO_MOTION,-4627892579308369868,5,AUTO,1.46555988846,-0.377499459207,0.457500448438,UNGUARDED_REFERENCE,true,false,CONVERGED_UNCERTIFIED,NO_GUARDS_OR_FINAL_CERTIFICATION,1,true,false,6.32241585783e-07,false,true,false,true,0,NaN,542,18.5320586731|-60.6438438514|8.30500903493|0.845026298902|0.676995421662
496,ADVERSARIAL_PROBES,NON_FINITE_TARGET,-2922871099623063288,5,AUTO,NaN,-0.377500000000,0.457500000000,GUARDED_PRODUCTION,false,false,INVALID_INPUT,INVALID_TARGET,0,true,true,NaN,false,false,false,false,0,NaN,3375,0.00000000000|0.00000000000|0.00000000000|0.297500000000|0.297500000000
496,ADVERSARIAL_PROBES,NON_FINITE_TARGET,-2922871099623063288,5,AUTO,NaN,-0.377500000000,0.457500000000,UNGUARDED_REFERENCE,false,false,MAX_ITERATIONS_UNCERTIFIED,NO_GUARDS_OR_FINAL_CERTIFICATION,800,false,false,NaN,true,false,false,true,0,NaN,521041,NaN|NaN|NaN|NaN|NaN
497,ADVERSARIAL_PROBES,INFINITE_TARGET,-1770915687190933398,5,AUTO,1.46556000000,-0.377500000000,Infinity,GUARDED_PRODUCTION,false,false,INVALID_INPUT,INVALID_TARGET,0,true,true,Infinity,false,false,false,false,0,NaN,2458,0.00000000000|0.00000000000|0.00000000000|0.297500000000|0.297500000000
497,ADVERSARIAL_PROBES,INFINITE_TARGET,-1770915687190933398,5,AUTO,1.46556000000,-0.377500000000,Infinity,UNGUARDED_REFERENCE,false,false,MAX_ITERATIONS_UNCERTIFIED,NO_GUARDS_OR_FINAL_CERTIFICATION,800,false,false,NaN,true,false,false,true,0,NaN,500542,NaN|NaN|NaN|NaN|NaN
498,ADVERSARIAL_PROBES,NON_FINITE_INITIAL_STATE,-7713477946137121104,5,AUTO,1.46556000000,-0.377500000000,0.457500000000,GUARDED_PRODUCTION,false,false,INVALID_INPUT,INVALID_INITIAL_STATE,0,true,true,0.00000000000,false,false,false,false,0,NaN,6125,0.00000000000|0.00000000000|0.00000000000|0.297500000000|0.297500000000
498,ADVERSARIAL_PROBES,NON_FINITE_INITIAL_STATE,-7713477946137121104,5,AUTO,1.46556000000,-0.377500000000,0.457500000000,UNGUARDED_REFERENCE,false,false,MAX_ITERATIONS_UNCERTIFIED,NO_GUARDS_OR_FINAL_CERTIFICATION,800,false,false,NaN,true,false,false,true,0,NaN,543958,NaN|NaN|NaN|NaN|NaN
499,ADVERSARIAL_PROBES,OVERFLOWING_GEOMETRY,-2233058586168084507,5,AUTO,0.00000000000,0.00000000000,0.00000000000,GUARDED_PRODUCTION,false,false,NUMERICAL_FAILURE,OUTPUT_VALIDATION_FAILED,1,true,true,Infinity,false,false,false,false,0,NaN,24750,0.00000000000|0.00000000000|0.00000000000|0.297500000000|0.297500000000
499,ADVERSARIAL_PROBES,OVERFLOWING_GEOMETRY,-2233058586168084507,5,AUTO,0.00000000000,0.00000000000,0.00000000000,UNGUARDED_REFERENCE,false,false,MAX_ITERATIONS_UNCERTIFIED,NO_GUARDS_OR_FINAL_CERTIFICATION,800,false,false,NaN,true,false,false,true,0,NaN,481042,NaN|NaN|NaN|NaN|NaN
500,VALID_CAMPAIGN,UNIFORM,-5716603640957999706,5,REVOLUTE_ONLY,1.00187036893,0.142221236810,-0.260804369610,GUARDED_PRODUCTION,true,true,SUCCESS,NONE,41,true,true,1.19059159659e-10,false,false,false,false,0,85.8564830964,115583,1.17716164767|-1.39931990863|-0.727804267713|-0.0411725870357|-0.000146189283769
500,VALID_CAMPAIGN,UNIFORM,-5716603640957999706,5,REVOLUTE_ONLY,1.00187036893,0.142221236810,-0.260804369610,UNGUARDED_REFERENCE,true,false,CONVERGED_UNCERTIFIED,NO_GUARDS_OR_FINAL_CERTIFICATION,15,true,false,2.29445491933e-07,false,true,false,true,0,NaN,13500,0.0880160361076|-24.5840990136|-0.954875430749|11.6882565631|4.58969306953
501,VALID_CAMPAIGN,NEAR_JOINT_LIMIT,779348608335967497,5,REVOLUTE_ONLY,-0.593822542147,-0.199272721170,0.196425017321,GUARDED_PRODUCTION,false,false,NO_CONVERGENCE,STAGNATION_WINDOW_EXCEEDED,31,true,true,1.28529221792,false,false,false,false,0,6.33886431201,85875,2.16741426902|-2.37713844122|-0.769853460567|-0.0166823835948|-0.122864304991
501,VALID_CAMPAIGN,NEAR_JOINT_LIMIT,779348608335967497,5,REVOLUTE_ONLY,-0.593822542147,-0.199272721170,0.196425017321,UNGUARDED_REFERENCE,true,false,CONVERGED_UNCERTIFIED,NO_GUARDS_OR_FINAL_CERTIFICATION,8,true,false,5.49159476338e-11,false,true,false,true,0,NaN,7166,2.04998589561|-23.1672422444|-5.65827867727|4.62149758210|8.11225289065
502,VALID_CAMPAIGN,NEAR_SINGULARITY,-6737890433451620612,5,REVOLUTE_ONLY,1.46556000051,-0.0799999503281,0.200000021585,GUARDED_PRODUCTION,true,true,SUCCESS,NONE,67,true,true,8.12466529783e-09,false,false,false,false,0,5.50256699050,179167,0.00508071013559|-0.00756987399334|0.00767225451178|-0.0132116439527|0.00160004085140
502,VALID_CAMPAIGN,NEAR_SINGULARITY,-6737890433451620612,5,REVOLUTE_ONLY,1.46556000051,-0.0799999503281,0.200000021585,UNGUARDED_REFERENCE,true,false,CONVERGED_UNCERTIFIED,NO_GUARDS_OR_FINAL_CERTIFICATION,13,true,false,4.98947968835e-08,false,true,false,true,0,NaN,10583,-0.0464431484083|-18.7944550649|-6.26976288262|6.26006346972|6.35315511082
503,VALID_CAMPAIGN,MICRO_MOTION,-7686322123184426369,5,REVOLUTE_ONLY,1.46556000561,-0.0799994536091,0.200000237431,GUARDED_PRODUCTION,true,true,SUCCESS,NONE,1,true,true,5.41513911169e-07,false,false,false,false,0,NaN,3791,0.00508071013559|-0.00756987399334|0.00767225451178|-0.0132116439527|0.00160004085140
503,VALID_CAMPAIGN,MICRO_MOTION,-7686322123184426369,5,REVOLUTE_ONLY,1.46556000561,-0.0799994536091,0.200000237431,UNGUARDED_REFERENCE,true,false,CONVERGED_UNCERTIFIED,NO_GUARDS_OR_FINAL_CERTIFICATION,1,true,false,5.43173270259e-07,false,true,false,true,0,NaN,666,-0.0464431484083|-18.7944550649|-6.26976288262|6.26006346972|6.35315511082
504,VALID_CAMPAIGN,UNIFORM,-8284468954917168188,5,REVOLUTE_ONLY,0.389216536984,0.946624347299,-0.270239932484,GUARDED_PRODUCTION,true,true,SUCCESS,NONE,54,true,true,3.64080130678e-08,false,false,false,false,0,82.3722750756,148250,2.15052280218|-1.37408905038|-0.682493004457|-0.166946013217|0.269005883451
504,VALID_CAMPAIGN,UNIFORM,-8284468954917168188,5,REVOLUTE_ONLY,0.389216536984,0.946624347299,-0.270239932484,UNGUARDED_REFERENCE,true,false,CONVERGED_UNCERTIFIED,NO_GUARDS_OR_FINAL_CERTIFICATION,12,true,false,1.08206876020e-08,false,true,false,true,0,NaN,11000,13.7858994488|-44.1072940234|-25.4687843600|29.9332527259|69.8384758670
505,VALID_CAMPAIGN,NEAR_JOINT_LIMIT,-106059752153774116,5,REVOLUTE_ONLY,-0.0904434833520,1.37539463015e-05,-0.0766745104401,GUARDED_PRODUCTION,false,false,NO_CONVERGENCE,STAGNATION_WINDOW_EXCEEDED,34,true,true,0.674603352920,false,false,false,false,0,6.76306629946,94208,3.14159265359|-2.37713844122|-0.618831877389|-0.192234066965|0.315236534427
505,VALID_CAMPAIGN,NEAR_JOINT_LIMIT,-106059752153774116,5,REVOLUTE_ONLY,-0.0904434833520,1.37539463015e-05,-0.0766745104401,UNGUARDED_REFERENCE,true,false,CONVERGED_UNCERTIFIED,NO_GUARDS_OR_FINAL_CERTIFICATION,9,true,false,3.30898834462e-08,false,true,false,true,0,NaN,7834,15.5322541314|-47.1018094607|-26.9285445956|33.0742671403|71.9187563075
506,VALID_CAMPAIGN,NEAR_SINGULARITY,-8055581891051950906,5,REVOLUTE_ONLY,1.46556000051,-0.0799999503281,0.200000021585,GUARDED_PRODUCTION,true,true,SUCCESS,NONE,85,true,true,3.06991707718e-08,false,false,false,false,0,5.12465778189,229667,-0.0212347299237|0.0178171889038|0.0467273162106|-0.0804530138794|0.0763210033675
506,VALID_CAMPAIGN,NEAR_SINGULARITY,-8055581891051950906,5,REVOLUTE_ONLY,1.46556000051,-0.0799999503281,0.200000021585,UNGUARDED_REFERENCE,true,false,CONVERGED_UNCERTIFIED,NO_GUARDS_OR_FINAL_CERTIFICATION,12,true,false,7.54395797089e-07,false,true,false,true,0,NaN,10167,12.5188170847|-43.9277558029|-18.8196372689|37.6475781709|69.1979761020
507,VALID_CAMPAIGN,MICRO_MOTION,-8844624341341030419,5,REVOLUTE_ONLY,1.46556000561,-0.0799994536091,0.200000237431,GUARDED_PRODUCTION,true,true,SUCCESS,NONE,1,true,true,5.41873519353e-07,false,false,false,false,0,NaN,3625,-0.0212347299237|0.0178171889038|0.0467273162106|-0.0804530138794|0.0763210033675
507,VALID_CAMPAIGN,MICRO_MOTION,-8844624341341030419,5,REVOLUTE_ONLY,1.46556000561,-0.0799994536091,0.200000237431,UNGUARDED_REFERENCE,true,false,CONVERGED_UNCERTIFIED,NO_GUARDS_OR_FINAL_CERTIFICATION,1,true,false,9.22900509455e-07,false,true,false,true,0,NaN,584,12.5188170847|-43.9277558029|-18.8196372689|37.6475781709|69.1979761020
508,VALID_CAMPAIGN,UNIFORM,1990943233127479388,5,REVOLUTE_ONLY,-0.644622919245,0.244448522508,-0.319537521393,GUARDED_PRODUCTION,true,true,SUCCESS,NONE,118,true,true,1.39998785321e-07,false,false,false,false,0,103.328158291,323500,2.99406267067|-0.911725901779|-1.63753136480|-0.518036362247|1.53659752484
508,VALID_CAMPAIGN,UNIFORM,1990943233127479388,5,REVOLUTE_ONLY,-0.644622919245,0.244448522508,-0.319537521393,UNGUARDED_REFERENCE,true,false,CONVERGED_UNCERTIFIED,NO_GUARDS_OR_FINAL_CERTIFICATION,8,true,false,3.55169620894e-08,false,true,false,true,0,NaN,7750,14.4266749308|-60.8165490471|-32.0562636450|61.5409523369|143.636518606
509,VALID_CAMPAIGN,NEAR_JOINT_LIMIT,-1817224407264747029,5,REVOLUTE_ONLY,-0.197260635348,-0.102420197473,0.103375649618,GUARDED_PRODUCTION,true,true,SUCCESS,NONE,721,true,true,9.91735345497e-07,false,false,false,false,0,8.24615744461,1835458,3.14159265359|-0.611445356219|-2.67428074637|-0.749728031337|0.124208314712
509,VALID_CAMPAIGN,NEAR_JOINT_LIMIT,-1817224407264747029,5,REVOLUTE_ONLY,-0.197260635348,-0.102420197473,0.103375649618,UNGUARDED_REFERENCE,true,false,CONVERGED_UNCERTIFIED,NO_GUARDS_OR_FINAL_CERTIFICATION,7,true,false,1.36119837324e-08,false,true,false,true,0,NaN,6625,13.6473030204|-59.5009128606|-31.0130512740|60.4895967126|142.637025949
510,VALID_CAMPAIGN,NEAR_SINGULARITY,-5398600819649840955,5,REVOLUTE_ONLY,1.46556000051,-0.0799999503281,0.200000021585,GUARDED_PRODUCTION,false,false,NO_CONVERGENCE,STAGNATION_WINDOW_EXCEEDED,21,true,true,1.63782642514,false,false,false,false,0,3.82974592938,56000,3.14159265359|-0.398675968537|-2.67428074637|-0.479130901916|-0.195434917833
510,VALID_CAMPAIGN,NEAR_SINGULARITY,-5398600819649840955,5,REVOLUTE_ONLY,1.46556000051,-0.0799999503281,0.200000021585,UNGUARDED_REFERENCE,true,false,CONVERGED_UNCERTIFIED,NO_GUARDS_OR_FINAL_CERTIFICATION,24,true,false,6.50939570229e-07,false,true,false,true,0,NaN,23458,-0.141226281547|-43.7681927108|-31.3522113701|56.4390127366|144.444179864
511,VALID_CAMPAIGN,MICRO_MOTION,-4579076503777629687,5,REVOLUTE_ONLY,1.46556000561,-0.0799994536091,0.200000237431,GUARDED_PRODUCTION,false,false,NO_CONVERGENCE,STAGNATION_WINDOW_EXCEEDED,7,true,true,1.64047527160,false,false,false,false,0,17.1409852189,20125,3.14069310681|-0.434800703509|-2.67428074637|-0.425547880523|-0.265349433101
511,VALID_CAMPAIGN,MICRO_MOTION,-4579076503777629687,5,REVOLUTE_ONLY,1.46556000561,-0.0799994536091,0.200000237431,UNGUARDED_REFERENCE,true,false,CONVERGED_UNCERTIFIED,NO_GUARDS_OR_FINAL_CERTIFICATION,1,true,false,8.36786806485e-07,false,true,false,true,0,NaN,625,-0.141226281547|-43.7681927108|-31.3522113701|56.4390127366|144.444179864
512,VALID_CAMPAIGN,UNIFORM,-1941640062291396428,5,REVOLUTE_ONLY,0.337625710402,-1.24865833984,-0.263360628218,GUARDED_PRODUCTION,false,false,NO_CONVERGENCE,STAGNATION_WINDOW_EXCEEDED,65,true,true,1.22314133330,false,false,false,false,0,20.3371960184,174208,3.14159265359|-1.33208300427|-2.65011880899|-0.245156029766|-0.132955702895
512,VALID_CAMPAIGN,UNIFORM,-1941640062291396428,5,REVOLUTE_ONLY,0.337625710402,-1.24865833984,-0.263360628218,UNGUARDED_REFERENCE,true,false,CONVERGED_UNCERTIFIED,NO_GUARDS_OR_FINAL_CERTIFICATION,9,true,false,7.09928228253e-07,false,true,false,true,0,NaN,8042,-20.1902324522|-18.5930276468|-32.0711035881|56.2963581714|150.221826528
513,VALID_CAMPAIGN,NEAR_JOINT_LIMIT,5487719987240793248,5,REVOLUTE_ONLY,-0.593822567189,-0.199272646548,0.196425017321,GUARDED_PRODUCTION,false,false,NO_CONVERGENCE,STAGNATION_WINDOW_EXCEEDED,116,true,true,0.0274107858502,false,false,false,false,0,2.87643558781,312542,3.14159265359|-2.37713844122|-2.67428074637|-0.936795443120|0.264828396298
513,VALID_CAMPAIGN,NEAR_JOINT_LIMIT,5487719987240793248,5,REVOLUTE_ONLY,-0.593822567189,-0.199272646548,0.196425017321,UNGUARDED_REFERENCE,true,false,CONVERGED_UNCERTIFIED,NO_GUARDS_OR_FINAL_CERTIFICATION,7,true,false,2.35828442723e-08,false,true,false,true,0,NaN,6500,-20.4738862174|-14.5198366847|-31.5839854410|51.6582817015|134.475723106
514,VALID_CAMPAIGN,NEAR_SINGULARITY,-108710483541795103,5,REVOLUTE_ONLY,1.46556000051,-0.0799999503281,0.200000021585,GUARDED_PRODUCTION,false,false,NO_CONVERGENCE,STAGNATION_WINDOW_EXCEEDED,67,true,true,1.62563393276,false,false,false,false,0,5.46700588375,180208,3.14159265359|-0.623178004477|-2.67428074637|-0.544957976516|-0.573432847922
514,VALID_CAMPAIGN,NEAR_SINGULARITY,-108710483541795103,5,REVOLUTE_ONLY,1.46556000051,-0.0799999503281,0.200000021585,UNGUARDED_REFERENCE,true,false,CONVERGED_UNCERTIFIED,NO_GUARDS_OR_FINAL_CERTIFICATION,21,true,false,1.00217961623e-07,false,true,false,true,0,NaN,18625,-0.0608913160948|-56.4174369233|-25.0309729280|62.6557844116|125.399108837
515,VALID_CAMPAIGN,MICRO_MOTION,7987150473965748948,5,REVOLUTE_ONLY,1.46556000561,-0.0799994536091,0.200000237431,GUARDED_PRODUCTION,false,false,NO_CONVERGENCE,STAGNATION_WINDOW_EXCEEDED,7,true,true,1.63018065456,false,false,false,false,0,19.0785359674,19083,3.14159265359|-0.631343717800|-2.67428074637|-0.471052060972|-0.593253297379
515,VALID_CAMPAIGN,MICRO_MOTION,7987150473965748948,5,REVOLUTE_ONLY,1.46556000561,-0.0799994536091,0.200000237431,UNGUARDED_REFERENCE,true,false,CONVERGED_UNCERTIFIED,NO_GUARDS_OR_FINAL_CERTIFICATION,1,true,false,5.48997693571e-07,false,true,false,true,0,NaN,625,-0.0608913160948|-56.4174369233|-25.0309729280|62.6557844116|125.399108837
516,VALID_CAMPAIGN,UNIFORM,-3761188947171816064,5,REVOLUTE_ONLY,0.468020895476,0.938470295487,-0.295705075150,GUARDED_PRODUCTION,true,true,SUCCESS,NONE,93,true,true,1.07323685282e-10,false,false,false,false,0,23.3962982130,269833,0.894579871428|0.781176062568|-1.10891429463|-0.260395490822|-1.52019850537
516,VALID_CAMPAIGN,UNIFORM,-3761188947171816064,5,REVOLUTE_ONLY,0.468020895476,0.938470295487,-0.295705075150,UNGUARDED_REFERENCE,true,false,CONVERGED_UNCERTIFIED,NO_GUARDS_OR_FINAL_CERTIFICATION,11,true,false,2.34149013760e-08,false,true,false,true,0,NaN,11083,1.13056408323|-50.4261258301|-19.5015814008|49.2695427611|89.0879120332
517,VALID_CAMPAIGN,NEAR_JOINT_LIMIT,9142860798582429293,5,REVOLUTE_ONLY,-0.201186389404,-0.115495403501,-0.0766745104401,GUARDED_PRODUCTION,true,true,SUCCESS,NONE,169,true,true,8.80212612831e-07,false,false,false,false,0,12.2797271207,472375,3.07643326329|-1.15323972120|-2.67428074637|-0.256998969804|-0.622183313471
517,VALID_CAMPAIGN,NEAR_JOINT_LIMIT,9142860798582429293,5,REVOLUTE_ONLY,-0.201186389404,-0.115495403501,-0.0766745104401,UNGUARDED_REFERENCE,true,false,CONVERGED_UNCERTIFIED,NO_GUARDS_OR_FINAL_CERTIFICATION,9,true,false,4.55938784432e-07,false,true,false,true,0,NaN,8375,3.64383915147|-53.0860000008|-20.8065888953|47.9952350648|91.0574698674
518,VALID_CAMPAIGN,NEAR_SINGULARITY,-4727849598665607395,5,REVOLUTE_ONLY,1.46556000051,-0.0799999503281,0.200000021585,GUARDED_PRODUCTION,false,false,NO_CONVERGENCE,STAGNATION_WINDOW_EXCEEDED,127,true,true,0.774546631362,false,false,false,false,0,3.51044649821,352958,0.0421078273794|2.18531356317|-2.67428074637|-0.365529509316|-1.04683989903
518,VALID_CAMPAIGN,NEAR_SINGULARITY,-4727849598665607395,5,REVOLUTE_ONLY,1.46556000051,-0.0799999503281,0.200000021585,UNGUARDED_REFERENCE,true,false,CONVERGED_UNCERTIFIED,NO_GUARDS_OR_FINAL_CERTIFICATION,19,true,false,3.39491459896e-07,false,true,false,true,0,NaN,18375,6.22603178921|-62.7278090011|-24.9721294412|43.7061841506|106.682629740
519,VALID_CAMPAIGN,MICRO_MOTION,-735747313729897592,5,REVOLUTE_ONLY,1.46556000561,-0.0799994536091,0.200000237431,GUARDED_PRODUCTION,false,false,NO_CONVERGENCE,STAGNATION_WINDOW_EXCEEDED,7,true,true,0.778659827687,false,false,false,false,0,45.8755827987,20625,0.0360024383916|2.24848313925|-2.67428074637|-0.326687001975|-0.952756761921
519,VALID_CAMPAIGN,MICRO_MOTION,-735747313729897592,5,REVOLUTE_ONLY,1.46556000561,-0.0799994536091,0.200000237431,UNGUARDED_REFERENCE,true,false,CONVERGED_UNCERTIFIED,NO_GUARDS_OR_FINAL_CERTIFICATION,1,true,false,6.33926060597e-07,false,true,false,true,0,NaN,750,6.22603178921|-62.7278090011|-24.9721294412|43.7061841506|106.682629740
520,VALID_CAMPAIGN,UNIFORM,2484161832217584396,5,REVOLUTE_ONLY,-0.503680477554,-0.842296411278,-0.373900564956,GUARDED_PRODUCTION,true,true,SUCCESS,NONE,76,true,true,7.80984864029e-07,false,false,false,false,0,56.0901362386,224166,-2.39579918428|0.940404774859|-1.33160429313|-0.0581959949178|-1.17843663374
520,VALID_CAMPAIGN,UNIFORM,2484161832217584396,5,REVOLUTE_ONLY,-0.503680477554,-0.842296411278,-0.373900564956,UNGUARDED_REFERENCE,true,false,CONVERGED_UNCERTIFIED,NO_GUARDS_OR_FINAL_CERTIFICATION,8,true,false,9.22437361475e-09,false,true,false,true,0,NaN,6875,4.69416683864|-57.2011444317|11.9363645712|-19.8057347808|93.8750528272
521,VALID_CAMPAIGN,NEAR_JOINT_LIMIT,-6280926455962048020,5,REVOLUTE_ONLY,-0.308003543043,-0.0130614020107,0.103375649618,GUARDED_PRODUCTION,true,true,SUCCESS,NONE,169,true,true,9.31545711373e-07,false,false,false,false,0,13.0332787081,482250,-2.39632293047|-0.105843873104|-2.67428074637|-0.816344710679|-0.972852073371
521,VALID_CAMPAIGN,NEAR_JOINT_LIMIT,-6280926455962048020,5,REVOLUTE_ONLY,-0.308003543043,-0.0130614020107,0.103375649618,UNGUARDED_REFERENCE,true,false,CONVERGED_UNCERTIFIED,NO_GUARDS_OR_FINAL_CERTIFICATION,9,true,false,2.24794918686e-08,false,true,false,true,0,NaN,8667,7.33933861233|-59.7808454945|13.6401035358|-21.1853711461|93.4167005805
522,VALID_CAMPAIGN,NEAR_SINGULARITY,4656424570110379907,5,REVOLUTE_ONLY,1.46556000051,-0.0799999503281,0.200000021585,GUARDED_PRODUCTION,false,false,NO_CONVERGENCE,STAGNATION_WINDOW_EXCEEDED,81,true,true,0.876003149866,false,false,false,false,0,2.09953014511,226833,-0.389150517366|-2.37713844122|-2.67428074637|-0.430640758431|-0.110064697338
522,VALID_CAMPAIGN,NEAR_SINGULARITY,4656424570110379907,5,REVOLUTE_ONLY,1.46556000051,-0.0799999503281,0.200000021585,UNGUARDED_REFERENCE,true,false,CONVERGED_UNCERTIFIED,NO_GUARDS_OR_FINAL_CERTIFICATION,40,true,false,1.36835363885e-07,false,true,false,true,0,NaN,37625,-0.0563456223161|-18.7471654672|19.0105032697|-37.9757794557|100.402419766
523,VALID_CAMPAIGN,MICRO_MOTION,-437631716098216580,5,REVOLUTE_ONLY,1.46556000561,-0.0799994536091,0.200000237431,GUARDED_PRODUCTION,false,false,NO_CONVERGENCE,STAGNATION_WINDOW_EXCEEDED,7,true,true,0.880460249603,false,false,false,false,0,4.83483032180,20208,-0.329480560913|-2.37713844122|-2.67428074637|-0.409168855791|-0.0535193146005
523,VALID_CAMPAIGN,MICRO_MOTION,-437631716098216580,5,REVOLUTE_ONLY,1.46556000561,-0.0799994536091,0.200000237431,UNGUARDED_REFERENCE,true,false,CONVERGED_UNCERTIFIED,NO_GUARDS_OR_FINAL_CERTIFICATION,1,true,false,5.56055588141e-07,false,true,false,true,0,NaN,625,-0.0563456223161|-18.7471654672|19.0105032697|-37.9757794557|100.402419766
524,VALID_CAMPAIGN,UNIFORM,1243133652370783276,5,REVOLUTE_ONLY,0.415846252720,0.399756835277,0.643770623664,GUARDED_PRODUCTION,false,false,NO_CONVERGENCE,STAGNATION_WINDOW_EXCEEDED,133,true,true,0.394956053978,false,false,false,false,0,5.07403789994,370000,0.585107768525|-2.37713844122|-2.67428074637|-1.18475176428|0.194340117817
524,VALID_CAMPAIGN,UNIFORM,1243133652370783276,5,REVOLUTE_ONLY,0.415846252720,0.399756835277,0.643770623664,UNGUARDED_REFERENCE,true,false,CONVERGED_UNCERTIFIED,NO_GUARDS_OR_FINAL_CERTIFICATION,9,true,false,4.90008418497e-10,false,true,false,true,0,NaN,8667,-0.625123934002|-16.6773160472|38.0983403316|-74.4549261528|94.4945357585
525,VALID_CAMPAIGN,NEAR_JOINT_LIMIT,816395155327771434,5,REVOLUTE_ONLY,-0.320392521248,0.239802412211,-0.0766745104401,GUARDED_PRODUCTION,true,true,SUCCESS,NONE,47,true,true,3.61481822188e-07,false,false,false,false,0,4.86148998538,136041,2.05819926902|-1.67283784521|-2.09959210158|-1.15112209027|-0.124321295728
525,VALID_CAMPAIGN,NEAR_JOINT_LIMIT,816395155327771434,5,REVOLUTE_ONLY,-0.320392521248,0.239802412211,-0.0766745104401,UNGUARDED_REFERENCE,true,false,CONVERGED_UNCERTIFIED,NO_GUARDS_OR_FINAL_CERTIFICATION,6,true,false,2.56599024698e-10,false,true,false,true,0,NaN,5667,-2.76607383592|-14.9302282807|35.1837039069|-73.2968940426|95.4282405003
526,VALID_CAMPAIGN,NEAR_SINGULARITY,-3393037396520822679,5,REVOLUTE_ONLY,1.46556000051,-0.0799999503281,0.200000021585,GUARDED_PRODUCTION,true,true,SUCCESS,NONE,158,true,true,1.42900239590e-07,false,false,false,false,0,3.23436265558,436417,-0.0593893266654|0.120566951698|0.139541727707|-0.240640202588|-0.212316292338
526,VALID_CAMPAIGN,NEAR_SINGULARITY,-3393037396520822679,5,REVOLUTE_ONLY,1.46556000051,-0.0799999503281,0.200000021585,UNGUARDED_REFERENCE,true,false,CONVERGED_UNCERTIFIED,NO_GUARDS_OR_FINAL_CERTIFICATION,15,true,false,1.17637191891e-07,false,true,false,true,0,NaN,14458,-6.33783427168|-18.7536596324|43.9415673217|-69.0447797198|106.710047909
527,VALID_CAMPAIGN,MICRO_MOTION,-7825264903223169185,5,REVOLUTE_ONLY,1.46556000561,-0.0799994536091,0.200000237431,GUARDED_PRODUCTION,true,true,SUCCESS,NONE,1,true,true,5.57441348266e-07,false,false,false,false,0,NaN,4208,-0.0593893266654|0.120566951698|0.139541727707|-0.240640202588|-0.212316292338
527,VALID_CAMPAIGN,MICRO_MOTION,-7825264903223169185,5,REVOLUTE_ONLY,1.46556000561,-0.0799994536091,0.200000237431,UNGUARDED_REFERENCE,true,false,CONVERGED_UNCERTIFIED,NO_GUARDS_OR_FINAL_CERTIFICATION,1,true,false,5.52845677495e-07,false,true,false,true,0,NaN,625,-6.33783427168|-18.7536596324|43.9415673217|-69.0447797198|106.710047909
528,VALID_CAMPAIGN,UNIFORM,6012738003348631688,5,REVOLUTE_ONLY,0.722507396620,-0.232764735239,0.643652239311,GUARDED_PRODUCTION,true,true,SUCCESS,NONE,54,true,true,1.79492293975e-10,false,false,false,false,0,113.463893278,153750,0.759954181312|-1.33521442228|1.21475981721|-0.437294267304|-1.16229907063
528,VALID_CAMPAIGN,UNIFORM,6012738003348631688,5,REVOLUTE_ONLY,0.722507396620,-0.232764735239,0.643652239311,UNGUARDED_REFERENCE,true,false,CONVERGED_UNCERTIFIED,NO_GUARDS_OR_FINAL_CERTIFICATION,7,true,false,1.26707547252e-07,false,true,false,true,0,NaN,7208,-5.80179543607|-20.1185530801|31.8114881153|-49.0014507396|100.542213161
529,VALID_CAMPAIGN,NEAR_JOINT_LIMIT,8399161037533492171,5,REVOLUTE_ONLY,-0.427209673245,0.137368449426,0.103375649618,GUARDED_PRODUCTION,false,false,NO_CONVERGENCE,STAGNATION_WINDOW_EXCEEDED,115,true,true,0.464939667815,false,false,false,false,0,6.07365705228,421583,2.13812923277|-2.36047067000|2.67428074637|-1.64223699848|-1.78285383091
529,VALID_CAMPAIGN,NEAR_JOINT_LIMIT,8399161037533492171,5,REVOLUTE_ONLY,-0.427209673245,0.137368449426,0.103375649618,UNGUARDED_REFERENCE,true,false,CONVERGED_UNCERTIFIED,NO_GUARDS_OR_FINAL_CERTIFICATION,7,true,false,6.11589252259e-09,false,true,false,true,0,NaN,7500,-3.59643314725|-22.0327349787|29.7004152675|-46.1127406056|100.624416751
530,VALID_CAMPAIGN,NEAR_SINGULARITY,-3297867648510859534,5,REVOLUTE_ONLY,1.46556000051,-0.0799999503281,0.200000021585,GUARDED_PRODUCTION,true,true,SUCCESS,NONE,121,true,true,9.01516584280e-09,false,false,false,false,0,4.32851489859,389583,-0.0593709406399|0.120819767155|0.138767210400|-0.239325406523|-0.214023083217
530,VALID_CAMPAIGN,NEAR_SINGULARITY,-3297867648510859534,5,REVOLUTE_ONLY,1.46556000051,-0.0799999503281,0.200000021585,UNGUARDED_REFERENCE,true,false,CONVERGED_UNCERTIFIED,NO_GUARDS_OR_FINAL_CERTIFICATION,24,true,false,2.40279615511e-07,false,true,false,true,0,NaN,23458,-18.8976870294|12.6233635995|37.7156144119|-62.8602806328|106.887327297
531,VALID_CAMPAIGN,MICRO_MOTION,8990707642530225474,5,REVOLUTE_ONLY,1.46556000561,-0.0799994536091,0.200000237431,GUARDED_PRODUCTION,true,true,SUCCESS,NONE,1,true,true,5.41515562950e-07,false,false,false,false,0,NaN,7417,-0.0593709406399|0.120819767155|0.138767210400|-0.239325406523|-0.214023083217
531,VALID_CAMPAIGN,MICRO_MOTION,8990707642530225474,5,REVOLUTE_ONLY,1.46556000561,-0.0799994536091,0.200000237431,UNGUARDED_REFERENCE,true,false,CONVERGED_UNCERTIFIED,NO_GUARDS_OR_FINAL_CERTIFICATION,1,true,false,5.89403472439e-07,false,true,false,true,0,NaN,709,-18.8976870294|12.6233635995|37.7156144119|-62.8602806328|106.887327297
532,VALID_CAMPAIGN,UNIFORM,-8134151280784677633,5,REVOLUTE_ONLY,-0.170281922584,-0.406296318919,0.416735237675,GUARDED_PRODUCTION,true,true,SUCCESS,NONE,177,true,true,9.42829559684e-07,false,false,false,false,0,113.478708462,478250,0.273579664204|-2.37713844122|0.656411641058|-0.399752968623|-1.67256795282
532,VALID_CAMPAIGN,UNIFORM,-8134151280784677633,5,REVOLUTE_ONLY,-0.170281922584,-0.406296318919,0.416735237675,UNGUARDED_REFERENCE,true,false,CONVERGED_UNCERTIFIED,NO_GUARDS_OR_FINAL_CERTIFICATION,8,true,false,2.05145990965e-09,false,true,false,true,0,NaN,7791,-19.7666491374|4.77013094851|25.9225194389|-42.1490670200|161.674203565
533,VALID_CAMPAIGN,NEAR_JOINT_LIMIT,-4080048978269449795,5,REVOLUTE_ONLY,-0.201186389404,-0.115495403501,-0.0766745104401,GUARDED_PRODUCTION,false,false,NO_CONVERGENCE,STAGNATION_WINDOW_EXCEEDED,20,true,true,0.546894899320,false,false,false,false,0,4.57366332405,54583,0.853853190719|-2.37713844122|0.224160162359|-0.530923421362|-1.78285383091
533,VALID_CAMPAIGN,NEAR_JOINT_LIMIT,-4080048978269449795,5,REVOLUTE_ONLY,-0.201186389404,-0.115495403501,-0.0766745104401,UNGUARDED_REFERENCE,true,false,CONVERGED_UNCERTIFIED,NO_GUARDS_OR_FINAL_CERTIFICATION,9,true,false,1.04616511809e-09,false,true,false,true,0,NaN,8875,-18.3026396427|3.46647662947|24.7066119655|-38.9424655115|161.211314674
534,VALID_CAMPAIGN,NEAR_SINGULARITY,6079843678863580586,5,REVOLUTE_ONLY,1.46556000051,-0.0799999503281,0.200000021585,GUARDED_PRODUCTION,true,true,SUCCESS,NONE,88,true,true,2.43460896837e-08,false,false,false,false,0,4.26465073739,239541,-0.0611469587703|0.132692406672|0.0919305025418|-0.159137893153|-0.271370556646
534,VALID_CAMPAIGN,NEAR_SINGULARITY,6079843678863580586,5,REVOLUTE_ONLY,1.46556000051,-0.0799999503281,0.200000021585,UNGUARDED_REFERENCE,true,false,CONVERGED_UNCERTIFIED,NO_GUARDS_OR_FINAL_CERTIFICATION,13,true,false,1.03857394446e-07,false,true,false,true,0,NaN,11541,-18.8959752315|6.33506006834|25.1775185691|-44.0594108808|144.602444723
535,VALID_CAMPAIGN,MICRO_MOTION,-723639912408338851,5,REVOLUTE_ONLY,1.46556000561,-0.0799994536091,0.200000237431,GUARDED_PRODUCTION,true,true,SUCCESS,NONE,1,true,true,5.41487436822e-07,false,false,false,false,0,NaN,3750,-0.0611469587703|0.132692406672|0.0919305025418|-0.159137893153|-0.271370556646
535,VALID_CAMPAIGN,MICRO_MOTION,-723639912408338851,5,REVOLUTE_ONLY,1.46556000561,-0.0799994536091,0.200000237431,UNGUARDED_REFERENCE,true,false,CONVERGED_UNCERTIFIED,NO_GUARDS_OR_FINAL_CERTIFICATION,1,true,false,5.49877149788e-07,false,true,false,true,0,NaN,583,-18.8959752315|6.33506006834|25.1775185691|-44.0594108808|144.602444723
536,VALID_CAMPAIGN,UNIFORM,8349648777983433541,5,REVOLUTE_ONLY,0.209046313644,0.0207703572245,-0.401783127557,GUARDED_PRODUCTION,true,true,SUCCESS,NONE,103,true,true,4.81237681716e-09,false,false,false,false,0,113.411457199,308042,0.330627057766|-1.95878464916|-1.90912506285|-0.200156945320|-0.829875382293
536,VALID_CAMPAIGN,UNIFORM,8349648777983433541,5,REVOLUTE_ONLY,0.209046313644,0.0207703572245,-0.401783127557,UNGUARDED_REFERENCE,true,false,CONVERGED_UNCERTIFIED,NO_GUARDS_OR_FINAL_CERTIFICATION,9,true,false,1.35037475104e-09,false,true,false,true,0,NaN,9125,-13.4829519180|-3.82752600839|23.6340988078|-31.6576073138|195.916526974
537,VALID_CAMPAIGN,NEAR_JOINT_LIMIT,-2565374495771735746,5,REVOLUTE_ONLY,-0.197260635348,-0.102420197473,0.103375649618,GUARDED_PRODUCTION,false,false,NO_CONVERGENCE,STAGNATION_WINDOW_EXCEEDED,105,true,true,0.390830422195,false,false,false,false,0,5.72692947689,278250,0.364709113490|-2.37713844122|-1.04105820646|0.00890254127741|-1.78285383091
537,VALID_CAMPAIGN,NEAR_JOINT_LIMIT,-2565374495771735746,5,REVOLUTE_ONLY,-0.197260635348,-0.102420197473,0.103375649618,UNGUARDED_REFERENCE,true,false,CONVERGED_UNCERTIFIED,NO_GUARDS_OR_FINAL_CERTIFICATION,10,true,false,3.61454319638e-10,false,true,false,true,0,NaN,9375,-14.7200521016|-1.59485697200|22.9936949590|-33.6805780220|199.403888397
538,VALID_CAMPAIGN,NEAR_SINGULARITY,-2224674581100333682,5,REVOLUTE_ONLY,1.46556000051,-0.0799999503281,0.200000021585,GUARDED_PRODUCTION,true,true,SUCCESS,NONE,97,true,true,2.74452709382e-08,false,false,false,false,0,4.52956214348,264833,-0.0614009555320|0.133955375945|0.0425759285922|-0.0737986078076|-0.276938228561
538,VALID_CAMPAIGN,NEAR_SINGULARITY,-2224674581100333682,5,REVOLUTE_ONLY,1.46556000051,-0.0799999503281,0.200000021585,UNGUARDED_REFERENCE,true,false,CONVERGED_UNCERTIFIED,NO_GUARDS_OR_FINAL_CERTIFICATION,15,true,false,1.51757314983e-07,false,true,false,true,0,NaN,13083,-18.8994472890|-18.7802960953|25.2758598138|-19.0953197870|194.793452931
539,VALID_CAMPAIGN,MICRO_MOTION,-9005369388951545786,5,REVOLUTE_ONLY,1.46556000561,-0.0799994536091,0.200000237431,GUARDED_PRODUCTION,true,true,SUCCESS,NONE,1,true,true,5.41648379022e-07,false,false,false,false,0,NaN,3708,-0.0614009555320|0.133955375945|0.0425759285922|-0.0737986078076|-0.276938228561
539,VALID_CAMPAIGN,MICRO_MOTION,-9005369388951545786,5,REVOLUTE_ONLY,1.46556000561,-0.0799994536091,0.200000237431,UNGUARDED_REFERENCE,true,false,CONVERGED_UNCERTIFIED,NO_GUARDS_OR_FINAL_CERTIFICATION,1,true,false,5.59624801877e-07,false,true,false,true,0,NaN,584,-18.8994472890|-18.7802960953|25.2758598138|-19.0953197870|194.793452931
540,VALID_CAMPAIGN,UNIFORM,648030632119525151,5,REVOLUTE_ONLY,-0.590083217947,-0.336557648557,0.105284492409,GUARDED_PRODUCTION,true,true,SUCCESS,NONE,111,true,true,4.56671387028e-11,false,false,false,false,0,112.751770097,299208,-0.661589241573|-2.16098910916|-0.200454733579|0.0592816970069|-1.16434482144
540,VALID_CAMPAIGN,UNIFORM,648030632119525151,5,REVOLUTE_ONLY,-0.590083217947,-0.336557648557,0.105284492409,UNGUARDED_REFERENCE,true,false,CONVERGED_UNCERTIFIED,NO_GUARDS_OR_FINAL_CERTIFICATION,8,true,false,8.55553670259e-09,false,true,false,true,0,NaN,7334,-16.4419757512|-29.4356550909|57.7331537991|-77.6432542189|232.698595841
541,VALID_CAMPAIGN,NEAR_JOINT_LIMIT,-7441178967151518643,5,REVOLUTE_ONLY,-0.427209690507,0.137368395742,0.103375649618,GUARDED_PRODUCTION,false,false,NO_CONVERGENCE,STAGNATION_WINDOW_EXCEEDED,13,true,true,0.387838271400,false,false,false,false,6,4.06431275813,37500,-0.449872196603|-2.37713844122|-0.218620119125|0.0791404818805|-1.29402737193
541,VALID_CAMPAIGN,NEAR_JOINT_LIMIT,-7441178967151518643,5,REVOLUTE_ONLY,-0.427209690507,0.137368395742,0.103375649618,UNGUARDED_REFERENCE,true,false,CONVERGED_UNCERTIFIED,NO_GUARDS_OR_FINAL_CERTIFICATION,6,true,false,4.35208698536e-09,false,true,false,true,0,NaN,4834,-17.4807807057|-29.0728295953|57.9310205604|-77.9468523264|232.796518164
542,VALID_CAMPAIGN,NEAR_SINGULARITY,-6947837183972126596,5,REVOLUTE_ONLY,1.46556000051,-0.0799999503281,0.200000021585,GUARDED_PRODUCTION,true,true,SUCCESS,NONE,107,true,true,5.83054804782e-07,false,false,false,false,0,4.69136727253,287167,-0.0609044345214|0.133299115773|0.0433125434571|-0.0750757767940|-0.277289680296
542,VALID_CAMPAIGN,NEAR_SINGULARITY,-6947837183972126596,5,REVOLUTE_ONLY,1.46556000051,-0.0799999503281,0.200000021585,UNGUARDED_REFERENCE,true,false,CONVERGED_UNCERTIFIED,NO_GUARDS_OR_FINAL_CERTIFICATION,31,true,false,8.73438323268e-08,false,true,false,true,0,NaN,29625,-12.6290705552|-37.5641565446|56.6397386137|-81.8390634381|225.923096932
543,VALID_CAMPAIGN,MICRO_MOTION,937224078940444587,5,REVOLUTE_ONLY,1.46556000561,-0.0799994536091,0.200000237431,GUARDED_PRODUCTION,true,true,SUCCESS,NONE,1,true,true,7.65387457138e-07,false,false,false,false,0,NaN,4125,-0.0609044345214|0.133299115773|0.0433125434571|-0.0750757767940|-0.277289680296
543,VALID_CAMPAIGN,MICRO_MOTION,937224078940444587,5,REVOLUTE_ONLY,1.46556000561,-0.0799994536091,0.200000237431,UNGUARDED_REFERENCE,true,false,CONVERGED_UNCERTIFIED,NO_GUARDS_OR_FINAL_CERTIFICATION,1,true,false,5.47078010934e-07,false,true,false,true,0,NaN,625,-12.6290705552|-37.5641565446|56.6397386137|-81.8390634381|225.923096932
544,VALID_CAMPAIGN,UNIFORM,1649761090576438202,5,REVOLUTE_ONLY,-0.791112502155,0.938009932573,0.253200244961,GUARDED_PRODUCTION,true,true,SUCCESS,NONE,62,true,true,5.22877724857e-10,false,false,false,false,0,112.730703176,168875,1.36988310493|1.39134060616|0.0680171402757|0.0251540050823|-0.350721433071
544,VALID_CAMPAIGN,UNIFORM,1649761090576438202,5,REVOLUTE_ONLY,-0.791112502155,0.938009932573,0.253200244961,UNGUARDED_REFERENCE,true,false,CONVERGED_UNCERTIFIED,NO_GUARDS_OR_FINAL_CERTIFICATION,12,true,false,6.65459534209e-09,false,true,false,true,0,NaN,12334,-16.4705678174|-19.1174424513|69.2962700942|-106.972350790|146.463314147
545,VALID_CAMPAIGN,NEAR_JOINT_LIMIT,-3107081793869038227,5,REVOLUTE_ONLY,-0.365313092157,0.196725134801,0.446938717189,GUARDED_PRODUCTION,false,false,NO_CONVERGENCE,STAGNATION_WINDOW_EXCEEDED,32,true,true,0.450214409609,false,false,false,false,2,6.36616553303,91417,0.416843206503|2.37713844122|0.229294382411|0.129022074605|-0.314217447046
545,VALID_CAMPAIGN,NEAR_JOINT_LIMIT,-3107081793869038227,5,REVOLUTE_ONLY,-0.365313092157,0.196725134801,0.446938717189,UNGUARDED_REFERENCE,true,false,CONVERGED_UNCERTIFIED,NO_GUARDS_OR_FINAL_CERTIFICATION,11,true,false,2.74932101891e-08,false,true,false,true,0,NaN,9667,-15.1311048068|-20.7236619176|69.0287108732|-104.658176866|150.515611367
546,VALID_CAMPAIGN,NEAR_SINGULARITY,-8120673926032630908,5,REVOLUTE_ONLY,1.46556000051,-0.0799999503281,0.200000021585,GUARDED_PRODUCTION,true,true,SUCCESS,NONE,80,true,true,1.74803029871e-08,false,false,false,false,0,4.59696544699,211125,-0.0872906295531|0.166909372412|0.0214742547057|-0.0371887962574|-0.251016744742
546,VALID_CAMPAIGN,NEAR_SINGULARITY,-8120673926032630908,5,REVOLUTE_ONLY,1.46556000051,-0.0799999503281,0.200000021585,UNGUARDED_REFERENCE,true,false,CONVERGED_UNCERTIFIED,NO_GUARDS_OR_FINAL_CERTIFICATION,17,true,false,1.63248136892e-07,false,true,false,true,0,NaN,15708,-18.9056733492|-18.7476777933|75.3590417778|-113.029714173|150.669015410
547,VALID_CAMPAIGN,MICRO_MOTION,729181539158056345,5,REVOLUTE_ONLY,1.46556000561,-0.0799994536091,0.200000237431,GUARDED_PRODUCTION,true,true,SUCCESS,NONE,1,true,true,5.41671153717e-07,false,false,false,false,0,NaN,3708,-0.0872906295531|0.166909372412|0.0214742547057|-0.0371887962574|-0.251016744742
547,VALID_CAMPAIGN,MICRO_MOTION,729181539158056345,5,REVOLUTE_ONLY,1.46556000561,-0.0799994536091,0.200000237431,UNGUARDED_REFERENCE,true,false,CONVERGED_UNCERTIFIED,NO_GUARDS_OR_FINAL_CERTIFICATION,1,true,false,5.63829699367e-07,false,true,false,true,0,NaN,584,-18.9056733492|-18.7476777933|75.3590417778|-113.029714173|150.669015410
548,VALID_CAMPAIGN,UNIFORM,-1985965160204036989,5,REVOLUTE_ONLY,-0.333032157827,-0.924730495191,-0.275691278002,GUARDED_PRODUCTION,true,true,SUCCESS,NONE,49,true,true,5.10218388322e-07,false,false,false,false,0,103.090803246,132708,-0.969363280511|-1.15731817041|-0.714279111719|-0.282748072049|-0.812509376830
548,VALID_CAMPAIGN,UNIFORM,-1985965160204036989,5,REVOLUTE_ONLY,-0.333032157827,-0.924730495191,-0.275691278002,UNGUARDED_REFERENCE,true,false,CONVERGED_UNCERTIFIED,NO_GUARDS_OR_FINAL_CERTIFICATION,20,true,false,1.81228730776e-07,false,true,false,true,0,NaN,20041,-20.8628527532|-24.4859600004|42.6797579786|-50.4884268803|142.698981436
549,VALID_CAMPAIGN,NEAR_JOINT_LIMIT,-1274236418518716941,5,REVOLUTE_ONLY,-0.197260622477,-0.102420222262,0.103375649618,GUARDED_PRODUCTION,false,false,NO_CONVERGENCE,STAGNATION_WINDOW_EXCEEDED,42,true,true,0.407961583616,false,false,false,false,0,6.57907562625,116958,0.341761671269|-2.37713844122|-0.356126336337|-0.290029863292|-1.44471325551
549,VALID_CAMPAIGN,NEAR_JOINT_LIMIT,-1274236418518716941,5,REVOLUTE_ONLY,-0.197260622477,-0.102420222262,0.103375649618,UNGUARDED_REFERENCE,true,false,CONVERGED_UNCERTIFIED,NO_GUARDS_OR_FINAL_CERTIFICATION,7,true,false,9.87396091034e-10,false,true,false,true,0,NaN,6209,-21.3504778567|-24.7292344670|41.0958371441|-50.6885105263|139.158780452
550,VALID_CAMPAIGN,NEAR_SINGULARITY,-5667266566494555399,5,REVOLUTE_ONLY,1.46556000051,-0.0799999503281,0.200000021585,GUARDED_PRODUCTION,true,true,SUCCESS,NONE,92,true,true,1.24396066366e-07,false,false,false,false,0,4.68413919299,253458,-0.0605444635623|0.133097858953|0.0717171188201|-0.124252254818|-0.279249082326
550,VALID_CAMPAIGN,NEAR_SINGULARITY,-5667266566494555399,5,REVOLUTE_ONLY,1.46556000051,-0.0799999503281,0.200000021585,UNGUARDED_REFERENCE,true,false,CONVERGED_UNCERTIFIED,NO_GUARDS_OR_FINAL_CERTIFICATION,11,true,false,5.80599868090e-08,false,true,false,true,0,NaN,9875,-25.1873320335|-37.6002993373|37.8606635925|-44.2599582826|131.824721432
551,VALID_CAMPAIGN,MICRO_MOTION,-8700766902013112689,5,REVOLUTE_ONLY,1.46556000561,-0.0799994536091,0.200000237431,GUARDED_PRODUCTION,true,true,SUCCESS,NONE,1,true,true,5.48915576554e-07,false,false,false,false,0,NaN,3667,-0.0605444635623|0.133097858953|0.0717171188201|-0.124252254818|-0.279249082326
551,VALID_CAMPAIGN,MICRO_MOTION,-8700766902013112689,5,REVOLUTE_ONLY,1.46556000561,-0.0799994536091,0.200000237431,UNGUARDED_REFERENCE,true,false,CONVERGED_UNCERTIFIED,NO_GUARDS_OR_FINAL_CERTIFICATION,1,true,false,5.43565359223e-07,false,true,false,true,0,NaN,584,-25.1873320335|-37.6002993373|37.8606635925|-44.2599582826|131.824721432
552,VALID_CAMPAIGN,UNIFORM,7874652921847107604,5,REVOLUTE_ONLY,0.258488013939,-0.0769612395282,0.533649054571,GUARDED_PRODUCTION,true,true,SUCCESS,NONE,69,true,true,2.13894708648e-10,false,false,false,false,0,113.108564472,196709,0.153587141273|-0.971952505134|2.00715407051|0.557538962373|-1.11157878931
552,VALID_CAMPAIGN,UNIFORM,7874652921847107604,5,REVOLUTE_ONLY,0.258488013939,-0.0769612395282,0.533649054571,UNGUARDED_REFERENCE,true,false,CONVERGED_UNCERTIFIED,NO_GUARDS_OR_FINAL_CERTIFICATION,9,true,false,9.82719942243e-07,false,true,false,true,0,NaN,9375,-23.8114485908|-40.4716373736|58.0934611083|-82.8842623277|127.433847651
553,VALID_CAMPAIGN,NEAR_JOINT_LIMIT,7902801705412762722,5,REVOLUTE_ONLY,-0.427209673245,0.137368449426,0.103375649618,GUARDED_PRODUCTION,false,false,NO_CONVERGENCE,STAGNATION_WINDOW_EXCEEDED,26,true,true,0.623902763910,false,false,false,false,0,4.04042278947,74000,0.177005442010|-0.868843043641|2.67428074637|0.218138246021|-0.948970613636
553,VALID_CAMPAIGN,NEAR_JOINT_LIMIT,7902801705412762722,5,REVOLUTE_ONLY,-0.427209673245,0.137368449426,0.103375649618,UNGUARDED_REFERENCE,true,false,CONVERGED_UNCERTIFIED,NO_GUARDS_OR_FINAL_CERTIFICATION,14,true,false,2.24849947006e-07,false,true,false,true,0,NaN,13417,-21.9434567463|-39.7933529649|55.0379228858|-84.2037822359|126.595236671
554,VALID_CAMPAIGN,NEAR_SINGULARITY,-4503820263333820691,5,REVOLUTE_ONLY,1.46556000051,-0.0799999503281,0.200000021585,GUARDED_PRODUCTION,false,false,NO_CONVERGENCE,STAGNATION_WINDOW_EXCEEDED,89,true,true,0.742420708532,false,false,false,false,0,22.9423300135,258667,-0.00331535149304|2.20480947972|2.67428074637|0.187997041163|-1.03958572518
554,VALID_CAMPAIGN,NEAR_SINGULARITY,-4503820263333820691,5,REVOLUTE_ONLY,1.46556000051,-0.0799999503281,0.200000021585,UNGUARDED_REFERENCE,true,false,CONVERGED_UNCERTIFIED,NO_GUARDS_OR_FINAL_CERTIFICATION,18,true,false,1.19795631550e-07,false,true,false,true,0,NaN,17875,-12.6142956381|-56.4926738019|56.5703306208|-88.0019099457|150.873853826
555,VALID_CAMPAIGN,MICRO_MOTION,-45089908880188586,5,REVOLUTE_ONLY,1.46556000561,-0.0799994536091,0.200000237431,GUARDED_PRODUCTION,false,false,NO_CONVERGENCE,STAGNATION_WINDOW_EXCEEDED,7,true,true,0.751121607799,false,false,false,false,0,36.9290091832,20292,0.00462795775525|2.27121018741|2.67428074637|0.0987228153863|-0.930313983938
555,VALID_CAMPAIGN,MICRO_MOTION,-45089908880188586,5,REVOLUTE_ONLY,1.46556000561,-0.0799994536091,0.200000237431,UNGUARDED_REFERENCE,true,false,CONVERGED_UNCERTIFIED,NO_GUARDS_OR_FINAL_CERTIFICATION,1,true,false,5.52983702210e-07,false,true,false,true,0,NaN,625,-12.6142956381|-56.4926738019|56.5703306208|-88.0019099457|150.873853826
556,VALID_CAMPAIGN,UNIFORM,-8435678678743812418,5,REVOLUTE_ONLY,-0.284228491553,-0.255884294841,0.631053001948,GUARDED_PRODUCTION,false,false,NO_CONVERGENCE,STAGNATION_WINDOW_EXCEEDED,114,true,true,0.193577412519,false,false,false,false,0,50.5413464728,323291,-2.87946380100|2.37713844122|1.69100276909|0.599625660083|-0.881268538249
556,VALID_CAMPAIGN,UNIFORM,-8435678678743812418,5,REVOLUTE_ONLY,-0.284228491553,-0.255884294841,0.631053001948,UNGUARDED_REFERENCE,true,false,CONVERGED_UNCERTIFIED,NO_GUARDS_OR_FINAL_CERTIFICATION,9,true,false,7.11788427983e-07,false,true,false,true,0,NaN,9042,-11.3363796964|-66.1822042033|44.7020054958|-69.0528307122|207.729485970
557,VALID_CAMPAIGN,NEAR_JOINT_LIMIT,-8556613122726502574,5,REVOLUTE_ONLY,-0.593822567189,-0.199272646548,0.196425017321,GUARDED_PRODUCTION,true,true,SUCCESS,NONE,54,true,true,8.91587471747e-07,false,false,false,false,0,6.76997465885,150875,-3.03438395200|2.37713844122|2.09191527754|1.60718977264|-0.887993774144
557,VALID_CAMPAIGN,NEAR_JOINT_LIMIT,-8556613122726502574,5,REVOLUTE_ONLY,-0.593822567189,-0.199272646548,0.196425017321,UNGUARDED_REFERENCE,true,false,CONVERGED_UNCERTIFIED,NO_GUARDS_OR_FINAL_CERTIFICATION,7,true,false,9.14487571276e-10,false,true,false,true,0,NaN,6209,-13.4581560068|-65.3456083954|43.8788173419|-68.9115149135|208.682034402
558,VALID_CAMPAIGN,NEAR_SINGULARITY,8904695706543466874,5,REVOLUTE_ONLY,1.46556000051,-0.0799999503281,0.200000021585,GUARDED_PRODUCTION,true,true,SUCCESS,NONE,220,true,true,1.37254418619e-08,false,false,false,false,0,6.85243982587,594500,-0.0606581281036|0.126250347150|-0.00449335945233|0.00777965308074|-0.235970923994
558,VALID_CAMPAIGN,NEAR_SINGULARITY,8904695706543466874,5,REVOLUTE_ONLY,1.46556000051,-0.0799999503281,0.200000021585,UNGUARDED_REFERENCE,true,false,CONVERGED_UNCERTIFIED,NO_GUARDS_OR_FINAL_CERTIFICATION,31,true,false,2.48293514627e-07,false,true,false,true,0,NaN,31000,-12.6188773563|-56.4654571363|43.9447789110|-50.2008191975|188.449161398
559,VALID_CAMPAIGN,MICRO_MOTION,-1292141479609599450,5,REVOLUTE_ONLY,1.46556000561,-0.0799994536091,0.200000237431,GUARDED_PRODUCTION,true,true,SUCCESS,NONE,1,true,true,5.41623572670e-07,false,false,false,false,0,NaN,4792,-0.0606581281036|0.126250347150|-0.00449335945233|0.00777965308074|-0.235970923994
559,VALID_CAMPAIGN,MICRO_MOTION,-1292141479609599450,5,REVOLUTE_ONLY,1.46556000561,-0.0799994536091,0.200000237431,UNGUARDED_REFERENCE,true,false,CONVERGED_UNCERTIFIED,NO_GUARDS_OR_FINAL_CERTIFICATION,1,true,false,5.93042939272e-07,false,true,false,true,0,NaN,625,-12.6188773563|-56.4654571363|43.9447789110|-50.2008191975|188.449161398
560,VALID_CAMPAIGN,UNIFORM,2403303547231391081,5,REVOLUTE_ONLY,-0.220898708690,1.28159587715,-0.101464315526,GUARDED_PRODUCTION,true,true,SUCCESS,NONE,46,true,true,7.16090391664e-10,false,false,false,false,0,112.413977075,129583,1.13176900431|1.00297342944|-0.455247718172|-0.0288993336416|-0.251634027819
560,VALID_CAMPAIGN,UNIFORM,2403303547231391081,5,REVOLUTE_ONLY,-0.220898708690,1.28159587715,-0.101464315526,UNGUARDED_REFERENCE,true,false,CONVERGED_UNCERTIFIED,NO_GUARDS_OR_FINAL_CERTIFICATION,22,true,false,2.15318833159e-09,false,true,false,true,0,NaN,22666,-10.2816155784|-63.6120491254|12.0330426203|12.6564088020|201.496169263
561,VALID_CAMPAIGN,NEAR_JOINT_LIMIT,4983041833823563089,5,REVOLUTE_ONLY,-0.201186389404,-0.115495403501,-0.0766745104401,GUARDED_PRODUCTION,false,false,NO_CONVERGENCE,STAGNATION_WINDOW_EXCEEDED,40,true,true,0.849021956792,false,false,false,false,0,9.53430421593,112333,-0.0368785686327|2.37713844122|-0.573625859348|-0.0196198031623|-0.147039263316
561,VALID_CAMPAIGN,NEAR_JOINT_LIMIT,4983041833823563089,5,REVOLUTE_ONLY,-0.201186389404,-0.115495403501,-0.0766745104401,UNGUARDED_REFERENCE,true,false,CONVERGED_UNCERTIFIED,NO_GUARDS_OR_FINAL_CERTIFICATION,7,true,false,2.26928508965e-07,false,true,false,true,0,NaN,6209,-4.04287498571|-72.8594600143|10.0974861551|14.7171456890|208.167033284
562,VALID_CAMPAIGN,NEAR_SINGULARITY,5578502249754976980,5,REVOLUTE_ONLY,1.46556000051,-0.0799999503281,0.200000021585,GUARDED_PRODUCTION,true,true,SUCCESS,NONE,71,true,true,1.07587623492e-08,false,false,false,false,0,4.74045531006,197333,-0.107294555514|0.188741140535|0.00957636620473|-0.0165575942439|-0.209151767484
562,VALID_CAMPAIGN,NEAR_SINGULARITY,5578502249754976980,5,REVOLUTE_ONLY,1.46556000051,-0.0799999503281,0.200000021585,UNGUARDED_REFERENCE,true,false,CONVERGED_UNCERTIFIED,NO_GUARDS_OR_FINAL_CERTIFICATION,22,true,false,5.32014711348e-08,false,true,false,true,0,NaN,20750,-6.34072463582|-62.7253554517|6.24600352035|25.1969343436|213.485309640
563,VALID_CAMPAIGN,MICRO_MOTION,-7160812946726690882,5,REVOLUTE_ONLY,1.46556000561,-0.0799994536091,0.200000237431,GUARDED_PRODUCTION,true,true,SUCCESS,NONE,1,true,true,5.41588398443e-07,false,false,false,false,0,NaN,3542,-0.107294555514|0.188741140535|0.00957636620473|-0.0165575942439|-0.209151767484
563,VALID_CAMPAIGN,MICRO_MOTION,-7160812946726690882,5,REVOLUTE_ONLY,1.46556000561,-0.0799994536091,0.200000237431,UNGUARDED_REFERENCE,true,false,CONVERGED_UNCERTIFIED,NO_GUARDS_OR_FINAL_CERTIFICATION,1,true,false,5.43570168560e-07,false,true,false,true,0,NaN,584,-6.34072463582|-62.7253554517|6.24600352035|25.1969343436|213.485309640
564,VALID_CAMPAIGN,UNIFORM,-4934411474904241485,5,REVOLUTE_ONLY,0.379742807057,0.330266000458,-0.241324046635,GUARDED_PRODUCTION,false,false,NO_CONVERGENCE,STAGNATION_WINDOW_EXCEEDED,60,true,true,0.312261209969,false,false,false,false,6,87.7769608568,165750,-1.43177318272|2.37713844122|-0.624266428075|-0.0832345373230|-0.144137959292
564,VALID_CAMPAIGN,UNIFORM,-4934411474904241485,5,REVOLUTE_ONLY,0.379742807057,0.330266000458,-0.241324046635,UNGUARDED_REFERENCE,true,false,CONVERGED_UNCERTIFIED,NO_GUARDS_OR_FINAL_CERTIFICATION,10,true,false,2.03031557188e-08,false,true,false,true,0,NaN,10875,-5.52774435915|-60.4925647980|-14.3675605543|61.7450082193|207.662268795
565,VALID_CAMPAIGN,NEAR_JOINT_LIMIT,8016800071441924641,5,REVOLUTE_ONLY,-0.365313092157,0.196725134801,0.446938717189,GUARDED_PRODUCTION,false,false,NO_CONVERGENCE,STAGNATION_WINDOW_EXCEEDED,7,true,true,1.25899400947,false,false,false,false,0,4.84283772243,20166,-1.64390405904|2.37713844122|-0.557321334356|-0.0633267040350|-0.125235955718
565,VALID_CAMPAIGN,NEAR_JOINT_LIMIT,8016800071441924641,5,REVOLUTE_ONLY,-0.365313092157,0.196725134801,0.446938717189,UNGUARDED_REFERENCE,true,false,CONVERGED_UNCERTIFIED,NO_GUARDS_OR_FINAL_CERTIFICATION,7,true,false,1.33644134353e-09,false,true,false,true,0,NaN,6292,-4.63705537189|-60.0733978466|-11.4965383614|58.0945758110|211.732061747
566,VALID_CAMPAIGN,NEAR_SINGULARITY,-3530198918478609752,5,REVOLUTE_ONLY,1.46556000051,-0.0799999503281,0.200000021585,GUARDED_PRODUCTION,true,true,SUCCESS,NONE,59,true,true,3.83188932665e-09,false,false,false,false,0,4.76234604414,161958,-0.115788684742|0.200097200007|0.0201883685057|-0.0348929232995|-0.204288204657
566,VALID_CAMPAIGN,NEAR_SINGULARITY,-3530198918478609752,5,REVOLUTE_ONLY,1.46556000051,-0.0799999503281,0.200000021585,UNGUARDED_REFERENCE,true,false,CONVERGED_UNCERTIFIED,NO_GUARDS_OR_FINAL_CERTIFICATION,19,true,false,1.91632347080e-07,false,true,false,true,0,NaN,17417,-6.34380290513|-56.4213541148|-6.28297211588|62.8314838987|213.385436394
567,VALID_CAMPAIGN,MICRO_MOTION,-2915554804478022894,5,REVOLUTE_ONLY,1.46556000561,-0.0799994536091,0.200000237431,GUARDED_PRODUCTION,true,true,SUCCESS,NONE,1,true,true,5.41581751812e-07,false,false,false,false,0,NaN,3834,-0.115788684742|0.200097200007|0.0201883685057|-0.0348929232995|-0.204288204657
567,VALID_CAMPAIGN,MICRO_MOTION,-2915554804478022894,5,REVOLUTE_ONLY,1.46556000561,-0.0799994536091,0.200000237431,UNGUARDED_REFERENCE,true,false,CONVERGED_UNCERTIFIED,NO_GUARDS_OR_FINAL_CERTIFICATION,1,true,false,5.72045883615e-07,false,true,false,true,0,NaN,625,-6.34380290513|-56.4213541148|-6.28297211588|62.8314838987|213.385436394
568,VALID_CAMPAIGN,UNIFORM,-1338847949375878740,5,REVOLUTE_ONLY,0.859701857585,-0.195680132533,0.732182315408,GUARDED_PRODUCTION,true,true,SUCCESS,NONE,40,true,true,6.32065527579e-08,false,false,false,false,0,81.6806694278,114458,-0.998729936877|1.46500054318|0.815628497074|0.430961144415|-0.223919761229
568,VALID_CAMPAIGN,UNIFORM,-1338847949375878740,5,REVOLUTE_ONLY,0.859701857585,-0.195680132533,0.732182315408,UNGUARDED_REFERENCE,true,false,CONVERGED_UNCERTIFIED,NO_GUARDS_OR_FINAL_CERTIFICATION,11,true,false,4.16855997862e-09,false,true,false,true,0,NaN,10750,-0.602636839143|-55.4451923230|-5.30306579732|76.0343707994|200.386591530
569,VALID_CAMPAIGN,NEAR_JOINT_LIMIT,-746642546628991096,5,REVOLUTE_ONLY,-0.537952579299,-0.252850087615,0.103375649618,GUARDED_PRODUCTION,true,true,SUCCESS,NONE,95,true,true,2.53370397035e-07,false,false,false,false,0,10.3069397701,268625,-2.60495408502|2.37713844122|2.41821363443|1.29372271302|0.123371491450
569,VALID_CAMPAIGN,NEAR_JOINT_LIMIT,-746642546628991096,5,REVOLUTE_ONLY,-0.537952579299,-0.252850087615,0.103375649618,UNGUARDED_REFERENCE,true,false,CONVERGED_UNCERTIFIED,NO_GUARDS_OR_FINAL_CERTIFICATION,7,true,false,1.36048751342e-08,false,true,false,true,0,NaN,6875,-1.15009446556|-52.5548653967|-6.18692322589|80.5633609348|196.910797409
570,VALID_CAMPAIGN,NEAR_SINGULARITY,2827846654674068318,5,REVOLUTE_ONLY,1.46556000051,-0.0799999503281,0.200000021585,GUARDED_PRODUCTION,false,false,NO_CONVERGENCE,STAGNATION_WINDOW_EXCEEDED,100,true,true,0.745201518905,false,false,false,false,0,5.50839266673,276833,-0.121346885264|2.37713844122|2.67428074637|0.237298941053|-0.651627244275
570,VALID_CAMPAIGN,NEAR_SINGULARITY,2827846654674068318,5,REVOLUTE_ONLY,1.46556000051,-0.0799999503281,0.200000021585,UNGUARDED_REFERENCE,true,false,CONVERGED_UNCERTIFIED,NO_GUARDS_OR_FINAL_CERTIFICATION,27,true,false,5.19549485494e-07,false,true,false,true,0,NaN,25959,-6.33179759694|-56.4640420612|12.7287595556|18.5706446721|150.707966677
571,VALID_CAMPAIGN,MICRO_MOTION,-6749751437081103396,5,REVOLUTE_ONLY,1.46556000561,-0.0799994536091,0.200000237431,GUARDED_PRODUCTION,false,false,NO_CONVERGENCE,STAGNATION_WINDOW_EXCEEDED,7,true,true,0.751841019661,false,false,false,false,0,30.7943541125,20334,-0.0944902213726|2.37713844122|2.67428074637|0.121636655339|-0.691196813345
571,VALID_CAMPAIGN,MICRO_MOTION,-6749751437081103396,5,REVOLUTE_ONLY,1.46556000561,-0.0799994536091,0.200000237431,UNGUARDED_REFERENCE,true,false,CONVERGED_UNCERTIFIED,NO_GUARDS_OR_FINAL_CERTIFICATION,1,true,false,7.43460724620e-07,false,true,false,true,0,NaN,625,-6.33179759694|-56.4640420612|12.7287595556|18.5706446721|150.707966677
572,VALID_CAMPAIGN,UNIFORM,3615886019937534438,5,REVOLUTE_ONLY,0.536298132939,-1.10266878193,0.418795237464,GUARDED_PRODUCTION,false,false,NO_CONVERGENCE,STAGNATION_WINDOW_EXCEEDED,84,true,true,0.507705588947,false,false,false,false,0,47.6654173152,232292,-1.07311759587|2.34934704744|2.67428074637|-0.0911829869384|-0.745630839483
572,VALID_CAMPAIGN,UNIFORM,3615886019937534438,5,REVOLUTE_ONLY,0.536298132939,-1.10266878193,0.418795237464,UNGUARDED_REFERENCE,true,false,CONVERGED_UNCERTIFIED,NO_GUARDS_OR_FINAL_CERTIFICATION,16,true,false,3.23843796445e-07,false,true,false,true,0,NaN,16000,-1.25295425147|-56.1443109078|31.1225538769|-11.2189598497|156.648522428
573,VALID_CAMPAIGN,NEAR_JOINT_LIMIT,-2017331562555851854,5,REVOLUTE_ONLY,-0.476055998210,-0.312206772990,0.446938717189,GUARDED_PRODUCTION,true,true,SUCCESS,NONE,99,true,true,9.66459124655e-07,false,false,false,false,0,482.006140702,283459,-2.12962560201|1.51438701412|2.67428074637|-0.0736176320612|-0.0258150689137
573,VALID_CAMPAIGN,NEAR_JOINT_LIMIT,-2017331562555851854,5,REVOLUTE_ONLY,-0.476055998210,-0.312206772990,0.446938717189,UNGUARDED_REFERENCE,true,false,CONVERGED_UNCERTIFIED,NO_GUARDS_OR_FINAL_CERTIFICATION,8,true,false,6.05458860763e-09,false,true,false,true,0,NaN,23833,-1.68478098746|-51.5455696489|26.9504911191|-8.31033716838|154.753201509
574,VALID_CAMPAIGN,NEAR_SINGULARITY,-7925087000089085032,5,REVOLUTE_ONLY,1.46556000051,-0.0799999503281,0.200000021585,GUARDED_PRODUCTION,false,false,NO_CONVERGENCE,STAGNATION_WINDOW_EXCEEDED,100,true,true,0.769935491832,false,false,false,false,0,4.41598939784,274125,-0.00348917294501|2.37713844122|2.67428074637|-0.0123977705531|-0.717642126823
574,VALID_CAMPAIGN,NEAR_SINGULARITY,-7925087000089085032,5,REVOLUTE_ONLY,1.46556000051,-0.0799999503281,0.200000021585,UNGUARDED_REFERENCE,true,false,CONVERGED_UNCERTIFIED,NO_GUARDS_OR_FINAL_CERTIFICATION,23,true,false,7.22057598953e-07,false,true,false,true,0,NaN,22125,31.3554292478|-68.9829086972|18.8839792190|12.5067040918|175.655524656
575,VALID_CAMPAIGN,MICRO_MOTION,2078973262098239770,5,REVOLUTE_ONLY,1.46556000561,-0.0799994536091,0.200000237431,GUARDED_PRODUCTION,false,false,NO_CONVERGENCE,STAGNATION_WINDOW_EXCEEDED,7,true,true,0.770735438457,false,false,false,false,0,118.816072625,22250,0.00808986888034|2.37713844122|2.67428074637|-0.0128486781043|-0.726889158941
575,VALID_CAMPAIGN,MICRO_MOTION,2078973262098239770,5,REVOLUTE_ONLY,1.46556000561,-0.0799994536091,0.200000237431,UNGUARDED_REFERENCE,true,false,CONVERGED_UNCERTIFIED,NO_GUARDS_OR_FINAL_CERTIFICATION,1,true,false,8.94633367234e-07,false,true,false,true,0,NaN,709,31.3554292478|-68.9829086972|18.8839792190|12.5067040918|175.655524656
576,VALID_CAMPAIGN,UNIFORM,-3884933929254768380,5,REVOLUTE_ONLY,-0.545093944792,0.516576808158,0.260226442016,GUARDED_PRODUCTION,false,false,NO_CONVERGENCE,STAGNATION_WINDOW_EXCEEDED,77,true,true,0.0476335854385,false,false,false,false,8,121.295336075,228333,2.37527901262|2.23979234980|2.67428074637|0.260410278645|-1.06814871840
576,VALID_CAMPAIGN,UNIFORM,-3884933929254768380,5,REVOLUTE_ONLY,-0.545093944792,0.516576808158,0.260226442016,UNGUARDED_REFERENCE,true,false,CONVERGED_UNCERTIFIED,NO_GUARDS_OR_FINAL_CERTIFICATION,8,true,false,1.95505448951e-08,false,true,false,true,0,NaN,7084,21.7245696524|-26.3642133786|19.6202005138|27.8200642692|114.896713036
577,VALID_CAMPAIGN,NEAR_JOINT_LIMIT,-9063605671480126638,5,REVOLUTE_ONLY,-0.537952611073,-0.252850020014,0.103375649618,GUARDED_PRODUCTION,true,true,SUCCESS,NONE,245,true,true,9.80335814384e-07,false,false,false,false,0,30.6658256107,556167,3.14159265359|2.37713844122|2.67428074637|1.78284809922|-1.78285383091
577,VALID_CAMPAIGN,NEAR_JOINT_LIMIT,-9063605671480126638,5,REVOLUTE_ONLY,-0.537952611073,-0.252850020014,0.103375649618,UNGUARDED_REFERENCE,true,false,CONVERGED_UNCERTIFIED,NO_GUARDS_OR_FINAL_CERTIFICATION,8,true,false,2.58663904753e-10,false,true,false,true,0,NaN,7250,22.7625108360|-26.4954727021|20.9958747102|27.5689749552|114.223495081
578,VALID_CAMPAIGN,NEAR_SINGULARITY,-3342100236645854250,5,REVOLUTE_ONLY,1.46556000051,-0.0799999503281,0.200000021585,GUARDED_PRODUCTION,false,false,NO_CONVERGENCE,STAGNATION_WINDOW_EXCEEDED,8,true,true,2.01327496149,false,false,false,false,0,4.27271659383,19000,3.14159265359|2.37713844122|2.67428074637|1.78285383091|-1.78285383091
578,VALID_CAMPAIGN,NEAR_SINGULARITY,-3342100236645854250,5,REVOLUTE_ONLY,1.46556000051,-0.0799999503281,0.200000021585,UNGUARDED_REFERENCE,true,false,CONVERGED_UNCERTIFIED,NO_GUARDS_OR_FINAL_CERTIFICATION,24,true,false,3.70848772910e-07,false,true,false,true,0,NaN,21833,12.5099720027|-37.5939639284|18.8125966174|31.4797382991|106.669413986
579,VALID_CAMPAIGN,MICRO_MOTION,-301498796376372694,5,REVOLUTE_ONLY,1.46556000561,-0.0799994536091,0.200000237431,GUARDED_PRODUCTION,false,false,NO_CONVERGENCE,STAGNATION_WINDOW_EXCEEDED,7,true,true,2.01327501957,false,false,false,false,0,4.27270293518,16458,3.14159265359|2.37713844122|2.67428074637|1.78285383091|-1.78285383091
579,VALID_CAMPAIGN,MICRO_MOTION,-301498796376372694,5,REVOLUTE_ONLY,1.46556000561,-0.0799994536091,0.200000237431,UNGUARDED_REFERENCE,true,false,CONVERGED_UNCERTIFIED,NO_GUARDS_OR_FINAL_CERTIFICATION,1,true,false,6.53060383620e-07,false,true,false,true,0,NaN,667,12.5099720027|-37.5939639284|18.8125966174|31.4797382991|106.669413986
580,VALID_CAMPAIGN,UNIFORM,-8678330391932561747,5,REVOLUTE_ONLY,0.433406678999,0.100342581427,0.629591270724,GUARDED_PRODUCTION,false,false,NO_CONVERGENCE,STAGNATION_WINDOW_EXCEEDED,145,true,true,0.117492833585,false,false,false,false,0,4.27270293518,375250,-0.634815489594|2.37713844122|1.18154541935|0.921281911710|-1.26021003206
580,VALID_CAMPAIGN,UNIFORM,-8678330391932561747,5,REVOLUTE_ONLY,0.433406678999,0.100342581427,0.629591270724,UNGUARDED_REFERENCE,true,false,CONVERGED_UNCERTIFIED,NO_GUARDS_OR_FINAL_CERTIFICATION,9,true,false,5.52823195135e-09,false,true,false,true,0,NaN,7750,11.9440250611|-35.9456823681|1.22383811711|63.4448908205|95.7237810914
581,VALID_CAMPAIGN,NEAR_JOINT_LIMIT,-5887546580621557809,5,REVOLUTE_ONLY,-0.308003543043,-0.0130614020107,0.103375649618,GUARDED_PRODUCTION,false,false,NO_CONVERGENCE,STAGNATION_WINDOW_EXCEEDED,191,true,true,0.332227572359,false,false,false,false,0,5.54355605798,2025292,-3.14159265359|2.37713844122|2.67428074637|1.78285383091|-1.78285383091
581,VALID_CAMPAIGN,NEAR_JOINT_LIMIT,-5887546580621557809,5,REVOLUTE_ONLY,-0.308003543043,-0.0130614020107,0.103375649618,UNGUARDED_REFERENCE,true,false,CONVERGED_UNCERTIFIED,NO_GUARDS_OR_FINAL_CERTIFICATION,10,true,false,2.63722478507e-09,false,true,false,true,0,NaN,10292,15.4064653231|-34.5233365511|3.37317493561|65.1276425360|97.5620652532
582,VALID_CAMPAIGN,NEAR_SINGULARITY,1771762022315269440,5,REVOLUTE_ONLY,1.46556000051,-0.0799999503281,0.200000021585,GUARDED_PRODUCTION,true,true,SUCCESS,NONE,251,true,true,1.26662749826e-08,false,false,false,false,0,4.27270810735,652875,-0.0606633486511|0.126257382827|-0.00449449463366|0.00778161784409|-0.235968090358
582,VALID_CAMPAIGN,NEAR_SINGULARITY,1771762022315269440,5,REVOLUTE_ONLY,1.46556000051,-0.0799999503281,0.200000021585,UNGUARDED_REFERENCE,true,false,CONVERGED_UNCERTIFIED,NO_GUARDS_OR_FINAL_CERTIFICATION,21,true,false,1.46196736048e-07,false,true,false,true,0,NaN,18125,18.8058080477|-18.8012296714|0.0799851012295|68.9773919612|100.618400234
583,VALID_CAMPAIGN,MICRO_MOTION,7864328191849833424,5,REVOLUTE_ONLY,1.46556000561,-0.0799994536091,0.200000237431,GUARDED_PRODUCTION,true,true,SUCCESS,NONE,1,true,true,5.41608877071e-07,false,false,false,false,0,NaN,3959,-0.0606633486511|0.126257382827|-0.00449449463366|0.00778161784409|-0.235968090358
583,VALID_CAMPAIGN,MICRO_MOTION,7864328191849833424,5,REVOLUTE_ONLY,1.46556000561,-0.0799994536091,0.200000237431,UNGUARDED_REFERENCE,true,false,CONVERGED_UNCERTIFIED,NO_GUARDS_OR_FINAL_CERTIFICATION,1,true,false,5.58542113781e-07,false,true,false,true,0,NaN,583,18.8058080477|-18.8012296714|0.0799851012295|68.9773919612|100.618400234
584,VALID_CAMPAIGN,UNIFORM,6426090943827498225,5,REVOLUTE_ONLY,0.886919781307,0.0196826317305,0.639143246235,GUARDED_PRODUCTION,true,true,SUCCESS,NONE,48,true,true,2.45697506144e-07,false,false,false,false,0,112.413994176,131583,0.129663472498|0.279803444343|0.806447441959|1.15769702817|-0.888354171357
584,VALID_CAMPAIGN,UNIFORM,6426090943827498225,5,REVOLUTE_ONLY,0.886919781307,0.0196826317305,0.639143246235,UNGUARDED_REFERENCE,true,false,CONVERGED_UNCERTIFIED,NO_GUARDS_OR_FINAL_CERTIFICATION,9,true,false,6.79994700443e-07,false,true,false,true,0,NaN,8209,18.5619398968|-23.9939282548|-4.51513206873|68.2764963810|124.197730236
585,VALID_CAMPAIGN,NEAR_JOINT_LIMIT,1115907996436809405,5,REVOLUTE_ONLY,-0.427209673245,0.137368449426,0.103375649618,GUARDED_PRODUCTION,true,true,SUCCESS,NONE,189,true,true,8.86642513205e-07,false,false,false,false,0,8.27975383781,516292,2.26524487749|-1.79424846955|2.67428074637|0.858384660300|-0.229665206616
585,VALID_CAMPAIGN,NEAR_JOINT_LIMIT,1115907996436809405,5,REVOLUTE_ONLY,-0.427209673245,0.137368449426,0.103375649618,UNGUARDED_REFERENCE,true,false,CONVERGED_UNCERTIFIED,NO_GUARDS_OR_FINAL_CERTIFICATION,8,true,false,9.50962749578e-09,false,true,false,true,0,NaN,7583,20.9576413014|-23.4055089542|2.08986523242|65.6068824860|120.367920698
586,VALID_CAMPAIGN,NEAR_SINGULARITY,8309381804060201848,5,REVOLUTE_ONLY,1.46556000051,-0.0799999503281,0.200000021585,GUARDED_PRODUCTION,true,true,SUCCESS,NONE,248,true,true,4.62998828759e-07,false,false,false,false,0,2.67945540061,663875,-0.0606625185795|0.126258849817|-0.00449878546594|0.00778893732086|-0.235984122927
586,VALID_CAMPAIGN,NEAR_SINGULARITY,8309381804060201848,5,REVOLUTE_ONLY,1.46556000051,-0.0799999503281,0.200000021585,UNGUARDED_REFERENCE,true,false,CONVERGED_UNCERTIFIED,NO_GUARDS_OR_FINAL_CERTIFICATION,18,true,false,3.70290139145e-07,false,true,false,true,0,NaN,16834,18.8032277182|-18.7959534586|-6.18467831695|68.9456102952|125.741697224
587,VALID_CAMPAIGN,MICRO_MOTION,-6059549521710861878,5,REVOLUTE_ONLY,1.46556000561,-0.0799994536091,0.200000237431,GUARDED_PRODUCTION,true,true,SUCCESS,NONE,1,true,true,7.14893452892e-07,false,false,false,false,0,NaN,4000,-0.0606625185795|0.126258849817|-0.00449878546594|0.00778893732086|-0.235984122927
587,VALID_CAMPAIGN,MICRO_MOTION,-6059549521710861878,5,REVOLUTE_ONLY,1.46556000561,-0.0799994536091,0.200000237431,UNGUARDED_REFERENCE,true,false,CONVERGED_UNCERTIFIED,NO_GUARDS_OR_FINAL_CERTIFICATION,1,true,false,6.50657233831e-07,false,true,false,true,0,NaN,625,18.8032277182|-18.7959534586|-6.18467831695|68.9456102952|125.741697224
588,VALID_CAMPAIGN,UNIFORM,2897016887851088941,5,REVOLUTE_ONLY,0.568959313671,-0.969285754973,-0.287176543210,GUARDED_PRODUCTION,true,true,SUCCESS,NONE,34,true,true,4.98706681108e-11,false,false,false,false,0,112.403647820,90042,-0.351192273890|-0.831574406889|-0.788941835471|-0.0980304290412|-0.556146332431
588,VALID_CAMPAIGN,UNIFORM,2897016887851088941,5,REVOLUTE_ONLY,0.568959313671,-0.969285754973,-0.287176543210,UNGUARDED_REFERENCE,true,false,CONVERGED_UNCERTIFIED,NO_GUARDS_OR_FINAL_CERTIFICATION,10,true,false,5.61102517459e-10,false,true,false,true,0,NaN,8708,18.4528801496|-25.8953361053|-0.599229064728|56.0759961342|156.490681273
589,VALID_CAMPAIGN,NEAR_JOINT_LIMIT,2634168026707260967,5,REVOLUTE_ONLY,-0.483079646623,0.0837910222757,0.196425017321,GUARDED_PRODUCTION,false,false,NO_CONVERGENCE,STAGNATION_WINDOW_EXCEEDED,46,true,true,0.828664264828,false,false,false,false,0,9.00083284386,124042,0.662556988886|-2.37713844122|-0.650947725869|-0.0471848164105|-1.22881995618
589,VALID_CAMPAIGN,NEAR_JOINT_LIMIT,2634168026707260967,5,REVOLUTE_ONLY,-0.483079646623,0.0837910222757,0.196425017321,UNGUARDED_REFERENCE,true,false,CONVERGED_UNCERTIFIED,NO_GUARDS_OR_FINAL_CERTIFICATION,9,true,false,6.65589588976e-08,false,true,false,true,0,NaN,8542,22.2282357235|-32.9182506536|1.01884219577|52.8479719382|151.224290635
590,VALID_CAMPAIGN,NEAR_SINGULARITY,-1953939738786803851,5,REVOLUTE_ONLY,1.46556000051,-0.0799999503281,0.200000021585,GUARDED_PRODUCTION,true,true,SUCCESS,NONE,81,true,true,2.35344676923e-08,false,false,false,false,0,4.95752049662,213208,-0.0565160588287|0.126879307773|0.0400904367364|-0.0694923523703|-0.276563925346
590,VALID_CAMPAIGN,NEAR_SINGULARITY,-1953939738786803851,5,REVOLUTE_ONLY,1.46556000051,-0.0799999503281,0.200000021585,UNGUARDED_REFERENCE,true,false,CONVERGED_UNCERTIFIED,NO_GUARDS_OR_FINAL_CERTIFICATION,37,true,false,1.90914743806e-07,false,true,false,true,0,NaN,33750,25.0712502055|-81.5505940092|0.110319388017|106.623398657|163.106109497
591,VALID_CAMPAIGN,MICRO_MOTION,-1373896004945489483,5,REVOLUTE_ONLY,1.46556000561,-0.0799994536091,0.200000237431,GUARDED_PRODUCTION,true,true,SUCCESS,NONE,1,true,true,5.41559266680e-07,false,false,false,false,0,NaN,3541,-0.0565160588287|0.126879307773|0.0400904367364|-0.0694923523703|-0.276563925346
591,VALID_CAMPAIGN,MICRO_MOTION,-1373896004945489483,5,REVOLUTE_ONLY,1.46556000561,-0.0799994536091,0.200000237431,UNGUARDED_REFERENCE,true,false,CONVERGED_UNCERTIFIED,NO_GUARDS_OR_FINAL_CERTIFICATION,1,true,false,5.70853239682e-07,false,true,false,true,0,NaN,541,25.0712502055|-81.5505940092|0.110319388017|106.623398657|163.106109497
592,VALID_CAMPAIGN,UNIFORM,6383084540306242766,5,REVOLUTE_ONLY,-0.721108491548,0.0574975594772,-0.302661608230,GUARDED_PRODUCTION,false,false,NO_CONVERGENCE,STAGNATION_WINDOW_EXCEEDED,141,true,true,0.194508798412,false,false,false,false,0,112.219281870,378209,2.86112557376|-2.37713844122|-2.44781724739|-0.109120777215|0.209808290599
592,VALID_CAMPAIGN,UNIFORM,6383084540306242766,5,REVOLUTE_ONLY,-0.721108491548,0.0574975594772,-0.302661608230,UNGUARDED_REFERENCE,true,false,CONVERGED_UNCERTIFIED,NO_GUARDS_OR_FINAL_CERTIFICATION,6,true,false,1.00240048518e-07,false,true,false,true,0,NaN,5458,22.0253909408|-63.4433444941|23.0267556437|69.6951904571|89.4483084303
593,VALID_CAMPAIGN,NEAR_JOINT_LIMIT,7473735132317574625,5,REVOLUTE_ONLY,-0.320392521248,0.239802412211,-0.0766745104401,GUARDED_PRODUCTION,true,true,SUCCESS,NONE,99,true,true,9.47731093564e-07,false,false,false,false,0,9.62312164679,264167,1.86421104906|-1.42413126952|-2.67428074637|-0.275038063320|-0.0459605289439
593,VALID_CAMPAIGN,NEAR_JOINT_LIMIT,7473735132317574625,5,REVOLUTE_ONLY,-0.320392521248,0.239802412211,-0.0766745104401,UNGUARDED_REFERENCE,true,false,CONVERGED_UNCERTIFIED,NO_GUARDS_OR_FINAL_CERTIFICATION,7,true,false,1.32131220430e-08,false,true,false,true,0,NaN,5833,21.1458207575|-62.6361692396|22.8862441384|68.1363478042|89.4720034827
594,VALID_CAMPAIGN,NEAR_SINGULARITY,-251038949354681270,5,REVOLUTE_ONLY,1.46556000051,-0.0799999503281,0.200000021585,GUARDED_PRODUCTION,false,false,NO_CONVERGENCE,STAGNATION_WINDOW_EXCEEDED,99,true,true,0.766050991804,false,false,false,false,0,2.93888872807,265250,0.0202778157211|2.23866995260|-2.67428074637|-0.402577117209|-0.951552029317
594,VALID_CAMPAIGN,NEAR_SINGULARITY,-251038949354681270,5,REVOLUTE_ONLY,1.46556000051,-0.0799999503281,0.200000021585,UNGUARDED_REFERENCE,true,false,CONVERGED_UNCERTIFIED,NO_GUARDS_OR_FINAL_CERTIFICATION,30,true,false,2.15708835938e-07,false,true,false,true,0,NaN,27167,6.23608027603|-56.4938335726|18.8712680570|62.7944526156|88.0418899628
595,VALID_CAMPAIGN,MICRO_MOTION,6216758211398170755,5,REVOLUTE_ONLY,1.46556000561,-0.0799994536091,0.200000237431,GUARDED_PRODUCTION,false,false,NO_CONVERGENCE,STAGNATION_WINDOW_EXCEEDED,7,true,true,0.774985846199,false,false,false,false,0,45.0092899490,19083,0.0185219308385|2.30090919272|-2.67428074637|-0.339106178839|-0.883249827079
595,VALID_CAMPAIGN,MICRO_MOTION,6216758211398170755,5,REVOLUTE_ONLY,1.46556000561,-0.0799994536091,0.200000237431,UNGUARDED_REFERENCE,true,false,CONVERGED_UNCERTIFIED,NO_GUARDS_OR_FINAL_CERTIFICATION,1,true,false,5.80075879470e-07,false,true,false,true,0,NaN,542,6.23608027603|-56.4938335726|18.8712680570|62.7944526156|88.0418899628
596,ADVERSARIAL_PROBES,NON_FINITE_TARGET,8365875738263207529,5,REVOLUTE_ONLY,NaN,-0.0800000000000,0.200000000000,GUARDED_PRODUCTION,false,false,INVALID_INPUT,INVALID_TARGET,0,true,true,NaN,false,false,false,false,0,NaN,3500,0.00000000000|0.00000000000|0.00000000000|0.00000000000|0.00000000000
596,ADVERSARIAL_PROBES,NON_FINITE_TARGET,8365875738263207529,5,REVOLUTE_ONLY,NaN,-0.0800000000000,0.200000000000,UNGUARDED_REFERENCE,false,false,MAX_ITERATIONS_UNCERTIFIED,NO_GUARDS_OR_FINAL_CERTIFICATION,800,false,false,NaN,true,false,false,true,0,NaN,516750,NaN|NaN|NaN|NaN|NaN
597,ADVERSARIAL_PROBES,INFINITE_TARGET,-2782253921295760917,5,REVOLUTE_ONLY,1.46556000000,-0.0800000000000,Infinity,GUARDED_PRODUCTION,false,false,INVALID_INPUT,INVALID_TARGET,0,true,true,Infinity,false,false,false,false,0,NaN,2458,0.00000000000|0.00000000000|0.00000000000|0.00000000000|0.00000000000
597,ADVERSARIAL_PROBES,INFINITE_TARGET,-2782253921295760917,5,REVOLUTE_ONLY,1.46556000000,-0.0800000000000,Infinity,UNGUARDED_REFERENCE,false,false,MAX_ITERATIONS_UNCERTIFIED,NO_GUARDS_OR_FINAL_CERTIFICATION,800,false,false,NaN,true,false,false,true,0,NaN,542042,NaN|NaN|NaN|NaN|NaN
598,ADVERSARIAL_PROBES,NON_FINITE_INITIAL_STATE,-7363075806444125596,5,REVOLUTE_ONLY,1.46556000000,-0.0800000000000,0.200000000000,GUARDED_PRODUCTION,false,false,INVALID_INPUT,INVALID_INITIAL_STATE,0,true,true,0.00000000000,false,false,false,false,0,NaN,7042,0.00000000000|0.00000000000|0.00000000000|0.00000000000|0.00000000000
598,ADVERSARIAL_PROBES,NON_FINITE_INITIAL_STATE,-7363075806444125596,5,REVOLUTE_ONLY,1.46556000000,-0.0800000000000,0.200000000000,UNGUARDED_REFERENCE,false,false,MAX_ITERATIONS_UNCERTIFIED,NO_GUARDS_OR_FINAL_CERTIFICATION,800,false,false,NaN,true,false,false,true,0,NaN,535083,NaN|NaN|NaN|NaN|NaN
599,ADVERSARIAL_PROBES,OVERFLOWING_GEOMETRY,-541930634948942195,5,REVOLUTE_ONLY,0.00000000000,0.00000000000,0.00000000000,GUARDED_PRODUCTION,false,false,NUMERICAL_FAILURE,OUTPUT_VALIDATION_FAILED,1,true,true,Infinity,false,false,false,false,0,NaN,4750,0.00000000000|0.00000000000|0.00000000000|0.00000000000|0.00000000000
599,ADVERSARIAL_PROBES,OVERFLOWING_GEOMETRY,-541930634948942195,5,REVOLUTE_ONLY,0.00000000000,0.00000000000,0.00000000000,UNGUARDED_REFERENCE,false,false,MAX_ITERATIONS_UNCERTIFIED,NO_GUARDS_OR_FINAL_CERTIFICATION,800,false,false,NaN,true,false,false,true,0,NaN,513500,NaN|NaN|NaN|NaN|NaN
600,VALID_CAMPAIGN,UNIFORM,-7977540240305165977,5,PRISMATIC_ONLY,0.260000000000,-0.493634840190,0.785359459482,GUARDED_PRODUCTION,true,true,SUCCESS_WITH_WARNING,CRITICAL_SINGULARITY_DAMPED,55,true,true,8.04545003046e-07,false,false,false,false,0,Infinity,126500,0.196339866281|0.196339866281|0.493634035665|0.196339866281|0.196339866280
600,VALID_CAMPAIGN,UNIFORM,-7977540240305165977,5,PRISMATIC_ONLY,0.260000000000,-0.493634840190,0.785359459482,UNGUARDED_REFERENCE,true,true,CONVERGED_UNCERTIFIED,NO_GUARDS_OR_FINAL_CERTIFICATION,3,true,true,3.32636600386e-07,false,false,false,false,0,NaN,2584,0.196339875531|0.196339875531|0.493634510295|0.196339875509|0.196339875531
601,VALID_CAMPAIGN,NEAR_JOINT_LIMIT,-2911546698614452288,5,PRISMATIC_ONLY,0.260000000000,-0.0200000055500,0.0800000222000,GUARDED_PRODUCTION,true,true,SUCCESS_WITH_WARNING,CRITICAL_SINGULARITY_DAMPED,113,true,true,3.31390550209e-07,false,false,false,false,0,Infinity,258625,0.0200000057787|0.0200000057787|0.0200003369393|0.0200000057779|0.0200000057772
601,VALID_CAMPAIGN,NEAR_JOINT_LIMIT,-2911546698614452288,5,PRISMATIC_ONLY,0.260000000000,-0.0200000055500,0.0800000222000,UNGUARDED_REFERENCE,true,true,CONVERGED_UNCERTIFIED,NO_GUARDS_OR_FINAL_CERTIFICATION,3,true,true,8.00100593496e-07,false,false,false,false,0,NaN,2208,0.0200000241292|0.0200000241292|0.0200008021938|0.0200000241068|0.0200000241292
602,VALID_CAMPAIGN,NEAR_SINGULARITY,6034328433021549251,5,PRISMATIC_ONLY,0.260000000000,-0.297500005550,1.19000000000,GUARDED_PRODUCTION,true,true,SUCCESS_WITH_WARNING,CRITICAL_SINGULARITY_DAMPED,118,true,true,7.47456555951e-07,false,false,false,false,0,Infinity,267875,0.297499998372|0.297499998372|0.297499258122|0.297499998371|0.297499998371
602,VALID_CAMPAIGN,NEAR_SINGULARITY,6034328433021549251,5,PRISMATIC_ONLY,0.260000000000,-0.297500005550,1.19000000000,UNGUARDED_REFERENCE,true,true,CONVERGED_UNCERTIFIED,NO_GUARDS_OR_FINAL_CERTIFICATION,3,true,true,4.81168198311e-07,false,false,false,false,0,NaN,2000,0.297499970777|0.297499970777|0.297499538802|0.297499970754|0.297499970777
603,VALID_CAMPAIGN,MICRO_MOTION,-601045221187632415,5,PRISMATIC_ONLY,0.260000000000,-0.297500061050,1.19000000000,GUARDED_PRODUCTION,true,true,SUCCESS,NONE,1,true,true,8.02954594209e-07,false,false,false,false,0,NaN,3792,0.297499998372|0.297499998372|0.297499258122|0.297499998371|0.297499998371
603,VALID_CAMPAIGN,MICRO_MOTION,-601045221187632415,5,PRISMATIC_ONLY,0.260000000000,-0.297500061050,1.19000000000,UNGUARDED_REFERENCE,true,true,CONVERGED_UNCERTIFIED,NO_GUARDS_OR_FINAL_CERTIFICATION,1,true,true,5.35174854834e-07,false,false,false,false,0,NaN,542,0.297499970777|0.297499970777|0.297499538802|0.297499970754|0.297499970777
604,VALID_CAMPAIGN,UNIFORM,-5245808431758901164,5,PRISMATIC_ONLY,0.260000000000,-0.456273605552,1.37909660972,GUARDED_PRODUCTION,true,true,SUCCESS_WITH_WARNING,CRITICAL_SINGULARITY_DAMPED,38,true,true,3.04036155715e-07,false,false,false,false,0,Infinity,89208,0.344774152169|0.344774152169|0.456273301517|0.344774152168|0.344774152168
604,VALID_CAMPAIGN,UNIFORM,-5245808431758901164,5,PRISMATIC_ONLY,0.260000000000,-0.456273605552,1.37909660972,UNGUARDED_REFERENCE,true,true,CONVERGED_UNCERTIFIED,NO_GUARDS_OR_FINAL_CERTIFICATION,3,true,true,2.67796496462e-07,false,false,false,false,0,NaN,1708,0.344774147456|0.344774147456|0.456273338497|0.344774147434|0.344774147456
605,VALID_CAMPAIGN,NEAR_JOINT_LIMIT,-3437861508086646760,5,PRISMATIC_ONLY,0.260000000000,-0.0200000055500,0.635000011100,GUARDED_PRODUCTION,true,true,SUCCESS_WITH_WARNING,CRITICAL_SINGULARITY_DAMPED,110,true,true,3.04407602080e-07,false,false,false,false,0,Infinity,247500,0.158750003011|0.158750003011|0.0200003099561|0.158750003011|0.158750003008
605,VALID_CAMPAIGN,NEAR_JOINT_LIMIT,-3437861508086646760,5,PRISMATIC_ONLY,0.260000000000,-0.0200000055500,0.635000011100,UNGUARDED_REFERENCE,true,true,CONVERGED_UNCERTIFIED,NO_GUARDS_OR_FINAL_CERTIFICATION,3,true,true,7.37976598309e-07,false,false,false,false,0,NaN,1792,0.158750022374|0.158750022374|0.0200007393530|0.158750022352|0.158750022374
606,VALID_CAMPAIGN,NEAR_SINGULARITY,-4825769866752712689,5,PRISMATIC_ONLY,0.260000000000,-0.297500005550,1.19000000000,GUARDED_PRODUCTION,true,true,SUCCESS_WITH_WARNING,CRITICAL_SINGULARITY_DAMPED,76,true,true,3.32311299727e-07,false,false,false,false,0,Infinity,171041,0.297499999606|0.297499999606|0.297499673242|0.297499999605|0.297499999601
606,VALID_CAMPAIGN,NEAR_SINGULARITY,-4825769866752712689,5,PRISMATIC_ONLY,0.260000000000,-0.297500005550,1.19000000000,UNGUARDED_REFERENCE,true,true,CONVERGED_UNCERTIFIED,NO_GUARDS_OR_FINAL_CERTIFICATION,3,true,true,4.70394683608e-07,false,false,false,false,0,NaN,2000,0.297499985391|0.297499985391|0.297499538802|0.297499985369|0.297499985391
607,VALID_CAMPAIGN,MICRO_MOTION,6696750560154260008,5,PRISMATIC_ONLY,0.260000000000,-0.297500061050,1.19000000000,GUARDED_PRODUCTION,true,true,SUCCESS,NONE,1,true,true,3.87810760007e-07,false,false,false,false,0,NaN,3625,0.297499999606|0.297499999606|0.297499673242|0.297499999605|0.297499999601
607,VALID_CAMPAIGN,MICRO_MOTION,6696750560154260008,5,PRISMATIC_ONLY,0.260000000000,-0.297500061050,1.19000000000,UNGUARDED_REFERENCE,true,true,CONVERGED_UNCERTIFIED,NO_GUARDS_OR_FINAL_CERTIFICATION,1,true,true,5.25509714734e-07,false,false,false,false,0,NaN,542,0.297499985391|0.297499985391|0.297499538802|0.297499985369|0.297499985391
608,VALID_CAMPAIGN,UNIFORM,7552607064706958476,5,PRISMATIC_ONLY,0.260000000000,-0.0511066493346,1.14740001754,GUARDED_PRODUCTION,true,true,SUCCESS_WITH_WARNING,CRITICAL_SINGULARITY_DAMPED,49,true,true,5.43837027909e-07,false,false,false,false,0,Infinity,111208,0.286850004462|0.286850004462|0.0511071931716|0.286850004461|0.286850004457
608,VALID_CAMPAIGN,UNIFORM,7552607064706958476,5,PRISMATIC_ONLY,0.260000000000,-0.0511066493346,1.14740001754,UNGUARDED_REFERENCE,true,true,CONVERGED_UNCERTIFIED,NO_GUARDS_OR_FINAL_CERTIFICATION,3,true,true,4.14452201567e-07,false,false,false,false,0,NaN,2000,0.286850005511|0.286850005511|0.0511070637625|0.286850005489|0.286850005511
609,VALID_CAMPAIGN,NEAR_JOINT_LIMIT,-8154159653462081778,5,PRISMATIC_ONLY,0.260000000000,-0.0200000055500,1.19000000000,GUARDED_PRODUCTION,true,true,SUCCESS_WITH_WARNING,CRITICAL_SINGULARITY_DAMPED,11,true,true,6.85993710028e-07,false,false,false,false,0,Infinity,27167,0.297499998989|0.297499998989|0.0200006915318|0.297499998988|0.297499998985
609,VALID_CAMPAIGN,NEAR_JOINT_LIMIT,-8154159653462081778,5,PRISMATIC_ONLY,0.260000000000,-0.0200000055500,1.19000000000,UNGUARDED_REFERENCE,true,true,CONVERGED_UNCERTIFIED,NO_GUARDS_OR_FINAL_CERTIFICATION,3,true,true,5.25134965445e-08,false,false,false,false,0,NaN,1875,0.297499998884|0.297499998884|0.0200000578715|0.297499998861|0.297499998884
610,VALID_CAMPAIGN,NEAR_SINGULARITY,-1552349791486990699,5,PRISMATIC_ONLY,0.260000000000,-0.297500005550,1.19000000000,GUARDED_PRODUCTION,true,true,SUCCESS_WITH_WARNING,CRITICAL_SINGULARITY_DAMPED,54,true,true,9.68361462406e-07,false,false,false,false,0,Infinity,121958,0.297500000002|0.297500000002|0.297499037189|0.297500000000|0.297499999997
610,VALID_CAMPAIGN,NEAR_SINGULARITY,-1552349791486990699,5,PRISMATIC_ONLY,0.260000000000,-0.297500005550,1.19000000000,UNGUARDED_REFERENCE,true,true,CONVERGED_UNCERTIFIED,NO_GUARDS_OR_FINAL_CERTIFICATION,3,true,true,4.66749361827e-07,false,false,false,false,0,NaN,1708,0.297500000006|0.297500000006|0.297499538801|0.297499999983|0.297500000006
611,VALID_CAMPAIGN,MICRO_MOTION,-6187629425368047215,5,PRISMATIC_ONLY,0.260000000000,-0.297500061050,1.19000000000,GUARDED_PRODUCTION,true,true,SUCCESS_WITH_WARNING,CRITICAL_SINGULARITY_DAMPED,2,true,true,1.17676771771e-07,false,false,false,false,0,Infinity,6125,0.297500000002|0.297500000002|0.297499943373|0.297500000000|0.297499999997
611,VALID_CAMPAIGN,MICRO_MOTION,-6187629425368047215,5,PRISMATIC_ONLY,0.260000000000,-0.297500061050,1.19000000000,UNGUARDED_REFERENCE,true,true,CONVERGED_UNCERTIFIED,NO_GUARDS_OR_FINAL_CERTIFICATION,1,true,true,5.22249361812e-07,false,false,false,false,0,NaN,542,0.297500000006|0.297500000006|0.297499538801|0.297499999983|0.297500000006
612,VALID_CAMPAIGN,UNIFORM,-8193359783797880826,5,PRISMATIC_ONLY,0.260000000000,-0.173012745314,1.05383477765,GUARDED_PRODUCTION,true,true,SUCCESS_WITH_WARNING,CRITICAL_SINGULARITY_DAMPED,30,true,true,5.36146067507e-07,false,false,false,false,0,Infinity,68875,0.263458694933|0.263458694933|0.173013281456|0.263458694932|0.263458694928
612,VALID_CAMPAIGN,UNIFORM,-8193359783797880826,5,PRISMATIC_ONLY,0.260000000000,-0.173012745314,1.05383477765,UNGUARDED_REFERENCE,true,true,CONVERGED_UNCERTIFIED,NO_GUARDS_OR_FINAL_CERTIFICATION,3,true,true,2.09874913408e-07,false,false,false,false,0,NaN,1708,0.263458698004|0.263458698004|0.173012954698|0.263458697981|0.263458698004
613,VALID_CAMPAIGN,NEAR_JOINT_LIMIT,-1764566411204987605,5,PRISMATIC_ONLY,0.260000000000,-0.574999994450,1.74499998890,GUARDED_PRODUCTION,true,true,SUCCESS_WITH_WARNING,CRITICAL_SINGULARITY_DAMPED,101,true,true,9.98731050354e-07,false,false,false,false,0,Infinity,227125,0.436249996121|0.436249996121|0.574998995729|0.436249996121|0.436249996116
613,VALID_CAMPAIGN,NEAR_JOINT_LIMIT,-1764566411204987605,5,PRISMATIC_ONLY,0.260000000000,-0.574999994450,1.74499998890,UNGUARDED_REFERENCE,true,true,CONVERGED_UNCERTIFIED,NO_GUARDS_OR_FINAL_CERTIFICATION,3,true,true,6.80042053420e-07,false,false,false,false,0,NaN,1708,0.436249979031|0.436249979031|0.574999318316|0.436249979008|0.436249979031
614,VALID_CAMPAIGN,NEAR_SINGULARITY,2564881248218314817,5,PRISMATIC_ONLY,0.260000000000,-0.297500005550,1.19000000000,GUARDED_PRODUCTION,true,true,SUCCESS_WITH_WARNING,CRITICAL_SINGULARITY_DAMPED,76,true,true,3.32233890956e-07,false,false,false,false,0,Infinity,173125,0.297500000397|0.297500000397|0.297500337780|0.297500000395|0.297500000394
614,VALID_CAMPAIGN,NEAR_SINGULARITY,2564881248218314817,5,PRISMATIC_ONLY,0.260000000000,-0.297500005550,1.19000000000,UNGUARDED_REFERENCE,true,true,CONVERGED_UNCERTIFIED,NO_GUARDS_OR_FINAL_CERTIFICATION,3,true,true,4.70394768868e-07,false,false,false,false,0,NaN,1792,0.297500014605|0.297500014605|0.297500472298|0.297500014613|0.297500014635
615,VALID_CAMPAIGN,MICRO_MOTION,457504516857927398,5,PRISMATIC_ONLY,0.260000000000,-0.297500061050,1.19000000000,GUARDED_PRODUCTION,true,true,SUCCESS,NONE,1,true,true,2.76734647010e-07,false,false,false,false,0,NaN,3666,0.297500000397|0.297500000397|0.297500337780|0.297500000395|0.297500000394
615,VALID_CAMPAIGN,MICRO_MOTION,457504516857927398,5,PRISMATIC_ONLY,0.260000000000,-0.297500061050,1.19000000000,UNGUARDED_REFERENCE,true,true,CONVERGED_UNCERTIFIED,NO_GUARDS_OR_FINAL_CERTIFICATION,1,true,true,4.15382265941e-07,false,false,false,false,0,NaN,500,0.297500014605|0.297500014605|0.297500472298|0.297500014613|0.297500014635
616,VALID_CAMPAIGN,UNIFORM,5505803171945348336,5,PRISMATIC_ONLY,0.260000000000,-0.141131203336,1.56175667169,GUARDED_PRODUCTION,true,true,SUCCESS_WITH_WARNING,CRITICAL_SINGULARITY_DAMPED,48,true,true,6.98628452472e-07,false,false,false,false,0,Infinity,108917,0.390439166471|0.390439166471|0.141131901941|0.390439166470|0.390439166469
616,VALID_CAMPAIGN,UNIFORM,5505803171945348336,5,PRISMATIC_ONLY,0.260000000000,-0.141131203336,1.56175667169,UNGUARDED_REFERENCE,true,true,CONVERGED_UNCERTIFIED,NO_GUARDS_OR_FINAL_CERTIFICATION,3,true,true,2.65908800044e-07,false,false,false,false,0,NaN,1791,0.390439158124|0.390439158124|0.141131466346|0.390439158132|0.390439158154
617,VALID_CAMPAIGN,NEAR_JOINT_LIMIT,6940220729787482976,5,PRISMATIC_ONLY,0.260000000000,-0.574999994450,1.74499998890,GUARDED_PRODUCTION,true,true,SUCCESS_WITH_WARNING,CRITICAL_SINGULARITY_DAMPED,84,true,true,9.30689756832e-07,false,false,false,false,0,Infinity,188833,0.436249996923|0.436249996923|0.574999063761|0.436249996921|0.436249996921
617,VALID_CAMPAIGN,NEAR_JOINT_LIMIT,6940220729787482976,5,PRISMATIC_ONLY,0.260000000000,-0.574999994450,1.74499998890,UNGUARDED_REFERENCE,true,true,CONVERGED_UNCERTIFIED,NO_GUARDS_OR_FINAL_CERTIFICATION,3,true,true,7.30013407665e-07,false,false,false,false,0,NaN,1709,0.436249992387|0.436249992387|0.574999264692|0.436249992396|0.436249992428
618,VALID_CAMPAIGN,NEAR_SINGULARITY,-6480156648925850040,5,PRISMATIC_ONLY,0.260000000000,-0.297500005550,1.19000000000,GUARDED_PRODUCTION,true,true,SUCCESS_WITH_WARNING,CRITICAL_SINGULARITY_DAMPED,76,true,true,3.32241516777e-07,false,false,false,false,0,Infinity,171042,0.297500000397|0.297500000397|0.297500337788|0.297500000394|0.297500000395
618,VALID_CAMPAIGN,NEAR_SINGULARITY,-6480156648925850040,5,PRISMATIC_ONLY,0.260000000000,-0.297500005550,1.19000000000,UNGUARDED_REFERENCE,true,true,CONVERGED_UNCERTIFIED,NO_GUARDS_OR_FINAL_CERTIFICATION,3,true,true,4.70394682563e-07,false,false,false,false,0,NaN,1916,0.297500014602|0.297500014602|0.297500472298|0.297500014610|0.297500014643
619,VALID_CAMPAIGN,MICRO_MOTION,4665400532161983242,5,PRISMATIC_ONLY,0.260000000000,-0.297500061050,1.19000000000,GUARDED_PRODUCTION,true,true,SUCCESS,NONE,1,true,true,2.76742272840e-07,false,false,false,false,0,NaN,3500,0.297500000397|0.297500000397|0.297500337788|0.297500000394|0.297500000395
619,VALID_CAMPAIGN,MICRO_MOTION,4665400532161983242,5,PRISMATIC_ONLY,0.260000000000,-0.297500061050,1.19000000000,UNGUARDED_REFERENCE,true,true,CONVERGED_UNCERTIFIED,NO_GUARDS_OR_FINAL_CERTIFICATION,1,true,true,4.15382180258e-07,false,false,false,false,0,NaN,500,0.297500014602|0.297500014602|0.297500472298|0.297500014610|0.297500014643
620,VALID_CAMPAIGN,UNIFORM,1541915009732419543,5,PRISMATIC_ONLY,0.260000000000,-0.0532137254899,0.675189976654,GUARDED_PRODUCTION,true,true,SUCCESS_WITH_WARNING,CRITICAL_SINGULARITY_DAMPED,69,true,true,3.67679891928e-07,false,false,false,false,0,Infinity,155916,0.168797494667|0.168797494667|0.0532140931643|0.168797494665|0.168797494666
620,VALID_CAMPAIGN,UNIFORM,1541915009732419543,5,PRISMATIC_ONLY,0.260000000000,-0.0532137254899,0.675189976654,UNGUARDED_REFERENCE,true,true,CONVERGED_UNCERTIFIED,NO_GUARDS_OR_FINAL_CERTIFICATION,3,true,true,4.14447936810e-07,false,false,false,false,0,NaN,1667,0.168797507707|0.168797507707|0.0532141363754|0.168797507715|0.168797507748
621,VALID_CAMPAIGN,NEAR_JOINT_LIMIT,-7771552849850156204,5,PRISMATIC_ONLY,0.260000000000,-0.574999994450,1.74499998890,GUARDED_PRODUCTION,true,true,SUCCESS_WITH_WARNING,CRITICAL_SINGULARITY_DAMPED,144,true,true,2.19480241912e-07,false,false,false,false,0,Infinity,322708,0.436249997088|0.436249997088|0.574999774970|0.436249997087|0.436249997087
621,VALID_CAMPAIGN,NEAR_JOINT_LIMIT,-7771552849850156204,5,PRISMATIC_ONLY,0.260000000000,-0.574999994450,1.74499998890,UNGUARDED_REFERENCE,true,true,CONVERGED_UNCERTIFIED,NO_GUARDS_OR_FINAL_CERTIFICATION,3,true,true,8.84837581772e-07,false,false,false,false,0,NaN,1709,0.436249969050|0.436249969050|0.574999116817|0.436249969058|0.436249969061
622,VALID_CAMPAIGN,NEAR_SINGULARITY,-9165603804761896338,5,PRISMATIC_ONLY,0.260000000000,-0.297500005550,1.19000000000,GUARDED_PRODUCTION,true,true,SUCCESS_WITH_WARNING,CRITICAL_SINGULARITY_DAMPED,76,true,true,3.32319402511e-07,false,false,false,false,0,Infinity,175375,0.297500000395|0.297500000395|0.297500337866|0.297500000396|0.297500000397
622,VALID_CAMPAIGN,NEAR_SINGULARITY,-9165603804761896338,5,PRISMATIC_ONLY,0.260000000000,-0.297500005550,1.19000000000,UNGUARDED_REFERENCE,true,true,CONVERGED_UNCERTIFIED,NO_GUARDS_OR_FINAL_CERTIFICATION,3,true,true,4.70394429537e-07,false,false,false,false,0,NaN,2125,0.297500014609|0.297500014609|0.297500472298|0.297500014618|0.297500014621
623,VALID_CAMPAIGN,MICRO_MOTION,-1771241943716889025,5,PRISMATIC_ONLY,0.260000000000,-0.297500061050,1.19000000000,GUARDED_PRODUCTION,true,true,SUCCESS,NONE,1,true,true,2.76820158658e-07,false,false,false,false,0,NaN,3958,0.297500000395|0.297500000395|0.297500337866|0.297500000396|0.297500000397
623,VALID_CAMPAIGN,MICRO_MOTION,-1771241943716889025,5,PRISMATIC_ONLY,0.260000000000,-0.297500061050,1.19000000000,UNGUARDED_REFERENCE,true,true,CONVERGED_UNCERTIFIED,NO_GUARDS_OR_FINAL_CERTIFICATION,1,true,true,4.15381926958e-07,false,false,false,false,0,NaN,500,0.297500014609|0.297500014609|0.297500472298|0.297500014618|0.297500014621
624,VALID_CAMPAIGN,UNIFORM,5553602810658899674,5,PRISMATIC_ONLY,0.260000000000,-0.296476533962,1.38195002656,GUARDED_PRODUCTION,true,true,SUCCESS_WITH_WARNING,CRITICAL_SINGULARITY_DAMPED,21,true,true,1.10526881132e-07,false,false,false,false,0,Infinity,51000,0.345487481295|0.345487481295|0.296476578011|0.345487481298|0.345487481299
624,VALID_CAMPAIGN,UNIFORM,5553602810658899674,5,PRISMATIC_ONLY,0.260000000000,-0.296476533962,1.38195002656,UNGUARDED_REFERENCE,true,true,CONVERGED_UNCERTIFIED,NO_GUARDS_OR_FINAL_CERTIFICATION,3,true,true,2.02910343839e-08,false,false,false,false,0,NaN,1959,0.345487501580|0.345487501580|0.296476535684|0.345487501588|0.345487501591
625,VALID_CAMPAIGN,NEAR_JOINT_LIMIT,732106609033835954,5,PRISMATIC_ONLY,0.260000000000,-0.0200000055500,0.635000011100,GUARDED_PRODUCTION,true,true,SUCCESS_WITH_WARNING,CRITICAL_SINGULARITY_DAMPED,89,true,true,7.69947179101e-07,false,false,false,false,0,Infinity,200500,0.158750004145|0.158750004145|0.0200007754776|0.158750004151|0.158750004147
625,VALID_CAMPAIGN,NEAR_JOINT_LIMIT,732106609033835954,5,PRISMATIC_ONLY,0.260000000000,-0.0200000055500,0.635000011100,UNGUARDED_REFERENCE,true,true,CONVERGED_UNCERTIFIED,NO_GUARDS_OR_FINAL_CERTIFICATION,3,true,true,4.71636307020e-07,false,false,false,false,0,NaN,2000,0.158750022449|0.158750022449|0.0200004705780|0.158750022458|0.158750022419
626,VALID_CAMPAIGN,NEAR_SINGULARITY,-3346665662555024561,5,PRISMATIC_ONLY,0.260000000000,-0.297500005550,1.19000000000,GUARDED_PRODUCTION,true,true,SUCCESS_WITH_WARNING,CRITICAL_SINGULARITY_DAMPED,76,true,true,3.32260090220e-07,false,false,false,false,0,Infinity,169375,0.297499999602|0.297499999602|0.297499673294|0.297499999609|0.297499999605
626,VALID_CAMPAIGN,NEAR_SINGULARITY,-3346665662555024561,5,PRISMATIC_ONLY,0.260000000000,-0.297500005550,1.19000000000,UNGUARDED_REFERENCE,true,true,CONVERGED_UNCERTIFIED,NO_GUARDS_OR_FINAL_CERTIFICATION,3,true,true,4.70395128488e-07,false,false,false,false,0,NaN,2084,0.297499985383|0.297499985383|0.297499538801|0.297499985407|0.297499985369
627,VALID_CAMPAIGN,MICRO_MOTION,7776208524430502872,5,PRISMATIC_ONLY,0.260000000000,-0.297500061050,1.19000000000,GUARDED_PRODUCTION,true,true,SUCCESS,NONE,1,true,true,3.87759550568e-07,false,false,false,false,0,NaN,3417,0.297499999602|0.297499999602|0.297499673294|0.297499999609|0.297499999605
627,VALID_CAMPAIGN,MICRO_MOTION,7776208524430502872,5,PRISMATIC_ONLY,0.260000000000,-0.297500061050,1.19000000000,UNGUARDED_REFERENCE,true,true,CONVERGED_UNCERTIFIED,NO_GUARDS_OR_FINAL_CERTIFICATION,1,true,true,5.25510160701e-07,false,false,false,false,0,NaN,542,0.297499985383|0.297499985383|0.297499538801|0.297499985407|0.297499985369
628,VALID_CAMPAIGN,UNIFORM,-1395954293678401572,5,PRISMATIC_ONLY,0.260000000000,-0.432407683621,0.958432542546,GUARDED_PRODUCTION,true,true,SUCCESS_WITH_WARNING,CRITICAL_SINGULARITY_DAMPED,36,true,true,8.94815960089e-07,false,false,false,false,0,Infinity,82166,0.239608137120|0.239608137120|0.432406788825|0.239608137128|0.239608137124
628,VALID_CAMPAIGN,UNIFORM,-1395954293678401572,5,PRISMATIC_ONLY,0.260000000000,-0.432407683621,0.958432542546,UNGUARDED_REFERENCE,true,true,CONVERGED_UNCERTIFIED,NO_GUARDS_OR_FINAL_CERTIFICATION,3,true,true,2.28219896787e-07,false,false,false,false,0,NaN,1709,0.239608141732|0.239608141732|0.432407456709|0.239608141756|0.239608141717
629,VALID_CAMPAIGN,NEAR_JOINT_LIMIT,-318871119155765596,5,PRISMATIC_ONLY,0.260000000000,-0.574999994450,1.19000000000,GUARDED_PRODUCTION,true,true,SUCCESS_WITH_WARNING,CRITICAL_SINGULARITY_DAMPED,38,true,true,1.36141374981e-07,false,false,false,false,0,Infinity,86875,0.297499999904|0.297499999904|0.574999858309|0.297499999913|0.297499999910
629,VALID_CAMPAIGN,NEAR_JOINT_LIMIT,-318871119155765596,5,PRISMATIC_ONLY,0.260000000000,-0.574999994450,1.19000000000,UNGUARDED_REFERENCE,true,true,CONVERGED_UNCERTIFIED,NO_GUARDS_OR_FINAL_CERTIFICATION,3,true,true,2.41074834304e-07,false,false,false,false,0,NaN,1791,0.297499993900|0.297499993900|0.574999754612|0.297499993924|0.297499993885
630,VALID_CAMPAIGN,NEAR_SINGULARITY,-6271056591867758111,5,PRISMATIC_ONLY,0.260000000000,-0.297500005550,1.19000000000,GUARDED_PRODUCTION,true,true,SUCCESS_WITH_WARNING,CRITICAL_SINGULARITY_DAMPED,54,true,true,9.68455473260e-07,false,false,false,false,0,Infinity,121708,0.297499999996|0.297499999996|0.297500974005|0.297500000005|0.297500000002
630,VALID_CAMPAIGN,NEAR_SINGULARITY,-6271056591867758111,5,PRISMATIC_ONLY,0.260000000000,-0.297500005550,1.19000000000,UNGUARDED_REFERENCE,true,true,CONVERGED_UNCERTIFIED,NO_GUARDS_OR_FINAL_CERTIFICATION,3,true,true,4.66749037698e-07,false,false,false,false,0,NaN,1708,0.297499999998|0.297499999998|0.297500472299|0.297500000021|0.297499999983
631,VALID_CAMPAIGN,MICRO_MOTION,-2602879461277633278,5,PRISMATIC_ONLY,0.260000000000,-0.297500061050,1.19000000000,GUARDED_PRODUCTION,true,true,SUCCESS,NONE,1,true,true,9.12955473276e-07,false,false,false,false,0,NaN,3584,0.297499999996|0.297499999996|0.297500974005|0.297500000005|0.297500000002
631,VALID_CAMPAIGN,MICRO_MOTION,-2602879461277633278,5,PRISMATIC_ONLY,0.260000000000,-0.297500061050,1.19000000000,UNGUARDED_REFERENCE,true,true,CONVERGED_UNCERTIFIED,NO_GUARDS_OR_FINAL_CERTIFICATION,1,true,true,4.11249037713e-07,false,false,false,false,0,NaN,500,0.297499999998|0.297499999998|0.297500472299|0.297500000021|0.297499999983
632,VALID_CAMPAIGN,UNIFORM,7290009870030886346,5,PRISMATIC_ONLY,0.260000000000,-0.172895641618,1.55908407716,GUARDED_PRODUCTION,true,true,SUCCESS_WITH_WARNING,CRITICAL_SINGULARITY_DAMPED,45,true,true,1.82114102698e-07,false,false,false,false,0,Infinity,105500,0.389771018954|0.389771018954|0.172895823727|0.389771018962|0.389771018958
632,VALID_CAMPAIGN,UNIFORM,7290009870030886346,5,PRISMATIC_ONLY,0.260000000000,-0.172895641618,1.55908407716,UNGUARDED_REFERENCE,true,true,CONVERGED_UNCERTIFIED,NO_GUARDS_OR_FINAL_CERTIFICATION,3,true,true,2.13157776747e-07,false,false,false,false,0,NaN,2042,0.389771009568|0.389771009568|0.172895851201|0.389771009592|0.389771009553
633,VALID_CAMPAIGN,NEAR_JOINT_LIMIT,-8020396966918997,5,PRISMATIC_ONLY,0.260000000000,-0.574999994450,1.19000000000,GUARDED_PRODUCTION,true,true,SUCCESS_WITH_WARNING,CRITICAL_SINGULARITY_DAMPED,84,true,true,9.97149977680e-07,false,false,false,false,0,Infinity,189750,0.297500000686|0.297500000686|0.574998997304|0.297500000696|0.297500000689
633,VALID_CAMPAIGN,NEAR_JOINT_LIMIT,-8020396966918997,5,PRISMATIC_ONLY,0.260000000000,-0.574999994450,1.19000000000,UNGUARDED_REFERENCE,true,true,CONVERGED_UNCERTIFIED,NO_GUARDS_OR_FINAL_CERTIFICATION,3,true,true,6.77447492299e-07,false,false,false,false,0,NaN,1875,0.297500009717|0.297500009717|0.574999318119|0.297500009740|0.297500009702
634,VALID_CAMPAIGN,NEAR_SINGULARITY,-3947758631424745178,5,PRISMATIC_ONLY,0.260000000000,-0.297500005550,1.19000000000,GUARDED_PRODUCTION,true,true,SUCCESS_WITH_WARNING,CRITICAL_SINGULARITY_DAMPED,54,true,true,9.68305226889e-07,false,false,false,false,0,Infinity,178500,0.297499999996|0.297499999996|0.297500973855|0.297500000007|0.297500000000
634,VALID_CAMPAIGN,NEAR_SINGULARITY,-3947758631424745178,5,PRISMATIC_ONLY,0.260000000000,-0.297500005550,1.19000000000,UNGUARDED_REFERENCE,true,true,CONVERGED_UNCERTIFIED,NO_GUARDS_OR_FINAL_CERTIFICATION,3,true,true,4.66748303563e-07,false,false,false,false,0,NaN,3500,0.297499999998|0.297499999998|0.297500472298|0.297500000021|0.297499999983
635,VALID_CAMPAIGN,MICRO_MOTION,7625014023849773701,5,PRISMATIC_ONLY,0.260000000000,-0.297500061050,1.19000000000,GUARDED_PRODUCTION,true,true,SUCCESS,NONE,1,true,true,9.12805226905e-07,false,false,false,false,0,NaN,13709,0.297499999996|0.297499999996|0.297500973855|0.297500000007|0.297500000000
635,VALID_CAMPAIGN,MICRO_MOTION,7625014023849773701,5,PRISMATIC_ONLY,0.260000000000,-0.297500061050,1.19000000000,UNGUARDED_REFERENCE,true,true,CONVERGED_UNCERTIFIED,NO_GUARDS_OR_FINAL_CERTIFICATION,1,true,true,4.11248303578e-07,false,false,false,false,0,NaN,667,0.297499999998|0.297499999998|0.297500472298|0.297500000021|0.297499999983
636,VALID_CAMPAIGN,UNIFORM,-5380860113102883352,5,PRISMATIC_ONLY,0.260000000000,-0.105454618658,1.07173666667,GUARDED_PRODUCTION,true,true,SUCCESS_WITH_WARNING,CRITICAL_SINGULARITY_DAMPED,41,true,true,2.10716801758e-07,false,false,false,false,0,Infinity,94583,0.267934166736|0.267934166736|0.105454829374|0.267934166747|0.267934166740
636,VALID_CAMPAIGN,UNIFORM,-5380860113102883352,5,PRISMATIC_ONLY,0.260000000000,-0.105454618658,1.07173666667,UNGUARDED_REFERENCE,true,true,CONVERGED_UNCERTIFIED,NO_GUARDS_OR_FINAL_CERTIFICATION,3,true,true,3.23257375429e-07,false,false,false,false,0,NaN,1875,0.267934169776|0.267934169776|0.105454941675|0.267934169806|0.267934169767
637,VALID_CAMPAIGN,NEAR_JOINT_LIMIT,-7688544683606646694,5,PRISMATIC_ONLY,0.260000000000,-0.0200000055500,0.0800000222000,GUARDED_PRODUCTION,true,true,SUCCESS_WITH_WARNING,CRITICAL_SINGULARITY_DAMPED,95,true,true,3.19457853778e-07,false,false,false,false,0,Infinity,216625,0.0200000078399|0.0200000078399|0.0200003248761|0.0200000078500|0.0200000078448
637,VALID_CAMPAIGN,NEAR_JOINT_LIMIT,-7688544683606646694,5,PRISMATIC_ONLY,0.260000000000,-0.0200000055500,0.0800000222000,UNGUARDED_REFERENCE,true,true,CONVERGED_UNCERTIFIED,NO_GUARDS_OR_FINAL_CERTIFICATION,3,true,true,1.77681810645e-07,false,false,false,false,0,NaN,2042,0.0200000316590|0.0200000316590|0.0200001492835|0.0200000316893|0.0200000316508
638,VALID_CAMPAIGN,NEAR_SINGULARITY,3828405218353947251,5,PRISMATIC_ONLY,0.260000000000,-0.297500005550,1.19000000000,GUARDED_PRODUCTION,true,true,SUCCESS_WITH_WARNING,CRITICAL_SINGULARITY_DAMPED,118,true,true,7.47456879873e-07,false,false,false,false,0,Infinity,260125,0.297499998368|0.297499998368|0.297499258122|0.297499998378|0.297499998372
638,VALID_CAMPAIGN,NEAR_SINGULARITY,3828405218353947251,5,PRISMATIC_ONLY,0.260000000000,-0.297500005550,1.19000000000,UNGUARDED_REFERENCE,true,true,CONVERGED_UNCERTIFIED,NO_GUARDS_OR_FINAL_CERTIFICATION,3,true,true,4.81169262821e-07,false,false,false,false,0,NaN,2042,0.297499970766|0.297499970766|0.297499538801|0.297499970796|0.297499970758
639,VALID_CAMPAIGN,MICRO_MOTION,-698788393456090823,5,PRISMATIC_ONLY,0.260000000000,-0.297500061050,1.19000000000,GUARDED_PRODUCTION,true,true,SUCCESS,NONE,1,true,true,8.02954918132e-07,false,false,false,false,0,NaN,6750,0.297499998368|0.297499998368|0.297499258122|0.297499998378|0.297499998372
639,VALID_CAMPAIGN,MICRO_MOTION,-698788393456090823,5,PRISMATIC_ONLY,0.260000000000,-0.297500061050,1.19000000000,UNGUARDED_REFERENCE,true,true,CONVERGED_UNCERTIFIED,NO_GUARDS_OR_FINAL_CERTIFICATION,1,true,true,5.35175925806e-07,false,false,false,false,0,NaN,500,0.297499970766|0.297499970766|0.297499538801|0.297499970796|0.297499970758
640,VALID_CAMPAIGN,UNIFORM,-7468028129725318051,5,PRISMATIC_ONLY,0.260000000000,-0.233411481987,0.853159803730,GUARDED_PRODUCTION,true,true,SUCCESS_WITH_WARNING,CRITICAL_SINGULARITY_DAMPED,37,true,true,2.57691647147e-07,false,false,false,false,0,Infinity,82333,0.213289952082|0.213289952082|0.233411739638|0.213289952091|0.213289952085
640,VALID_CAMPAIGN,UNIFORM,-7468028129725318051,5,PRISMATIC_ONLY,0.260000000000,-0.233411481987,0.853159803730,UNGUARDED_REFERENCE,true,true,CONVERGED_UNCERTIFIED,NO_GUARDS_OR_FINAL_CERTIFICATION,3,true,true,1.13483372157e-07,false,false,false,false,0,NaN,1750,0.213289959797|0.213289959797|0.233411589782|0.213289959827|0.213289959789
641,VALID_CAMPAIGN,NEAR_JOINT_LIMIT,-4721725509754198085,5,PRISMATIC_ONLY,0.260000000000,-0.0200000055500,1.19000000000,GUARDED_PRODUCTION,true,true,SUCCESS_WITH_WARNING,CRITICAL_SINGULARITY_DAMPED,54,true,true,1.24535930356e-07,false,false,false,false,0,Infinity,125125,0.297499999935|0.297499999935|0.0200001300857|0.297499999943|0.297499999938
641,VALID_CAMPAIGN,NEAR_JOINT_LIMIT,-4721725509754198085,5,PRISMATIC_ONLY,0.260000000000,-0.0200000055500,1.19000000000,UNGUARDED_REFERENCE,true,true,CONVERGED_UNCERTIFIED,NO_GUARDS_OR_FINAL_CERTIFICATION,3,true,true,3.60703123994e-07,false,false,false,false,0,NaN,2000,0.297499991129|0.297499991129|0.0200003645040|0.297499991150|0.297499991112
642,VALID_CAMPAIGN,NEAR_SINGULARITY,-4082522082379698002,5,PRISMATIC_ONLY,0.260000000000,-0.297500005550,1.19000000000,GUARDED_PRODUCTION,true,true,SUCCESS_WITH_WARNING,CRITICAL_SINGULARITY_DAMPED,54,true,true,9.68459435369e-07,false,false,false,false,0,Infinity,124125,0.297499999997|0.297499999997|0.297499037091|0.297500000005|0.297500000000
642,VALID_CAMPAIGN,NEAR_SINGULARITY,-4082522082379698002,5,PRISMATIC_ONLY,0.260000000000,-0.297500005550,1.19000000000,UNGUARDED_REFERENCE,true,true,CONVERGED_UNCERTIFIED,NO_GUARDS_OR_FINAL_CERTIFICATION,3,true,true,4.66748846073e-07,false,false,false,false,0,NaN,1708,0.297499999999|0.297499999999|0.297499538801|0.297500000020|0.297499999982
643,VALID_CAMPAIGN,MICRO_MOTION,1726046474825112267,5,PRISMATIC_ONLY,0.260000000000,-0.297500061050,1.19000000000,GUARDED_PRODUCTION,true,true,SUCCESS_WITH_WARNING,CRITICAL_SINGULARITY_DAMPED,2,true,true,1.17688032208e-07,false,false,false,false,0,Infinity,6042,0.297499999997|0.297499999997|0.297499943362|0.297500000005|0.297500000000
643,VALID_CAMPAIGN,MICRO_MOTION,1726046474825112267,5,PRISMATIC_ONLY,0.260000000000,-0.297500061050,1.19000000000,UNGUARDED_REFERENCE,true,true,CONVERGED_UNCERTIFIED,NO_GUARDS_OR_FINAL_CERTIFICATION,1,true,true,5.22248846058e-07,false,false,false,false,0,NaN,542,0.297499999999|0.297499999999|0.297499538801|0.297500000020|0.297499999982
644,VALID_CAMPAIGN,UNIFORM,333252454016718539,5,PRISMATIC_ONLY,0.260000000000,-0.194984115152,1.23756932340,GUARDED_PRODUCTION,true,true,SUCCESS_WITH_WARNING,CRITICAL_SINGULARITY_DAMPED,23,true,true,9.22987403188e-07,false,false,false,false,0,Infinity,53042,0.309392330420|0.309392330420|0.194985038138|0.309392330428|0.309392330422
644,VALID_CAMPAIGN,UNIFORM,333252454016718539,5,PRISMATIC_ONLY,0.260000000000,-0.194984115152,1.23756932340,UNGUARDED_REFERENCE,true,true,CONVERGED_UNCERTIFIED,NO_GUARDS_OR_FINAL_CERTIFICATION,3,true,true,1.72501672582e-07,false,false,false,false,0,NaN,1750,0.309392329595|0.309392329595|0.194984287581|0.309392329618|0.309392329577
645,VALID_CAMPAIGN,NEAR_JOINT_LIMIT,-7169141418805375531,5,PRISMATIC_ONLY,0.260000000000,-0.574999994450,2.29999997780,GUARDED_PRODUCTION,true,true,SUCCESS_WITH_WARNING,CRITICAL_SINGULARITY_DAMPED,125,true,true,7.40832934923e-07,false,false,false,false,0,Infinity,286167,0.574999993378|0.574999993378|0.574999253629|0.574999993385|0.574999993377
645,VALID_CAMPAIGN,NEAR_JOINT_LIMIT,-7169141418805375531,5,PRISMATIC_ONLY,0.260000000000,-0.574999994450,2.29999997780,UNGUARDED_REFERENCE,true,true,CONVERGED_UNCERTIFIED,NO_GUARDS_OR_FINAL_CERTIFICATION,3,true,true,6.48900740068e-07,false,false,false,false,0,NaN,1750,0.574999966472|0.574999966472|0.574999355271|0.574999966496|0.574999966455
646,VALID_CAMPAIGN,NEAR_SINGULARITY,4476071983788096615,5,PRISMATIC_ONLY,0.260000000000,-0.297500005550,1.19000000000,GUARDED_PRODUCTION,true,true,SUCCESS_WITH_WARNING,CRITICAL_SINGULARITY_DAMPED,118,true,true,7.47427972925e-07,false,false,false,false,0,Infinity,266500,0.297500001629|0.297500001629|0.297500752950|0.297500001633|0.297500001622
646,VALID_CAMPAIGN,NEAR_SINGULARITY,4476071983788096615,5,PRISMATIC_ONLY,0.260000000000,-0.297500005550,1.19000000000,UNGUARDED_REFERENCE,true,true,CONVERGED_UNCERTIFIED,NO_GUARDS_OR_FINAL_CERTIFICATION,3,true,true,4.81168477354e-07,false,false,false,false,0,NaN,1667,0.297500029227|0.297500029227|0.297500472298|0.297500029251|0.297500029210
647,VALID_CAMPAIGN,MICRO_MOTION,-1988479697737336765,5,PRISMATIC_ONLY,0.260000000000,-0.297500061050,1.19000000000,GUARDED_PRODUCTION,true,true,SUCCESS,NONE,1,true,true,6.91930249336e-07,false,false,false,false,0,NaN,3417,0.297500001629|0.297500001629|0.297500752950|0.297500001633|0.297500001622
647,VALID_CAMPAIGN,MICRO_MOTION,-1988479697737336765,5,PRISMATIC_ONLY,0.260000000000,-0.297500061050,1.19000000000,UNGUARDED_REFERENCE,true,true,CONVERGED_UNCERTIFIED,NO_GUARDS_OR_FINAL_CERTIFICATION,1,true,true,4.27544483048e-07,false,false,false,false,0,NaN,583,0.297500029227|0.297500029227|0.297500472298|0.297500029251|0.297500029210
648,VALID_CAMPAIGN,UNIFORM,3346096415825722380,5,PRISMATIC_ONLY,0.260000000000,-0.517247701488,1.60676457498,GUARDED_PRODUCTION,true,true,SUCCESS_WITH_WARNING,CRITICAL_SINGULARITY_DAMPED,59,true,true,6.96201570205e-07,false,false,false,false,0,Infinity,134041,0.401691142682|0.401691142682|0.517247005299|0.401691142682|0.401691142672
648,VALID_CAMPAIGN,UNIFORM,3346096415825722380,5,PRISMATIC_ONLY,0.260000000000,-0.517247701488,1.60676457498,UNGUARDED_REFERENCE,true,true,CONVERGED_UNCERTIFIED,NO_GUARDS_OR_FINAL_CERTIFICATION,3,true,true,3.72208073351e-07,false,false,false,false,0,NaN,1792,0.401691132769|0.401691132769|0.517247331878|0.401691132792|0.401691132751
649,VALID_CAMPAIGN,NEAR_JOINT_LIMIT,5331779647984808414,5,PRISMATIC_ONLY,0.260000000000,-0.574999994450,1.19000000000,GUARDED_PRODUCTION,true,true,SUCCESS_WITH_WARNING,CRITICAL_SINGULARITY_DAMPED,43,true,true,3.78560164225e-07,false,false,false,false,0,Infinity,99458,0.297500002492|0.297500002492|0.574999616021|0.297500002494|0.297500002483
649,VALID_CAMPAIGN,NEAR_JOINT_LIMIT,5331779647984808414,5,PRISMATIC_ONLY,0.260000000000,-0.574999994450,1.19000000000,UNGUARDED_REFERENCE,true,true,CONVERGED_UNCERTIFIED,NO_GUARDS_OR_FINAL_CERTIFICATION,3,true,true,1.06596974243e-07,false,false,false,false,0,NaN,2000,0.297500010973|0.297500010973|0.574999897311|0.297500010996|0.297500010955
650,VALID_CAMPAIGN,NEAR_SINGULARITY,6212684154198599079,5,PRISMATIC_ONLY,0.260000000000,-0.297500005550,1.19000000000,GUARDED_PRODUCTION,true,true,SUCCESS_WITH_WARNING,CRITICAL_SINGULARITY_DAMPED,54,true,true,9.68413193692e-07,false,false,false,false,0,Infinity,123208,0.297500000002|0.297500000002|0.297500973963|0.297500000004|0.297499999993
650,VALID_CAMPAIGN,NEAR_SINGULARITY,6212684154198599079,5,PRISMATIC_ONLY,0.260000000000,-0.297500005550,1.19000000000,UNGUARDED_REFERENCE,true,true,CONVERGED_UNCERTIFIED,NO_GUARDS_OR_FINAL_CERTIFICATION,3,true,true,4.66749277728e-07,false,false,false,false,0,NaN,1791,0.297499999998|0.297499999998|0.297500472299|0.297500000022|0.297499999981
651,VALID_CAMPAIGN,MICRO_MOTION,-206778950410426101,5,PRISMATIC_ONLY,0.260000000000,-0.297500061050,1.19000000000,GUARDED_PRODUCTION,true,true,SUCCESS,NONE,1,true,true,9.12913193707e-07,false,false,false,false,0,NaN,3584,0.297500000002|0.297500000002|0.297500973963|0.297500000004|0.297499999993
651,VALID_CAMPAIGN,MICRO_MOTION,-206778950410426101,5,PRISMATIC_ONLY,0.260000000000,-0.297500061050,1.19000000000,UNGUARDED_REFERENCE,true,true,CONVERGED_UNCERTIFIED,NO_GUARDS_OR_FINAL_CERTIFICATION,1,true,true,4.11249277743e-07,false,false,false,false,0,NaN,500,0.297499999998|0.297499999998|0.297500472299|0.297500000022|0.297499999981
652,VALID_CAMPAIGN,UNIFORM,7252916738999281698,5,PRISMATIC_ONLY,0.260000000000,-0.328818218260,0.988983141254,GUARDED_PRODUCTION,true,true,SUCCESS_WITH_WARNING,CRITICAL_SINGULARITY_DAMPED,23,true,true,3.67590592103e-07,false,false,false,false,0,Infinity,54417,0.247245787754|0.247245787754|0.328817850799|0.247245787756|0.247245787746
652,VALID_CAMPAIGN,UNIFORM,7252916738999281698,5,PRISMATIC_ONLY,0.260000000000,-0.328818218260,0.988983141254,UNGUARDED_REFERENCE,true,true,CONVERGED_UNCERTIFIED,NO_GUARDS_OR_FINAL_CERTIFICATION,3,true,true,5.67717421952e-08,false,false,false,false,0,NaN,1667,0.247245790605|0.247245790605|0.328818165584|0.247245790629|0.247245790588
653,VALID_CAMPAIGN,NEAR_JOINT_LIMIT,-8446576639477228650,5,PRISMATIC_ONLY,0.260000000000,-0.0200000055500,1.19000000000,GUARDED_PRODUCTION,true,true,SUCCESS_WITH_WARNING,CRITICAL_SINGULARITY_DAMPED,63,true,true,5.41128133252e-07,false,false,false,false,0,Infinity,146541,0.297499999732|0.297499999732|0.0200005466771|0.297499999734|0.297499999724
653,VALID_CAMPAIGN,NEAR_JOINT_LIMIT,-8446576639477228650,5,PRISMATIC_ONLY,0.260000000000,-0.0200000055500,1.19000000000,UNGUARDED_REFERENCE,true,true,CONVERGED_UNCERTIFIED,NO_GUARDS_OR_FINAL_CERTIFICATION,3,true,true,5.19857311406e-07,false,false,false,false,0,NaN,1750,0.297499994707|0.297499994707|0.0200005249760|0.297499994730|0.297499994684
654,VALID_CAMPAIGN,NEAR_SINGULARITY,6996705172244808475,5,PRISMATIC_ONLY,0.260000000000,-0.297500005550,1.19000000000,GUARDED_PRODUCTION,true,true,SUCCESS_WITH_WARNING,CRITICAL_SINGULARITY_DAMPED,54,true,true,9.68386739686e-07,false,false,false,false,0,Infinity,121750,0.297500000002|0.297500000002|0.297499037163|0.297500000003|0.297499999994
654,VALID_CAMPAIGN,NEAR_SINGULARITY,6996705172244808475,5,PRISMATIC_ONLY,0.260000000000,-0.297500005550,1.19000000000,UNGUARDED_REFERENCE,true,true,CONVERGED_UNCERTIFIED,NO_GUARDS_OR_FINAL_CERTIFICATION,3,true,true,4.66748576178e-07,false,false,false,false,0,NaN,1709,0.297500000000|0.297500000000|0.297499538801|0.297500000023|0.297499999977
655,VALID_CAMPAIGN,MICRO_MOTION,7940698808244275249,5,PRISMATIC_ONLY,0.260000000000,-0.297500061050,1.19000000000,GUARDED_PRODUCTION,true,true,SUCCESS_WITH_WARNING,CRITICAL_SINGULARITY_DAMPED,2,true,true,1.17679677003e-07,false,false,false,false,0,Infinity,6541,0.297500000002|0.297500000002|0.297499943370|0.297500000003|0.297499999994
655,VALID_CAMPAIGN,MICRO_MOTION,7940698808244275249,5,PRISMATIC_ONLY,0.260000000000,-0.297500061050,1.19000000000,UNGUARDED_REFERENCE,true,true,CONVERGED_UNCERTIFIED,NO_GUARDS_OR_FINAL_CERTIFICATION,1,true,true,5.22248576162e-07,false,false,false,false,0,NaN,542,0.297500000000|0.297500000000|0.297499538801|0.297500000023|0.297499999977
656,VALID_CAMPAIGN,UNIFORM,1981402390243291397,5,PRISMATIC_ONLY,0.260000000000,-0.333697495443,1.09243734964,GUARDED_PRODUCTION,true,true,SUCCESS_WITH_WARNING,CRITICAL_SINGULARITY_DAMPED,15,true,true,6.45162391591e-07,false,false,false,false,0,Infinity,37166,0.273109339276|0.273109339276|0.333696850324|0.273109339278|0.273109339268
656,VALID_CAMPAIGN,UNIFORM,1981402390243291397,5,PRISMATIC_ONLY,0.260000000000,-0.333697495443,1.09243734964,UNGUARDED_REFERENCE,true,true,CONVERGED_UNCERTIFIED,NO_GUARDS_OR_FINAL_CERTIFICATION,3,true,true,6.17453581433e-08,false,false,false,false,0,NaN,1792,0.273109339979|0.273109339979|0.333697434559|0.273109340003|0.273109339956
657,VALID_CAMPAIGN,NEAR_JOINT_LIMIT,6817873511498626180,5,PRISMATIC_ONLY,0.260000000000,-0.574999994450,0.635000011100,GUARDED_PRODUCTION,true,true,SUCCESS_WITH_WARNING,CRITICAL_SINGULARITY_DAMPED,65,true,true,2.38001326409e-07,false,false,false,false,0,Infinity,147708,0.158750003030|0.158750003030|0.574999756451|0.158750003031|0.158750003021
657,VALID_CAMPAIGN,NEAR_JOINT_LIMIT,6817873511498626180,5,PRISMATIC_ONLY,0.260000000000,-0.574999994450,0.635000011100,UNGUARDED_REFERENCE,true,true,CONVERGED_UNCERTIFIED,NO_GUARDS_OR_FINAL_CERTIFICATION,3,true,true,4.08715930011e-07,false,false,false,false,0,NaN,1917,0.158750014820|0.158750014820|0.574999588584|0.158750014844|0.158750014797
658,VALID_CAMPAIGN,NEAR_SINGULARITY,-4818222997104153865,5,PRISMATIC_ONLY,0.260000000000,-0.297500005550,1.19000000000,GUARDED_PRODUCTION,true,true,SUCCESS_WITH_WARNING,CRITICAL_SINGULARITY_DAMPED,76,true,true,3.32317349670e-07,false,false,false,false,0,Infinity,175958,0.297499999606|0.297499999606|0.297500337864|0.297499999607|0.297499999597
658,VALID_CAMPAIGN,NEAR_SINGULARITY,-4818222997104153865,5,PRISMATIC_ONLY,0.260000000000,-0.297500005550,1.19000000000,UNGUARDED_REFERENCE,true,true,CONVERGED_UNCERTIFIED,NO_GUARDS_OR_FINAL_CERTIFICATION,3,true,true,4.70395223954e-07,false,false,false,false,0,NaN,1833,0.297499985386|0.297499985386|0.297500472299|0.297499985409|0.297499985362
659,VALID_CAMPAIGN,MICRO_MOTION,-971894779302009269,5,PRISMATIC_ONLY,0.260000000000,-0.297500061050,1.19000000000,GUARDED_PRODUCTION,true,true,SUCCESS,NONE,1,true,true,2.76818105814e-07,false,false,false,false,0,NaN,3625,0.297499999606|0.297499999606|0.297500337864|0.297499999607|0.297499999597
659,VALID_CAMPAIGN,MICRO_MOTION,-971894779302009269,5,PRISMATIC_ONLY,0.260000000000,-0.297500061050,1.19000000000,UNGUARDED_REFERENCE,true,true,CONVERGED_UNCERTIFIED,NO_GUARDS_OR_FINAL_CERTIFICATION,1,true,true,4.15382720561e-07,false,false,false,false,0,NaN,541,0.297499985386|0.297499985386|0.297500472299|0.297499985409|0.297499985362
660,VALID_CAMPAIGN,UNIFORM,-2603260404492626281,5,PRISMATIC_ONLY,0.260000000000,-0.281376354608,1.23889324577,GUARDED_PRODUCTION,true,true,SUCCESS_WITH_WARNING,CRITICAL_SINGULARITY_DAMPED,10,true,true,1.99888065315e-07,false,false,false,false,0,Infinity,25875,0.309723310908|0.309723310908|0.281376554484|0.309723310908|0.309723310898
660,VALID_CAMPAIGN,UNIFORM,-2603260404492626281,5,PRISMATIC_ONLY,0.260000000000,-0.281376354608,1.23889324577,UNGUARDED_REFERENCE,true,true,CONVERGED_UNCERTIFIED,NO_GUARDS_OR_FINAL_CERTIFICATION,3,true,true,2.76050619871e-08,false,false,false,false,0,NaN,2208,0.309723310153|0.309723310153|0.281376381728|0.309723310179|0.309723310132
661,VALID_CAMPAIGN,NEAR_JOINT_LIMIT,-4473675953472565575,5,PRISMATIC_ONLY,0.260000000000,-0.0200000055500,1.74499998890,GUARDED_PRODUCTION,true,true,SUCCESS_WITH_WARNING,CRITICAL_SINGULARITY_DAMPED,70,true,true,8.92662565737e-07,false,false,false,false,0,Infinity,186625,0.436249995882|0.436249995882|0.0200008981964|0.436249995884|0.436249995874
661,VALID_CAMPAIGN,NEAR_JOINT_LIMIT,-4473675953472565575,5,PRISMATIC_ONLY,0.260000000000,-0.0200000055500,1.74499998890,UNGUARDED_REFERENCE,true,true,CONVERGED_UNCERTIFIED,NO_GUARDS_OR_FINAL_CERTIFICATION,3,true,true,4.42849949267e-07,false,false,false,false,0,NaN,2541,0.436249983897|0.436249983897|0.0200004451798|0.436249983923|0.436249983876
662,VALID_CAMPAIGN,NEAR_SINGULARITY,-5643956733786378009,5,PRISMATIC_ONLY,0.260000000000,-0.297500005550,1.19000000000,GUARDED_PRODUCTION,true,true,SUCCESS_WITH_WARNING,CRITICAL_SINGULARITY_DAMPED,76,true,true,3.32246663482e-07,false,false,false,false,0,Infinity,175166,0.297500000397|0.297500000397|0.297499673307|0.297500000400|0.297500000390
662,VALID_CAMPAIGN,NEAR_SINGULARITY,-5643956733786378009,5,PRISMATIC_ONLY,0.260000000000,-0.297500005550,1.19000000000,UNGUARDED_REFERENCE,true,true,CONVERGED_UNCERTIFIED,NO_GUARDS_OR_FINAL_CERTIFICATION,3,true,true,4.70395171232e-07,false,false,false,false,0,NaN,1916,0.297500014628|0.297500014628|0.297499538801|0.297500014624|0.297500014577
663,VALID_CAMPAIGN,MICRO_MOTION,-8120874749837343166,5,PRISMATIC_ONLY,0.260000000000,-0.297500061050,1.19000000000,GUARDED_PRODUCTION,true,true,SUCCESS,NONE,1,true,true,3.87746123848e-07,false,false,false,false,0,NaN,4166,0.297500000397|0.297500000397|0.297499673307|0.297500000400|0.297500000390
663,VALID_CAMPAIGN,MICRO_MOTION,-8120874749837343166,5,PRISMATIC_ONLY,0.260000000000,-0.297500061050,1.19000000000,UNGUARDED_REFERENCE,true,true,CONVERGED_UNCERTIFIED,NO_GUARDS_OR_FINAL_CERTIFICATION,1,true,true,5.25510203475e-07,false,false,false,false,0,NaN,541,0.297500014628|0.297500014628|0.297499538801|0.297500014624|0.297500014577
664,VALID_CAMPAIGN,UNIFORM,-557804152140385372,5,PRISMATIC_ONLY,0.260000000000,-0.519995170981,0.659972489426,GUARDED_PRODUCTION,true,true,SUCCESS_WITH_WARNING,CRITICAL_SINGULARITY_DAMPED,67,true,true,6.59246121031e-07,false,false,false,false,0,Infinity,156125,0.164993123542|0.164993123542|0.519994511752|0.164993123545|0.164993123534
664,VALID_CAMPAIGN,UNIFORM,-557804152140385372,5,PRISMATIC_ONLY,0.260000000000,-0.519995170981,0.659972489426,UNGUARDED_REFERENCE,true,true,CONVERGED_UNCERTIFIED,NO_GUARDS_OR_FINAL_CERTIFICATION,3,true,true,3.78374359915e-07,false,false,false,false,0,NaN,2083,0.164993136327|0.164993136327|0.519994796748|0.164993136323|0.164993136276
665,VALID_CAMPAIGN,NEAR_JOINT_LIMIT,3338194361804169518,5,PRISMATIC_ONLY,0.260000000000,-0.574999994450,1.19000000000,GUARDED_PRODUCTION,true,true,SUCCESS_WITH_WARNING,CRITICAL_SINGULARITY_DAMPED,53,true,true,2.63355784116e-07,false,false,false,false,0,Infinity,123333,0.297499997915|0.297499997915|0.574999731227|0.297499997916|0.297499997906
665,VALID_CAMPAIGN,NEAR_JOINT_LIMIT,3338194361804169518,5,PRISMATIC_ONLY,0.260000000000,-0.574999994450,1.19000000000,UNGUARDED_REFERENCE,true,true,CONVERGED_UNCERTIFIED,NO_GUARDS_OR_FINAL_CERTIFICATION,3,true,true,1.08056345056e-07,false,false,false,false,0,NaN,2208,0.297499986061|0.297499986061|0.574999901932|0.297499986056|0.297499985995
666,VALID_CAMPAIGN,NEAR_SINGULARITY,-6403479096932263342,5,PRISMATIC_ONLY,0.260000000000,-0.297500005550,1.19000000000,GUARDED_PRODUCTION,true,true,SUCCESS_WITH_WARNING,CRITICAL_SINGULARITY_DAMPED,54,true,true,9.68433297222e-07,false,false,false,false,0,Infinity,131334,0.297500000002|0.297500000002|0.297500973983|0.297500000003|0.297499999993
666,VALID_CAMPAIGN,NEAR_SINGULARITY,-6403479096932263342,5,PRISMATIC_ONLY,0.260000000000,-0.297500005550,1.19000000000,UNGUARDED_REFERENCE,true,true,CONVERGED_UNCERTIFIED,NO_GUARDS_OR_FINAL_CERTIFICATION,3,true,true,4.66749285499e-07,false,false,false,false,0,NaN,1833,0.297500000018|0.297500000018|0.297500472299|0.297500000013|0.297499999952
667,VALID_CAMPAIGN,MICRO_MOTION,-3393029778394481233,5,PRISMATIC_ONLY,0.260000000000,-0.297500061050,1.19000000000,GUARDED_PRODUCTION,true,true,SUCCESS,NONE,1,true,true,9.12933297237e-07,false,false,false,false,0,NaN,3792,0.297500000002|0.297500000002|0.297500973983|0.297500000003|0.297499999993
667,VALID_CAMPAIGN,MICRO_MOTION,-3393029778394481233,5,PRISMATIC_ONLY,0.260000000000,-0.297500061050,1.19000000000,UNGUARDED_REFERENCE,true,true,CONVERGED_UNCERTIFIED,NO_GUARDS_OR_FINAL_CERTIFICATION,1,true,true,4.11249285515e-07,false,false,false,false,0,NaN,708,0.297500000018|0.297500000018|0.297500472299|0.297500000013|0.297499999952
668,VALID_CAMPAIGN,UNIFORM,516980826554282132,5,PRISMATIC_ONLY,0.260000000000,-0.388394594243,1.42453366574,GUARDED_PRODUCTION,true,true,SUCCESS_WITH_WARNING,CRITICAL_SINGULARITY_DAMPED,31,true,true,5.59565064927e-07,false,false,false,false,0,Infinity,74125,0.356133415072|0.356133415072|0.388394034705|0.356133415074|0.356133415064
668,VALID_CAMPAIGN,UNIFORM,516980826554282132,5,PRISMATIC_ONLY,0.260000000000,-0.388394594243,1.42453366574,UNGUARDED_REFERENCE,true,true,CONVERGED_UNCERTIFIED,NO_GUARDS_OR_FINAL_CERTIFICATION,3,true,true,1.54865027045e-07,false,false,false,false,0,NaN,1709,0.356133410283|0.356133410283|0.388394441361|0.356133410266|0.356133410204
669,VALID_CAMPAIGN,NEAR_JOINT_LIMIT,1986411162656099795,5,PRISMATIC_ONLY,0.260000000000,-0.0200000055500,2.29999997780,GUARDED_PRODUCTION,true,true,SUCCESS_WITH_WARNING,CRITICAL_SINGULARITY_DAMPED,110,true,true,3.28745650401e-07,false,false,false,false,0,Infinity,246875,0.574999994089|0.574999994089|0.0200003342924|0.574999994089|0.574999994077
669,VALID_CAMPAIGN,NEAR_JOINT_LIMIT,1986411162656099795,5,PRISMATIC_ONLY,0.260000000000,-0.0200000055500,2.29999997780,UNGUARDED_REFERENCE,true,true,CONVERGED_UNCERTIFIED,NO_GUARDS_OR_FINAL_CERTIFICATION,3,true,true,6.26455817846e-07,false,false,false,false,0,NaN,1792,0.574999971409|0.574999971409|0.0200006251821|0.574999971392|0.574999971379
670,VALID_CAMPAIGN,NEAR_SINGULARITY,-4002029540253154448,5,PRISMATIC_ONLY,0.260000000000,-0.297500005550,1.19000000000,GUARDED_PRODUCTION,true,true,SUCCESS_WITH_WARNING,CRITICAL_SINGULARITY_DAMPED,118,true,true,7.47456702342e-07,false,false,false,false,0,Infinity,270667,0.297500001629|0.297500001629|0.297499258122|0.297500001635|0.297500001620
670,VALID_CAMPAIGN,NEAR_SINGULARITY,-4002029540253154448,5,PRISMATIC_ONLY,0.260000000000,-0.297500005550,1.19000000000,UNGUARDED_REFERENCE,true,true,CONVERGED_UNCERTIFIED,NO_GUARDS_OR_FINAL_CERTIFICATION,3,true,true,4.81168518226e-07,false,false,false,false,0,NaN,1666,0.297500029241|0.297500029241|0.297499538802|0.297500029223|0.297500029210
671,VALID_CAMPAIGN,MICRO_MOTION,-5598650377367435237,5,PRISMATIC_ONLY,0.260000000000,-0.297500061050,1.19000000000,GUARDED_PRODUCTION,true,true,SUCCESS,NONE,1,true,true,8.02954740600e-07,false,false,false,false,0,NaN,4583,0.297500001629|0.297500001629|0.297499258122|0.297500001635|0.297500001620
671,VALID_CAMPAIGN,MICRO_MOTION,-5598650377367435237,5,PRISMATIC_ONLY,0.260000000000,-0.297500061050,1.19000000000,UNGUARDED_REFERENCE,true,true,CONVERGED_UNCERTIFIED,NO_GUARDS_OR_FINAL_CERTIFICATION,1,true,true,5.35175173344e-07,false,false,false,false,0,NaN,542,0.297500029241|0.297500029241|0.297499538802|0.297500029223|0.297500029210
672,VALID_CAMPAIGN,UNIFORM,-5449794406457566022,5,PRISMATIC_ONLY,0.260000000000,-0.0628471198182,1.09390375565,GUARDED_PRODUCTION,true,true,SUCCESS_WITH_WARNING,CRITICAL_SINGULARITY_DAMPED,48,true,true,1.59769362624e-07,false,false,false,false,0,Infinity,109000,0.273475938939|0.273475938939|0.0628472795876|0.273475938945|0.273475938930
672,VALID_CAMPAIGN,UNIFORM,-5449794406457566022,5,PRISMATIC_ONLY,0.260000000000,-0.0628471198182,1.09390375565,UNGUARDED_REFERENCE,true,true,CONVERGED_UNCERTIFIED,NO_GUARDS_OR_FINAL_CERTIFICATION,3,true,true,3.94810440943e-07,false,false,false,false,0,NaN,2958,0.273475941453|0.273475941453|0.0628475144989|0.273475941435|0.273475941428
673,VALID_CAMPAIGN,NEAR_JOINT_LIMIT,-980059245132182733,5,PRISMATIC_ONLY,0.260000000000,-0.574999994450,1.19000000000,GUARDED_PRODUCTION,true,true,SUCCESS_WITH_WARNING,CRITICAL_SINGULARITY_DAMPED,97,true,true,6.85483853991e-07,false,false,false,false,0,Infinity,216542,0.297499999913|0.297499999913|0.574999308966|0.297499999919|0.297499999904
673,VALID_CAMPAIGN,NEAR_JOINT_LIMIT,-980059245132182733,5,PRISMATIC_ONLY,0.260000000000,-0.574999994450,1.19000000000,UNGUARDED_REFERENCE,true,true,CONVERGED_UNCERTIFIED,NO_GUARDS_OR_FINAL_CERTIFICATION,3,true,true,8.61489726666e-07,false,false,false,false,0,NaN,1708,0.297499997480|0.297499997480|0.574999133020|0.297499997463|0.297499997455
674,VALID_CAMPAIGN,NEAR_SINGULARITY,8276870477105507323,5,PRISMATIC_ONLY,0.260000000000,-0.297500005550,1.19000000000,GUARDED_PRODUCTION,true,true,SUCCESS_WITH_WARNING,CRITICAL_SINGULARITY_DAMPED,54,true,true,9.68359612330e-07,false,false,false,false,0,Infinity,121833,0.297500000001|0.297500000001|0.297500973910|0.297500000007|0.297499999992
674,VALID_CAMPAIGN,NEAR_SINGULARITY,8276870477105507323,5,PRISMATIC_ONLY,0.260000000000,-0.297500005550,1.19000000000,UNGUARDED_REFERENCE,true,true,CONVERGED_UNCERTIFIED,NO_GUARDS_OR_FINAL_CERTIFICATION,3,true,true,4.66747992200e-07,false,false,false,false,0,NaN,2084,0.297500000011|0.297500000011|0.297500472298|0.297499999993|0.297499999986
675,VALID_CAMPAIGN,MICRO_MOTION,-1215780209910133308,5,PRISMATIC_ONLY,0.260000000000,-0.297500061050,1.19000000000,GUARDED_PRODUCTION,true,true,SUCCESS,NONE,1,true,true,9.12859612345e-07,false,false,false,false,0,NaN,3542,0.297500000001|0.297500000001|0.297500973910|0.297500000007|0.297499999992
675,VALID_CAMPAIGN,MICRO_MOTION,-1215780209910133308,5,PRISMATIC_ONLY,0.260000000000,-0.297500061050,1.19000000000,UNGUARDED_REFERENCE,true,true,CONVERGED_UNCERTIFIED,NO_GUARDS_OR_FINAL_CERTIFICATION,1,true,true,4.11247992216e-07,false,false,false,false,0,NaN,500,0.297500000011|0.297500000011|0.297500472298|0.297499999993|0.297499999986
676,VALID_CAMPAIGN,UNIFORM,8993618912855697477,5,PRISMATIC_ONLY,0.260000000000,-0.159952602206,0.535085061595,GUARDED_PRODUCTION,true,true,SUCCESS_WITH_WARNING,CRITICAL_SINGULARITY_DAMPED,69,true,true,2.31483384503e-07,false,false,false,false,0,Infinity,156250,0.133771266075|0.133771266075|0.159952833674|0.133771266080|0.133771266065
676,VALID_CAMPAIGN,UNIFORM,8993618912855697477,5,PRISMATIC_ONLY,0.260000000000,-0.159952602206,0.535085061595,UNGUARDED_REFERENCE,true,true,CONVERGED_UNCERTIFIED,NO_GUARDS_OR_FINAL_CERTIFICATION,3,true,true,2.41417714812e-07,false,false,false,false,0,NaN,1875,0.133771282655|0.133771282655|0.159952833559|0.133771282637|0.133771282630
677,VALID_CAMPAIGN,NEAR_JOINT_LIMIT,-2324803799907932001,5,PRISMATIC_ONLY,0.260000000000,-0.574999994450,0.635000011100,GUARDED_PRODUCTION,true,true,SUCCESS_WITH_WARNING,CRITICAL_SINGULARITY_DAMPED,80,true,true,3.28912380628e-07,false,false,false,false,0,Infinity,179125,0.158750002728|0.158750002728|0.574999665538|0.158750002734|0.158750002719
677,VALID_CAMPAIGN,NEAR_JOINT_LIMIT,-2324803799907932001,5,PRISMATIC_ONLY,0.260000000000,-0.574999994450,0.635000011100,UNGUARDED_REFERENCE,true,true,CONVERGED_UNCERTIFIED,NO_GUARDS_OR_FINAL_CERTIFICATION,3,true,true,6.98180372642e-07,false,false,false,false,0,NaN,2292,0.158750000155|0.158750000155|0.574999296349|0.158750000135|0.158750000130
678,VALID_CAMPAIGN,NEAR_SINGULARITY,-4628891565787499225,5,PRISMATIC_ONLY,0.260000000000,-0.297500005550,1.19000000000,GUARDED_PRODUCTION,true,true,SUCCESS_WITH_WARNING,CRITICAL_SINGULARITY_DAMPED,76,true,true,3.32307465498e-07,false,false,false,false,0,Infinity,176208,0.297499999605|0.297499999605|0.297500337854|0.297499999611|0.297499999596
678,VALID_CAMPAIGN,NEAR_SINGULARITY,-4628891565787499225,5,PRISMATIC_ONLY,0.260000000000,-0.297500005550,1.19000000000,UNGUARDED_REFERENCE,true,true,CONVERGED_UNCERTIFIED,NO_GUARDS_OR_FINAL_CERTIFICATION,3,true,true,4.70394729590e-07,false,false,false,false,0,NaN,1875,0.297499985397|0.297499985397|0.297500472298|0.297499985377|0.297499985372
679,VALID_CAMPAIGN,MICRO_MOTION,-4534297194590125948,5,PRISMATIC_ONLY,0.260000000000,-0.297500061050,1.19000000000,GUARDED_PRODUCTION,true,true,SUCCESS,NONE,1,true,true,2.76808221631e-07,false,false,false,false,0,NaN,4416,0.297499999605|0.297499999605|0.297500337854|0.297499999611|0.297499999596
679,VALID_CAMPAIGN,MICRO_MOTION,-4534297194590125948,5,PRISMATIC_ONLY,0.260000000000,-0.297500061050,1.19000000000,UNGUARDED_REFERENCE,true,true,CONVERGED_UNCERTIFIED,NO_GUARDS_OR_FINAL_CERTIFICATION,1,true,true,4.15382226402e-07,false,false,false,false,0,NaN,542,0.297499985397|0.297499985397|0.297500472298|0.297499985377|0.297499985372
680,VALID_CAMPAIGN,UNIFORM,3862796336911070570,5,PRISMATIC_ONLY,0.260000000000,-0.349857291009,1.54623707488,GUARDED_PRODUCTION,true,true,SUCCESS_WITH_WARNING,CRITICAL_SINGULARITY_DAMPED,38,true,true,2.03120016637e-07,false,false,false,false,0,Infinity,87500,0.386559267560|0.386559267560|0.349857087942|0.386559267566|0.386559267552
680,VALID_CAMPAIGN,UNIFORM,3862796336911070570,5,PRISMATIC_ONLY,0.260000000000,-0.349857291009,1.54623707488,UNGUARDED_REFERENCE,true,true,CONVERGED_UNCERTIFIED,NO_GUARDS_OR_FINAL_CERTIFICATION,3,true,true,9.57236114475e-08,false,false,false,false,0,NaN,1958,0.386559259350|0.386559259350|0.349857202946|0.386559259329|0.386559259325
681,VALID_CAMPAIGN,NEAR_JOINT_LIMIT,-3523014232534765959,5,PRISMATIC_ONLY,0.260000000000,-0.574999994450,1.74499998890,GUARDED_PRODUCTION,true,true,SUCCESS_WITH_WARNING,CRITICAL_SINGULARITY_DAMPED,49,true,true,3.59977273815e-07,false,false,false,false,0,Infinity,112083,0.436249996995|0.436249996995|0.574999634474|0.436249997001|0.436249996987
681,VALID_CAMPAIGN,NEAR_JOINT_LIMIT,-3523014232534765959,5,PRISMATIC_ONLY,0.260000000000,-0.574999994450,1.74499998890,UNGUARDED_REFERENCE,true,true,CONVERGED_UNCERTIFIED,NO_GUARDS_OR_FINAL_CERTIFICATION,3,true,true,3.79263940878e-07,false,false,false,false,0,NaN,1708,0.436249992002|0.436249992002|0.574999615764|0.436249991982|0.436249991977
682,VALID_CAMPAIGN,NEAR_SINGULARITY,-3945525700000429575,5,PRISMATIC_ONLY,0.260000000000,-0.297500005550,1.19000000000,GUARDED_PRODUCTION,true,true,SUCCESS_WITH_WARNING,CRITICAL_SINGULARITY_DAMPED,76,true,true,3.32304003203e-07,false,false,false,false,0,Infinity,171125,0.297500000397|0.297500000397|0.297500337850|0.297500000401|0.297500000388
682,VALID_CAMPAIGN,NEAR_SINGULARITY,-3945525700000429575,5,PRISMATIC_ONLY,0.260000000000,-0.297500005550,1.19000000000,UNGUARDED_REFERENCE,true,true,CONVERGED_UNCERTIFIED,NO_GUARDS_OR_FINAL_CERTIFICATION,3,true,true,4.70395267188e-07,false,false,false,false,0,NaN,2292,0.297500014618|0.297500014618|0.297500472299|0.297500014598|0.297500014624
683,VALID_CAMPAIGN,MICRO_MOTION,-5091985810868954290,5,PRISMATIC_ONLY,0.260000000000,-0.297500061050,1.19000000000,GUARDED_PRODUCTION,true,true,SUCCESS,NONE,1,true,true,2.76804759333e-07,false,false,false,false,0,NaN,3583,0.297500000397|0.297500000397|0.297500337850|0.297500000401|0.297500000388
683,VALID_CAMPAIGN,MICRO_MOTION,-5091985810868954290,5,PRISMATIC_ONLY,0.260000000000,-0.297500061050,1.19000000000,UNGUARDED_REFERENCE,true,true,CONVERGED_UNCERTIFIED,NO_GUARDS_OR_FINAL_CERTIFICATION,1,true,true,4.15382763417e-07,false,false,false,false,0,NaN,500,0.297500014618|0.297500014618|0.297500472299|0.297500014598|0.297500014624
684,VALID_CAMPAIGN,UNIFORM,4056821398586240866,5,PRISMATIC_ONLY,0.260000000000,-0.472267425355,0.830580403010,GUARDED_PRODUCTION,true,true,SUCCESS_WITH_WARNING,CRITICAL_SINGULARITY_DAMPED,50,true,true,2.67147920884e-07,false,false,false,false,0,Infinity,113541,0.207645101119|0.207645101119|0.472267158211|0.207645101123|0.207645101113
684,VALID_CAMPAIGN,UNIFORM,4056821398586240866,5,PRISMATIC_ONLY,0.260000000000,-0.472267425355,0.830580403010,UNGUARDED_REFERENCE,true,true,CONVERGED_UNCERTIFIED,NO_GUARDS_OR_FINAL_CERTIFICATION,3,true,true,2.96382216071e-07,false,false,false,false,0,NaN,1708,0.207645110225|0.207645110225|0.472267131400|0.207645110205|0.207645110211
685,VALID_CAMPAIGN,NEAR_JOINT_LIMIT,-1572129911242882403,5,PRISMATIC_ONLY,0.260000000000,-0.0200000055500,1.74499998890,GUARDED_PRODUCTION,true,true,SUCCESS_WITH_WARNING,CRITICAL_SINGULARITY_DAMPED,123,true,true,8.56230978941e-07,false,false,false,false,0,Infinity,274750,0.436249996290|0.436249996290|0.0200008617728|0.436249996295|0.436249996284
685,VALID_CAMPAIGN,NEAR_JOINT_LIMIT,-1572129911242882403,5,PRISMATIC_ONLY,0.260000000000,-0.0200000055500,1.74499998890,UNGUARDED_REFERENCE,true,true,CONVERGED_UNCERTIFIED,NO_GUARDS_OR_FINAL_CERTIFICATION,3,true,true,7.66777313973e-07,false,false,false,false,0,NaN,1958,0.436249973180|0.436249973180|0.0200007662543|0.436249973109|0.436249973115
686,VALID_CAMPAIGN,NEAR_SINGULARITY,3743405449471748540,5,PRISMATIC_ONLY,0.260000000000,-0.297500005550,1.19000000000,GUARDED_PRODUCTION,true,true,SUCCESS_WITH_WARNING,CRITICAL_SINGULARITY_DAMPED,76,true,true,3.32250741797e-07,false,false,false,false,0,Infinity,170834,0.297500000396|0.297500000396|0.297499673303|0.297500000401|0.297500000390
686,VALID_CAMPAIGN,NEAR_SINGULARITY,3743405449471748540,5,PRISMATIC_ONLY,0.260000000000,-0.297500005550,1.19000000000,UNGUARDED_REFERENCE,true,true,CONVERGED_UNCERTIFIED,NO_GUARDS_OR_FINAL_CERTIFICATION,3,true,true,4.70394637282e-07,false,false,false,false,0,NaN,1667,0.297500014633|0.297500014633|0.297499538802|0.297500014593|0.297500014599
687,VALID_CAMPAIGN,MICRO_MOTION,577087585477521941,5,PRISMATIC_ONLY,0.260000000000,-0.297500061050,1.19000000000,GUARDED_PRODUCTION,true,true,SUCCESS,NONE,1,true,true,3.87750202157e-07,false,false,false,false,0,NaN,3500,0.297500000396|0.297500000396|0.297499673303|0.297500000401|0.297500000390
687,VALID_CAMPAIGN,MICRO_MOTION,577087585477521941,5,PRISMATIC_ONLY,0.260000000000,-0.297500061050,1.19000000000,UNGUARDED_REFERENCE,true,true,CONVERGED_UNCERTIFIED,NO_GUARDS_OR_FINAL_CERTIFICATION,1,true,true,5.25509668488e-07,false,false,false,false,0,NaN,542,0.297500014633|0.297500014633|0.297499538802|0.297500014593|0.297500014599
688,VALID_CAMPAIGN,UNIFORM,-3844574841209393521,5,PRISMATIC_ONLY,0.260000000000,-0.134002239102,1.08370843951,GUARDED_PRODUCTION,true,true,SUCCESS_WITH_WARNING,CRITICAL_SINGULARITY_DAMPED,35,true,true,9.33625086179e-07,false,false,false,false,0,Infinity,81542,0.270927110457|0.270927110457|0.134003172725|0.270927110462|0.270927110452
688,VALID_CAMPAIGN,UNIFORM,-3844574841209393521,5,PRISMATIC_ONLY,0.260000000000,-0.134002239102,1.08370843951,UNGUARDED_REFERENCE,true,true,CONVERGED_UNCERTIFIED,NO_GUARDS_OR_FINAL_CERTIFICATION,3,true,true,2.75226985931e-07,false,false,false,false,0,NaN,1709,0.270927112695|0.270927112695|0.134002514102|0.270927112655|0.270927112661
689,VALID_CAMPAIGN,NEAR_JOINT_LIMIT,249549072980457353,5,PRISMATIC_ONLY,0.260000000000,-0.0200000055500,1.19000000000,GUARDED_PRODUCTION,true,true,SUCCESS_WITH_WARNING,CRITICAL_SINGULARITY_DAMPED,27,true,true,6.27983961138e-07,false,false,false,false,0,Infinity,61916,0.297499999461|0.297499999461|0.0200006335303|0.297499999466|0.297499999455
689,VALID_CAMPAIGN,NEAR_JOINT_LIMIT,249549072980457353,5,PRISMATIC_ONLY,0.260000000000,-0.0200000055500,1.19000000000,UNGUARDED_REFERENCE,true,true,CONVERGED_UNCERTIFIED,NO_GUARDS_OR_FINAL_CERTIFICATION,3,true,true,1.92076496895e-07,false,false,false,false,0,NaN,1792,0.297499997220|0.297499997220|0.0200001972999|0.297499997179|0.297499997186
690,VALID_CAMPAIGN,NEAR_SINGULARITY,5425534954636357223,5,PRISMATIC_ONLY,0.260000000000,-0.297500005550,1.19000000000,GUARDED_PRODUCTION,true,true,SUCCESS_WITH_WARNING,CRITICAL_SINGULARITY_DAMPED,54,true,true,9.68371583698e-07,false,false,false,false,0,Infinity,121750,0.297500000000|0.297500000000|0.297499037178|0.297500000005|0.297499999995
690,VALID_CAMPAIGN,NEAR_SINGULARITY,5425534954636357223,5,PRISMATIC_ONLY,0.260000000000,-0.297500005550,1.19000000000,UNGUARDED_REFERENCE,true,true,CONVERGED_UNCERTIFIED,NO_GUARDS_OR_FINAL_CERTIFICATION,3,true,true,4.66749127292e-07,false,false,false,false,0,NaN,1666,0.297500000019|0.297500000019|0.297499538801|0.297499999978|0.297499999984
691,VALID_CAMPAIGN,MICRO_MOTION,3609982797115617622,5,PRISMATIC_ONLY,0.260000000000,-0.297500061050,1.19000000000,GUARDED_PRODUCTION,true,true,SUCCESS_WITH_WARNING,CRITICAL_SINGULARITY_DAMPED,2,true,true,1.17677935063e-07,false,false,false,false,0,Infinity,6000,0.297500000000|0.297500000000|0.297499943372|0.297500000005|0.297499999995
691,VALID_CAMPAIGN,MICRO_MOTION,3609982797115617622,5,PRISMATIC_ONLY,0.260000000000,-0.297500061050,1.19000000000,UNGUARDED_REFERENCE,true,true,CONVERGED_UNCERTIFIED,NO_GUARDS_OR_FINAL_CERTIFICATION,1,true,true,5.22249127277e-07,false,false,false,false,0,NaN,500,0.297500000019|0.297500000019|0.297499538801|0.297499999978|0.297499999984
692,VALID_CAMPAIGN,UNIFORM,2927294641876306178,5,PRISMATIC_ONLY,0.260000000000,-0.276510781498,1.44597922886,GUARDED_PRODUCTION,true,true,SUCCESS_WITH_WARNING,CRITICAL_SINGULARITY_DAMPED,27,true,true,8.24164830967e-07,false,false,false,false,0,Infinity,62042,0.361494776131|0.361494776131|0.276511596230|0.361494776135|0.361494776125
692,VALID_CAMPAIGN,UNIFORM,2927294641876306178,5,PRISMATIC_ONLY,0.260000000000,-0.276510781498,1.44597922886,UNGUARDED_REFERENCE,true,true,CONVERGED_UNCERTIFIED,NO_GUARDS_OR_FINAL_CERTIFICATION,3,true,true,4.44209745051e-08,false,false,false,false,0,NaN,1750,0.361494800492|0.361494800492|0.276510816800|0.361494800452|0.361494800458
693,VALID_CAMPAIGN,NEAR_JOINT_LIMIT,-827077813734651542,5,PRISMATIC_ONLY,0.260000000000,-0.574999994450,1.74499998890,GUARDED_PRODUCTION,true,true,SUCCESS_WITH_WARNING,CRITICAL_SINGULARITY_DAMPED,65,true,true,2.76879736192e-07,false,false,false,false,0,Infinity,148042,0.436249997060|0.436249997060|0.574999717571|0.436249997065|0.436249997054
693,VALID_CAMPAIGN,NEAR_JOINT_LIMIT,-827077813734651542,5,PRISMATIC_ONLY,0.260000000000,-0.574999994450,1.74499998890,UNGUARDED_REFERENCE,true,true,CONVERGED_UNCERTIFIED,NO_GUARDS_OR_FINAL_CERTIFICATION,3,true,true,5.03039771389e-07,false,false,false,false,0,NaN,2000,0.436249989366|0.436249989366|0.574999492397|0.436249989325|0.436249989348
694,VALID_CAMPAIGN,NEAR_SINGULARITY,8279465787247306216,5,PRISMATIC_ONLY,0.260000000000,-0.297500005550,1.19000000000,GUARDED_PRODUCTION,true,true,SUCCESS_WITH_WARNING,CRITICAL_SINGULARITY_DAMPED,76,true,true,3.32313113422e-07,false,false,false,false,0,Infinity,171875,0.297500000397|0.297500000397|0.297500337859|0.297500000400|0.297500000390
694,VALID_CAMPAIGN,NEAR_SINGULARITY,8279465787247306216,5,PRISMATIC_ONLY,0.260000000000,-0.297500005550,1.19000000000,UNGUARDED_REFERENCE,true,true,CONVERGED_UNCERTIFIED,NO_GUARDS_OR_FINAL_CERTIFICATION,3,true,true,4.70395064883e-07,false,false,false,false,0,NaN,1709,0.297500014613|0.297500014613|0.297500472299|0.297500014604|0.297500014627
695,VALID_CAMPAIGN,MICRO_MOTION,5030568116662449393,5,PRISMATIC_ONLY,0.260000000000,-0.297500061050,1.19000000000,GUARDED_PRODUCTION,true,true,SUCCESS,NONE,1,true,true,2.76813869561e-07,false,false,false,false,0,NaN,3583,0.297500000397|0.297500000397|0.297500337859|0.297500000400|0.297500000390
695,VALID_CAMPAIGN,MICRO_MOTION,5030568116662449393,5,PRISMATIC_ONLY,0.260000000000,-0.297500061050,1.19000000000,UNGUARDED_REFERENCE,true,true,CONVERGED_UNCERTIFIED,NO_GUARDS_OR_FINAL_CERTIFICATION,1,true,true,4.15382562043e-07,false,false,false,false,0,NaN,500,0.297500014613|0.297500014613|0.297500472299|0.297500014604|0.297500014627
696,ADVERSARIAL_PROBES,NON_FINITE_TARGET,-6877055768171346282,5,PRISMATIC_ONLY,NaN,-0.297500000000,1.19000000000,GUARDED_PRODUCTION,false,false,INVALID_INPUT,INVALID_TARGET,0,true,true,NaN,false,false,false,false,0,NaN,3125,0.297500000000|0.297500000000|0.297500000000|0.297500000000|0.297500000000
696,ADVERSARIAL_PROBES,NON_FINITE_TARGET,-6877055768171346282,5,PRISMATIC_ONLY,NaN,-0.297500000000,1.19000000000,UNGUARDED_REFERENCE,false,false,MAX_ITERATIONS_UNCERTIFIED,NO_GUARDS_OR_FINAL_CERTIFICATION,800,false,false,NaN,true,false,false,true,0,NaN,502000,NaN|NaN|NaN|NaN|NaN
697,ADVERSARIAL_PROBES,INFINITE_TARGET,-8096551593995219958,5,PRISMATIC_ONLY,0.260000000000,-0.297500000000,Infinity,GUARDED_PRODUCTION,false,false,INVALID_INPUT,INVALID_TARGET,0,true,true,Infinity,false,false,false,false,0,NaN,2667,0.297500000000|0.297500000000|0.297500000000|0.297500000000|0.297500000000
697,ADVERSARIAL_PROBES,INFINITE_TARGET,-8096551593995219958,5,PRISMATIC_ONLY,0.260000000000,-0.297500000000,Infinity,UNGUARDED_REFERENCE,false,false,MAX_ITERATIONS_UNCERTIFIED,NO_GUARDS_OR_FINAL_CERTIFICATION,800,false,false,NaN,true,false,false,true,0,NaN,495042,NaN|NaN|NaN|NaN|NaN
698,ADVERSARIAL_PROBES,NON_FINITE_INITIAL_STATE,-4494473545053892116,5,PRISMATIC_ONLY,0.260000000000,-0.297500000000,1.19000000000,GUARDED_PRODUCTION,false,false,INVALID_INPUT,INVALID_INITIAL_STATE,0,true,true,0.00000000000,false,false,false,false,0,NaN,6459,0.297500000000|0.297500000000|0.297500000000|0.297500000000|0.297500000000
698,ADVERSARIAL_PROBES,NON_FINITE_INITIAL_STATE,-4494473545053892116,5,PRISMATIC_ONLY,0.260000000000,-0.297500000000,1.19000000000,UNGUARDED_REFERENCE,false,false,MAX_ITERATIONS_UNCERTIFIED,NO_GUARDS_OR_FINAL_CERTIFICATION,800,false,false,NaN,true,false,false,true,0,NaN,530041,NaN|NaN|NaN|NaN|NaN
699,ADVERSARIAL_PROBES,OVERFLOWING_GEOMETRY,-2220889314533713448,5,PRISMATIC_ONLY,0.00000000000,0.00000000000,0.00000000000,GUARDED_PRODUCTION,false,false,NUMERICAL_FAILURE,OUTPUT_VALIDATION_FAILED,1,true,true,Infinity,false,false,false,false,0,NaN,6125,0.297500000000|0.297500000000|0.297500000000|0.297500000000|0.297500000000
699,ADVERSARIAL_PROBES,OVERFLOWING_GEOMETRY,-2220889314533713448,5,PRISMATIC_ONLY,0.00000000000,0.00000000000,0.00000000000,UNGUARDED_REFERENCE,false,false,MAX_ITERATIONS_UNCERTIFIED,NO_GUARDS_OR_FINAL_CERTIFICATION,800,false,false,NaN,true,false,false,true,0,NaN,454167,NaN|NaN|NaN|NaN|NaN
700,VALID_CAMPAIGN,UNIFORM,1769332210041597037,5,MIXED,-1.17054120092,0.825081079247,0.286956228400,GUARDED_PRODUCTION,true,true,SUCCESS,NONE,124,true,true,5.69911942831e-10,false,false,false,false,0,26.0814377016,326458,2.83721170797|-0.227827967492|0.265510839309|0.236775566837|0.285045148515
700,VALID_CAMPAIGN,UNIFORM,1769332210041597037,5,MIXED,-1.17054120092,0.825081079247,0.286956228400,UNGUARDED_REFERENCE,true,false,CONVERGED_UNCERTIFIED,NO_GUARDS_OR_FINAL_CERTIFICATION,14,true,false,5.55045550141e-07,false,true,false,true,0,NaN,13000,8.61858443316|-18.0488727865|0.334552279374|6.63827283018|30.1124659464
701,VALID_CAMPAIGN,NEAR_JOINT_LIMIT,6827585854042387812,5,MIXED,0.528213274325,-0.0925390602712,-0.0210988429887,GUARDED_PRODUCTION,true,true,SUCCESS,NONE,196,true,true,6.90152202428e-09,false,false,false,false,0,17.6415451146,501208,1.78445107028|-2.28938645203|0.328766202329|-1.00111179747|1.40355998258
701,VALID_CAMPAIGN,NEAR_JOINT_LIMIT,6827585854042387812,5,MIXED,0.528213274325,-0.0925390602712,-0.0210988429887,UNGUARDED_REFERENCE,true,false,CONVERGED_UNCERTIFIED,NO_GUARDS_OR_FINAL_CERTIFICATION,8,true,false,4.50814704472e-07,false,true,false,true,0,NaN,7042,1.72239124316|-9.11789660627|-0.467738236737|5.04445993671|17.2373029642
702,VALID_CAMPAIGN,NEAR_SINGULARITY,5826444968118707683,5,MIXED,1.46556000597,-0.297499955878,0.199999986368,GUARDED_PRODUCTION,true,true,SUCCESS,NONE,82,true,true,1.89586109266e-08,false,false,false,false,0,6.64294886179,270208,-0.145882321416|0.198601574955|0.340716373274|-4.01912213277e-08|0.325921846410
702,VALID_CAMPAIGN,NEAR_SINGULARITY,5826444968118707683,5,MIXED,1.46556000597,-0.297499955878,0.199999986368,UNGUARDED_REFERENCE,true,false,CONVERGED_UNCERTIFIED,NO_GUARDS_OR_FINAL_CERTIFICATION,9,true,false,9.68036874613e-09,false,true,false,true,0,NaN,9333,-0.205419056475|-6.80704853672|-0.692299927801|6.28318525164|17.6096873496
703,VALID_CAMPAIGN,MICRO_MOTION,7948212781028459033,5,MIXED,1.46556006572,-0.297499514659,0.199999850043,GUARDED_PRODUCTION,true,true,SUCCESS,NONE,1,true,true,4.65839945675e-07,false,false,false,false,0,NaN,16250,-0.145882321416|0.198601574955|0.340716373274|-4.01912213277e-08|0.325921846410
703,VALID_CAMPAIGN,MICRO_MOTION,7948212781028459033,5,MIXED,1.46556006572,-0.297499514659,0.199999850043,UNGUARDED_REFERENCE,true,false,CONVERGED_UNCERTIFIED,NO_GUARDS_OR_FINAL_CERTIFICATION,1,true,false,4.64609305294e-07,false,true,false,true,0,NaN,792,-0.205419056475|-6.80704853672|-0.692299927801|6.28318525164|17.6096873496
704,VALID_CAMPAIGN,UNIFORM,-2432846768410757148,5,MIXED,-0.863974900963,-0.875077114577,0.115044542989,GUARDED_PRODUCTION,true,true,SUCCESS,NONE,64,true,true,7.48948921202e-08,false,false,false,false,0,28.5191383793,177042,-1.48031611194|-0.993850081586|0.333129942589|-0.248556603837|0.718245339563
704,VALID_CAMPAIGN,UNIFORM,-2432846768410757148,5,MIXED,-0.863974900963,-0.875077114577,0.115044542989,UNGUARDED_REFERENCE,true,false,CONVERGED_UNCERTIFIED,NO_GUARDS_OR_FINAL_CERTIFICATION,19,true,false,2.17073802525e-09,false,true,false,true,0,NaN,16333,34.7851361754|-61.7272799079|0.404074388404|-0.386148981320|14.1056718784
705,VALID_CAMPAIGN,NEAR_JOINT_LIMIT,-421709701559395407,5,MIXED,0.144073787925,0.308037882290,-0.0210988429887,GUARDED_PRODUCTION,false,false,NO_CONVERGENCE,STAGNATION_WINDOW_EXCEEDED,43,true,true,0.926544716540,false,false,false,false,0,7.49803596552,116166,-0.141464879957|-2.37713844122|0.338103274707|-0.559885749588|1.10062985827
705,VALID_CAMPAIGN,NEAR_JOINT_LIMIT,-421709701559395407,5,MIXED,0.144073787925,0.308037882290,-0.0210988429887,UNGUARDED_REFERENCE,true,false,CONVERGED_UNCERTIFIED,NO_GUARDS_OR_FINAL_CERTIFICATION,12,true,false,5.50228204649e-07,false,true,false,true,0,NaN,9917,36.7059086008|-60.0746937800|0.200744851917|-7.79405949412|26.8725130144
706,VALID_CAMPAIGN,NEAR_SINGULARITY,1595463613551597587,5,MIXED,1.46556000597,-0.297499955878,0.199999986368,GUARDED_PRODUCTION,true,true,SUCCESS,NONE,90,true,true,1.27483307127e-08,false,false,false,false,0,5.99370583881,240292,-0.139953978597|0.189479067189|0.338873221407|-3.91132929740e-08|0.318419451690
706,VALID_CAMPAIGN,NEAR_SINGULARITY,1595463613551597587,5,MIXED,1.46556000597,-0.297499955878,0.199999986368,UNGUARDED_REFERENCE,true,false,CONVERGED_UNCERTIFIED,NO_GUARDS_OR_FINAL_CERTIFICATION,12,true,false,6.26447629069e-08,false,true,false,true,0,NaN,10959,12.3783492356|-26.0164803440|-0.797196597590|-6.28318710087|21.9769515879
707,VALID_CAMPAIGN,MICRO_MOTION,-5589731476304703448,5,MIXED,1.46556006572,-0.297499514659,0.199999850043,GUARDED_PRODUCTION,true,true,SUCCESS,NONE,1,true,true,4.65398551594e-07,false,false,false,false,0,NaN,3459,-0.139953978597|0.189479067189|0.338873221407|-3.91132929740e-08|0.318419451690
707,VALID_CAMPAIGN,MICRO_MOTION,-5589731476304703448,5,MIXED,1.46556006572,-0.297499514659,0.199999850043,UNGUARDED_REFERENCE,true,false,CONVERGED_UNCERTIFIED,NO_GUARDS_OR_FINAL_CERTIFICATION,1,true,false,4.51035462493e-07,false,true,false,true,0,NaN,625,12.3783492356|-26.0164803440|-0.797196597590|-6.28318710087|21.9769515879
708,VALID_CAMPAIGN,UNIFORM,8794720024794250270,5,MIXED,1.02648336407,-0.227712905838,0.384685131223,GUARDED_PRODUCTION,true,true,SUCCESS,NONE,49,true,true,2.57536306638e-08,false,false,false,false,0,28.6646488653,132250,0.622146224747|-1.05848124665|0.317524769689|0.778867163666|1.16598266774
708,VALID_CAMPAIGN,UNIFORM,8794720024794250270,5,MIXED,1.02648336407,-0.227712905838,0.384685131223,UNGUARDED_REFERENCE,true,false,CONVERGED_UNCERTIFIED,NO_GUARDS_OR_FINAL_CERTIFICATION,7,true,false,4.19957035688e-07,false,true,false,true,0,NaN,7042,13.4463626392|-27.4110547304|-0.463936330154|-5.11901215293|20.3319185122
709,VALID_CAMPAIGN,NEAR_JOINT_LIMIT,-2154097011579997781,5,MIXED,-0.324198776840,-0.683354076751,0.324261104992,GUARDED_PRODUCTION,true,true,SUCCESS,NONE,48,true,true,1.09354879486e-07,false,false,false,false,0,11.0489649470,131916,-0.534898812729|-1.83697229299|0.331632739682|0.556106826594|1.36686228424
709,VALID_CAMPAIGN,NEAR_JOINT_LIMIT,-2154097011579997781,5,MIXED,-0.324198776840,-0.683354076751,0.324261104992,UNGUARDED_REFERENCE,true,false,CONVERGED_UNCERTIFIED,NO_GUARDS_OR_FINAL_CERTIFICATION,6,true,false,1.89464096120e-08,false,true,false,true,0,NaN,4875,15.4282453485|-30.1448403889|-0.367238160654|-4.83807977372|20.7306704827
710,VALID_CAMPAIGN,NEAR_SINGULARITY,2274683485285476169,5,MIXED,1.46556000597,-0.297499955878,0.199999986368,GUARDED_PRODUCTION,true,true,SUCCESS,NONE,87,true,true,3.65874472113e-08,false,false,false,false,0,8.25857170501,246292,-0.159500432465|0.217818475742|0.341445424255|-4.20037374843e-08|0.332234104559
710,VALID_CAMPAIGN,NEAR_SINGULARITY,2274683485285476169,5,MIXED,1.46556000597,-0.297499955878,0.199999986368,UNGUARDED_REFERENCE,true,false,CONVERGED_UNCERTIFIED,NO_GUARDS_OR_FINAL_CERTIFICATION,12,true,false,7.29705123640e-09,false,true,false,true,0,NaN,42041,12.3404203649|-26.1279784853|-0.774748198257|-3.91323182688|21.1551498986
711,VALID_CAMPAIGN,MICRO_MOTION,8658495301038570598,5,MIXED,1.46556006572,-0.297499514659,0.199999850043,GUARDED_PRODUCTION,true,true,SUCCESS,NONE,1,true,true,4.69163677451e-07,false,false,false,false,0,NaN,8333,-0.159500432465|0.217818475742|0.341445424255|-4.20037374843e-08|0.332234104559
711,VALID_CAMPAIGN,MICRO_MOTION,8658495301038570598,5,MIXED,1.46556006572,-0.297499514659,0.199999850043,UNGUARDED_REFERENCE,true,false,CONVERGED_UNCERTIFIED,NO_GUARDS_OR_FINAL_CERTIFICATION,1,true,false,4.66396792372e-07,false,true,false,true,0,NaN,916,12.3404203649|-26.1279784853|-0.774748198257|-3.91323182688|21.1551498986
712,VALID_CAMPAIGN,UNIFORM,-8173395386571662133,5,MIXED,-0.744918843289,-1.04737836275,0.353528360210,GUARDED_PRODUCTION,true,true,SUCCESS,NONE,58,true,true,3.60054927409e-08,false,false,false,false,0,28.5446246548,156792,-1.56274144077|-0.656790055889|0.332978231518|0.467984066412|0.628144549547
712,VALID_CAMPAIGN,UNIFORM,-8173395386571662133,5,MIXED,-0.744918843289,-1.04737836275,0.353528360210,UNGUARDED_REFERENCE,true,false,CONVERGED_UNCERTIFIED,NO_GUARDS_OR_FINAL_CERTIFICATION,10,true,false,4.39918087342e-07,false,true,false,true,0,NaN,8709,10.0964616099|-23.7220692196|0.555738963517|-4.18261214531|17.4880048701
713,VALID_CAMPAIGN,NEAR_JOINT_LIMIT,-153023838548969015,5,MIXED,0.528213274325,-0.0925390602712,-0.0210988429887,GUARDED_PRODUCTION,true,true,SUCCESS,NONE,107,true,true,5.30172031121e-10,false,false,false,false,0,10.9962566072,290000,1.81459853777|-2.30555576634|0.330087381454|-0.974422376314|1.37152815547
713,VALID_CAMPAIGN,NEAR_JOINT_LIMIT,-153023838548969015,5,MIXED,0.528213274325,-0.0925390602712,-0.0210988429887,UNGUARDED_REFERENCE,true,false,CONVERGED_UNCERTIFIED,NO_GUARDS_OR_FINAL_CERTIFICATION,9,true,false,1.97799325622e-09,false,true,false,true,0,NaN,7041,-2.01259894653|-4.45729357812|-0.272531740634|-1.72928081985|8.06382661925
714,VALID_CAMPAIGN,NEAR_SINGULARITY,5846558614852007704,5,MIXED,1.46556000597,-0.297499955878,0.199999986368,GUARDED_PRODUCTION,true,true,SUCCESS,NONE,81,true,true,1.88365930932e-08,false,false,false,false,0,6.60072964930,216459,-0.140621164651|0.191768374379|0.341443088123|-4.01361242079e-08|0.326004186048
714,VALID_CAMPAIGN,NEAR_SINGULARITY,5846558614852007704,5,MIXED,1.46556000597,-0.297499955878,0.199999986368,UNGUARDED_REFERENCE,true,false,CONVERGED_UNCERTIFIED,NO_GUARDS_OR_FINAL_CERTIFICATION,9,true,false,3.53427294104e-09,false,true,false,true,0,NaN,6875,0.554381604942|-8.02086154540|-0.643435308968|-5.24452460420e-08|7.53223404624
715,VALID_CAMPAIGN,MICRO_MOTION,3582175945222184676,5,MIXED,1.46556006572,-0.297499514659,0.199999850043,GUARDED_PRODUCTION,true,true,SUCCESS,NONE,1,true,true,4.65711211599e-07,false,false,false,false,0,NaN,3375,-0.140621164651|0.191768374379|0.341443088123|-4.01361242079e-08|0.326004186048
715,VALID_CAMPAIGN,MICRO_MOTION,3582175945222184676,5,MIXED,1.46556006572,-0.297499514659,0.199999850043,UNGUARDED_REFERENCE,true,false,CONVERGED_UNCERTIFIED,NO_GUARDS_OR_FINAL_CERTIFICATION,1,true,false,4.65209449161e-07,false,true,false,true,0,NaN,542,0.554381604942|-8.02086154540|-0.643435308968|-5.24452460420e-08|7.53223404624
716,VALID_CAMPAIGN,UNIFORM,1011403896194080356,5,MIXED,-0.837806984006,-0.946997591699,0.00882686211447,GUARDED_PRODUCTION,true,true,SUCCESS,NONE,66,true,true,1.16713026004e-10,false,false,false,false,0,28.3604493387,171833,-1.54300699377|-0.822685647863|0.334296091095|-0.553651448526|0.604345930552
716,VALID_CAMPAIGN,UNIFORM,1011403896194080356,5,MIXED,-0.837806984006,-0.946997591699,0.00882686211447,UNGUARDED_REFERENCE,true,false,CONVERGED_UNCERTIFIED,NO_GUARDS_OR_FINAL_CERTIFICATION,6,true,false,5.26134922896e-10,false,true,false,true,0,NaN,4583,4.57227467143|-14.0337921322|-0.365266478355|-1.11226523458|7.99610004564
717,VALID_CAMPAIGN,NEAR_JOINT_LIMIT,-6920564632300964559,5,MIXED,0.116388092438,-0.336908281744,-0.0210988429887,GUARDED_PRODUCTION,false,false,NO_CONVERGENCE,STAGNATION_WINDOW_EXCEEDED,69,true,true,0.174481138477,false,false,false,false,4,9.13172559300,183125,1.07912831491|-2.37713844122|0.335373709736|-0.994767470412|1.35701740878
717,VALID_CAMPAIGN,NEAR_JOINT_LIMIT,-6920564632300964559,5,MIXED,0.116388092438,-0.336908281744,-0.0210988429887,UNGUARDED_REFERENCE,true,false,CONVERGED_UNCERTIFIED,NO_GUARDS_OR_FINAL_CERTIFICATION,8,true,false,1.35068479595e-07,false,true,false,true,0,NaN,6584,6.52512055033|-15.6282072592|-0.159053944760|-2.54715660964|7.54423149920
718,VALID_CAMPAIGN,NEAR_SINGULARITY,-3039252288853063541,5,MIXED,1.46556000597,-0.297499955878,0.199999986368,GUARDED_PRODUCTION,true,true,SUCCESS,NONE,81,true,true,1.50784155140e-07,false,false,false,false,0,6.53870715975,211250,-0.149238337499|0.205220527991|0.344396246068|-3.67230424425e-08|0.337436878583
718,VALID_CAMPAIGN,NEAR_SINGULARITY,-3039252288853063541,5,MIXED,1.46556000597,-0.297499955878,0.199999986368,UNGUARDED_REFERENCE,true,false,CONVERGED_UNCERTIFIED,NO_GUARDS_OR_FINAL_CERTIFICATION,29,true,false,8.73766521742e-07,false,true,false,true,0,NaN,25708,30.8468930525|-35.9585683138|1.18748304920|15.4096635462|-23.8840775544
719,VALID_CAMPAIGN,MICRO_MOTION,3145494931498764423,5,MIXED,1.46556006572,-0.297499514659,0.199999850043,GUARDED_PRODUCTION,true,true,SUCCESS,NONE,1,true,true,5.07758896424e-07,false,false,false,false,0,NaN,3334,-0.149238337499|0.205220527991|0.344396246068|-3.67230424425e-08|0.337436878583
719,VALID_CAMPAIGN,MICRO_MOTION,3145494931498764423,5,MIXED,1.46556006572,-0.297499514659,0.199999850043,UNGUARDED_REFERENCE,true,false,CONVERGED_UNCERTIFIED,NO_GUARDS_OR_FINAL_CERTIFICATION,1,true,false,9.43861914708e-07,false,true,false,true,0,NaN,459,30.8468930525|-35.9585683138|1.18748304920|15.4096635462|-23.8840775544
720,VALID_CAMPAIGN,UNIFORM,-8009794875685874088,5,MIXED,0.583943801924,-1.22343135606,0.459540966563,GUARDED_PRODUCTION,true,true,SUCCESS,NONE,42,true,true,2.36880802030e-08,false,false,false,false,0,28.1129058829,113458,-0.940264086916|0.0602387209742|0.344268328019|0.804898089492|0.248013972181
720,VALID_CAMPAIGN,UNIFORM,-8009794875685874088,5,MIXED,0.583943801924,-1.22343135606,0.459540966563,UNGUARDED_REFERENCE,true,false,CONVERGED_UNCERTIFIED,NO_GUARDS_OR_FINAL_CERTIFICATION,9,true,false,1.09167446622e-08,false,true,false,true,0,NaN,7333,29.9046374061|-36.0318596798|0.935624968346|14.6328184445|-24.6404974012
721,VALID_CAMPAIGN,NEAR_JOINT_LIMIT,-4541123708581747404,5,MIXED,0.0599406353164,-0.282777159828,0.324261104992,GUARDED_PRODUCTION,true,true,SUCCESS,NONE,112,true,true,4.15481275843e-07,false,false,false,false,0,29.2213032670,289459,0.458336906941|-2.33876479503|0.343706233313|1.78285383091|1.78285270068
721,VALID_CAMPAIGN,NEAR_JOINT_LIMIT,-4541123708581747404,5,MIXED,0.0599406353164,-0.282777159828,0.324261104992,UNGUARDED_REFERENCE,true,false,CONVERGED_UNCERTIFIED,NO_GUARDS_OR_FINAL_CERTIFICATION,6,true,false,3.85786354904e-07,false,true,false,true,0,NaN,5500,28.1586415265|-34.2753936903|0.577976743942|14.8549509632|-23.8031645118
722,VALID_CAMPAIGN,NEAR_SINGULARITY,-3463691860687374945,5,MIXED,1.46556000597,-0.297499955878,0.199999986368,GUARDED_PRODUCTION,true,true,SUCCESS,NONE,117,true,true,2.36893299481e-08,false,false,false,false,0,4.97653175234,296583,-0.177328552492|0.260860313935|0.373153621365|-4.01276861699e-08|0.421062636176
722,VALID_CAMPAIGN,NEAR_SINGULARITY,-3463691860687374945,5,MIXED,1.46556000597,-0.297499955878,0.199999986368,UNGUARDED_REFERENCE,true,false,CONVERGED_UNCERTIFIED,NO_GUARDS_OR_FINAL_CERTIFICATION,10,true,false,5.40959551052e-09,false,true,false,true,0,NaN,8833,31.4980566501|-30.6459824333|0.818571891599|15.3423836283|-26.6800662136
723,VALID_CAMPAIGN,MICRO_MOTION,-4474332947691172375,5,MIXED,1.46556006572,-0.297499514659,0.199999850043,GUARDED_PRODUCTION,true,true,SUCCESS,NONE,1,true,true,4.68843827058e-07,false,false,false,false,0,NaN,3375,-0.177328552492|0.260860313935|0.373153621365|-4.01276861699e-08|0.421062636176
723,VALID_CAMPAIGN,MICRO_MOTION,-4474332947691172375,5,MIXED,1.46556006572,-0.297499514659,0.199999850043,UNGUARDED_REFERENCE,true,false,CONVERGED_UNCERTIFIED,NO_GUARDS_OR_FINAL_CERTIFICATION,1,true,false,4.65051921757e-07,false,true,false,true,0,NaN,584,31.4980566501|-30.6459824333|0.818571891599|15.3423836283|-26.6800662136
724,VALID_CAMPAIGN,UNIFORM,3897962322269540321,5,MIXED,1.05286824449,0.277968382188,0.422809688872,GUARDED_PRODUCTION,true,true,SUCCESS,NONE,55,true,true,3.29421539106e-09,false,false,false,false,0,25.2400059790,143541,-0.166322233268|0.908052230998|0.316295968256|1.22407860053|1.25615760527
724,VALID_CAMPAIGN,UNIFORM,3897962322269540321,5,MIXED,1.05286824449,0.277968382188,0.422809688872,UNGUARDED_REFERENCE,true,false,CONVERGED_UNCERTIFIED,NO_GUARDS_OR_FINAL_CERTIFICATION,6,true,false,2.63900432282e-09,false,true,false,true,0,NaN,4625,32.4440260545|-31.5326134723|0.598800313634|14.7059850038|-25.8760722310
725,VALID_CAMPAIGN,NEAR_JOINT_LIMIT,-4888878832993906946,5,MIXED,0.0876264050474,0.253906734736,0.324261104992,GUARDED_PRODUCTION,false,false,NO_CONVERGENCE,STAGNATION_WINDOW_EXCEEDED,288,true,true,0.0265230762306,false,false,false,false,0,13.2871064945,683750,-0.602784090245|2.37713844122|0.0200000000000|1.78285383091|1.77862019610
725,VALID_CAMPAIGN,NEAR_JOINT_LIMIT,-4888878832993906946,5,MIXED,0.0876264050474,0.253906734736,0.324261104992,UNGUARDED_REFERENCE,true,false,CONVERGED_UNCERTIFIED,NO_GUARDS_OR_FINAL_CERTIFICATION,6,true,false,9.04122595436e-07,false,true,false,true,0,NaN,5042,33.9634659773|-33.1663536177|0.420007394734|15.1138982985|-24.5331661215
726,VALID_CAMPAIGN,NEAR_SINGULARITY,1216340642174362465,5,MIXED,1.46556000597,-0.297499955878,0.199999986368,GUARDED_PRODUCTION,true,true,SUCCESS,NONE,170,true,true,1.36393827208e-07,false,false,false,false,0,4.89951569215,426333,-0.192549129501|0.244042763832|0.227936905761|-8.08929574389e-08|-0.218463628239
726,VALID_CAMPAIGN,NEAR_SINGULARITY,1216340642174362465,5,MIXED,1.46556000597,-0.297499955878,0.199999986368,UNGUARDED_REFERENCE,true,false,CONVERGED_UNCERTIFIED,NO_GUARDS_OR_FINAL_CERTIFICATION,16,true,false,4.31590408778e-07,false,true,false,true,0,NaN,13958,31.2169772348|-37.9988855948|-0.235326669544|25.1327410706|-43.5403355081
727,VALID_CAMPAIGN,MICRO_MOTION,6054510090100538841,5,MIXED,1.46556006572,-0.297499514659,0.199999850043,GUARDED_PRODUCTION,true,true,SUCCESS,NONE,1,true,true,4.53055961389e-07,false,false,false,false,0,NaN,3291,-0.192549129501|0.244042763832|0.227936905761|-8.08929574389e-08|-0.218463628239
727,VALID_CAMPAIGN,MICRO_MOTION,6054510090100538841,5,MIXED,1.46556006572,-0.297499514659,0.199999850043,UNGUARDED_REFERENCE,true,false,CONVERGED_UNCERTIFIED,NO_GUARDS_OR_FINAL_CERTIFICATION,1,true,false,6.06304238077e-07,false,true,false,true,0,NaN,542,31.2169772348|-37.9988855948|-0.235326669544|25.1327410706|-43.5403355081
728,VALID_CAMPAIGN,UNIFORM,7304959212447270918,5,MIXED,0.808293096407,0.786859919685,0.463837345497,GUARDED_PRODUCTION,true,true,SUCCESS,NONE,41,true,true,6.01676732587e-08,false,false,false,false,0,76.2437994380,108875,-0.0582559508559|1.40812301930|0.172539009115|0.807338241797|-0.0207577050233
728,VALID_CAMPAIGN,UNIFORM,7304959212447270918,5,MIXED,0.808293096407,0.786859919685,0.463837345497,UNGUARDED_REFERENCE,true,false,CONVERGED_UNCERTIFIED,NO_GUARDS_OR_FINAL_CERTIFICATION,9,true,false,1.68112738587e-08,false,true,false,true,0,NaN,7709,35.0104118186|-39.3716046959|1.59744969951|26.9898743605|-36.8806199008
729,VALID_CAMPAIGN,NEAR_JOINT_LIMIT,8785938883444626960,5,MIXED,0.528213285954,-0.0925389938940,-0.0210988429887,GUARDED_PRODUCTION,false,false,NO_CONVERGENCE,STAGNATION_WINDOW_EXCEEDED,63,true,true,0.326440560006,false,false,false,false,0,12.3564507094,165583,-2.32224826775|2.37713844122|0.135646041901|-0.304306005537|0.356946861677
729,VALID_CAMPAIGN,NEAR_JOINT_LIMIT,8785938883444626960,5,MIXED,0.528213285954,-0.0925389938940,-0.0210988429887,UNGUARDED_REFERENCE,true,false,CONVERGED_UNCERTIFIED,NO_GUARDS_OR_FINAL_CERTIFICATION,9,true,false,1.68251843684e-08,false,true,false,true,0,NaN,7750,34.3914337194|-39.6967692541|1.04522071618|28.7971941478|-36.6242785953
730,VALID_CAMPAIGN,NEAR_SINGULARITY,6744172989664914711,5,MIXED,1.46556000597,-0.297499955878,0.199999986368,GUARDED_PRODUCTION,true,true,SUCCESS,NONE,69,true,true,2.01639442424e-07,false,false,false,false,0,5.32365577709,178458,-0.193150119241|0.241861451999|0.228643217434|-1.20835395301e-07|-0.195653386051
730,VALID_CAMPAIGN,NEAR_SINGULARITY,6744172989664914711,5,MIXED,1.46556000597,-0.297499955878,0.199999986368,UNGUARDED_REFERENCE,true,false,CONVERGED_UNCERTIFIED,NO_GUARDS_OR_FINAL_CERTIFICATION,7,true,false,1.10136823936e-09,false,true,false,true,0,NaN,5375,35.0237564945|-39.9720037289|1.98302038834|28.0056316659|-36.6422492544
731,VALID_CAMPAIGN,MICRO_MOTION,5936255667942008445,5,MIXED,1.46556006572,-0.297499514659,0.199999850043,GUARDED_PRODUCTION,true,true,SUCCESS,NONE,1,true,true,4.28083551069e-07,false,false,false,false,0,NaN,3459,-0.193150119241|0.241861451999|0.228643217434|-1.20835395301e-07|-0.195653386051
731,VALID_CAMPAIGN,MICRO_MOTION,5936255667942008445,5,MIXED,1.46556006572,-0.297499514659,0.199999850043,UNGUARDED_REFERENCE,true,false,CONVERGED_UNCERTIFIED,NO_GUARDS_OR_FINAL_CERTIFICATION,1,true,false,4.65562851636e-07,false,true,false,true,0,NaN,542,35.0237564945|-39.9720037289|1.98302038834|28.0056316659|-36.6422492544
732,VALID_CAMPAIGN,UNIFORM,793438888017553578,5,MIXED,-0.871622980579,0.0332607469386,-0.0472661681807,GUARDED_PRODUCTION,false,false,NO_CONVERGENCE,STAGNATION_WINDOW_EXCEEDED,71,true,true,1.35527741727,false,false,false,false,0,75.8944856041,182000,1.19244954915|-2.37713844122|0.188064043627|-0.287023573324|-0.361905675354
732,VALID_CAMPAIGN,UNIFORM,793438888017553578,5,MIXED,-0.871622980579,0.0332607469386,-0.0472661681807,UNGUARDED_REFERENCE,true,false,CONVERGED_UNCERTIFIED,NO_GUARDS_OR_FINAL_CERTIFICATION,8,true,false,1.53323817172e-08,false,true,false,true,0,NaN,7625,25.2097609235|-33.7657264843|1.15294977707|30.5108127056|-36.6355544658
733,VALID_CAMPAIGN,NEAR_JOINT_LIMIT,2817985065032570393,5,MIXED,0.298264217924,0.147249624109,-0.0210988429887,GUARDED_PRODUCTION,false,false,NO_CONVERGENCE,STAGNATION_WINDOW_EXCEEDED,41,true,true,0.332607787070,false,false,false,false,0,6.26498734199,105584,3.08815001703|-2.37713844122|0.174148022427|-0.567610386533|-0.626632487929
733,VALID_CAMPAIGN,NEAR_JOINT_LIMIT,2817985065032570393,5,MIXED,0.298264217924,0.147249624109,-0.0210988429887,UNGUARDED_REFERENCE,true,false,CONVERGED_UNCERTIFIED,NO_GUARDS_OR_FINAL_CERTIFICATION,9,true,false,5.86705348537e-09,false,true,false,true,0,NaN,7542,24.3499442316|-34.5234320526|0.416120559049|28.6917584840|-30.8575713395
734,VALID_CAMPAIGN,NEAR_SINGULARITY,-1344340561459243036,5,MIXED,1.46556000597,-0.297499955878,0.199999986368,GUARDED_PRODUCTION,true,true,SUCCESS,NONE,88,true,true,3.47021675296e-08,false,false,false,false,0,6.97989859165,224750,-0.189462208901|0.240968757475|0.227813300726|-4.60773789680e-08|-0.227354541853
734,VALID_CAMPAIGN,NEAR_SINGULARITY,-1344340561459243036,5,MIXED,1.46556000597,-0.297499955878,0.199999986368,UNGUARDED_REFERENCE,true,false,CONVERGED_UNCERTIFIED,NO_GUARDS_OR_FINAL_CERTIFICATION,12,true,false,6.27964945546e-08,false,true,false,true,0,NaN,10541,24.7697075610|-37.7628930461|-0.357103854169|25.1327411763|-31.7123964073
735,VALID_CAMPAIGN,MICRO_MOTION,-443567030863033516,5,MIXED,1.46556006572,-0.297499514659,0.199999850043,GUARDED_PRODUCTION,true,true,SUCCESS,NONE,1,true,true,4.62858047614e-07,false,false,false,false,0,NaN,3458,-0.189462208901|0.240968757475|0.227813300726|-4.60773789680e-08|-0.227354541853
735,VALID_CAMPAIGN,MICRO_MOTION,-443567030863033516,5,MIXED,1.46556006572,-0.297499514659,0.199999850043,UNGUARDED_REFERENCE,true,false,CONVERGED_UNCERTIFIED,NO_GUARDS_OR_FINAL_CERTIFICATION,1,true,false,4.64877430402e-07,false,true,false,true,0,NaN,541,24.7697075610|-37.7628930461|-0.357103854169|25.1327411763|-31.7123964073
736,VALID_CAMPAIGN,UNIFORM,1182009421571792810,5,MIXED,-0.159140102144,1.55003492913,0.253344958432,GUARDED_PRODUCTION,true,true,SUCCESS,NONE,88,true,true,5.48098356489e-09,false,false,false,false,0,76.1239181968,224667,1.68375012758|0.444611495529|0.428195032213|0.146096963974|-0.393043088216
736,VALID_CAMPAIGN,UNIFORM,1182009421571792810,5,MIXED,-0.159140102144,1.55003492913,0.253344958432,UNGUARDED_REFERENCE,true,false,CONVERGED_UNCERTIFIED,NO_GUARDS_OR_FINAL_CERTIFICATION,13,true,false,3.57152903654e-07,false,true,false,true,0,NaN,11459,20.5415402048|-25.6277772866|-0.427660289683|25.2806107587|-30.9609894491
737,VALID_CAMPAIGN,NEAR_JOINT_LIMIT,-2172422578316125104,5,MIXED,-0.497700515958,-0.977273790557,-0.0210988429887,GUARDED_PRODUCTION,true,true,SUCCESS,NONE,97,true,true,2.54699960240e-11,false,false,false,false,0,46.3986395164,253500,3.01336143414|1.98916450187|0.331421627170|-0.596291876163|-0.103106164951
737,VALID_CAMPAIGN,NEAR_JOINT_LIMIT,-2172422578316125104,5,MIXED,-0.497700515958,-0.977273790557,-0.0210988429887,UNGUARDED_REFERENCE,true,false,CONVERGED_UNCERTIFIED,NO_GUARDS_OR_FINAL_CERTIFICATION,11,true,false,3.32922563234e-10,false,true,false,true,0,NaN,9625,47.3622256164|-49.3960366604|-0.165457917270|24.1596147842|-11.1964559715
738,VALID_CAMPAIGN,NEAR_SINGULARITY,-3715464690545765676,5,MIXED,1.46556000597,-0.297499955878,0.199999986368,GUARDED_PRODUCTION,false,false,MAX_ITERATIONS_REACHED,MAX_ITERATIONS_LIMIT_REACHED,800,true,true,1.30508995827,false,false,false,false,0,7.48533105099,1908917,3.14159265359|2.37713844122|0.104098288344|-0.0225026138805|0.227451279877
738,VALID_CAMPAIGN,NEAR_SINGULARITY,-3715464690545765676,5,MIXED,1.46556000597,-0.297499955878,0.199999986368,UNGUARDED_REFERENCE,true,false,CONVERGED_UNCERTIFIED,NO_GUARDS_OR_FINAL_CERTIFICATION,10,true,false,1.49428511406e-07,false,true,false,true,0,NaN,8500,43.7766671004|-44.5097060510|-0.373685705924|25.1327411100|-11.3137672205
739,VALID_CAMPAIGN,MICRO_MOTION,758241531111340135,5,MIXED,1.46556006572,-0.297499514659,0.199999850043,GUARDED_PRODUCTION,false,false,NO_CONVERGENCE,STAGNATION_WINDOW_EXCEEDED,698,true,true,1.24992876132,false,false,false,false,0,5.09934421907,1675250,3.14159265359|2.37713844122|0.0200000000000|-0.0285014287050|0.0815260589598
739,VALID_CAMPAIGN,MICRO_MOTION,758241531111340135,5,MIXED,1.46556006572,-0.297499514659,0.199999850043,UNGUARDED_REFERENCE,true,false,CONVERGED_UNCERTIFIED,NO_GUARDS_OR_FINAL_CERTIFICATION,1,true,false,4.84547725037e-07,false,true,false,true,0,NaN,667,43.7766671004|-44.5097060510|-0.373685705924|25.1327411100|-11.3137672205
740,VALID_CAMPAIGN,UNIFORM,2383466833383314331,5,MIXED,-1.12112083808,0.587106043694,0.509887812155,GUARDED_PRODUCTION,true,true,SUCCESS,NONE,114,true,true,1.83440815088e-08,false,false,false,false,0,5.02850395390,355208,2.66831910020|0.233355133937|0.184665077788|1.04368294197|-0.0947541186096
740,VALID_CAMPAIGN,UNIFORM,2383466833383314331,5,MIXED,-1.12112083808,0.587106043694,0.509887812155,UNGUARDED_REFERENCE,true,false,CONVERGED_UNCERTIFIED,NO_GUARDS_OR_FINAL_CERTIFICATION,8,true,false,9.28021038340e-08,false,true,false,true,0,NaN,10333,47.6559875729|-50.5133498516|0.999830620348|27.0235783268|6.35662207895
741,VALID_CAMPAIGN,NEAR_JOINT_LIMIT,-982918948620793180,5,MIXED,-0.554147930742,-0.923142654015,0.324261104992,GUARDED_PRODUCTION,true,true,SUCCESS,NONE,735,true,true,9.81577716414e-07,false,false,false,false,0,157.466141821,1938958,3.14159265359|1.48240957884|0.146372067906|0.392877232940|0.785573434588
741,VALID_CAMPAIGN,NEAR_JOINT_LIMIT,-982918948620793180,5,MIXED,-0.554147930742,-0.923142654015,0.324261104992,UNGUARDED_REFERENCE,true,false,CONVERGED_UNCERTIFIED,NO_GUARDS_OR_FINAL_CERTIFICATION,7,true,false,3.35710102055e-08,false,true,false,true,0,NaN,6541,48.8496815762|-50.3339458907|0.824293933511|27.4610415262|7.54598584034
742,VALID_CAMPAIGN,NEAR_SINGULARITY,2111662224627690139,5,MIXED,1.46556000597,-0.297499955878,0.199999986368,GUARDED_PRODUCTION,false,false,NO_CONVERGENCE,STAGNATION_WINDOW_EXCEEDED,67,true,true,1.28162608277,false,false,false,false,0,7.99956832893,184667,3.14159265359|2.37713844122|0.127674479145|0.0749520548689|0.696345118056
742,VALID_CAMPAIGN,NEAR_SINGULARITY,2111662224627690139,5,MIXED,1.46556000597,-0.297499955878,0.199999986368,UNGUARDED_REFERENCE,true,false,CONVERGED_UNCERTIFIED,NO_GUARDS_OR_FINAL_CERTIFICATION,15,true,false,6.26231370944e-08,false,true,false,true,0,NaN,13667,50.3548830726|-49.6399542353|0.809469162963|27.4134072568|10.1664525272
743,VALID_CAMPAIGN,MICRO_MOTION,553833107216637402,5,MIXED,1.46556006572,-0.297499514659,0.199999850043,GUARDED_PRODUCTION,false,false,NO_CONVERGENCE,STAGNATION_WINDOW_EXCEEDED,7,true,true,1.28210397228,false,false,false,false,0,5.42868679449,20208,3.14159265359|2.37713844122|0.126925907628|0.0564298757211|0.668919115454
743,VALID_CAMPAIGN,MICRO_MOTION,553833107216637402,5,MIXED,1.46556006572,-0.297499514659,0.199999850043,UNGUARDED_REFERENCE,true,false,CONVERGED_UNCERTIFIED,NO_GUARDS_OR_FINAL_CERTIFICATION,1,true,false,4.71921359301e-07,false,true,false,true,0,NaN,584,50.3548830726|-49.6399542353|0.809469162963|27.4134072568|10.1664525272
744,VALID_CAMPAIGN,UNIFORM,-5908613454955274578,5,MIXED,-0.681545935115,0.668658332557,0.268964220067,GUARDED_PRODUCTION,true,true,SUCCESS,NONE,56,true,true,2.66453196086e-09,false,false,false,false,0,5.38057456884,156875,1.08986340299|1.73892676793|0.126668764439|0.228700941927|0.967638082034
744,VALID_CAMPAIGN,UNIFORM,-5908613454955274578,5,MIXED,-0.681545935115,0.668658332557,0.268964220067,UNGUARDED_REFERENCE,true,false,CONVERGED_UNCERTIFIED,NO_GUARDS_OR_FINAL_CERTIFICATION,13,true,false,9.48270946931e-07,false,true,false,true,0,NaN,11792,52.6969457903|-56.1917664817|0.0658676908651|27.5526308122|10.9836914150
745,VALID_CAMPAIGN,NEAR_JOINT_LIMIT,1473281833850631503,5,MIXED,-0.324198862712,-0.683354036011,0.324261104992,GUARDED_PRODUCTION,true,true,SUCCESS,NONE,72,true,true,1.24907265164e-07,false,false,false,false,0,7.11258251777,198792,2.66406942569|2.07544707131|0.0984980196390|0.443182868961|1.03746484032
745,VALID_CAMPAIGN,NEAR_JOINT_LIMIT,1473281833850631503,5,MIXED,-0.324198862712,-0.683354036011,0.324261104992,UNGUARDED_REFERENCE,true,false,CONVERGED_UNCERTIFIED,NO_GUARDS_OR_FINAL_CERTIFICATION,10,true,false,4.40420561294e-07,false,true,false,true,0,NaN,9292,55.7112227791|-58.6125800773|-0.357548443100|32.4487958504|17.0107928948
746,VALID_CAMPAIGN,NEAR_SINGULARITY,-7231291031963092014,5,MIXED,1.46556000597,-0.297499955878,0.199999986368,GUARDED_PRODUCTION,false,false,NO_CONVERGENCE,STAGNATION_WINDOW_EXCEEDED,57,true,true,1.24281952545,false,false,false,false,0,6.91248588075,154083,3.14159265359|2.37713844122|0.0868686559055|0.0743302535114|0.751073630406
746,VALID_CAMPAIGN,NEAR_SINGULARITY,-7231291031963092014,5,MIXED,1.46556000597,-0.297499955878,0.199999986368,UNGUARDED_REFERENCE,true,false,CONVERGED_UNCERTIFIED,NO_GUARDS_OR_FINAL_CERTIFICATION,10,true,false,9.39234670901e-07,false,true,false,true,0,NaN,9334,62.6406501705|-63.3152286007|-0.329046971907|31.4159260466|13.6076501394
747,VALID_CAMPAIGN,MICRO_MOTION,1041601072216097539,5,MIXED,1.46556006572,-0.297499514659,0.199999850043,GUARDED_PRODUCTION,false,false,NO_CONVERGENCE,STAGNATION_WINDOW_EXCEEDED,7,true,true,1.24354653674,false,false,false,false,0,5.43740637476,18791,3.14159265359|2.37713844122|0.0862092561617|0.0545333609172|0.713766069398
747,VALID_CAMPAIGN,MICRO_MOTION,1041601072216097539,5,MIXED,1.46556006572,-0.297499514659,0.199999850043,UNGUARDED_REFERENCE,true,false,CONVERGED_UNCERTIFIED,NO_GUARDS_OR_FINAL_CERTIFICATION,2,true,false,2.10661221311e-09,false,true,false,true,0,NaN,1375,62.6406503132|-63.3152280658|-0.329047707356|31.4159260322|13.6076440834
748,VALID_CAMPAIGN,UNIFORM,4098437421120817169,5,MIXED,-0.262321470808,-1.11937301151,0.369842030528,GUARDED_PRODUCTION,false,false,NO_CONVERGENCE,STAGNATION_WINDOW_EXCEEDED,25,true,true,0.197224842585,false,false,false,false,11,5.37650541878,73375,3.14159265359|1.67116938384|0.0959537324594|0.372037736457|0.526847897004
748,VALID_CAMPAIGN,UNIFORM,4098437421120817169,5,MIXED,-0.262321470808,-1.11937301151,0.369842030528,UNGUARDED_REFERENCE,true,false,CONVERGED_UNCERTIFIED,NO_GUARDS_OR_FINAL_CERTIFICATION,7,true,false,3.76737775338e-08,false,true,false,true,0,NaN,7875,63.0944286323|-64.2839392514|0.975642322252|31.9890978086|24.2861329060
749,VALID_CAMPAIGN,NEAR_JOINT_LIMIT,-4098150009990828062,5,MIXED,-0.267751355253,-0.737485206200,-0.0210988429887,GUARDED_PRODUCTION,true,true,SUCCESS,NONE,34,true,true,8.17731678539e-07,false,false,false,false,0,7.21150475266,94417,2.69250864813|2.15351648250|0.0892927294751|-0.651430418439|0.615430104982
749,VALID_CAMPAIGN,NEAR_JOINT_LIMIT,-4098150009990828062,5,MIXED,-0.267751355253,-0.737485206200,-0.0210988429887,UNGUARDED_REFERENCE,true,false,CONVERGED_UNCERTIFIED,NO_GUARDS_OR_FINAL_CERTIFICATION,6,true,false,2.92375931156e-07,false,true,false,true,0,NaN,4833,64.1474146693|-65.1040623492|0.814920995035|30.1506210003|23.5036801135
750,VALID_CAMPAIGN,NEAR_SINGULARITY,1855281493883851276,5,MIXED,1.46556000597,-0.297499955878,0.199999986368,GUARDED_PRODUCTION,false,false,NO_CONVERGENCE,STAGNATION_WINDOW_EXCEEDED,51,true,true,1.25147868569,false,false,false,false,0,6.34350744923,133125,3.14159265359|2.37713844122|0.0794621823499|-0.188690962075|0.524662305238
750,VALID_CAMPAIGN,NEAR_SINGULARITY,1855281493883851276,5,MIXED,1.46556000597,-0.297499955878,0.199999986368,UNGUARDED_REFERENCE,true,false,CONVERGED_UNCERTIFIED,NO_GUARDS_OR_FINAL_CERTIFICATION,13,true,false,2.04285245866e-07,false,true,false,true,0,NaN,11459,62.5851992289|-61.7373745440|0.776390474325|27.4784493281|22.8004494329
751,VALID_CAMPAIGN,MICRO_MOTION,-5807261427737529871,5,MIXED,1.46556006572,-0.297499514659,0.199999850043,GUARDED_PRODUCTION,false,false,NO_CONVERGENCE,STAGNATION_WINDOW_EXCEEDED,7,true,true,1.25221916774,false,false,false,false,0,5.10804026129,18542,3.14159265359|2.37713844122|0.0788441336966|-0.160365491275|0.501915863813
751,VALID_CAMPAIGN,MICRO_MOTION,-5807261427737529871,5,MIXED,1.46556006572,-0.297499514659,0.199999850043,UNGUARDED_REFERENCE,true,false,CONVERGED_UNCERTIFIED,NO_GUARDS_OR_FINAL_CERTIFICATION,1,true,false,5.15205401503e-07,false,true,false,true,0,NaN,542,62.5851992289|-61.7373745440|0.776390474325|27.4784493281|22.8004494329
752,VALID_CAMPAIGN,UNIFORM,5115103953342105900,5,MIXED,0.943851027163,-0.953873587040,-0.0593412806098,GUARDED_PRODUCTION,false,false,NO_CONVERGENCE,STAGNATION_WINDOW_EXCEEDED,7,true,true,0.803933962078,false,false,false,false,0,5.07397694109,19666,3.14159265359|2.24927863041|0.0805945457153|-0.228610569794|0.452830863016
752,VALID_CAMPAIGN,UNIFORM,5115103953342105900,5,MIXED,0.943851027163,-0.953873587040,-0.0593412806098,UNGUARDED_REFERENCE,true,false,CONVERGED_UNCERTIFIED,NO_GUARDS_OR_FINAL_CERTIFICATION,7,true,false,1.68967506656e-09,false,true,false,true,0,NaN,6000,61.9905361047|-62.2688037811|0.581179943518|30.3114247352|20.1013550903
753,VALID_CAMPAIGN,NEAR_JOINT_LIMIT,-7008259521504112976,5,MIXED,0.0876263731405,0.253906745748,0.324261104992,GUARDED_PRODUCTION,false,false,NO_CONVERGENCE,STAGNATION_WINDOW_EXCEEDED,11,true,true,1.00998442878,false,false,false,false,0,5.28095435408,31625,2.76401220839|2.37713844122|0.0759387872340|-0.165502015665|0.549370295645
753,VALID_CAMPAIGN,NEAR_JOINT_LIMIT,-7008259521504112976,5,MIXED,0.0876263731405,0.253906745748,0.324261104992,UNGUARDED_REFERENCE,true,false,CONVERGED_UNCERTIFIED,NO_GUARDS_OR_FINAL_CERTIFICATION,8,true,false,3.65578167819e-08,false,true,false,true,0,NaN,6834,59.3281290327|-59.2574000204|0.109718274243|27.1676050579|26.7547069996
754,VALID_CAMPAIGN,NEAR_SINGULARITY,3483549055340803474,5,MIXED,1.46556000597,-0.297499955878,0.199999986368,GUARDED_PRODUCTION,false,false,NO_CONVERGENCE,STAGNATION_WINDOW_EXCEEDED,15,true,true,1.24363764375,false,false,false,false,0,5.09434159720,41209,3.14159265359|2.37713844122|0.0725042911316|-0.119566617806|0.525631387987
754,VALID_CAMPAIGN,NEAR_SINGULARITY,3483549055340803474,5,MIXED,1.46556000597,-0.297499955878,0.199999986368,UNGUARDED_REFERENCE,true,false,CONVERGED_UNCERTIFIED,NO_GUARDS_OR_FINAL_CERTIFICATION,29,true,false,1.49969986850e-08,false,true,false,true,0,NaN,27375,43.9866212804|-57.9152823575|-0.785119009974|27.6909385913|14.6219351064
755,VALID_CAMPAIGN,MICRO_MOTION,4006332765787481717,5,MIXED,1.46556006572,-0.297499514659,0.199999850043,GUARDED_PRODUCTION,false,false,NO_CONVERGENCE,STAGNATION_WINDOW_EXCEEDED,7,true,true,1.24518254508,false,false,false,false,0,5.06278224025,18125,3.14159265359|2.37713844122|0.0719063662751|-0.103789434076|0.500996266230
755,VALID_CAMPAIGN,MICRO_MOTION,4006332765787481717,5,MIXED,1.46556006572,-0.297499514659,0.199999850043,UNGUARDED_REFERENCE,true,false,CONVERGED_UNCERTIFIED,NO_GUARDS_OR_FINAL_CERTIFICATION,1,true,false,4.65417964752e-07,false,true,false,true,0,NaN,750,43.9866212804|-57.9152823575|-0.785119009974|27.6909385913|14.6219351064
756,VALID_CAMPAIGN,UNIFORM,1616804520234050526,5,MIXED,0.348120202990,-1.12201025237,0.316134696701,GUARDED_PRODUCTION,false,false,NO_CONVERGENCE,STAGNATION_WINDOW_EXCEEDED,14,true,true,0.419227781475,false,false,false,false,4,5.05250287597,39208,3.14159265359|2.05276023154|0.0762825623604|0.0437045828447|0.415252393249
756,VALID_CAMPAIGN,UNIFORM,1616804520234050526,5,MIXED,0.348120202990,-1.12201025237,0.316134696701,UNGUARDED_REFERENCE,true,false,CONVERGED_UNCERTIFIED,NO_GUARDS_OR_FINAL_CERTIFICATION,18,true,false,8.86727460851e-10,false,true,false,true,0,NaN,17458,36.5401771066|-56.2606007432|0.170962537302|26.3338922105|16.9150147382
757,VALID_CAMPAIGN,NEAR_JOINT_LIMIT,-2747445855337982467,5,MIXED,0.241816814841,0.0931184571799,0.324261104992,GUARDED_PRODUCTION,false,false,NO_CONVERGENCE,STAGNATION_WINDOW_EXCEEDED,16,true,true,0.878540627445,false,false,false,false,0,5.60306893118,45417,2.62549392967|2.37713844122|0.0689157859567|0.139955658430|0.551086054155
757,VALID_CAMPAIGN,NEAR_JOINT_LIMIT,-2747445855337982467,5,MIXED,0.241816814841,0.0931184571799,0.324261104992,UNGUARDED_REFERENCE,true,false,CONVERGED_UNCERTIFIED,NO_GUARDS_OR_FINAL_CERTIFICATION,7,true,false,5.98968789548e-08,false,true,false,true,0,NaN,5709,40.0864043128|-59.3523802142|-0.197598128678|32.9432531433|16.9817848162
758,VALID_CAMPAIGN,NEAR_SINGULARITY,-554278529937301659,5,MIXED,1.46556000597,-0.297499955878,0.199999986368,GUARDED_PRODUCTION,false,false,NO_CONVERGENCE,STAGNATION_WINDOW_EXCEEDED,19,true,true,1.23669043840,false,false,false,false,0,5.46641371273,55125,3.14159265359|2.37713844122|0.0631885252830|0.0812462403194|0.542911502279
758,VALID_CAMPAIGN,NEAR_SINGULARITY,-554278529937301659,5,MIXED,1.46556000597,-0.297499955878,0.199999986368,UNGUARDED_REFERENCE,true,false,CONVERGED_UNCERTIFIED,NO_GUARDS_OR_FINAL_CERTIFICATION,14,true,false,2.51065424727e-07,false,true,false,true,0,NaN,13333,37.4891734136|-63.0736734864|-0.227893728331|31.4159264293|12.7884482408
759,VALID_CAMPAIGN,MICRO_MOTION,-5457997751031797859,5,MIXED,1.46556006572,-0.297499514659,0.199999850043,GUARDED_PRODUCTION,false,false,NO_CONVERGENCE,STAGNATION_WINDOW_EXCEEDED,7,true,true,1.23770820187,false,false,false,false,0,5.33336068931,19792,3.14159265359|2.37713844122|0.0625739508431|0.0600431898170|0.515865392686
759,VALID_CAMPAIGN,MICRO_MOTION,-5457997751031797859,5,MIXED,1.46556006572,-0.297499514659,0.199999850043,UNGUARDED_REFERENCE,true,false,CONVERGED_UNCERTIFIED,NO_GUARDS_OR_FINAL_CERTIFICATION,1,true,false,5.08421743905e-07,false,true,false,true,0,NaN,625,37.4891734136|-63.0736734864|-0.227893728331|31.4159264293|12.7884482408
760,VALID_CAMPAIGN,UNIFORM,7578918974281951932,5,MIXED,0.787851781851,0.879996679871,-0.000968878208941,GUARDED_PRODUCTION,false,false,NO_CONVERGENCE,STAGNATION_WINDOW_EXCEEDED,7,true,true,1.67312865500,false,false,false,false,0,5.27926431410,19750,3.05617688533|2.37713844122|0.0592267578797|0.0375578627808|0.573694847308
760,VALID_CAMPAIGN,UNIFORM,7578918974281951932,5,MIXED,0.787851781851,0.879996679871,-0.000968878208941,UNGUARDED_REFERENCE,true,false,CONVERGED_UNCERTIFIED,NO_GUARDS_OR_FINAL_CERTIFICATION,8,true,false,5.99837953129e-09,false,true,false,true,0,NaN,7167,29.1295549869|-52.1781919531|1.70705940590|22.7633517719|1.70515275994
761,VALID_CAMPAIGN,NEAR_JOINT_LIMIT,241065599108128883,5,MIXED,-0.0858752112634,0.547826511085,-0.0210988429887,GUARDED_PRODUCTION,true,true,SUCCESS,NONE,137,true,true,9.84657707244e-07,false,false,false,false,0,5.25714062922,363209,-0.286861742292|2.37713844122|0.0488961131046|-0.876238755346|1.23106265521
761,VALID_CAMPAIGN,NEAR_JOINT_LIMIT,241065599108128883,5,MIXED,-0.0858752112634,0.547826511085,-0.0210988429887,UNGUARDED_REFERENCE,true,false,CONVERGED_UNCERTIFIED,NO_GUARDS_OR_FINAL_CERTIFICATION,7,true,false,1.73339163039e-09,false,true,false,true,0,NaN,5958,29.8298600176|-52.0533401507|0.996350669125|22.3851206180|0.282963542580
762,VALID_CAMPAIGN,NEAR_SINGULARITY,-8363283121389103581,5,MIXED,1.46556000597,-0.297499955878,0.199999986368,GUARDED_PRODUCTION,true,true,SUCCESS,NONE,128,true,true,3.23334491186e-08,false,false,false,false,0,6.40718722923,381042,-0.192390128763|0.243812060095|0.227941746490|-4.53599253450e-08|-0.218410647066
762,VALID_CAMPAIGN,NEAR_SINGULARITY,-8363283121389103581,5,MIXED,1.46556000597,-0.297499955878,0.199999986368,UNGUARDED_REFERENCE,true,false,CONVERGED_UNCERTIFIED,NO_GUARDS_OR_FINAL_CERTIFICATION,8,true,false,7.95810186750e-08,false,true,false,true,0,NaN,7334,31.2460194194|-55.5959908232|0.793948708697|20.9076311960|3.67937560792
763,VALID_CAMPAIGN,MICRO_MOTION,-1642249244911939486,5,MIXED,1.46556006572,-0.297499514659,0.199999850043,GUARDED_PRODUCTION,true,true,SUCCESS,NONE,1,true,true,4.63067333692e-07,false,false,false,false,0,NaN,4500,-0.192390128763|0.243812060095|0.227941746490|-4.53599253450e-08|-0.218410647066
763,VALID_CAMPAIGN,MICRO_MOTION,-1642249244911939486,5,MIXED,1.46556006572,-0.297499514659,0.199999850043,UNGUARDED_REFERENCE,true,false,CONVERGED_UNCERTIFIED,NO_GUARDS_OR_FINAL_CERTIFICATION,1,true,false,4.88762921056e-07,false,true,false,true,0,NaN,584,31.2460194194|-55.5959908232|0.793948708697|20.9076311960|3.67937560792
764,VALID_CAMPAIGN,UNIFORM,4428569485721718817,5,MIXED,0.680501806544,0.991388840449,-0.207568025363,GUARDED_PRODUCTION,true,true,SUCCESS,NONE,59,true,true,9.70006628601e-08,false,false,false,false,0,76.2435030102,158958,0.714454770567|0.687984364031|0.204604809309|-1.38543648682|-0.0997914236232
764,VALID_CAMPAIGN,UNIFORM,4428569485721718817,5,MIXED,0.680501806544,0.991388840449,-0.207568025363,UNGUARDED_REFERENCE,true,false,CONVERGED_UNCERTIFIED,NO_GUARDS_OR_FINAL_CERTIFICATION,9,true,false,2.22537883638e-07,false,true,false,true,0,NaN,8000,32.2830216709|-56.0933924249|0.175327141133|23.6974070864|-0.264334462710
765,VALID_CAMPAIGN,NEAR_JOINT_LIMIT,7439633009329092644,5,MIXED,-0.0858752112634,0.547826511085,-0.0210988429887,GUARDED_PRODUCTION,true,true,SUCCESS,NONE,91,true,true,1.18731826127e-07,false,false,false,false,0,55.8660135161,242083,0.354689885097|2.11187760366|0.157808063883|-1.78285383091|1.78285380344
765,VALID_CAMPAIGN,NEAR_JOINT_LIMIT,7439633009329092644,5,MIXED,-0.0858752112634,0.547826511085,-0.0210988429887,UNGUARDED_REFERENCE,true,false,CONVERGED_UNCERTIFIED,NO_GUARDS_OR_FINAL_CERTIFICATION,9,true,false,1.19136033320e-08,false,true,false,true,0,NaN,7875,25.6456858603|-41.6602215249|0.00124266430786|22.9195881829|-1.66597863152
766,VALID_CAMPAIGN,NEAR_SINGULARITY,9048826351745797545,5,MIXED,1.46556000597,-0.297499955878,0.199999986368,GUARDED_PRODUCTION,true,true,SUCCESS,NONE,136,true,true,4.90209329694e-08,false,false,false,false,0,7.54233704862,360625,-0.184106107105|0.216536977689|0.248464629840|-4.69561342776e-08|-0.00334740748566
766,VALID_CAMPAIGN,NEAR_SINGULARITY,9048826351745797545,5,MIXED,1.46556000597,-0.297499955878,0.199999986368,UNGUARDED_REFERENCE,true,false,CONVERGED_UNCERTIFIED,NO_GUARDS_OR_FINAL_CERTIFICATION,14,true,false,8.78921533275e-09,false,true,false,true,0,NaN,13791,29.4432834523|-36.8864938996|-1.43523907085|14.8365710244|-22.7224094300
767,VALID_CAMPAIGN,MICRO_MOTION,-3532399914450419444,5,MIXED,1.46556006572,-0.297499514659,0.199999850043,GUARDED_PRODUCTION,true,true,SUCCESS,NONE,1,true,true,4.63451925768e-07,false,false,false,false,0,NaN,3584,-0.184106107105|0.216536977689|0.248464629840|-4.69561342776e-08|-0.00334740748566
767,VALID_CAMPAIGN,MICRO_MOTION,-3532399914450419444,5,MIXED,1.46556006572,-0.297499514659,0.199999850043,UNGUARDED_REFERENCE,true,false,CONVERGED_UNCERTIFIED,NO_GUARDS_OR_FINAL_CERTIFICATION,1,true,false,4.64522603113e-07,false,true,false,true,0,NaN,542,29.4432834523|-36.8864938996|-1.43523907085|14.8365710244|-22.7224094300
768,VALID_CAMPAIGN,UNIFORM,508600036158693338,5,MIXED,1.21772383096,-0.152411082151,0.235230606602,GUARDED_PRODUCTION,true,true,SUCCESS,NONE,53,true,true,3.10743566785e-08,false,false,false,false,0,56.1167856777,142083,-0.515766240139|0.622987027276|0.191366997312|0.175658345682|1.61364948201
768,VALID_CAMPAIGN,UNIFORM,508600036158693338,5,MIXED,1.21772383096,-0.152411082151,0.235230606602,UNGUARDED_REFERENCE,true,false,CONVERGED_UNCERTIFIED,NO_GUARDS_OR_FINAL_CERTIFICATION,5,true,false,2.18778044965e-09,false,true,false,true,0,NaN,4333,28.6847182823|-36.1752510904|-1.39831685703|14.6045428380|-22.8735859915
769,VALID_CAMPAIGN,NEAR_JOINT_LIMIT,7696666987046736824,5,MIXED,0.298264217924,0.147249624109,-0.0210988429887,GUARDED_PRODUCTION,false,false,NO_CONVERGENCE,STAGNATION_WINDOW_EXCEEDED,58,true,true,0.310976873424,false,false,false,false,0,12.7160726999,161209,-1.78609800208|2.37713844122|0.157973646340|-0.704523517314|1.73327452620
769,VALID_CAMPAIGN,NEAR_JOINT_LIMIT,7696666987046736824,5,MIXED,0.298264217924,0.147249624109,-0.0210988429887,UNGUARDED_REFERENCE,true,false,CONVERGED_UNCERTIFIED,NO_GUARDS_OR_FINAL_CERTIFICATION,11,true,false,5.65751546457e-08,false,true,false,true,0,NaN,10334,27.7117102645|-35.0405483017|-0.693994917118|16.2557123664|-19.9971592816
770,VALID_CAMPAIGN,NEAR_SINGULARITY,-589727675615428057,5,MIXED,1.46556000597,-0.297499955878,0.199999986368,GUARDED_PRODUCTION,true,true,SUCCESS,NONE,93,true,true,5.33902746049e-08,false,false,false,false,0,7.12122688543,251917,-0.186059537563|0.219923038735|0.242054906287|-4.87349827639e-08|-0.0446731860422
770,VALID_CAMPAIGN,NEAR_SINGULARITY,-589727675615428057,5,MIXED,1.46556000597,-0.297499955878,0.199999986368,UNGUARDED_REFERENCE,true,false,CONVERGED_UNCERTIFIED,NO_GUARDS_OR_FINAL_CERTIFICATION,9,true,false,9.60284530935e-07,false,true,false,true,0,NaN,7667,24.9562108200|-38.8308563785|-0.773041872405|15.2155224404|-16.9600652839
771,VALID_CAMPAIGN,MICRO_MOTION,7056882156447359131,5,MIXED,1.46556006572,-0.297499514659,0.199999850043,GUARDED_PRODUCTION,true,true,SUCCESS,NONE,1,true,true,4.62691518541e-07,false,false,false,false,0,NaN,3334,-0.186059537563|0.219923038735|0.242054906287|-4.87349827639e-08|-0.0446731860422
771,VALID_CAMPAIGN,MICRO_MOTION,7056882156447359131,5,MIXED,1.46556006572,-0.297499514659,0.199999850043,UNGUARDED_REFERENCE,true,false,CONVERGED_UNCERTIFIED,NO_GUARDS_OR_FINAL_CERTIFICATION,2,true,false,1.42737367876e-09,false,true,false,true,0,NaN,1250,24.9562105253|-38.8308556446|-0.773042853317|15.2155220780|-16.9600643421
772,VALID_CAMPAIGN,UNIFORM,2962379738366193561,5,MIXED,-0.228063956120,0.570917746549,0.372519364497,GUARDED_PRODUCTION,true,true,SUCCESS,NONE,86,true,true,1.26717412435e-10,false,false,false,false,0,61.4049756830,237459,0.143587412739|2.36674093684|0.164968944698|0.672729186069|1.09090864987
772,VALID_CAMPAIGN,UNIFORM,2962379738366193561,5,MIXED,-0.228063956120,0.570917746549,0.372519364497,UNGUARDED_REFERENCE,true,false,CONVERGED_UNCERTIFIED,NO_GUARDS_OR_FINAL_CERTIFICATION,9,true,false,5.96096434491e-09,false,true,false,true,0,NaN,8584,25.1067175269|-40.3789496233|0.921347177855|14.9287535345|-18.1546989647
773,VALID_CAMPAIGN,NEAR_JOINT_LIMIT,8660047370548455357,5,MIXED,0.471765852738,-0.146670189720,0.324261104992,GUARDED_PRODUCTION,true,true,SUCCESS,NONE,86,true,true,9.19028162934e-07,false,false,false,false,0,7.08822496327,231708,-2.02297108753|2.36981550105|0.153345065115|0.913353150522|1.78285383091
773,VALID_CAMPAIGN,NEAR_JOINT_LIMIT,8660047370548455357,5,MIXED,0.471765852738,-0.146670189720,0.324261104992,UNGUARDED_REFERENCE,true,false,CONVERGED_UNCERTIFIED,NO_GUARDS_OR_FINAL_CERTIFICATION,7,true,false,1.45002005241e-10,false,true,false,true,0,NaN,6167,23.1800904093|-40.5984882694|0.721451198361|15.0609208188|-18.0064780829
774,VALID_CAMPAIGN,NEAR_SINGULARITY,5838723529811568517,5,MIXED,1.46556000597,-0.297499955878,0.199999986368,GUARDED_PRODUCTION,true,true,SUCCESS,NONE,100,true,true,3.89812221029e-08,false,false,false,false,0,8.10081389354,268792,-0.186400373847|0.220671891689|0.240916655672|-4.55355224193e-08|-0.0529563811555
774,VALID_CAMPAIGN,NEAR_SINGULARITY,5838723529811568517,5,MIXED,1.46556000597,-0.297499955878,0.199999986368,UNGUARDED_REFERENCE,true,false,CONVERGED_UNCERTIFIED,NO_GUARDS_OR_FINAL_CERTIFICATION,9,true,false,1.03936100955e-07,false,true,false,true,0,NaN,8625,24.9604048861|-43.0334881149|0.951988680423|14.5327058575|-16.1667122774
775,VALID_CAMPAIGN,MICRO_MOTION,4872631919990648736,5,MIXED,1.46556006572,-0.297499514659,0.199999850043,GUARDED_PRODUCTION,true,true,SUCCESS,NONE,1,true,true,4.62995941856e-07,false,false,false,false,0,NaN,3500,-0.186400373847|0.220671891689|0.240916655672|-4.55355224193e-08|-0.0529563811555
775,VALID_CAMPAIGN,MICRO_MOTION,4872631919990648736,5,MIXED,1.46556006572,-0.297499514659,0.199999850043,UNGUARDED_REFERENCE,true,false,CONVERGED_UNCERTIFIED,NO_GUARDS_OR_FINAL_CERTIFICATION,1,true,false,4.43638403611e-07,false,true,false,true,0,NaN,500,24.9604048861|-43.0334881149|0.951988680423|14.5327058575|-16.1667122774
776,VALID_CAMPAIGN,UNIFORM,1705634939440816924,5,MIXED,0.953439600629,0.314215623501,0.0995811521920,GUARDED_PRODUCTION,true,true,SUCCESS,NONE,51,true,true,1.29628909173e-07,false,false,false,false,0,62.4732446769,138667,-0.943185701883|1.77117762126|0.174324791192|-0.302484310547|0.798219924601
776,VALID_CAMPAIGN,UNIFORM,1705634939440816924,5,MIXED,0.953439600629,0.314215623501,0.0995811521920,UNGUARDED_REFERENCE,true,false,CONVERGED_UNCERTIFIED,NO_GUARDS_OR_FINAL_CERTIFICATION,7,true,false,7.42111383734e-08,false,true,false,true,0,NaN,6167,24.8295589602|-42.5147440874|0.353052005583|16.3061682425|-15.9769870943
777,VALID_CAMPAIGN,NEAR_JOINT_LIMIT,3678758684407814448,5,MIXED,0.0876263731405,0.253906745748,0.324261104992,GUARDED_PRODUCTION,false,false,NO_CONVERGENCE,STAGNATION_WINDOW_EXCEEDED,24,true,true,0.592731390633,false,false,false,false,0,6.53700262519,68125,-1.61275508761|2.37713844122|0.161558861379|-0.0263588138719|1.07497764267
777,VALID_CAMPAIGN,NEAR_JOINT_LIMIT,3678758684407814448,5,MIXED,0.0876263731405,0.253906745748,0.324261104992,UNGUARDED_REFERENCE,true,false,CONVERGED_UNCERTIFIED,NO_GUARDS_OR_FINAL_CERTIFICATION,12,true,false,9.01239311078e-08,false,true,false,true,0,NaN,10917,24.1827683213|-41.1665017873|0.176329820087|7.59077789748|-4.39482274044
778,VALID_CAMPAIGN,NEAR_SINGULARITY,-1906344043842200424,5,MIXED,1.46556000597,-0.297499955878,0.199999986368,GUARDED_PRODUCTION,true,true,SUCCESS,NONE,69,true,true,5.00309771348e-08,false,false,false,false,0,5.79396823116,182000,-0.189799152653|0.226177914981|0.238504327790|-4.84970439317e-08|-0.0711277117635
778,VALID_CAMPAIGN,NEAR_SINGULARITY,-1906344043842200424,5,MIXED,1.46556000597,-0.297499955878,0.199999986368,UNGUARDED_REFERENCE,true,false,CONVERGED_UNCERTIFIED,NO_GUARDS_OR_FINAL_CERTIFICATION,11,true,false,1.17222512738e-07,false,true,false,true,0,NaN,17208,18.6275466817|-42.9813350382|0.844038674100|14.2294798758|-15.5797743242
779,VALID_CAMPAIGN,MICRO_MOTION,7168309184942521948,5,MIXED,1.46556006572,-0.297499514659,0.199999850043,GUARDED_PRODUCTION,true,true,SUCCESS,NONE,1,true,true,4.62532648258e-07,false,false,false,false,0,NaN,3959,-0.189799152653|0.226177914981|0.238504327790|-4.84970439317e-08|-0.0711277117635
779,VALID_CAMPAIGN,MICRO_MOTION,7168309184942521948,5,MIXED,1.46556006572,-0.297499514659,0.199999850043,UNGUARDED_REFERENCE,true,false,CONVERGED_UNCERTIFIED,NO_GUARDS_OR_FINAL_CERTIFICATION,1,true,false,5.11193010564e-07,false,true,false,true,0,NaN,542,18.6275466817|-42.9813350382|0.844038674100|14.2294798758|-15.5797743242
780,VALID_CAMPAIGN,UNIFORM,7516936385304120323,5,MIXED,-0.107994967839,-0.690435337909,0.382932063127,GUARDED_PRODUCTION,true,true,SUCCESS,NONE,68,true,true,4.93442954387e-11,false,false,false,false,0,64.8079718136,177625,0.251881553239|-2.21406825098|0.223937143265|0.518812430992|0.181064323456
780,VALID_CAMPAIGN,UNIFORM,7516936385304120323,5,MIXED,-0.107994967839,-0.690435337909,0.382932063127,UNGUARDED_REFERENCE,true,false,CONVERGED_UNCERTIFIED,NO_GUARDS_OR_FINAL_CERTIFICATION,7,true,false,1.63962288050e-10,false,true,false,true,0,NaN,5875,16.2512290163|-42.7319981753|-0.330202074471|8.21970492116|-20.1727878948
781,VALID_CAMPAIGN,NEAR_JOINT_LIMIT,3927575377799376188,5,MIXED,0.0876263731405,0.253906745748,0.324261104992,GUARDED_PRODUCTION,false,false,MAX_ITERATIONS_REACHED,MAX_ITERATIONS_LIMIT_REACHED,800,true,true,5.14933213525e-06,false,false,false,false,0,7.05084285634,2135125,3.14157695527|-2.37713844122|0.352219019767|1.78285383091|1.78285292508
781,VALID_CAMPAIGN,NEAR_JOINT_LIMIT,3927575377799376188,5,MIXED,0.0876263731405,0.253906745748,0.324261104992,UNGUARDED_REFERENCE,true,false,CONVERGED_UNCERTIFIED,NO_GUARDS_OR_FINAL_CERTIFICATION,5,true,false,1.81014938691e-08,false,true,false,true,0,NaN,5417,14.9984918990|-40.7332800087|-0.350533070797|8.74186379319|-19.8123287411
782,VALID_CAMPAIGN,NEAR_SINGULARITY,5832094668821089543,5,MIXED,1.46556000597,-0.297499955878,0.199999986368,GUARDED_PRODUCTION,true,true,SUCCESS,NONE,124,true,true,7.46830018875e-09,false,false,false,false,0,4.94403471707,333542,-0.168417550261|0.264569100551|0.399812100952|-3.91949599424e-08|0.487701748214
782,VALID_CAMPAIGN,NEAR_SINGULARITY,5832094668821089543,5,MIXED,1.46556000597,-0.297499955878,0.199999986368,UNGUARDED_REFERENCE,true,false,CONVERGED_UNCERTIFIED,NO_GUARDS_OR_FINAL_CERTIFICATION,17,true,false,1.01373905182e-08,false,true,false,true,0,NaN,15750,-7.02791620170|-31.7648062354|-0.870784028299|-3.79013987661|-29.2631488193
783,VALID_CAMPAIGN,MICRO_MOTION,-7142438147332371834,5,MIXED,1.46556006572,-0.297499514659,0.199999850043,GUARDED_PRODUCTION,true,true,SUCCESS,NONE,1,true,true,4.65925071031e-07,false,false,false,false,0,NaN,4208,-0.168417550261|0.264569100551|0.399812100952|-3.91949599424e-08|0.487701748214
783,VALID_CAMPAIGN,MICRO_MOTION,-7142438147332371834,5,MIXED,1.46556006572,-0.297499514659,0.199999850043,UNGUARDED_REFERENCE,true,false,CONVERGED_UNCERTIFIED,NO_GUARDS_OR_FINAL_CERTIFICATION,1,true,false,4.65865661461e-07,false,true,false,true,0,NaN,750,-7.02791620170|-31.7648062354|-0.870784028299|-3.79013987661|-29.2631488193
784,VALID_CAMPAIGN,UNIFORM,1033401455333032808,5,MIXED,0.796970718705,0.0421604762384,0.425263332644,GUARDED_PRODUCTION,true,true,SUCCESS,NONE,85,true,true,1.77509313559e-09,false,false,false,false,0,23.1985618925,230000,0.886758267148|-1.09577709900|0.349354390857|1.68366019152|1.21558851620
784,VALID_CAMPAIGN,UNIFORM,1033401455333032808,5,MIXED,0.796970718705,0.0421604762384,0.425263332644,UNGUARDED_REFERENCE,true,false,CONVERGED_UNCERTIFIED,NO_GUARDS_OR_FINAL_CERTIFICATION,7,true,false,7.36240647618e-09,false,true,false,true,0,NaN,6042,-8.72203086746|-29.5514437993|-0.747611112503|-5.32655478831|-30.3620354879
785,VALID_CAMPAIGN,NEAR_JOINT_LIMIT,-2308843287155235851,5,MIXED,0.298264217924,0.147249624109,-0.0210988429887,GUARDED_PRODUCTION,false,false,MAX_ITERATIONS_REACHED,MAX_ITERATIONS_LIMIT_REACHED,800,true,true,0.353169796948,false,false,false,false,0,9.27359601790,1977875,2.03333952691|-2.06309428784|0.355372802251|1.78285383091|1.78285383091
785,VALID_CAMPAIGN,NEAR_JOINT_LIMIT,-2308843287155235851,5,MIXED,0.298264217924,0.147249624109,-0.0210988429887,UNGUARDED_REFERENCE,true,false,CONVERGED_UNCERTIFIED,NO_GUARDS_OR_FINAL_CERTIFICATION,8,true,false,1.03637789906e-09,false,true,false,true,0,NaN,7417,-9.94701408729|-28.3512157188|-0.490667388952|-8.23365290624|-26.9012503318
786,VALID_CAMPAIGN,NEAR_SINGULARITY,-9133912451643509518,5,MIXED,1.46556000597,-0.297499955878,0.199999986368,GUARDED_PRODUCTION,true,true,SUCCESS,NONE,112,true,true,2.06723073898e-07,false,false,false,false,0,5.50682988698,297958,-0.174158081990|0.273391783024|0.401001621412|-9.23708401090e-08|0.491550425555
786,VALID_CAMPAIGN,NEAR_SINGULARITY,-9133912451643509518,5,MIXED,1.46556000597,-0.297499955878,0.199999986368,UNGUARDED_REFERENCE,true,false,CONVERGED_UNCERTIFIED,NO_GUARDS_OR_FINAL_CERTIFICATION,13,true,false,2.18818708021e-09,false,true,false,true,0,NaN,10750,-6.64494617410|-38.1148666886|-0.466083477567|-6.28318537481|-29.8186481418
787,VALID_CAMPAIGN,MICRO_MOTION,-4512935760067575654,5,MIXED,1.46556006572,-0.297499514659,0.199999850043,GUARDED_PRODUCTION,true,true,SUCCESS,NONE,1,true,true,5.75081052078e-07,false,false,false,false,0,NaN,3875,-0.174158081990|0.273391783024|0.401001621412|-9.23708401090e-08|0.491550425555
787,VALID_CAMPAIGN,MICRO_MOTION,-4512935760067575654,5,MIXED,1.46556006572,-0.297499514659,0.199999850043,UNGUARDED_REFERENCE,true,false,CONVERGED_UNCERTIFIED,NO_GUARDS_OR_FINAL_CERTIFICATION,1,true,false,4.65436409538e-07,false,true,false,true,0,NaN,583,-6.64494617410|-38.1148666886|-0.466083477567|-6.28318537481|-29.8186481418
788,VALID_CAMPAIGN,UNIFORM,-3105245617773876802,5,MIXED,1.38170120802,-0.00495164713980,0.332969376599,GUARDED_PRODUCTION,true,true,SUCCESS,NONE,21,true,true,1.04066589459e-07,false,false,false,false,0,23.1106728866,58167,-0.0352528470920|0.309712714227|0.378525547455|0.449290876460|0.920373577182
788,VALID_CAMPAIGN,UNIFORM,-3105245617773876802,5,MIXED,1.38170120802,-0.00495164713980,0.332969376599,UNGUARDED_REFERENCE,true,false,CONVERGED_UNCERTIFIED,NO_GUARDS_OR_FINAL_CERTIFICATION,6,true,false,2.63750057053e-09,false,true,false,true,0,NaN,5708,-6.56490419004|-37.9736765091|-0.434926068548|-5.47325796242|-29.7764881471
789,VALID_CAMPAIGN,NEAR_JOINT_LIMIT,2741591879979029807,5,MIXED,0.471765852738,-0.146670189720,0.324261104992,GUARDED_PRODUCTION,true,true,SUCCESS,NONE,91,true,true,6.26133594797e-07,false,false,false,false,0,17.3734245138,250458,-1.60538718040|2.35033060015|0.276517342690|1.78285383091|1.78285215397
789,VALID_CAMPAIGN,NEAR_JOINT_LIMIT,2741591879979029807,5,MIXED,0.471765852738,-0.146670189720,0.324261104992,UNGUARDED_REFERENCE,true,false,CONVERGED_UNCERTIFIED,NO_GUARDS_OR_FINAL_CERTIFICATION,8,true,false,5.01479276376e-10,false,true,false,true,0,NaN,7166,-8.22269421630|-35.4664643358|-0.238553935572|-5.22311261310|-26.9808785879
790,VALID_CAMPAIGN,NEAR_SINGULARITY,-8896828172587048456,5,MIXED,1.46556000597,-0.297499955878,0.199999986368,GUARDED_PRODUCTION,true,true,SUCCESS,NONE,110,true,true,4.69286682815e-09,false,false,false,false,0,5.96033715784,291500,-0.182769234075|0.292750352085|0.412393633376|-3.90411597137e-08|0.520836063175
790,VALID_CAMPAIGN,NEAR_SINGULARITY,-8896828172587048456,5,MIXED,1.46556000597,-0.297499955878,0.199999986368,UNGUARDED_REFERENCE,true,false,CONVERGED_UNCERTIFIED,NO_GUARDS_OR_FINAL_CERTIFICATION,12,true,false,8.17772577090e-09,false,true,false,true,0,NaN,11375,-6.50229355204|-37.9278797635|-0.302438432029|-6.28318534550|-25.3527537107
791,VALID_CAMPAIGN,MICRO_MOTION,-7646887031099694585,5,MIXED,1.46556006572,-0.297499514659,0.199999850043,GUARDED_PRODUCTION,true,true,SUCCESS,NONE,1,true,true,4.65754634651e-07,false,false,false,false,0,NaN,3750,-0.182769234075|0.292750352085|0.412393633376|-3.90411597137e-08|0.520836063175
791,VALID_CAMPAIGN,MICRO_MOTION,-7646887031099694585,5,MIXED,1.46556006572,-0.297499514659,0.199999850043,UNGUARDED_REFERENCE,true,false,CONVERGED_UNCERTIFIED,NO_GUARDS_OR_FINAL_CERTIFICATION,1,true,false,4.64949126956e-07,false,true,false,true,0,NaN,584,-6.50229355204|-37.9278797635|-0.302438432029|-6.28318534550|-25.3527537107
792,VALID_CAMPAIGN,UNIFORM,-5913007443292646552,5,MIXED,0.870196488689,0.914926216391,0.0291434564384,GUARDED_PRODUCTION,true,true,SUCCESS,NONE,41,true,true,4.54135920879e-08,false,false,false,false,0,22.3558744992,113333,0.266810569768|1.03604287395|0.370034457034|-0.628346310804|1.17653980942
792,VALID_CAMPAIGN,UNIFORM,-5913007443292646552,5,MIXED,0.870196488689,0.914926216391,0.0291434564384,UNGUARDED_REFERENCE,true,false,CONVERGED_UNCERTIFIED,NO_GUARDS_OR_FINAL_CERTIFICATION,7,true,false,1.66693067723e-08,false,true,false,true,0,NaN,6042,-5.82135916100|-36.4975826456|0.387167166525|-7.91259456411|-33.5015473243
793,VALID_CAMPAIGN,NEAR_JOINT_LIMIT,-2520511030625387242,5,MIXED,-0.142322694890,0.493695363751,0.324261104992,GUARDED_PRODUCTION,true,true,SUCCESS,NONE,600,true,true,9.95920132928e-07,false,false,false,false,0,9.94052327836,1467500,0.178635593296|2.37713844122|0.190080104505|0.913344735684|1.78285383091
793,VALID_CAMPAIGN,NEAR_JOINT_LIMIT,-2520511030625387242,5,MIXED,-0.142322694890,0.493695363751,0.324261104992,UNGUARDED_REFERENCE,true,false,CONVERGED_UNCERTIFIED,NO_GUARDS_OR_FINAL_CERTIFICATION,11,true,false,4.29627757321e-09,false,true,false,true,0,NaN,10042,-8.99812815140|-33.8265156630|0.136566784984|-11.7115960535|-35.9539913262
794,VALID_CAMPAIGN,NEAR_SINGULARITY,-5018068816480523528,5,MIXED,1.46556000597,-0.297499955878,0.199999986368,GUARDED_PRODUCTION,true,true,SUCCESS,NONE,114,true,true,1.24083759839e-08,false,false,false,false,0,8.24223140204,302916,-0.181081696181|0.217255093702|0.274595654557|-3.87386040761e-08|0.120533794171
794,VALID_CAMPAIGN,NEAR_SINGULARITY,-5018068816480523528,5,MIXED,1.46556000597,-0.297499955878,0.199999986368,UNGUARDED_REFERENCE,true,false,CONVERGED_UNCERTIFIED,NO_GUARDS_OR_FINAL_CERTIFICATION,27,true,false,1.41885600971e-07,false,true,false,true,0,NaN,25000,12.4090142304|-51.3612951227|-0.774495587627|-16.4631430005|-35.4121814602
795,VALID_CAMPAIGN,MICRO_MOTION,-2920162248633567598,5,MIXED,1.46556006572,-0.297499514659,0.199999850043,GUARDED_PRODUCTION,true,true,SUCCESS,NONE,1,true,true,4.64951116412e-07,false,false,false,false,0,NaN,3625,-0.181081696181|0.217255093702|0.274595654557|-3.87386040761e-08|0.120533794171
795,VALID_CAMPAIGN,MICRO_MOTION,-2920162248633567598,5,MIXED,1.46556006572,-0.297499514659,0.199999850043,UNGUARDED_REFERENCE,true,false,CONVERGED_UNCERTIFIED,NO_GUARDS_OR_FINAL_CERTIFICATION,1,true,false,4.94623633072e-07,false,true,false,true,0,NaN,541,12.4090142304|-51.3612951227|-0.774495587627|-16.4631430005|-35.4121814602
796,ADVERSARIAL_PROBES,NON_FINITE_TARGET,3244258388890397709,5,MIXED,NaN,-0.297500000000,0.200000000000,GUARDED_PRODUCTION,false,false,INVALID_INPUT,INVALID_TARGET,0,true,true,NaN,false,false,false,false,0,NaN,3625,0.00000000000|0.00000000000|0.297500000000|0.00000000000|0.00000000000
796,ADVERSARIAL_PROBES,NON_FINITE_TARGET,3244258388890397709,5,MIXED,NaN,-0.297500000000,0.200000000000,UNGUARDED_REFERENCE,false,false,MAX_ITERATIONS_UNCERTIFIED,NO_GUARDS_OR_FINAL_CERTIFICATION,800,false,false,NaN,true,false,false,true,0,NaN,509250,NaN|NaN|NaN|NaN|NaN
797,ADVERSARIAL_PROBES,INFINITE_TARGET,-3202477055307522636,5,MIXED,1.46556000000,-0.297500000000,Infinity,GUARDED_PRODUCTION,false,false,INVALID_INPUT,INVALID_TARGET,0,true,true,Infinity,false,false,false,false,0,NaN,7792,0.00000000000|0.00000000000|0.297500000000|0.00000000000|0.00000000000
797,ADVERSARIAL_PROBES,INFINITE_TARGET,-3202477055307522636,5,MIXED,1.46556000000,-0.297500000000,Infinity,UNGUARDED_REFERENCE,false,false,MAX_ITERATIONS_UNCERTIFIED,NO_GUARDS_OR_FINAL_CERTIFICATION,800,false,false,NaN,true,false,false,true,0,NaN,548250,NaN|NaN|NaN|NaN|NaN
798,ADVERSARIAL_PROBES,NON_FINITE_INITIAL_STATE,2803378498603085123,5,MIXED,1.46556000000,-0.297500000000,0.200000000000,GUARDED_PRODUCTION,false,false,INVALID_INPUT,INVALID_INITIAL_STATE,0,true,true,0.00000000000,false,false,false,false,0,NaN,6875,0.00000000000|0.00000000000|0.297500000000|0.00000000000|0.00000000000
798,ADVERSARIAL_PROBES,NON_FINITE_INITIAL_STATE,2803378498603085123,5,MIXED,1.46556000000,-0.297500000000,0.200000000000,UNGUARDED_REFERENCE,false,false,MAX_ITERATIONS_UNCERTIFIED,NO_GUARDS_OR_FINAL_CERTIFICATION,800,false,false,NaN,true,false,false,true,0,NaN,603625,NaN|NaN|NaN|NaN|NaN
799,ADVERSARIAL_PROBES,OVERFLOWING_GEOMETRY,7641862457189442660,5,MIXED,0.00000000000,0.00000000000,0.00000000000,GUARDED_PRODUCTION,false,false,NUMERICAL_FAILURE,OUTPUT_VALIDATION_FAILED,1,true,true,Infinity,false,false,false,false,0,NaN,18209,0.00000000000|0.00000000000|0.297500000000|0.00000000000|0.00000000000
799,ADVERSARIAL_PROBES,OVERFLOWING_GEOMETRY,7641862457189442660,5,MIXED,0.00000000000,0.00000000000,0.00000000000,UNGUARDED_REFERENCE,false,false,MAX_ITERATIONS_UNCERTIFIED,NO_GUARDS_OR_FINAL_CERTIFICATION,800,false,false,NaN,true,false,false,true,0,NaN,508958,NaN|NaN|NaN|NaN|NaN
800,VALID_CAMPAIGN,UNIFORM,-1505641861503226272,10,AUTO,1.65303216035,0.874852018179,-0.301502991146,GUARDED_PRODUCTION,true,true,SUCCESS,NONE,40,true,true,6.16714221915e-11,false,false,false,false,0,20.6995295301,302000,1.08831575789|-0.526549134192|-0.942314781531|0.276470582308|0.197436654065|0.0373350847809|0.499634550281|0.272284379556|0.498456904537|0.271533162291
800,VALID_CAMPAIGN,UNIFORM,-1505641861503226272,10,AUTO,1.65303216035,0.874852018179,-0.301502991146,UNGUARDED_REFERENCE,true,false,CONVERGED_UNCERTIFIED,NO_GUARDS_OR_FINAL_CERTIFICATION,9,true,false,1.36826539694e-07,false,true,false,true,0,NaN,19583,0.425261524908|0.0758915290015|-0.218644889851|-0.0808438090735|0.325743390984|-1.35532834730|4.53451089576|-0.231661869112|1.65796706380|0.195941578479
801,VALID_CAMPAIGN,NEAR_JOINT_LIMIT,1992627711593569783,10,AUTO,-0.631959540865,-0.125676118294,0.0187179174741,GUARDED_PRODUCTION,true,true,SUCCESS,NONE,665,true,true,9.27991186825e-07,false,false,false,false,0,9.24672841349,4609959,2.46362292121|1.36057354954|-2.33990301282|0.105077045672|0.894191812590|-0.817334064783|1.78285383091|0.100169250068|1.78285383091|0.564567617272
801,VALID_CAMPAIGN,NEAR_JOINT_LIMIT,1992627711593569783,10,AUTO,-0.631959540865,-0.125676118294,0.0187179174741,UNGUARDED_REFERENCE,true,false,CONVERGED_UNCERTIFIED,NO_GUARDS_OR_FINAL_CERTIFICATION,8,true,false,3.68819436912e-09,false,true,false,true,0,NaN,17083,-2.23459272658|1.85421024427|0.368403171304|-0.0810858021996|1.62000307825|-2.85446535263|-2.00892827349|0.883784122630|4.23475222404|-0.471688765512
802,VALID_CAMPAIGN,NEAR_SINGULARITY,-184093723376508058,10,AUTO,2.05791997025,-0.674999922430,0.657500087689,GUARDED_PRODUCTION,false,false,NO_CONVERGENCE,STAGNATION_WINDOW_EXCEEDED,101,true,true,1.45151906004,false,false,false,false,0,2.40210485544,725417,3.14159265359|2.35361595693|-0.563288414795|0.0570227683964|0.703556938521|-1.28018141218|0.491761754004|0.0542196972247|0.975125192525|0.575000000000
802,VALID_CAMPAIGN,NEAR_SINGULARITY,-184093723376508058,10,AUTO,2.05791997025,-0.674999922430,0.657500087689,UNGUARDED_REFERENCE,true,false,CONVERGED_UNCERTIFIED,NO_GUARDS_OR_FINAL_CERTIFICATION,14,true,false,1.36189036391e-08,false,true,false,true,0,NaN,28875,5.97852884317|-0.0127432771440|0.0198322145754|-0.121896975635|-0.315816284772|-3.72080988555|-2.65528684581|0.427761340148|-1.03376793957|-0.715797552309
803,VALID_CAMPAIGN,MICRO_MOTION,2429171448940546393,10,AUTO,2.05791967275,-0.674999146726,0.657500964579,GUARDED_PRODUCTION,false,false,NO_CONVERGENCE,STAGNATION_WINDOW_EXCEEDED,12,true,true,1.47936033976,false,false,false,false,0,5.51687819282,84625,3.14159265359|2.37713844122|-0.454392283949|0.0571367710257|0.674097706397|-1.27168516633|0.311800868318|0.0490496802489|0.898348232181|0.575000000000
803,VALID_CAMPAIGN,MICRO_MOTION,2429171448940546393,10,AUTO,2.05791967275,-0.674999146726,0.657500964579,UNGUARDED_REFERENCE,true,false,CONVERGED_UNCERTIFIED,NO_GUARDS_OR_FINAL_CERTIFICATION,2,true,false,2.79472655170e-10,false,true,false,true,0,NaN,2917,5.97852922073|-0.0127431737162|0.0198328600823|-0.121896976902|-0.315816621952|-3.72080983145|-2.65528693679|0.427761180255|-1.03376784147|-0.715797437328
804,VALID_CAMPAIGN,UNIFORM,7028841480777460027,10,AUTO,0.158899718144,1.51216910724,0.301159576424,GUARDED_PRODUCTION,true,true,SUCCESS,NONE,190,true,true,6.54716730298e-07,false,false,false,false,0,6.37121999487,1317959,1.59237983234|2.37713844122|2.39167046606|0.0460667902637|0.520615849561|-1.66398068266|-0.0403053628284|0.0200000000000|0.675695998878|0.575000000000
804,VALID_CAMPAIGN,UNIFORM,7028841480777460027,10,AUTO,0.158899718144,1.51216910724,0.301159576424,UNGUARDED_REFERENCE,true,false,CONVERGED_UNCERTIFIED,NO_GUARDS_OR_FINAL_CERTIFICATION,9,true,false,1.19182582460e-07,false,true,false,true,0,NaN,19417,12.8127082090|0.361273868386|1.43702909271|-0.195085443476|-5.80420299598|-6.03262659363|-2.48989088253|-1.14689288562|-2.92973199467|0.418460102896
805,VALID_CAMPAIGN,NEAR_JOINT_LIMIT,-5126850993562633078,10,AUTO,0.0844951949122,0.0163758465777,0.448658171451,GUARDED_PRODUCTION,true,true,SUCCESS,NONE,70,true,true,4.00062067139e-11,false,false,false,false,0,11.1325483196,542375,3.09488138722|1.23779367010|1.48624950082|0.0306529736142|0.952543488488|-1.52516689472|1.58083508023|0.0679673719068|1.22002665767|0.534608390987
805,VALID_CAMPAIGN,NEAR_JOINT_LIMIT,-5126850993562633078,10,AUTO,0.0844951949122,0.0163758465777,0.448658171451,UNGUARDED_REFERENCE,true,false,CONVERGED_UNCERTIFIED,NO_GUARDS_OR_FINAL_CERTIFICATION,7,true,false,3.58004278582e-09,false,true,false,true,0,NaN,14750,11.1422773681|2.65528559130|3.49887987916|-0.0663835609942|-5.78714653928|-5.04613909633|-2.56800162038|-0.995140105280|-1.98281233657|0.237360749080
806,VALID_CAMPAIGN,NEAR_SINGULARITY,3340071659877397617,10,AUTO,2.05791997025,-0.674999922430,0.657500087689,GUARDED_PRODUCTION,false,false,NO_CONVERGENCE,STAGNATION_WINDOW_EXCEEDED,68,true,true,1.86194357231,false,false,false,false,0,3.05882268048,434583,3.14159265359|0.411470218094|2.39633068998|0.0200000000000|0.452808702662|-1.78285383091|1.78255262740|0.0200000000000|1.03526221922|0.575000000000
806,VALID_CAMPAIGN,NEAR_SINGULARITY,3340071659877397617,10,AUTO,2.05791997025,-0.674999922430,0.657500087689,UNGUARDED_REFERENCE,true,false,CONVERGED_UNCERTIFIED,NO_GUARDS_OR_FINAL_CERTIFICATION,27,true,false,8.05614828111e-09,false,true,false,true,0,NaN,62750,24.8677104167|-0.0579187165926|6.44399728097|-0.0441136859757|-6.03173418046|-4.74437452424|-3.68046854181|0.613944307538|-7.57791863645|-0.0121889197320
807,VALID_CAMPAIGN,MICRO_MOTION,2396801101861050704,10,AUTO,2.05791967275,-0.674999146726,0.657500964579,GUARDED_PRODUCTION,false,false,NO_CONVERGENCE,STAGNATION_WINDOW_EXCEEDED,7,true,true,1.86318709477,false,false,false,false,0,4.27090598942,43834,3.14159265359|0.332164920051|2.42423302832|0.0200000000000|0.402418210398|-1.78285383091|1.78061125885|0.0200000000000|1.02271702878|0.575000000000
807,VALID_CAMPAIGN,MICRO_MOTION,2396801101861050704,10,AUTO,2.05791967275,-0.674999146726,0.657500964579,UNGUARDED_REFERENCE,true,false,CONVERGED_UNCERTIFIED,NO_GUARDS_OR_FINAL_CERTIFICATION,2,true,false,2.63371351820e-10,false,true,false,true,0,NaN,3000,24.8677107781|-0.0579188388028|6.44399795586|-0.0441136861188|-6.03173395963|-4.74437461495|-3.68046834800|0.613944112085|-7.57791860453|-0.0121889168160
808,VALID_CAMPAIGN,UNIFORM,8005529916404947596,10,AUTO,-0.142415767757,-0.447281207044,1.27887855578,GUARDED_PRODUCTION,true,true,SUCCESS,NONE,143,true,true,9.62173468839e-07,false,false,false,false,0,4.26797405086,971959,3.14159265359|1.43058649845|1.08730124913|0.0200000000000|-0.205515517174|-1.78285383091|1.78285383091|0.0200000000000|0.973174147461|0.575000000000
808,VALID_CAMPAIGN,UNIFORM,8005529916404947596,10,AUTO,-0.142415767757,-0.447281207044,1.27887855578,UNGUARDED_REFERENCE,true,false,CONVERGED_UNCERTIFIED,NO_GUARDS_OR_FINAL_CERTIFICATION,7,true,false,2.55864081521e-07,false,true,false,true,0,NaN,27000,29.1412884998|-1.30795841545|8.17831364525|-0.130075377581|-3.77239554552|-3.96124026685|-2.42603376807|-0.888267250266|-9.42999159336|-0.0590713986587
809,VALID_CAMPAIGN,NEAR_JOINT_LIMIT,656888402237604992,10,AUTO,-1.28228629081,-0.699491756878,0.550583342158,GUARDED_PRODUCTION,true,true,SUCCESS,NONE,44,true,true,2.77646109475e-07,false,false,false,false,0,4.23046526007,366375,2.60939673758|0.977624273109|-0.0152736816723|0.0273741905304|-0.102352770262|-1.61903493581|1.78285383091|0.0312440701615|1.13143106624|0.568077232955
809,VALID_CAMPAIGN,NEAR_JOINT_LIMIT,656888402237604992,10,AUTO,-1.28228629081,-0.699491756878,0.550583342158,UNGUARDED_REFERENCE,true,false,CONVERGED_UNCERTIFIED,NO_GUARDS_OR_FINAL_CERTIFICATION,16,true,false,2.67555934744e-10,false,true,false,true,0,NaN,38833,22.4316389876|-5.03586150767|7.38093568964|0.750814431800|-3.61596481687|-9.63573002958|-0.446437717175|-0.0775402835646|-8.75572823692|-0.0813116884024
810,VALID_CAMPAIGN,NEAR_SINGULARITY,7625801986676096952,10,AUTO,2.05791997025,-0.674999922430,0.657500087689,GUARDED_PRODUCTION,false,false,NO_CONVERGENCE,STAGNATION_WINDOW_EXCEEDED,91,true,true,1.50880266800,false,false,false,false,0,4.38175357102,657250,3.14159265359|2.25096527261|-0.0940101110580|0.0200000000000|-0.434503566308|-1.78285383091|1.62187661881|0.0200000000000|1.06177435219|0.575000000000
810,VALID_CAMPAIGN,NEAR_SINGULARITY,7625801986676096952,10,AUTO,2.05791997025,-0.674999922430,0.657500087689,UNGUARDED_REFERENCE,true,false,CONVERGED_UNCERTIFIED,NO_GUARDS_OR_FINAL_CERTIFICATION,19,true,false,8.15882528304e-08,false,true,false,true,0,NaN,46708,43.7793658843|-7.81507145876|7.97349003739|-0.876505070040|-5.42067234265|-16.0337350835|2.77837020223|0.470579934467|-13.6344276810|0.275091846384
811,VALID_CAMPAIGN,MICRO_MOTION,723706794558553353,10,AUTO,2.05791967275,-0.674999146726,0.657500964579,GUARDED_PRODUCTION,false,false,NO_CONVERGENCE,STAGNATION_WINDOW_EXCEEDED,7,true,true,1.51125689218,false,false,false,false,0,6.11544664137,46583,3.14159265359|2.26882599095|-0.104707835793|0.0200000000000|-0.479454903799|-1.78285383091|1.60946471470|0.0200000000000|1.05283924563|0.575000000000
811,VALID_CAMPAIGN,MICRO_MOTION,723706794558553353,10,AUTO,2.05791967275,-0.674999146726,0.657500964579,UNGUARDED_REFERENCE,true,false,CONVERGED_UNCERTIFIED,NO_GUARDS_OR_FINAL_CERTIFICATION,2,true,false,2.01705771748e-10,false,true,false,true,0,NaN,3292,43.7793661665|-7.81507184264|7.97349117692|-0.876504916108|-5.42067311219|-16.0337351822|2.77837016971|0.470579797147|-13.6344274813|0.275091799227
812,VALID_CAMPAIGN,UNIFORM,6957593723391213463,10,AUTO,-0.540754410184,-0.238353429262,0.543207971332,GUARDED_PRODUCTION,true,true,SUCCESS,NONE,72,true,true,8.35347705848e-07,false,false,false,false,0,6.32867439256,565125,1.50878747691|1.90835677035|-0.0759147317331|0.0404958546004|0.134295389188|-0.979816060665|1.78285383091|0.0653377184609|1.11321595525|0.555106402121
812,VALID_CAMPAIGN,UNIFORM,6957593723391213463,10,AUTO,-0.540754410184,-0.238353429262,0.543207971332,UNGUARDED_REFERENCE,true,false,CONVERGED_UNCERTIFIED,NO_GUARDS_OR_FINAL_CERTIFICATION,12,true,false,2.37989305038e-08,false,true,false,true,0,NaN,28917,42.0782184147|-10.1489502964|14.9116357660|-0.445665920101|-7.60391794487|-16.1885972472|2.99625118844|0.265643488202|-15.9232532845|-0.129030402879
813,VALID_CAMPAIGN,NEAR_JOINT_LIMIT,2571653654295399268,10,AUTO,-0.348866170410,-0.325178846926,0.0461846886905,GUARDED_PRODUCTION,true,true,SUCCESS,NONE,57,true,true,6.28149641364e-07,false,false,false,false,0,1.90879314203,443958,1.38439148925|2.26623823401|-1.07016890895|0.0458474570445|0.216853907935|-0.866935030673|1.78285383091|0.0710575353712|1.52830451517|0.561053790505
813,VALID_CAMPAIGN,NEAR_JOINT_LIMIT,2571653654295399268,10,AUTO,-0.348866170410,-0.325178846926,0.0461846886905,UNGUARDED_REFERENCE,true,false,CONVERGED_UNCERTIFIED,NO_GUARDS_OR_FINAL_CERTIFICATION,5,true,false,9.07411690404e-07,false,true,false,true,0,NaN,11458,42.4296253801|-10.3435780815|15.5863527688|-0.431484303371|-7.74692761877|-16.1356230456|3.00033835850|0.239411057672|-16.3472627438|-0.132520185119
814,VALID_CAMPAIGN,NEAR_SINGULARITY,7227781337188587003,10,AUTO,2.05791997025,-0.674999922430,0.657500087689,GUARDED_PRODUCTION,false,false,NO_CONVERGENCE,STAGNATION_WINDOW_EXCEEDED,62,true,true,1.35836334579,false,false,false,false,0,1.87625129657,467500,3.14159265359|2.37492081190|-0.533144015390|0.0200000000000|-0.0655087187919|-1.35368485218|1.09184888079|0.0339624169185|1.21386614102|0.575000000000
814,VALID_CAMPAIGN,NEAR_SINGULARITY,7227781337188587003,10,AUTO,2.05791997025,-0.674999922430,0.657500087689,UNGUARDED_REFERENCE,true,false,CONVERGED_UNCERTIFIED,NO_GUARDS_OR_FINAL_CERTIFICATION,15,true,false,2.55711667702e-09,false,true,false,true,0,NaN,36875,49.9332712241|-14.1887354028|14.6693337071|-1.03415133731|-5.22580418112|-16.0640372226|-2.50495096515|0.262631470898|-19.4157422174|-0.505721759870
815,VALID_CAMPAIGN,MICRO_MOTION,6849075032831845965,10,AUTO,2.05791967275,-0.674999146726,0.657500964579,GUARDED_PRODUCTION,false,false,NO_CONVERGENCE,STAGNATION_WINDOW_EXCEEDED,7,true,true,1.41998376685,false,false,false,false,0,5.33139084661,51583,3.14159265359|2.36555827983|-0.529211644147|0.0200000000000|-0.116253983145|-1.41244817391|0.991826505924|0.0272070570723|1.17711324792|0.575000000000
815,VALID_CAMPAIGN,MICRO_MOTION,6849075032831845965,10,AUTO,2.05791967275,-0.674999146726,0.657500964579,UNGUARDED_REFERENCE,true,false,CONVERGED_UNCERTIFIED,NO_GUARDS_OR_FINAL_CERTIFICATION,2,true,false,2.10414015349e-10,false,true,false,true,0,NaN,3209,49.9332711896|-14.1887353469|14.6693339200|-1.03415117566|-5.22580496409|-16.0640376221|-2.50495100280|0.262631360648|-19.4157417000|-0.505721688048
816,VALID_CAMPAIGN,UNIFORM,2032103255723599618,10,AUTO,-0.421985078426,-1.34644613379,0.848308169871,GUARDED_PRODUCTION,true,true,SUCCESS,NONE,28,true,true,2.38466578227e-07,false,false,false,false,0,6.05508632919,221166,3.11255402427|1.77841054687|-0.244900102071|0.0278310810124|-0.206200713922|-1.46887270343|0.661922836855|0.0200000000000|1.06154612774|0.575000000000
816,VALID_CAMPAIGN,UNIFORM,2032103255723599618,10,AUTO,-0.421985078426,-1.34644613379,0.848308169871,UNGUARDED_REFERENCE,true,false,CONVERGED_UNCERTIFIED,NO_GUARDS_OR_FINAL_CERTIFICATION,8,true,false,3.41141844766e-07,false,true,false,true,0,NaN,18917,49.8964070515|-14.4267045241|19.0965996347|-0.100816792825|-8.47977728422|-17.2378002015|-5.56285172925|-0.497929920142|-18.2199621177|-0.193958980904
817,VALID_CAMPAIGN,NEAR_JOINT_LIMIT,-4039777045562214040,10,AUTO,-0.0463320410396,-1.21316956313,0.899291269506,GUARDED_PRODUCTION,true,true,SUCCESS,NONE,10,true,true,3.72944965444e-09,false,false,false,false,0,7.35221354117,79417,3.06748235627|2.02643840107|-0.169473767834|0.0238343239445|-0.176094657398|-1.45435219993|0.795321152087|0.0275884922198|1.09431263364|0.571858564371
817,VALID_CAMPAIGN,NEAR_JOINT_LIMIT,-4039777045562214040,10,AUTO,-0.0463320410396,-1.21316956313,0.899291269506,UNGUARDED_REFERENCE,true,false,CONVERGED_UNCERTIFIED,NO_GUARDS_OR_FINAL_CERTIFICATION,5,true,false,3.98909135219e-10,false,true,false,true,0,NaN,11250,50.5222604327|-14.7649126991|19.1206497591|-0.0956963467475|-8.54762832303|-17.1930786752|-5.51138637509|-0.479731395662|-18.2595572299|-0.187617988847
818,VALID_CAMPAIGN,NEAR_SINGULARITY,1710188776622141923,10,AUTO,2.05791997025,-0.674999922430,0.657500087689,GUARDED_PRODUCTION,false,false,NO_CONVERGENCE,STAGNATION_WINDOW_EXCEEDED,30,true,true,1.59485387715,false,false,false,false,0,6.44971796220,225000,3.14159265359|2.37713844122|-0.419375935795|0.0219273540547|-0.141137358695|-1.44972278643|0.732487953972|0.0200000000000|1.07564019296|0.575000000000
818,VALID_CAMPAIGN,NEAR_SINGULARITY,1710188776622141923,10,AUTO,2.05791997025,-0.674999922430,0.657500087689,UNGUARDED_REFERENCE,true,false,CONVERGED_UNCERTIFIED,NO_GUARDS_OR_FINAL_CERTIFICATION,11,true,false,4.96175363378e-09,false,true,false,true,0,NaN,25500,56.2577356516|-18.6859715148|19.0463768153|0.0210552317413|-8.07678918551|-18.0342162855|-5.82071399597|-0.634696299954|-18.0749832046|-0.236302820832
819,VALID_CAMPAIGN,MICRO_MOTION,-1561047151494041869,10,AUTO,2.05791967275,-0.674999146726,0.657500964579,GUARDED_PRODUCTION,false,false,NO_CONVERGENCE,STAGNATION_WINDOW_EXCEEDED,7,true,true,1.61251338625,false,false,false,false,0,6.98993859800,51417,3.14159265359|2.37713844122|-0.441595652462|0.0224813319753|-0.131348766455|-1.44126142230|0.694639412444|0.0200000000000|1.06329544268|0.575000000000
819,VALID_CAMPAIGN,MICRO_MOTION,-1561047151494041869,10,AUTO,2.05791967275,-0.674999146726,0.657500964579,UNGUARDED_REFERENCE,true,false,CONVERGED_UNCERTIFIED,NO_GUARDS_OR_FINAL_CERTIFICATION,2,true,false,2.40565517825e-10,false,true,false,true,0,NaN,3208,56.2577358207|-18.6859715690|19.0463774194|0.0210551979347|-8.07678952748|-18.0342154829|-5.82071397971|-0.634696169030|-18.0749832825|-0.236302782393
820,VALID_CAMPAIGN,UNIFORM,-7894845715638338390,10,AUTO,0.140056962350,-0.511215854424,1.42020507319,GUARDED_PRODUCTION,false,false,NO_CONVERGENCE,STAGNATION_WINDOW_EXCEEDED,28,true,true,0.216059231082,false,false,false,false,4,7.01652123910,210167,3.14159265359|2.37713844122|0.438539633504|0.0201917900315|-0.0664686533623|-1.39783936966|0.675652390967|0.0200000000000|0.991094835950|0.575000000000
820,VALID_CAMPAIGN,UNIFORM,-7894845715638338390,10,AUTO,0.140056962350,-0.511215854424,1.42020507319,UNGUARDED_REFERENCE,true,false,CONVERGED_UNCERTIFIED,NO_GUARDS_OR_FINAL_CERTIFICATION,14,true,false,6.04576770998e-07,false,true,false,true,0,NaN,34500,51.0101984726|-21.3911485886|19.8855661187|-0.110019447110|-6.96117531501|-11.3754378821|-6.15166786869|0.177020313229|-19.2669594750|-0.0402398417144
821,VALID_CAMPAIGN,NEAR_JOINT_LIMIT,530713558723800932,10,AUTO,-0.766770014499,0.343759612129,0.204871274057,GUARDED_PRODUCTION,true,true,SUCCESS,NONE,86,true,true,5.57916220643e-07,false,false,false,false,0,7.99890122026,686625,1.14768215774|1.52657603710|-0.527594755092|0.0420237705937|0.165873938189|-1.02756095025|1.78285383091|0.0870842200877|1.55262663116|0.536290187148
821,VALID_CAMPAIGN,NEAR_JOINT_LIMIT,530713558723800932,10,AUTO,-0.766770014499,0.343759612129,0.204871274057,UNGUARDED_REFERENCE,true,false,CONVERGED_UNCERTIFIED,NO_GUARDS_OR_FINAL_CERTIFICATION,6,true,false,2.91595388180e-09,false,true,false,true,0,NaN,13125,61.4100464660|-26.8287782828|18.6236871430|-0.00493828722054|-11.3409842989|-9.54626692663|-6.13864900498|-0.439141166995|-19.1438305423|-0.132913760745
822,VALID_CAMPAIGN,NEAR_SINGULARITY,-8009393681047470939,10,AUTO,2.05791997025,-0.674999922430,0.657500087689,GUARDED_PRODUCTION,true,true,SUCCESS,NONE,259,true,true,9.01380634757e-07,false,false,false,false,0,2.14822085083,2001625,-0.356872167677|1.70236667280|2.12650923938|0.499393709650|-0.982733755096|-0.189043754035|-0.819194098577|0.188819926973|-0.279280509631|0.575000000000
822,VALID_CAMPAIGN,NEAR_SINGULARITY,-8009393681047470939,10,AUTO,2.05791997025,-0.674999922430,0.657500087689,UNGUARDED_REFERENCE,true,false,CONVERGED_UNCERTIFIED,NO_GUARDS_OR_FINAL_CERTIFICATION,14,true,false,5.04609784747e-09,false,true,false,true,0,NaN,34959,62.4951760957|-25.1353183884|19.0421704347|-0.101856063001|-12.9069874318|-12.8849937151|-6.00305421334|-0.461810329686|-18.2367472015|-0.143152519095
823,VALID_CAMPAIGN,MICRO_MOTION,3900879108194241797,10,AUTO,2.05791967275,-0.674999146726,0.657500964579,GUARDED_PRODUCTION,true,true,SUCCESS,NONE,1,true,true,7.83538988045e-07,false,false,false,false,0,NaN,8375,-0.356872167677|1.70236667280|2.12650923938|0.499393709650|-0.982733755096|-0.189043754035|-0.819194098577|0.188819926973|-0.279280509631|0.575000000000
823,VALID_CAMPAIGN,MICRO_MOTION,3900879108194241797,10,AUTO,2.05791967275,-0.674999146726,0.657500964579,UNGUARDED_REFERENCE,true,false,CONVERGED_UNCERTIFIED,NO_GUARDS_OR_FINAL_CERTIFICATION,2,true,false,4.94538957738e-10,false,true,false,true,0,NaN,3333,62.4951760020|-25.1353182248|19.0421710330|-0.101856054604|-12.9069874106|-12.8849928586|-6.00305419748|-0.461810091899|-18.2367475106|-0.143152484463
824,VALID_CAMPAIGN,UNIFORM,3823972379162999079,10,AUTO,-0.0689957166737,0.333667956083,0.735881555409,GUARDED_PRODUCTION,false,false,NO_CONVERGENCE,STAGNATION_WINDOW_EXCEEDED,103,true,true,0.201502280664,false,false,false,false,4,23.2609230431,803125,2.22126462809|1.96534925693|2.67428074637|0.402077246368|0.523469052533|1.05741277147|-1.65096625587|0.119908555392|0.464039328320|0.425566449346
824,VALID_CAMPAIGN,UNIFORM,3823972379162999079,10,AUTO,-0.0689957166737,0.333667956083,0.735881555409,UNGUARDED_REFERENCE,true,false,CONVERGED_UNCERTIFIED,NO_GUARDS_OR_FINAL_CERTIFICATION,11,true,false,3.74798812155e-07,false,true,false,true,0,NaN,26209,58.9224253361|-25.5598210554|21.0629958508|-0.948212403873|-10.7096767147|-1.47844651782|-3.42004188297|0.948937849263|-26.7602653033|0.197048281887
825,VALID_CAMPAIGN,NEAR_JOINT_LIMIT,4412855305080609718,10,AUTO,0.683869108744,-0.00113571911708,0.210057675170,GUARDED_PRODUCTION,true,true,SUCCESS,NONE,65,true,true,8.39487513517e-07,false,false,false,false,0,2.94149039826,500250,1.29281262962|2.22019446053|2.67428074637|0.362945851917|0.560785525285|0.899755913002|-0.562019800593|0.123465249699|0.425532201556|0.471150099388
825,VALID_CAMPAIGN,NEAR_JOINT_LIMIT,4412855305080609718,10,AUTO,0.683869108744,-0.00113571911708,0.210057675170,UNGUARDED_REFERENCE,true,false,CONVERGED_UNCERTIFIED,NO_GUARDS_OR_FINAL_CERTIFICATION,6,true,false,1.18703930431e-09,false,true,false,true,0,NaN,13500,57.1157709807|-25.4198221803|21.7278130702|-0.898073195610|-10.9106708505|-1.74666965900|-3.47824822572|0.997718562471|-26.6260316755|0.200034639583
826,VALID_CAMPAIGN,NEAR_SINGULARITY,-208335750963930348,10,AUTO,2.05791997025,-0.674999922430,0.657500087689,GUARDED_PRODUCTION,true,true,SUCCESS,NONE,97,true,true,4.32166558290e-07,false,false,false,false,0,2.17807742149,718833,-0.394922667510|1.84035817860|2.27147592381|0.508543971135|-0.919712680408|-0.161010376144|-0.788651522567|0.187241305394|-0.238379256264|0.575000000000
826,VALID_CAMPAIGN,NEAR_SINGULARITY,-208335750963930348,10,AUTO,2.05791997025,-0.674999922430,0.657500087689,UNGUARDED_REFERENCE,true,false,CONVERGED_UNCERTIFIED,NO_GUARDS_OR_FINAL_CERTIFICATION,13,true,false,1.57342789936e-07,false,true,false,true,0,NaN,29000,56.2227570790|-23.5009344659|21.0421766850|-0.241770683021|-10.9297623572|-1.95152545009|-1.17203158612|1.61034738839|-26.5672946427|0.536034792477
827,VALID_CAMPAIGN,MICRO_MOTION,-8675484268094925368,10,AUTO,2.05791967275,-0.674999146726,0.657500964579,GUARDED_PRODUCTION,true,true,SUCCESS,NONE,1,true,true,8.97516463380e-07,false,false,false,false,0,NaN,5750,-0.394922667510|1.84035817860|2.27147592381|0.508543971135|-0.919712680408|-0.161010376144|-0.788651522567|0.187241305394|-0.238379256264|0.575000000000
827,VALID_CAMPAIGN,MICRO_MOTION,-8675484268094925368,10,AUTO,2.05791967275,-0.674999146726,0.657500964579,UNGUARDED_REFERENCE,true,false,CONVERGED_UNCERTIFIED,NO_GUARDS_OR_FINAL_CERTIFICATION,2,true,false,1.86723016391e-10,false,true,false,true,0,NaN,2958,56.2227574179|-23.5009342701|21.0421766225|-0.241770825743|-10.9297621039|-1.95152521460|-1.17203181763|1.61034725648|-26.5672946660|0.536034740274
828,VALID_CAMPAIGN,UNIFORM,2286179281773667710,10,AUTO,1.21584419712,-0.0710194278378,0.141851918564,GUARDED_PRODUCTION,true,true,SUCCESS,NONE,79,true,true,7.52180637184e-07,false,false,false,false,0,23.3346652338,584000,-1.30229899871|2.37713844122|2.36556882514|0.351350170861|-1.40205467988|-1.11716643757|-1.33191459370|0.173244264230|-0.339057653343|0.452936948080
828,VALID_CAMPAIGN,UNIFORM,2286179281773667710,10,AUTO,1.21584419712,-0.0710194278378,0.141851918564,UNGUARDED_REFERENCE,true,false,CONVERGED_UNCERTIFIED,NO_GUARDS_OR_FINAL_CERTIFICATION,5,true,false,6.74202181854e-07,false,true,false,true,0,NaN,10625,56.2677187431|-23.6931544295|21.7923152657|-0.710894086373|-11.0303033815|-2.25267747738|-1.30132853207|1.18233966762|-26.9213162212|0.357042383951
829,VALID_CAMPAIGN,NEAR_JOINT_LIMIT,5037544181798270586,10,AUTO,-0.0922166523289,0.0591787355365,0.238512119221,GUARDED_PRODUCTION,true,true,SUCCESS,NONE,407,true,true,9.57439151339e-07,false,false,false,false,0,3.27148900250,3022541,-3.14159265359|2.37713844122|1.20967029675|0.312951173856|-1.78285383091|-1.78285383091|-0.900115888595|0.265581814204|-1.60414800262|0.353830626355
829,VALID_CAMPAIGN,NEAR_JOINT_LIMIT,5037544181798270586,10,AUTO,-0.0922166523289,0.0591787355365,0.238512119221,UNGUARDED_REFERENCE,true,false,CONVERGED_UNCERTIFIED,NO_GUARDS_OR_FINAL_CERTIFICATION,12,true,false,9.99453845763e-10,false,true,false,true,0,NaN,31083,57.7422729784|-23.0802724941|22.1159619325|-0.941154256760|-11.5768566295|-2.05524098286|-2.24894776158|0.839576630809|-28.5508567942|0.231476676591
830,VALID_CAMPAIGN,NEAR_SINGULARITY,-6618723308209292382,10,AUTO,2.05791997025,-0.674999922430,0.657500087689,GUARDED_PRODUCTION,true,true,SUCCESS,NONE,590,true,true,2.25479663567e-11,false,false,false,false,0,2.90232233754,4331000,-0.302907557869|0.829267474427|0.733509892532|0.564748040058|-0.457768344981|-0.535843638037|-1.06866762432|0.160850279041|0.549412446352|0.273438184245
830,VALID_CAMPAIGN,NEAR_SINGULARITY,-6618723308209292382,10,AUTO,2.05791997025,-0.674999922430,0.657500087689,UNGUARDED_REFERENCE,true,false,CONVERGED_UNCERTIFIED,NO_GUARDS_OR_FINAL_CERTIFICATION,9,true,false,4.74118014620e-07,false,true,false,true,0,NaN,21250,56.2468316928|-20.3395721865|21.4725602912|-1.04395738004|-10.1565581184|0.133159067694|-2.23902791538|0.901782463024|-29.6837824908|0.373366942656
831,VALID_CAMPAIGN,MICRO_MOTION,1558688932114178078,10,AUTO,2.05791967275,-0.674999146726,0.657500964579,GUARDED_PRODUCTION,true,true,SUCCESS,NONE,2,true,true,1.02566632976e-11,false,false,false,false,0,14.9686320995,16792,-0.302907217657|0.829267606464|0.733511147427|0.564747989691|-0.457768317943|-0.535843786954|-1.06866793467|0.160850283712|0.549412719895|0.273438139464
831,VALID_CAMPAIGN,MICRO_MOTION,1558688932114178078,10,AUTO,2.05791967275,-0.674999146726,0.657500964579,UNGUARDED_REFERENCE,true,false,CONVERGED_UNCERTIFIED,NO_GUARDS_OR_FINAL_CERTIFICATION,2,true,false,3.86564878073e-11,false,true,false,true,0,NaN,3083,56.2468318054|-20.3395721316|21.4725598920|-1.04395738521|-10.1565586050|0.133158665067|-2.23902830179|0.901782475411|-29.6837827799|0.373366951352
832,VALID_CAMPAIGN,UNIFORM,137736846108628493,10,AUTO,-1.65796367891,1.44374768981,0.871304505551,GUARDED_PRODUCTION,true,true,SUCCESS,NONE,114,true,true,4.56201262295e-07,false,false,false,false,0,14.9686252435,891000,2.32056477739|0.908456510274|0.630820695345|0.571378769172|-0.321241821502|-0.376603308976|-0.748261487226|0.155077905792|0.388243937156|0.306812211345
832,VALID_CAMPAIGN,UNIFORM,137736846108628493,10,AUTO,-1.65796367891,1.44374768981,0.871304505551,UNGUARDED_REFERENCE,true,false,CONVERGED_UNCERTIFIED,NO_GUARDS_OR_FINAL_CERTIFICATION,28,true,false,8.91399256813e-09,false,true,false,true,0,NaN,69875,65.3036844130|-11.7741971309|25.4491026827|0.582680487195|-2.69314228124|2.96470291516|-11.5884009513|0.547078820785|-26.1447484032|-0.255359815284
833,VALID_CAMPAIGN,NEAR_JOINT_LIMIT,-5925910212526580882,10,AUTO,0.234701882598,-0.172654945708,0.312944841086,GUARDED_PRODUCTION,true,true,SUCCESS,NONE,177,true,true,8.14827675758e-07,false,false,false,false,0,22.9979501965,1350541,2.58929913101|2.37713844122|1.12430711930|0.375099739731|1.38839777525|0.406406217728|-0.957271741632|0.0947053741431|0.557728491060|0.319544570673
833,VALID_CAMPAIGN,NEAR_JOINT_LIMIT,-5925910212526580882,10,AUTO,0.234701882598,-0.172654945708,0.312944841086,UNGUARDED_REFERENCE,true,false,CONVERGED_UNCERTIFIED,NO_GUARDS_OR_FINAL_CERTIFICATION,10,true,false,2.62604445355e-07,false,true,false,true,0,NaN,23458,69.0970565665|-14.5485932429|28.9378203375|-0.187645338174|-9.92606950573|6.19806232093|-8.36271927661|-0.0879999647328|-29.7754033856|0.0402509835314
834,VALID_CAMPAIGN,NEAR_SINGULARITY,4524872883419282178,10,AUTO,2.05791997025,-0.674999922430,0.657500087689,GUARDED_PRODUCTION,false,false,NO_CONVERGENCE,STAGNATION_WINDOW_EXCEEDED,38,true,true,1.34765392616,false,false,false,false,0,2.78914167485,285000,3.14159265359|2.37713844122|0.470075870771|0.353367905541|0.757851422582|-0.150945252609|-1.08904194770|0.111647215900|0.202047639584|0.336759718333
834,VALID_CAMPAIGN,NEAR_SINGULARITY,4524872883419282178,10,AUTO,2.05791997025,-0.674999922430,0.657500087689,UNGUARDED_REFERENCE,true,false,CONVERGED_UNCERTIFIED,NO_GUARDS_OR_FINAL_CERTIFICATION,17,true,false,3.04137978292e-07,false,true,false,true,0,NaN,39416,68.7611290868|-13.0091836314|25.3633288129|-0.397021988723|-10.9429908791|4.70057613320|-6.86867673786|-0.229378398821|-31.0934628133|0.406798984580
835,VALID_CAMPAIGN,MICRO_MOTION,-597603245791866632,10,AUTO,2.05791967275,-0.674999146726,0.657500964579,GUARDED_PRODUCTION,false,false,NO_CONVERGENCE,STAGNATION_WINDOW_EXCEEDED,7,true,true,1.41897041423,false,false,false,false,0,4.04935397811,50042,3.14159265359|2.37713844122|0.438603123862|0.352758590323|0.666086308849|-0.221272408606|-1.04953012797|0.114149293125|0.162978811345|0.340917660626
835,VALID_CAMPAIGN,MICRO_MOTION,-597603245791866632,10,AUTO,2.05791967275,-0.674999146726,0.657500964579,UNGUARDED_REFERENCE,true,false,CONVERGED_UNCERTIFIED,NO_GUARDS_OR_FINAL_CERTIFICATION,2,true,false,9.83862720141e-11,false,true,false,true,0,NaN,3000,68.7611292728|-13.0091836194|25.3633294098|-0.397022021534|-10.9429910895|4.70057634950|-6.86867649430|-0.229378428883|-31.0934626493|0.406799034688
836,VALID_CAMPAIGN,UNIFORM,1109769790021367192,10,AUTO,-0.197182795906,-0.416369269775,0.880706308946,GUARDED_PRODUCTION,true,true,SUCCESS,NONE,36,true,true,1.04036031026e-07,false,false,false,false,0,4.60453445628,279333,1.98780161530|2.05575195370|1.33636475743|0.365412961578|1.08756199347|0.129728396200|-0.980214133012|0.102853233135|0.392051493428|0.325790469172
836,VALID_CAMPAIGN,UNIFORM,1109769790021367192,10,AUTO,-0.197182795906,-0.416369269775,0.880706308946,UNGUARDED_REFERENCE,true,false,CONVERGED_UNCERTIFIED,NO_GUARDS_OR_FINAL_CERTIFICATION,9,true,false,3.07109006095e-07,false,true,false,true,0,NaN,62583,68.2726261403|-13.1978062914|26.1952686113|0.233760046472|-6.18870837466|-0.229826227162|-9.09147544968|0.338250752372|-35.1105061822|-0.566876076029
837,VALID_CAMPAIGN,NEAR_JOINT_LIMIT,6744495957338828426,10,AUTO,-0.396174400766,-0.780289127128,0.0295173229994,GUARDED_PRODUCTION,true,true,SUCCESS,NONE,27,true,true,2.64531765893e-09,false,false,false,false,0,2.14706054121,239167,2.30695671988|1.94922475285|0.364350578448|0.360232420026|1.18834428255|0.209414439240|-1.36195379518|0.100553840269|0.330075781889|0.322881205551
837,VALID_CAMPAIGN,NEAR_JOINT_LIMIT,6744495957338828426,10,AUTO,-0.396174400766,-0.780289127128,0.0295173229994,UNGUARDED_REFERENCE,true,false,CONVERGED_UNCERTIFIED,NO_GUARDS_OR_FINAL_CERTIFICATION,6,true,false,1.77180286004e-08,false,true,false,true,0,NaN,13208,67.4137893451|-12.4004785389|24.9278890575|0.252167465827|-6.76845428769|-0.562420809134|-7.35620794391|0.425479236817|-34.6384092875|-0.574165547759
838,VALID_CAMPAIGN,NEAR_SINGULARITY,-5550970996814473376,10,AUTO,2.05791997025,-0.674999922430,0.657500087689,GUARDED_PRODUCTION,false,false,NO_CONVERGENCE,STAGNATION_WINDOW_EXCEEDED,34,true,true,1.35326426846,false,false,false,false,0,2.58261028779,274292,3.14159265359|2.37713844122|0.413004613097|0.348911608963|0.765185819008|-0.146568803253|-1.13397644163|0.112719700225|0.150411601425|0.340095313917
838,VALID_CAMPAIGN,NEAR_SINGULARITY,-5550970996814473376,10,AUTO,2.05791997025,-0.674999922430,0.657500087689,UNGUARDED_REFERENCE,true,false,CONVERGED_UNCERTIFIED,NO_GUARDS_OR_FINAL_CERTIFICATION,10,true,false,3.99472046854e-08,false,true,false,true,0,NaN,25042,68.8157548639|-12.1790317333|24.9109622396|0.168500631264|-8.34966543535|-2.64506305916|-9.00405130646|0.528615156568|-33.4525344447|-0.868554327467
839,VALID_CAMPAIGN,MICRO_MOTION,5928385738493379145,10,AUTO,2.05791967275,-0.674999146726,0.657500964579,GUARDED_PRODUCTION,false,false,NO_CONVERGENCE,STAGNATION_WINDOW_EXCEEDED,7,true,true,1.42127761378,false,false,false,false,0,4.15422659018,53875,3.14159265359|2.37713844122|0.401749607752|0.348355226634|0.673303869432|-0.216408358102|-1.08736330583|0.115347971736|0.112205875824|0.344390237069
839,VALID_CAMPAIGN,MICRO_MOTION,5928385738493379145,10,AUTO,2.05791967275,-0.674999146726,0.657500964579,UNGUARDED_REFERENCE,true,false,CONVERGED_UNCERTIFIED,NO_GUARDS_OR_FINAL_CERTIFICATION,2,true,false,8.95722455576e-11,false,true,false,true,0,NaN,3375,68.8157551019|-12.1790316560|24.9109628422|0.168500604318|-8.34966566356|-2.64506290480|-9.00405142436|0.528615101400|-33.4525348866|-0.868554288057
840,VALID_CAMPAIGN,UNIFORM,1673595187581386552,10,AUTO,-0.211056564079,0.287688402301,0.562060449921,GUARDED_PRODUCTION,true,true,SUCCESS,NONE,94,true,true,8.61557221364e-12,false,false,false,false,0,4.68915689549,758334,1.45076385891|1.27239968701|1.53294221382|0.504801115201|1.02082457905|0.453075579660|-0.683226285875|0.115562872653|1.35249130878|0.248681197572
840,VALID_CAMPAIGN,UNIFORM,1673595187581386552,10,AUTO,-0.211056564079,0.287688402301,0.562060449921,UNGUARDED_REFERENCE,true,false,CONVERGED_UNCERTIFIED,NO_GUARDS_OR_FINAL_CERTIFICATION,8,true,false,1.83751216612e-09,false,true,false,true,0,NaN,18417,68.5843683649|-10.6647781750|25.9598616543|-0.161378138246|-11.1526902599|-1.30110214065|-8.44611249652|-0.282116230633|-35.0328939216|-0.339353627450
841,VALID_CAMPAIGN,NEAR_JOINT_LIMIT,2943605362590103341,10,AUTO,-0.0709907337240,-1.18745556869,0.899291269506,GUARDED_PRODUCTION,true,true,SUCCESS,NONE,93,true,true,7.49603852977e-07,false,false,false,false,0,1.74131794158,729959,3.14159265359|1.82890022291|0.745416256265|0.453484563131|0.597880117051|-0.0567537466227|-0.905554424684|0.119684041238|0.720016536562|0.279954597687
841,VALID_CAMPAIGN,NEAR_JOINT_LIMIT,2943605362590103341,10,AUTO,-0.0709907337240,-1.18745556869,0.899291269506,UNGUARDED_REFERENCE,true,false,CONVERGED_UNCERTIFIED,NO_GUARDS_OR_FINAL_CERTIFICATION,12,true,false,1.39837643864e-08,false,true,false,true,0,NaN,28291,67.6536216174|-12.9009550846|30.7451789300|-0.0189406508459|-9.57233833954|0.514202110372|-10.3736608019|0.0244871156653|-32.1655725175|-0.648040314536
842,VALID_CAMPAIGN,NEAR_SINGULARITY,-543736759507832319,10,AUTO,2.05791997025,-0.674999922430,0.657500087689,GUARDED_PRODUCTION,false,false,NO_CONVERGENCE,STAGNATION_WINDOW_EXCEEDED,32,true,true,1.56074304821,false,false,false,false,0,3.05447303709,242125,3.14159265359|2.37713844122|0.450661267568|0.446851403239|0.469032123016|-0.166339273553|-0.863065733013|0.121557553971|0.594875525745|0.291099783010
842,VALID_CAMPAIGN,NEAR_SINGULARITY,-543736759507832319,10,AUTO,2.05791997025,-0.674999922430,0.657500087689,UNGUARDED_REFERENCE,true,false,CONVERGED_UNCERTIFIED,NO_GUARDS_OR_FINAL_CERTIFICATION,15,true,false,1.34438657967e-09,false,true,false,true,0,NaN,37750,68.7463036096|-10.6998824394|27.0342904232|0.533136976500|-7.21064012006|4.47144863703|-10.4965734519|-0.679650542930|-36.2042676449|-0.334984265014
843,VALID_CAMPAIGN,MICRO_MOTION,-1063050021154371716,10,AUTO,2.05791967275,-0.674999146726,0.657500964579,GUARDED_PRODUCTION,false,false,NO_CONVERGENCE,STAGNATION_WINDOW_EXCEEDED,7,true,true,1.60206605601,false,false,false,false,0,4.14311651354,51958,3.14159265359|2.37713844122|0.418277430045|0.446411776929|0.427879456243|-0.198195039785|-0.843940960490|0.122289260777|0.565677496572|0.294049602142
843,VALID_CAMPAIGN,MICRO_MOTION,-1063050021154371716,10,AUTO,2.05791967275,-0.674999146726,0.657500964579,UNGUARDED_REFERENCE,true,false,CONVERGED_UNCERTIFIED,NO_GUARDS_OR_FINAL_CERTIFICATION,2,true,false,2.26333369727e-10,false,true,false,true,0,NaN,3208,68.7463036786|-10.6998821465|27.0342898641|0.533136808697|-7.21063973966|4.47144855432|-10.4965729503|-0.679650375620|-36.2042676524|-0.334984218105
844,VALID_CAMPAIGN,UNIFORM,5432799438250371363,10,AUTO,-0.587484630941,0.226117635973,0.235527059947,GUARDED_PRODUCTION,true,true,SUCCESS,NONE,58,true,true,6.57612358083e-09,false,false,false,false,0,4.45701045539,613625,1.45792541292|1.54064570971|0.676670634808|0.468764141849|1.18238786337|0.510882422992|-1.04341567740|0.105527334888|0.961889081909|0.264519952624
844,VALID_CAMPAIGN,UNIFORM,5432799438250371363,10,AUTO,-0.587484630941,0.226117635973,0.235527059947,UNGUARDED_REFERENCE,true,false,CONVERGED_UNCERTIFIED,NO_GUARDS_OR_FINAL_CERTIFICATION,7,true,false,1.94198843639e-09,false,true,false,true,0,NaN,16666,69.1002915095|-10.4517057513|25.5600673428|-0.635769375293|-5.99613584742|3.07392293651|-7.85293766223|0.462056963526|-35.8084390275|-0.0596305284070
845,VALID_CAMPAIGN,NEAR_JOINT_LIMIT,4079953747236558541,10,AUTO,0.165219315835,-0.542028487821,0.209246958199,GUARDED_PRODUCTION,true,true,SUCCESS,NONE,53,true,true,7.79018067265e-07,false,false,false,false,0,1.96513874832,414250,2.50740891300|2.37713844122|0.416353098170|0.441138336409|1.10146495565|0.343073988259|-1.06477639655|0.105662443522|0.714179572701|0.282231776432
845,VALID_CAMPAIGN,NEAR_JOINT_LIMIT,4079953747236558541,10,AUTO,0.165219315835,-0.542028487821,0.209246958199,UNGUARDED_REFERENCE,true,false,CONVERGED_UNCERTIFIED,NO_GUARDS_OR_FINAL_CERTIFICATION,8,true,false,6.44287481646e-10,false,true,false,true,0,NaN,18250,68.8880914595|-9.30264789515|26.1122684620|-0.536963761652|-5.20157658712|3.48714524294|-7.20984533510|0.497774390726|-34.4681872096|-0.0272663593630
846,VALID_CAMPAIGN,NEAR_SINGULARITY,-7549196987568295123,10,AUTO,2.05791997025,-0.674999922430,0.657500087689,GUARDED_PRODUCTION,false,false,NO_CONVERGENCE,STAGNATION_WINDOW_EXCEEDED,28,true,true,1.41788858136,false,false,false,false,0,1.91672829567,201542,3.14159265359|2.37713844122|0.355830804496|0.431831580910|0.635165607581|-0.0674649104495|-0.960819009421|0.117363346688|0.499816505924|0.295785124500
846,VALID_CAMPAIGN,NEAR_SINGULARITY,-7549196987568295123,10,AUTO,2.05791997025,-0.674999922430,0.657500087689,UNGUARDED_REFERENCE,true,false,CONVERGED_UNCERTIFIED,NO_GUARDS_OR_FINAL_CERTIFICATION,12,true,false,5.83119017670e-08,false,true,false,true,0,NaN,28000,75.0352591063|-14.1050040257|27.9045809699|-0.578052249276|-4.15200931939|6.53061724975|-7.78060174890|0.703325845373|-38.6013386407|0.405282839404
847,VALID_CAMPAIGN,MICRO_MOTION,-3351114597487939589,10,AUTO,2.05791967275,-0.674999146726,0.657500964579,GUARDED_PRODUCTION,false,false,NO_CONVERGENCE,STAGNATION_WINDOW_EXCEEDED,7,true,true,1.48050541804,false,false,false,false,0,3.58764628570,47916,3.14159265359|2.37713844122|0.351283062395|0.431267207691|0.549655985699|-0.137500368691|-0.926879707877|0.119377705436|0.458541465052|0.299409047767
847,VALID_CAMPAIGN,MICRO_MOTION,-3351114597487939589,10,AUTO,2.05791967275,-0.674999146726,0.657500964579,UNGUARDED_REFERENCE,true,false,CONVERGED_UNCERTIFIED,NO_GUARDS_OR_FINAL_CERTIFICATION,2,true,false,6.87259582744e-11,false,true,false,true,0,NaN,3125,75.0352590554|-14.1050039779|27.9045807632|-0.578052195785|-4.15200955322|6.53061684338|-7.78060255563|0.703325807328|-38.6013383262|0.405282801537
848,VALID_CAMPAIGN,UNIFORM,-6655075269421998628,10,AUTO,-0.103348520828,-0.0325870861730,-0.819185805290,GUARDED_PRODUCTION,true,true,SUCCESS,NONE,65,true,true,6.72074520503e-07,false,false,false,false,0,4.08544333060,486000,2.65665530406|2.37713844122|-1.26240781124|0.421010247783|0.847452793141|0.108363744998|-1.28676506781|0.113059100480|0.393925093287|0.297320588460
848,VALID_CAMPAIGN,UNIFORM,-6655075269421998628,10,AUTO,-0.103348520828,-0.0325870861730,-0.819185805290,UNGUARDED_REFERENCE,true,false,CONVERGED_UNCERTIFIED,NO_GUARDS_OR_FINAL_CERTIFICATION,8,true,false,7.07839084497e-10,false,true,false,true,0,NaN,17542,74.9419951872|-14.3744665258|35.2569284216|0.0795952694232|-1.07797476869|6.34279730660|-11.3712000534|0.0709751035593|-37.0329556958|0.0273477738980
849,VALID_CAMPAIGN,NEAR_JOINT_LIMIT,7107239663049600225,10,AUTO,0.455640591329,-0.731795161382,-0.319190604348,GUARDED_PRODUCTION,true,true,SUCCESS,NONE,24,true,true,1.67642191593e-07,false,false,false,false,0,3.54097938946,182375,2.88875892851|2.36036564912|-0.384379468014|0.417288499103|0.874857766326|0.124965294889|-0.970383560916|0.112012711378|0.454299485326|0.304769525528
849,VALID_CAMPAIGN,NEAR_JOINT_LIMIT,7107239663049600225,10,AUTO,0.455640591329,-0.731795161382,-0.319190604348,UNGUARDED_REFERENCE,true,false,CONVERGED_UNCERTIFIED,NO_GUARDS_OR_FINAL_CERTIFICATION,8,true,false,2.37412187487e-09,false,true,false,true,0,NaN,17834,74.5163105863|-12.7376564410|35.0427070758|-0.0336618949674|-1.49837136651|6.87177592940|-10.3100142910|0.180604130977|-37.6948658258|0.0683673295658
850,VALID_CAMPAIGN,NEAR_SINGULARITY,2324337323398589768,10,AUTO,2.05791997025,-0.674999922430,0.657500087689,GUARDED_PRODUCTION,false,false,NO_CONVERGENCE,STAGNATION_WINDOW_EXCEEDED,23,true,true,1.44621796331,false,false,false,false,0,2.48501098367,163958,3.14159265359|2.37713844122|0.0802649428003|0.412903719398|0.581058759564|-0.124047482072|-0.758597724918|0.119255773473|0.339811123115|0.318144313739
850,VALID_CAMPAIGN,NEAR_SINGULARITY,2324337323398589768,10,AUTO,2.05791997025,-0.674999922430,0.657500087689,UNGUARDED_REFERENCE,true,false,CONVERGED_UNCERTIFIED,NO_GUARDS_OR_FINAL_CERTIFICATION,15,true,false,1.42549070326e-09,false,true,false,true,0,NaN,34958,68.8163045925|-11.9244528480|37.8122238007|0.486756188375|-0.356694605922|10.2308720392|-10.2606830227|-0.418558533166|-36.7645071177|0.0750706326812
851,VALID_CAMPAIGN,MICRO_MOTION,-1950436133595576600,10,AUTO,2.05791967275,-0.674999146726,0.657500964579,GUARDED_PRODUCTION,false,false,NO_CONVERGENCE,STAGNATION_WINDOW_EXCEEDED,7,true,true,1.50265014997,false,false,false,false,0,4.29210020571,47833,3.14159265359|2.37713844122|0.139098811169|0.412499750834|0.515139293683|-0.175786713688|-0.722980571837|0.120851635572|0.308433994892|0.321743420457
851,VALID_CAMPAIGN,MICRO_MOTION,-1950436133595576600,10,AUTO,2.05791967275,-0.674999146726,0.657500964579,UNGUARDED_REFERENCE,true,false,CONVERGED_UNCERTIFIED,NO_GUARDS_OR_FINAL_CERTIFICATION,2,true,false,1.93714520003e-10,false,true,false,true,0,NaN,2959,68.8163049453|-11.9244527583|37.8122245281|0.486756100151|-0.356694609084|10.2308717728|-10.2606831423|-0.418558403363|-36.7645074002|0.0750706048593
852,VALID_CAMPAIGN,UNIFORM,-7062987465123189318,10,AUTO,1.01132017493,2.04391596630,-0.0944098263015,GUARDED_PRODUCTION,false,false,MAX_ITERATIONS_REACHED,MAX_ITERATIONS_LIMIT_REACHED,800,true,true,1.92268137442,false,false,false,false,0,4.74057995506,5655667,3.14159265359|2.37713844122|-0.615609753578|0.0200000000000|1.38662048048|0.236631211811|-0.781904646574|0.176501274329|-0.286376413008|0.575000000000
852,VALID_CAMPAIGN,UNIFORM,-7062987465123189318,10,AUTO,1.01132017493,2.04391596630,-0.0944098263015,UNGUARDED_REFERENCE,true,false,CONVERGED_UNCERTIFIED,NO_GUARDS_OR_FINAL_CERTIFICATION,7,true,false,1.59362689846e-09,false,true,false,true,0,NaN,17709,70.0501996739|-11.9626485433|37.1581284209|-0.412947621480|-0.512848113809|7.44244565020|-10.4430254282|0.970053424347|-38.9524427557|-0.193953686910
853,VALID_CAMPAIGN,NEAR_JOINT_LIMIT,-8275793605829837500,10,AUTO,-0.413964740172,-1.15655963646,-0.131083680497,GUARDED_PRODUCTION,true,true,SUCCESS,NONE,43,true,true,3.06335840432e-07,false,false,false,false,0,4.43879974703,358083,2.37276284297|1.42778428161|-0.561810132365|0.0392374501046|1.35500615505|0.223215365939|-0.841122319086|0.172376079845|-0.269929774666|0.559573643873
853,VALID_CAMPAIGN,NEAR_JOINT_LIMIT,-8275793605829837500,10,AUTO,-0.413964740172,-1.15655963646,-0.131083680497,UNGUARDED_REFERENCE,true,false,CONVERGED_UNCERTIFIED,NO_GUARDS_OR_FINAL_CERTIFICATION,14,true,false,5.77075584029e-09,false,true,false,true,0,NaN,36333,73.3717733298|-15.7510429669|34.5336507627|-0.0535526906113|-7.03287150773|1.77123651659|-5.65300857265|0.234335504839|-33.2883860271|0.0104170495473
854,VALID_CAMPAIGN,NEAR_SINGULARITY,1235126173564575456,10,AUTO,2.05791997025,-0.674999922430,0.657500087689,GUARDED_PRODUCTION,false,false,NO_CONVERGENCE,STAGNATION_WINDOW_EXCEEDED,33,true,true,1.25077186220,false,false,false,false,0,3.24089861265,262542,3.14159265359|1.90348104699|-0.125714426006|0.0215194262404|1.16663093698|0.0617331571375|-0.541971618862|0.181034656052|-0.346010948560|0.575000000000
854,VALID_CAMPAIGN,NEAR_SINGULARITY,1235126173564575456,10,AUTO,2.05791997025,-0.674999922430,0.657500087689,UNGUARDED_REFERENCE,true,false,CONVERGED_UNCERTIFIED,NO_GUARDS_OR_FINAL_CERTIFICATION,12,true,false,1.63226270803e-08,false,true,false,true,0,NaN,30041,75.0848772041|-12.9888204397|31.7849869147|-0.337902940114|-10.1182885473|2.34289614745|-3.32019443312|-0.809932580113|-36.4618347083|0.117894559805
855,VALID_CAMPAIGN,MICRO_MOTION,6447044520953805788,10,AUTO,2.05791967275,-0.674999146726,0.657500964579,GUARDED_PRODUCTION,false,false,NO_CONVERGENCE,STAGNATION_WINDOW_EXCEEDED,7,true,true,1.28349723148,false,false,false,false,0,4.80755472418,51083,3.14159265359|1.95834887565|-0.0770515312424|0.0200000000000|1.07406999457|-0.0113491781562|-0.524193727787|0.184313370635|-0.369933718992|0.575000000000
855,VALID_CAMPAIGN,MICRO_MOTION,6447044520953805788,10,AUTO,2.05791967275,-0.674999146726,0.657500964579,UNGUARDED_REFERENCE,true,false,CONVERGED_UNCERTIFIED,NO_GUARDS_OR_FINAL_CERTIFICATION,2,true,false,1.96146420922e-10,false,true,false,true,0,NaN,3291,75.0848774299|-12.9888203491|31.7849876561|-0.337902882253|-10.1182881816|2.34289568128|-3.32019430297|-0.809932436865|-36.4618347637|0.117894545493
856,VALID_CAMPAIGN,UNIFORM,6711491507810704130,10,AUTO,-1.33928618649,-1.26544903848,-0.00999233743561,GUARDED_PRODUCTION,true,true,SUCCESS,NONE,36,true,true,3.35937256904e-07,false,false,false,false,0,5.46688082745,344625,2.40993442277|1.40950515434|-0.350579494484|0.0264739261658|0.944364629175|-0.124370535547|-0.587301468126|0.185783245382|-0.394894288487|0.569863693089
856,VALID_CAMPAIGN,UNIFORM,6711491507810704130,10,AUTO,-1.33928618649,-1.26544903848,-0.00999233743561,UNGUARDED_REFERENCE,true,false,CONVERGED_UNCERTIFIED,NO_GUARDS_OR_FINAL_CERTIFICATION,8,true,false,1.36699704643e-07,false,true,false,true,0,NaN,20291,73.3996326506|-12.0010499412|29.4724555144|0.558078029398|-4.32410939910|-2.82609555201|0.696952731329|1.08630919090|-36.3640593541|0.0353084668646
857,VALID_CAMPAIGN,NEAR_JOINT_LIMIT,-2533292905869372637,10,AUTO,-0.218920063742,-0.942605391515,0.209246958199,GUARDED_PRODUCTION,true,true,SUCCESS,NONE,28,true,true,6.70220683771e-12,false,false,false,false,0,6.07654164705,230042,1.94885598172|1.74692262278|-0.409467807395|0.0366821206032|1.51552332141|0.354128660559|-0.706567645333|0.169788614919|-0.244248365312|0.555117807818
857,VALID_CAMPAIGN,NEAR_JOINT_LIMIT,-2533292905869372637,10,AUTO,-0.218920063742,-0.942605391515,0.209246958199,UNGUARDED_REFERENCE,true,false,CONVERGED_UNCERTIFIED,NO_GUARDS_OR_FINAL_CERTIFICATION,7,true,false,2.30051214822e-09,false,true,false,true,0,NaN,16250,73.9808676914|-13.1656212278|28.9929807721|0.450121339563|-5.29122769149|-3.15783929510|1.14001847494|0.960209136547|-34.9035912996|-0.0276152287425
858,VALID_CAMPAIGN,NEAR_SINGULARITY,-1374881248990991380,10,AUTO,2.05791997025,-0.674999922430,0.657500087689,GUARDED_PRODUCTION,false,false,NO_CONVERGENCE,STAGNATION_WINDOW_EXCEEDED,43,true,true,0.888465315250,false,false,false,false,2,3.35712656156,328958,3.14159265359|2.37616466916|-0.0695681813239|0.0200000000000|0.912969783978|-0.141582746836|-0.472872844722|0.192486142538|-0.418759391096|0.575000000000
858,VALID_CAMPAIGN,NEAR_SINGULARITY,-1374881248990991380,10,AUTO,2.05791997025,-0.674999922430,0.657500087689,UNGUARDED_REFERENCE,true,false,CONVERGED_UNCERTIFIED,NO_GUARDS_OR_FINAL_CERTIFICATION,9,true,false,1.71862825752e-09,false,true,false,true,0,NaN,20542,75.7578520721|-12.9489880992|31.6789447374|0.437593006075|-6.87879362604|-4.45467936835|1.54454157794|0.922555422313|-34.5899730051|-0.0660740729513
859,VALID_CAMPAIGN,MICRO_MOTION,3781325468902197950,10,AUTO,2.05791967275,-0.674999146726,0.657500964579,GUARDED_PRODUCTION,false,false,NO_CONVERGENCE,STAGNATION_WINDOW_EXCEEDED,7,true,true,0.963189214081,false,false,false,false,6,8.13021326630,50792,3.14159265359|2.36999593164|-0.0577318277146|0.0200000000000|0.853422582488|-0.181380367392|-0.478615202292|0.194972107773|-0.430197519442|0.575000000000
859,VALID_CAMPAIGN,MICRO_MOTION,3781325468902197950,10,AUTO,2.05791967275,-0.674999146726,0.657500964579,UNGUARDED_REFERENCE,true,false,CONVERGED_UNCERTIFIED,NO_GUARDS_OR_FINAL_CERTIFICATION,2,true,false,3.50288876218e-11,false,true,false,true,0,NaN,3125,75.7578525050|-12.9489883666|31.6789453802|0.437592996949|-6.87879350283|-4.45467920506|1.54454157639|0.922555395774|-34.5899733369|-0.0660740732281
860,VALID_CAMPAIGN,UNIFORM,3767779756798877159,10,AUTO,0.0135821262540,0.644810937097,1.14361587237,GUARDED_PRODUCTION,true,true,SUCCESS,NONE,76,true,true,7.27293686383e-07,false,false,false,false,0,8.68142753154,587417,2.79731883378|2.37713844122|1.21346764876|0.0433698884307|1.37455502535|0.245877908605|0.278937112866|0.176620643321|-0.324051640599|0.575000000000
860,VALID_CAMPAIGN,UNIFORM,3767779756798877159,10,AUTO,0.0135821262540,0.644810937097,1.14361587237,UNGUARDED_REFERENCE,true,false,CONVERGED_UNCERTIFIED,NO_GUARDS_OR_FINAL_CERTIFICATION,6,true,false,1.25754732497e-07,false,true,false,true,0,NaN,13333,77.4499990259|-15.7565536085|32.7634964832|0.341069450208|-6.29502834319|-3.56189496803|1.67193226994|0.696377428908|-37.9379778828|-0.0543568868091
861,VALID_CAMPAIGN,NEAR_JOINT_LIMIT,-7995949733686122076,10,AUTO,-1.05322836199,-0.460632157249,0.550583342158,GUARDED_PRODUCTION,true,true,SUCCESS,NONE,649,true,true,9.99209584996e-07,false,false,false,false,0,4.69109788310,4384875,3.14159265359|2.37713844122|0.623358586034|0.322122448717|1.78285383091|1.78285383091|-0.275807589238|0.0200000000000|1.14019149469|0.534927527908
861,VALID_CAMPAIGN,NEAR_JOINT_LIMIT,-7995949733686122076,10,AUTO,-1.05322836199,-0.460632157249,0.550583342158,UNGUARDED_REFERENCE,true,false,CONVERGED_UNCERTIFIED,NO_GUARDS_OR_FINAL_CERTIFICATION,10,true,false,4.04837362853e-10,false,true,false,true,0,NaN,23667,79.6745571072|-18.8312212415|31.5306461792|0.223166385246|-5.59578330326|-2.01823061549|0.827559640020|0.210566160324|-32.6828669679|-0.133103832779
862,VALID_CAMPAIGN,NEAR_SINGULARITY,-7258979455234363190,10,AUTO,2.05791997025,-0.674999922430,0.657500087689,GUARDED_PRODUCTION,false,false,NO_CONVERGENCE,STAGNATION_WINDOW_EXCEEDED,90,true,true,1.32141136773,false,false,false,false,0,3.70083963124,681208,3.14159265359|2.37713844122|-0.294910491177|0.283789538625|0.131122886144|0.292167213145|0.0329451841020|0.0755430373775|0.719860594831|0.567830826036
862,VALID_CAMPAIGN,NEAR_SINGULARITY,-7258979455234363190,10,AUTO,2.05791997025,-0.674999922430,0.657500087689,UNGUARDED_REFERENCE,true,false,CONVERGED_UNCERTIFIED,NO_GUARDS_OR_FINAL_CERTIFICATION,26,true,false,9.66921966135e-08,false,true,false,true,0,NaN,64875,68.7052945621|-17.9356810371|31.8397812057|0.461544355311|-14.3878577234|-5.16220089547|5.65728974509|0.0563256883752|-31.3402404652|0.304362196941
863,VALID_CAMPAIGN,MICRO_MOTION,6029111716805352004,10,AUTO,2.05791967275,-0.674999146726,0.657500964579,GUARDED_PRODUCTION,false,false,NO_CONVERGENCE,STAGNATION_WINDOW_EXCEEDED,7,true,true,1.37405482672,false,false,false,false,0,5.16296331158,49917,3.14159265359|2.37713844122|-0.250336183175|0.283396186031|0.0615052484950|0.223508029491|-0.0211829676595|0.0770994046875|0.663059477474|0.571758479592
863,VALID_CAMPAIGN,MICRO_MOTION,6029111716805352004,10,AUTO,2.05791967275,-0.674999146726,0.657500964579,UNGUARDED_REFERENCE,true,false,CONVERGED_UNCERTIFIED,NO_GUARDS_OR_FINAL_CERTIFICATION,2,true,false,9.33955638377e-11,false,true,false,true,0,NaN,3334,68.7052947586|-17.9356807558|31.8397821999|0.461544303445|-14.3878579071|-5.16220070349|5.65728981829|0.0563256802578|-31.3402403065|0.304362160827
864,VALID_CAMPAIGN,UNIFORM,7799120871588461269,10,AUTO,0.524031447428,-0.451626878411,0.273449856061,GUARDED_PRODUCTION,true,true,SUCCESS,NONE,59,true,true,8.11559763925e-07,false,false,false,false,0,5.51996067674,449209,2.83747777718|2.37713844122|-0.893430164783|0.285845541626|0.763431639038|0.875479942845|-0.327507130318|0.0574945598118|0.982859991091|0.532653115681
864,VALID_CAMPAIGN,UNIFORM,7799120871588461269,10,AUTO,0.524031447428,-0.451626878411,0.273449856061,UNGUARDED_REFERENCE,true,false,CONVERGED_UNCERTIFIED,NO_GUARDS_OR_FINAL_CERTIFICATION,6,true,false,2.15058456836e-08,false,true,false,true,0,NaN,13250,68.1407029669|-15.9290282931|34.1469068398|-0.164810864452|-18.4506156274|-4.27385949209|3.58016516499|-0.00116493832927|-30.0057068278|-0.237826435528
865,VALID_CAMPAIGN,NEAR_JOINT_LIMIT,2594062355938910560,10,AUTO,0.422871140418,-0.354062702124,-0.0939481816215,GUARDED_PRODUCTION,true,true,SUCCESS,NONE,15,true,true,2.43291737838e-07,false,false,false,false,0,3.28132700704,116708,2.65554953089|2.33298081497|-1.35370703499|0.293874530933|0.717342954652|0.876148917522|-0.604089989976|0.0593267785486|0.983830371957|0.516678554393
865,VALID_CAMPAIGN,NEAR_JOINT_LIMIT,2594062355938910560,10,AUTO,0.422871140418,-0.354062702124,-0.0939481816215,UNGUARDED_REFERENCE,true,false,CONVERGED_UNCERTIFIED,NO_GUARDS_OR_FINAL_CERTIFICATION,5,true,false,4.10045621711e-07,false,true,false,true,0,NaN,10125,68.1142091967|-15.9165378654|34.6884025414|-0.167688365018|-18.5263959490|-4.39241680138|3.41885507108|0.000469897188541|-29.8248651835|-0.245089347666
866,VALID_CAMPAIGN,NEAR_SINGULARITY,-4223800635164983101,10,AUTO,2.05791997025,-0.674999922430,0.657500087689,GUARDED_PRODUCTION,false,false,NO_CONVERGENCE,STAGNATION_WINDOW_EXCEEDED,41,true,true,1.20965749380,false,false,false,false,0,2.89320176987,310459,3.14159265359|2.37713844122|-0.335503020194|0.272957188912|0.206477468373|0.310078886283|-0.185184086352|0.0702060857213|0.732572272232|0.559492302199
866,VALID_CAMPAIGN,NEAR_SINGULARITY,-4223800635164983101,10,AUTO,2.05791997025,-0.674999922430,0.657500087689,UNGUARDED_REFERENCE,true,false,CONVERGED_UNCERTIFIED,NO_GUARDS_OR_FINAL_CERTIFICATION,17,true,false,9.77986628098e-11,false,true,false,true,0,NaN,41125,75.1077379755|-17.6857366554|38.6394460302|0.597352672744|-19.9472931636|-0.125704705315|0.338208956139|0.135119023730|-31.6270348950|-0.385999125111
867,VALID_CAMPAIGN,MICRO_MOTION,4270826392163952181,10,AUTO,2.05791967275,-0.674999146726,0.657500964579,GUARDED_PRODUCTION,false,false,NO_CONVERGENCE,STAGNATION_WINDOW_EXCEEDED,7,true,true,1.28062179353,false,false,false,false,0,4.90998011724,49208,3.14159265359|2.37713844122|-0.258635071778|0.272194115244|0.118499724823|0.223421990655|-0.208375617431|0.0719714687645|0.677534325816|0.564140154211
867,VALID_CAMPAIGN,MICRO_MOTION,4270826392163952181,10,AUTO,2.05791967275,-0.674999146726,0.657500964579,UNGUARDED_REFERENCE,true,false,CONVERGED_UNCERTIFIED,NO_GUARDS_OR_FINAL_CERTIFICATION,2,true,false,1.26991770407e-10,false,true,false,true,0,NaN,3083,75.1077386077|-17.6857364340|38.6394478553|0.597352582210|-19.9472930791|-0.125704806727|0.338209512367|0.135119004983|-31.6270348589|-0.385999064825
868,VALID_CAMPAIGN,UNIFORM,1758112859583129264,10,AUTO,1.45927883244,0.238797578573,0.686388797325,GUARDED_PRODUCTION,false,false,MAX_ITERATIONS_REACHED,MAX_ITERATIONS_LIMIT_REACHED,800,true,true,0.753433393992,false,false,false,false,0,5.41874446363,5777375,3.14159265359|2.37713844122|0.238958728045|0.0200000000000|0.756314711745|0.173810458265|-0.700427072747|0.0789158261725|-0.0969397933816|0.575000000000
868,VALID_CAMPAIGN,UNIFORM,1758112859583129264,10,AUTO,1.45927883244,0.238797578573,0.686388797325,UNGUARDED_REFERENCE,true,false,CONVERGED_UNCERTIFIED,NO_GUARDS_OR_FINAL_CERTIFICATION,12,true,false,9.19392111671e-08,false,true,false,true,0,NaN,31375,81.7608731035|-23.0090885592|46.7718141568|0.491905246610|-19.5172974182|0.352520207439|-0.478991122110|-0.0917363323012|-32.5932574408|-0.250851354778
869,VALID_CAMPAIGN,NEAR_JOINT_LIMIT,3766045237761081118,10,AUTO,0.133408261854,-1.40060102368,0.899291269506,GUARDED_PRODUCTION,true,true,SUCCESS,NONE,22,true,true,6.30750406378e-08,false,false,false,false,0,5.79181816470,185792,2.67989761727|1.98110663275|0.346682480960|0.0247462826995|0.639169365486|0.0763681488112|-0.648333977063|0.0809617195579|-0.124353013879|0.573758971291
869,VALID_CAMPAIGN,NEAR_JOINT_LIMIT,3766045237761081118,10,AUTO,0.133408261854,-1.40060102368,0.899291269506,UNGUARDED_REFERENCE,true,false,CONVERGED_UNCERTIFIED,NO_GUARDS_OR_FINAL_CERTIFICATION,9,true,false,7.57320872853e-07,false,true,false,true,0,NaN,21792,80.1161258519|-25.5846341857|44.8310001054|-0.383612070977|-17.4202711128|2.75878822291|-2.72923505392|-0.0666186246513|-30.2947784488|-0.239362477687
870,VALID_CAMPAIGN,NEAR_SINGULARITY,-6039228828730904469,10,AUTO,2.05791997025,-0.674999922430,0.657500087689,GUARDED_PRODUCTION,false,false,NO_CONVERGENCE,STAGNATION_WINDOW_EXCEEDED,17,true,true,1.19709798482,false,false,false,false,0,5.70558330815,130208,3.14159265359|2.21584974509|0.213664945915|0.0200000000000|0.540351108493|-0.00589149535876|-0.680367533680|0.0845512345198|-0.152354213174|0.575000000000
870,VALID_CAMPAIGN,NEAR_SINGULARITY,-6039228828730904469,10,AUTO,2.05791997025,-0.674999922430,0.657500087689,UNGUARDED_REFERENCE,true,false,CONVERGED_UNCERTIFIED,NO_GUARDS_OR_FINAL_CERTIFICATION,15,true,false,2.28970686417e-09,false,true,false,true,0,NaN,36542,81.1652459398|-24.4959759816|43.8487802628|0.304967489663|-17.1004223549|-0.704828094282|0.924307401776|0.652510052255|-20.1988985509|0.343278204219
871,VALID_CAMPAIGN,MICRO_MOTION,7513061455033530216,10,AUTO,2.05791967275,-0.674999146726,0.657500964579,GUARDED_PRODUCTION,false,false,NO_CONVERGENCE,STAGNATION_WINDOW_EXCEEDED,7,true,true,1.25613040012,false,false,false,false,0,7.33698399474,50208,3.14159265359|2.25044191220|0.181719848817|0.0200000000000|0.470887690540|-0.0592912205999|-0.683375883175|0.0868816782990|-0.169702572224|0.575000000000
871,VALID_CAMPAIGN,MICRO_MOTION,7513061455033530216,10,AUTO,2.05791967275,-0.674999146726,0.657500964579,UNGUARDED_REFERENCE,true,false,CONVERGED_UNCERTIFIED,NO_GUARDS_OR_FINAL_CERTIFICATION,2,true,false,1.31016550310e-10,false,true,false,true,0,NaN,3167,81.1652458701|-24.4959754573|43.8487809813|0.304967448891|-17.1004220138|-0.704828219555|0.924307736909|0.652509959700|-20.1988987209|0.343278186256
872,VALID_CAMPAIGN,UNIFORM,-6675098910481471329,10,AUTO,1.48594497075,1.58485311249,-0.0766724522859,GUARDED_PRODUCTION,false,false,MAX_ITERATIONS_REACHED,MAX_ITERATIONS_LIMIT_REACHED,800,true,true,1.75812614934,false,false,false,false,0,8.20147013034,5742791,3.14159265359|2.37713844122|-0.451948789991|0.0200000000000|1.12112218118|0.239295950469|-0.744330757418|0.149442152445|-0.272955302300|0.575000000000
872,VALID_CAMPAIGN,UNIFORM,-6675098910481471329,10,AUTO,1.48594497075,1.58485311249,-0.0766724522859,UNGUARDED_REFERENCE,true,false,CONVERGED_UNCERTIFIED,NO_GUARDS_OR_FINAL_CERTIFICATION,14,true,false,4.51411751246e-07,false,true,false,true,0,NaN,36500,76.2198512782|-24.6615479443|43.4058770339|0.280704979535|-13.5945946018|-3.29252019585|1.68798939935|0.231620088185|-19.9197374363|0.578894123566
873,VALID_CAMPAIGN,NEAR_JOINT_LIMIT,4119427885658364175,10,AUTO,0.168594468810,0.538508911619,0.209246958199,GUARDED_PRODUCTION,true,true,SUCCESS,NONE,230,true,true,9.78053299252e-07,false,false,false,false,0,4.86159442499,1775792,3.14159265359|2.37713844122|-0.628569455942|0.0381520369693|1.70433449237|0.763087713096|-1.10126584541|0.134166665639|-0.0976598490163|0.559296189574
873,VALID_CAMPAIGN,NEAR_JOINT_LIMIT,4119427885658364175,10,AUTO,0.168594468810,0.538508911619,0.209246958199,UNGUARDED_REFERENCE,true,false,CONVERGED_UNCERTIFIED,NO_GUARDS_OR_FINAL_CERTIFICATION,6,true,false,2.63268934783e-08,false,true,false,true,0,NaN,13125,75.9753487537|-25.0207496984|42.9464787234|-0.360094851805|-15.6806730475|-1.20898753916|0.0744599107433|-0.576929262245|-21.3091564948|-0.389325343479
874,VALID_CAMPAIGN,NEAR_SINGULARITY,-3248022848813884315,10,AUTO,2.05791997025,-0.674999922430,0.657500087689,GUARDED_PRODUCTION,false,false,NO_CONVERGENCE,STAGNATION_WINDOW_EXCEEDED,55,true,true,0.901039066106,false,false,false,false,1,3.14601577285,418958,3.14159265359|2.37442676629|-0.193653764967|0.0200000000000|0.844211065896|-0.0244591224505|-0.292401701584|0.165574069090|-0.391068247041|0.575000000000
874,VALID_CAMPAIGN,NEAR_SINGULARITY,-3248022848813884315,10,AUTO,2.05791997025,-0.674999922430,0.657500087689,UNGUARDED_REFERENCE,true,false,CONVERGED_UNCERTIFIED,NO_GUARDS_OR_FINAL_CERTIFICATION,14,true,false,1.00112457425e-08,false,true,false,true,0,NaN,35042,75.0089748524|-30.1440324915|44.9985507382|0.995189340180|-13.4026246809|3.37105580471|-8.98194995988|-0.0928241032400|-24.2239342195|-0.141086459534
875,VALID_CAMPAIGN,MICRO_MOTION,-4951687822403964644,10,AUTO,2.05791967275,-0.674999146726,0.657500964579,GUARDED_PRODUCTION,false,false,NO_CONVERGENCE,STAGNATION_WINDOW_EXCEEDED,7,true,true,0.965331905024,false,false,false,false,6,7.90057019519,54166,3.14159265359|2.36671687684|-0.171659202199|0.0200000000000|0.785093028168|-0.0670299457895|-0.305181493972|0.168050258002|-0.403209500769|0.575000000000
875,VALID_CAMPAIGN,MICRO_MOTION,-4951687822403964644,10,AUTO,2.05791967275,-0.674999146726,0.657500964579,UNGUARDED_REFERENCE,true,false,CONVERGED_UNCERTIFIED,NO_GUARDS_OR_FINAL_CERTIFICATION,2,true,false,1.34198781733e-10,false,true,false,true,0,NaN,3208,75.0089751995|-30.1440321131|44.9985525713|0.995189243973|-13.4026243400|3.37105581146|-8.98195017836|-0.0928240325770|-24.2239340258|-0.141086461023
876,VALID_CAMPAIGN,UNIFORM,2265499071838879071,10,AUTO,0.368868886114,-1.45710248508,0.0242501035194,GUARDED_PRODUCTION,true,true,SUCCESS,NONE,18,true,true,1.92469205160e-11,false,false,false,false,0,8.37307211024,144792,2.56799424234|2.22482793145|-0.494120086529|0.0251811460226|0.902360057200|0.0117872829080|-0.322817596365|0.162055089791|-0.378949078122|0.563642711640
876,VALID_CAMPAIGN,UNIFORM,2265499071838879071,10,AUTO,0.368868886114,-1.45710248508,0.0242501035194,UNGUARDED_REFERENCE,true,false,CONVERGED_UNCERTIFIED,NO_GUARDS_OR_FINAL_CERTIFICATION,12,true,false,2.09367607998e-08,false,true,false,true,0,NaN,29667,74.2608785029|-25.1794593198|48.5020339086|0.000585836414789|-16.0317885077|2.56926243627|-10.1277497246|0.228422955240|-19.2992833199|-0.462947058504
877,VALID_CAMPAIGN,NEAR_JOINT_LIMIT,-897742943898987445,10,AUTO,-0.931725805287,0.190371341326,0.209242994455,GUARDED_PRODUCTION,true,true,SUCCESS,NONE,58,true,true,1.25111190319e-07,false,false,false,false,0,6.81753746081,491250,0.885541046939|1.41657640281|-1.00617410780|0.0622033603825|1.50185176811|0.554160544722|-0.518553031629|0.138006741861|-0.185230933982|0.525623857400
877,VALID_CAMPAIGN,NEAR_JOINT_LIMIT,-897742943898987445,10,AUTO,-0.931725805287,0.190371341326,0.209242994455,UNGUARDED_REFERENCE,true,false,CONVERGED_UNCERTIFIED,NO_GUARDS_OR_FINAL_CERTIFICATION,9,true,false,1.40430994010e-08,false,true,false,true,0,NaN,26083,71.8838469099|-29.8049593135|45.4625411893|-0.00989268451032|-16.4230877364|2.56973137305|-6.02544318717|0.136116699576|-20.3382762110|-0.0994904731811
878,VALID_CAMPAIGN,NEAR_SINGULARITY,3313360693773145003,10,AUTO,2.05791997025,-0.674999922430,0.657500087689,GUARDED_PRODUCTION,false,false,NO_CONVERGENCE,STAGNATION_WINDOW_EXCEEDED,149,true,true,0.983294934719,false,false,false,false,5,3.66178653847,1146125,3.14159265359|2.36841323507|-0.0807011286556|0.0200000000000|0.812720626195|-0.127077756210|-0.389903402103|0.186601729318|-0.484701506580|0.575000000000
878,VALID_CAMPAIGN,NEAR_SINGULARITY,3313360693773145003,10,AUTO,2.05791997025,-0.674999922430,0.657500087689,UNGUARDED_REFERENCE,true,false,CONVERGED_UNCERTIFIED,NO_GUARDS_OR_FINAL_CERTIFICATION,23,true,false,2.81701573223e-09,false,true,false,true,0,NaN,57000,68.7735828130|-31.6711208670|44.1527244990|-0.309324713780|-18.5612160565|0.505483217538|-0.224181260892|0.314723309752|-25.6223488996|0.189919008740
879,VALID_CAMPAIGN,MICRO_MOTION,-5733466732692331576,10,AUTO,2.05791967275,-0.674999146726,0.657500964579,GUARDED_PRODUCTION,false,false,NO_CONVERGENCE,STAGNATION_WINDOW_EXCEEDED,7,true,true,1.06643898067,false,false,false,false,6,8.70095861171,63750,3.14159265359|2.35809036645|-0.0684209837516|0.0200000000000|0.760653890888|-0.159702842756|-0.403676442201|0.189093421139|-0.491400921390|0.575000000000
879,VALID_CAMPAIGN,MICRO_MOTION,-5733466732692331576,10,AUTO,2.05791967275,-0.674999146726,0.657500964579,UNGUARDED_REFERENCE,true,false,CONVERGED_UNCERTIFIED,NO_GUARDS_OR_FINAL_CERTIFICATION,2,true,false,5.75417297579e-10,false,true,false,true,0,NaN,3125,68.7735828789|-31.6711205369|44.1527251177|-0.309324598118|-18.5612161926|0.505483025414|-0.224180914278|0.314723090234|-25.6223485536|0.189918855987
880,VALID_CAMPAIGN,UNIFORM,1671997476570529283,10,AUTO,1.28261834926,0.392522438923,0.896291599494,GUARDED_PRODUCTION,false,false,MAX_ITERATIONS_REACHED,MAX_ITERATIONS_LIMIT_REACHED,800,true,true,0.597074756471,false,false,false,false,0,9.09942628587,5464625,3.14159265359|2.37713844122|0.458774461948|0.0200000000000|1.02908482734|0.428592212125|-0.744999873168|0.385554231435|-0.634087859530|0.575000000000
880,VALID_CAMPAIGN,UNIFORM,1671997476570529283,10,AUTO,1.28261834926,0.392522438923,0.896291599494,UNGUARDED_REFERENCE,true,false,CONVERGED_UNCERTIFIED,NO_GUARDS_OR_FINAL_CERTIFICATION,7,true,false,1.41955462026e-07,false,true,false,true,0,NaN,17459,67.6713496037|-29.9169766581|44.4224184856|0.187463904095|-18.8049354177|0.0905801436551|0.973785068730|-0.617008228232|-24.0141128449|-0.469287291067
881,VALID_CAMPAIGN,NEAR_JOINT_LIMIT,3391348630776215580,10,AUTO,-0.394419182664,0.0137793497984,-0.368385447327,GUARDED_PRODUCTION,true,true,SUCCESS,NONE,71,true,true,3.67448027469e-11,false,false,false,false,0,5.50816307572,556416,2.18446897579|0.712293933784|0.855307996984|0.0861546314042|1.76715286092|1.40851693286|-1.13452249640|0.329218313068|-0.208692409431|0.517354574061
881,VALID_CAMPAIGN,NEAR_JOINT_LIMIT,3391348630776215580,10,AUTO,-0.394419182664,0.0137793497984,-0.368385447327,UNGUARDED_REFERENCE,true,false,CONVERGED_UNCERTIFIED,NO_GUARDS_OR_FINAL_CERTIFICATION,7,true,false,9.75723614924e-11,false,true,false,true,0,NaN,15250,65.9315291823|-29.5772556854|45.0997874923|0.187862685594|-17.8006199385|1.02598294360|0.700779972552|-0.618954088561|-23.7193091875|-0.460716670827
882,VALID_CAMPAIGN,NEAR_SINGULARITY,7748398373647038073,10,AUTO,2.05791997025,-0.674999922430,0.657500087689,GUARDED_PRODUCTION,false,false,NO_CONVERGENCE,STAGNATION_WINDOW_EXCEEDED,72,true,true,1.01720305116,false,false,false,false,0,4.48535662480,555375,3.14159265359|2.07687270593|0.250809057554|0.0213015115430|0.904265416082|0.392232850944|-0.962063515202|0.385149571292|-0.618009975083|0.568905211509
882,VALID_CAMPAIGN,NEAR_SINGULARITY,7748398373647038073,10,AUTO,2.05791997025,-0.674999922430,0.657500087689,UNGUARDED_REFERENCE,true,false,CONVERGED_UNCERTIFIED,NO_GUARDS_OR_FINAL_CERTIFICATION,20,true,false,4.06149811484e-07,false,true,false,true,0,NaN,46375,62.8576385055|-25.6046954756|44.4833751345|0.0341969664576|-17.9059697559|3.51535519452|-1.56594597886|-0.664345969179|-23.8543730397|-0.573677803610
883,VALID_CAMPAIGN,MICRO_MOTION,-1453381012928186300,10,AUTO,2.05791967275,-0.674999146726,0.657500964579,GUARDED_PRODUCTION,false,false,NO_CONVERGENCE,STAGNATION_WINDOW_EXCEEDED,7,true,true,1.10141095158,false,false,false,false,0,5.53512025204,51167,3.14159265359|2.11916160061|0.228174889016|0.0200000000000|0.802503869112|0.308382441176|-0.944893376562|0.390164445689|-0.646556281575|0.573228629634
883,VALID_CAMPAIGN,MICRO_MOTION,-1453381012928186300,10,AUTO,2.05791967275,-0.674999146726,0.657500964579,UNGUARDED_REFERENCE,true,false,CONVERGED_UNCERTIFIED,NO_GUARDS_OR_FINAL_CERTIFICATION,2,true,false,9.29316365992e-11,false,true,false,true,0,NaN,3375,62.8576383717|-25.6046948868|44.4833756740|0.0341969583396|-17.9059700100|3.51535526763|-1.56594621491|-0.664346035588|-23.8543729039|-0.573677829239
884,VALID_CAMPAIGN,UNIFORM,8094380735853507365,10,AUTO,0.0127987525611,0.0446626298767,-0.302317063897,GUARDED_PRODUCTION,true,true,SUCCESS,NONE,72,true,true,7.60948014360e-07,false,false,false,false,0,6.44005264379,542125,2.13103967132|1.47994782593|0.321058965405|0.0641407175471|1.78285383091|1.41742011393|-1.33627924911|0.344640257366|-0.219630739472|0.541780868519
884,VALID_CAMPAIGN,UNIFORM,8094380735853507365,10,AUTO,0.0127987525611,0.0446626298767,-0.302317063897,UNGUARDED_REFERENCE,true,false,CONVERGED_UNCERTIFIED,NO_GUARDS_OR_FINAL_CERTIFICATION,7,true,false,4.26076868912e-09,false,true,false,true,0,NaN,15042,64.7775901846|-33.9245484960|47.2323045168|0.208365972784|-13.7365592070|3.70970906435|0.986618025051|0.205382123017|-24.1427680208|-0.174641525188
885,VALID_CAMPAIGN,NEAR_JOINT_LIMIT,-7581987499122754666,10,AUTO,-1.55275730403,-0.0309620065672,-0.131083680497,GUARDED_PRODUCTION,true,true,SUCCESS,NONE,61,true,true,3.80917978578e-07,false,false,false,false,0,5.25806420414,461000,2.46734831429|0.276710604881|0.481233498199|0.0609253350305|1.15311987975|1.00354491214|-1.78285383091|0.347445418819|-0.223246829565|0.522249168762
885,VALID_CAMPAIGN,NEAR_JOINT_LIMIT,-7581987499122754666,10,AUTO,-1.55275730403,-0.0309620065672,-0.131083680497,UNGUARDED_REFERENCE,true,false,CONVERGED_UNCERTIFIED,NO_GUARDS_OR_FINAL_CERTIFICATION,8,true,false,2.83811699611e-07,false,true,false,true,0,NaN,17542,66.0306212226|-36.3431528773|47.8347763170|0.371266220249|-13.4564220083|4.89416243364|0.417378366757|0.0925559247793|-23.9213259621|-0.244621995986
886,VALID_CAMPAIGN,NEAR_SINGULARITY,521591753445595504,10,AUTO,2.05791997025,-0.674999922430,0.657500087689,GUARDED_PRODUCTION,false,false,NO_CONVERGENCE,STAGNATION_WINDOW_EXCEEDED,144,true,true,1.22433418761,false,false,false,false,0,5.15741393481,1064291,3.14159265359|2.37713844122|0.112837373261|0.0200000000000|0.355442997963|0.232145778487|-0.692775341952|0.408306748278|-0.640132828832|0.575000000000
886,VALID_CAMPAIGN,NEAR_SINGULARITY,521591753445595504,10,AUTO,2.05791997025,-0.674999922430,0.657500087689,UNGUARDED_REFERENCE,true,false,CONVERGED_UNCERTIFIED,NO_GUARDS_OR_FINAL_CERTIFICATION,12,true,false,4.57695439890e-10,false,true,false,true,0,NaN,26750,68.9193550701|-38.6223071432|50.1763420461|-0.807475639296|-14.8188903924|-1.94961952236|-0.188645596467|0.649383943876|-15.2039725741|0.395193218244
887,VALID_CAMPAIGN,MICRO_MOTION,1094991405211550361,10,AUTO,2.05791967275,-0.674999146726,0.657500964579,GUARDED_PRODUCTION,false,false,NO_CONVERGENCE,STAGNATION_WINDOW_EXCEEDED,7,true,true,1.23881993655,false,false,false,false,0,10.6382935439,47375,3.14159265359|2.37713844122|0.113413627757|0.0200000000000|0.344492523745|0.235573412794|-0.693046442592|0.412290984940|-0.646816744467|0.575000000000
887,VALID_CAMPAIGN,MICRO_MOTION,1094991405211550361,10,AUTO,2.05791967275,-0.674999146726,0.657500964579,UNGUARDED_REFERENCE,true,false,CONVERGED_UNCERTIFIED,NO_GUARDS_OR_FINAL_CERTIFICATION,2,true,false,5.08337816583e-11,false,true,false,true,0,NaN,3000,68.9193552673|-38.6223071873|50.1763429340|-0.807475611909|-14.8188903450|-1.94961945190|-0.188645428344|0.649383906950|-15.2039730330|0.395193209577
888,VALID_CAMPAIGN,UNIFORM,5901663178792579749,10,AUTO,-0.0583732982293,-0.390704804532,1.49929175794,GUARDED_PRODUCTION,true,true,SUCCESS,NONE,49,true,true,4.07654154431e-12,false,false,false,false,0,10.7109749571,376166,1.62705731656|1.84083954539|1.18690760926|0.0508513987685|0.769975802136|0.596554302783|-0.316744091376|0.371462646669|-0.506046614476|0.541020021497
888,VALID_CAMPAIGN,UNIFORM,5901663178792579749,10,AUTO,-0.0583732982293,-0.390704804532,1.49929175794,UNGUARDED_REFERENCE,true,false,CONVERGED_UNCERTIFIED,NO_GUARDS_OR_FINAL_CERTIFICATION,11,true,false,1.44708729937e-07,false,true,false,true,0,NaN,25833,68.5641323886|-40.4200088681|51.5557492873|-0.469030636582|-13.5063673499|-2.88966779838|2.09714592200|0.318605656043|-19.3635451546|0.485411539519
889,VALID_CAMPAIGN,NEAR_JOINT_LIMIT,7082985512155454561,10,AUTO,-0.430471386617,-0.812592692769,0.899291269506,GUARDED_PRODUCTION,true,true,SUCCESS,NONE,20,true,true,1.75761757348e-09,false,false,false,false,0,6.33759615789,163875,1.65555877737|1.74321472125|0.733137475962|0.0448882420882|1.00956020471|0.796850357591|-0.602741321094|0.368630448973|-0.436808477570|0.536817103911
889,VALID_CAMPAIGN,NEAR_JOINT_LIMIT,7082985512155454561,10,AUTO,-0.430471386617,-0.812592692769,0.899291269506,UNGUARDED_REFERENCE,true,false,CONVERGED_UNCERTIFIED,NO_GUARDS_OR_FINAL_CERTIFICATION,8,true,false,1.22212561475e-09,false,true,false,true,0,NaN,18542,68.1561854726|-39.4224153230|50.9670924112|-0.489986417150|-14.3778122346|-1.41944024915|2.53711300301|0.0499498800452|-18.4152228136|0.158307342981
890,VALID_CAMPAIGN,NEAR_SINGULARITY,1440038403669087127,10,AUTO,2.05791997025,-0.674999922430,0.657500087689,GUARDED_PRODUCTION,false,false,NO_CONVERGENCE,STAGNATION_WINDOW_EXCEEDED,55,true,true,0.903189001407,false,false,false,false,5,3.65851608943,418834,3.14159265359|2.37713844122|0.204123721592|0.0200000000000|0.544232402828|0.332900811473|-0.810361408581|0.405325823970|-0.621539089576|0.568071240677
890,VALID_CAMPAIGN,NEAR_SINGULARITY,1440038403669087127,10,AUTO,2.05791997025,-0.674999922430,0.657500087689,UNGUARDED_REFERENCE,true,false,CONVERGED_UNCERTIFIED,NO_GUARDS_OR_FINAL_CERTIFICATION,48,true,false,1.45469709733e-09,false,true,false,true,0,NaN,122500,68.7105617039|-48.9360170073|57.7099127508|0.994683183511|-26.9920837393|-2.92962229391|4.29385887355|-0.0731812763823|-7.51423638493|-0.537143425461
891,VALID_CAMPAIGN,MICRO_MOTION,4315918113640732839,10,AUTO,2.05791967275,-0.674999146726,0.657500964579,GUARDED_PRODUCTION,false,false,NO_CONVERGENCE,STAGNATION_WINDOW_EXCEEDED,7,true,true,0.986251613275,false,false,false,false,6,8.65595808230,52708,3.14159265359|2.37713844122|0.190674926328|0.0200000000000|0.496601213490|0.296651549967|-0.803718399568|0.408577061226|-0.636205148599|0.571309030426
891,VALID_CAMPAIGN,MICRO_MOTION,4315918113640732839,10,AUTO,2.05791967275,-0.674999146726,0.657500964579,UNGUARDED_REFERENCE,true,false,CONVERGED_UNCERTIFIED,NO_GUARDS_OR_FINAL_CERTIFICATION,2,true,false,1.08301444730e-10,false,true,false,true,0,NaN,3333,68.7105619591|-48.9360166768|57.7099141073|0.994683104679|-26.9920834168|-2.92962180282|4.29385883365|-0.0731812872090|-7.51423699494|-0.537143364620
892,VALID_CAMPAIGN,UNIFORM,1322763370226765863,10,AUTO,1.28194734850,-0.890409015509,0.854001769647,GUARDED_PRODUCTION,false,false,MAX_ITERATIONS_REACHED,MAX_ITERATIONS_LIMIT_REACHED,800,true,true,0.000597522943558,false,false,false,false,0,9.25484807303,5459708,3.14159265359|2.37713844122|0.273200932924|0.0200000000000|0.575704638051|0.510620818028|-0.728273891860|0.496049360729|-0.757368907820|0.575000000000
892,VALID_CAMPAIGN,UNIFORM,1322763370226765863,10,AUTO,1.28194734850,-0.890409015509,0.854001769647,UNGUARDED_REFERENCE,true,false,CONVERGED_UNCERTIFIED,NO_GUARDS_OR_FINAL_CERTIFICATION,7,true,false,1.04066406929e-07,false,true,false,true,0,NaN,17292,68.3892472461|-48.9005411407|58.5095125515|0.843918845636|-27.1227363614|-2.88260882599|5.14633921467|-0.0602634415055|-7.63205274473|-0.408291889959
893,VALID_CAMPAIGN,NEAR_JOINT_LIMIT,-2513983611031395542,10,AUTO,-0.511522251853,-0.620313502676,-0.0939481816215,GUARDED_PRODUCTION,true,true,SUCCESS,NONE,57,true,true,1.64663834995e-11,false,false,false,false,0,8.10272292495,472375,1.62123529789|1.50816795737|0.230609955005|0.0499857125720|1.30258125891|1.21121360729|-1.32341474318|0.460525522785|-0.451749196059|0.544885020773
893,VALID_CAMPAIGN,NEAR_JOINT_LIMIT,-2513983611031395542,10,AUTO,-0.511522251853,-0.620313502676,-0.0939481816215,UNGUARDED_REFERENCE,true,false,CONVERGED_UNCERTIFIED,NO_GUARDS_OR_FINAL_CERTIFICATION,8,true,false,7.89580253104e-07,false,true,false,true,0,NaN,17750,66.7780546668|-48.8174842483|58.1282596346|0.523501434490|-29.7411052752|0.0106093378762|7.06569407829|-0.831659377954|-8.81849919931|-0.00311858072547
894,VALID_CAMPAIGN,NEAR_SINGULARITY,6921170738858488842,10,AUTO,2.05791997025,-0.674999922430,0.657500087689,GUARDED_PRODUCTION,false,false,NO_CONVERGENCE,STAGNATION_WINDOW_EXCEEDED,62,true,true,0.799926015812,false,false,false,false,6,3.86188098594,497208,3.14159265359|2.37713844122|0.125375014920|0.0200000000000|0.566811680070|0.475542390536|-0.863827702962|0.501919002395|-0.770060857825|0.575000000000
894,VALID_CAMPAIGN,NEAR_SINGULARITY,6921170738858488842,10,AUTO,2.05791997025,-0.674999922430,0.657500087689,UNGUARDED_REFERENCE,true,false,CONVERGED_UNCERTIFIED,NO_GUARDS_OR_FINAL_CERTIFICATION,16,true,false,4.54559463893e-10,false,true,false,true,0,NaN,39958,62.7185293499|-45.1653701324|57.3390814692|-0.460331682882|-36.4731124456|-7.24456521859|6.17713019297|-0.537732568646|-5.37546782010|-0.323090618374
895,VALID_CAMPAIGN,MICRO_MOTION,-4429753042839540280,10,AUTO,2.05791967275,-0.674999146726,0.657500964579,GUARDED_PRODUCTION,false,false,NO_CONVERGENCE,STAGNATION_WINDOW_EXCEEDED,7,true,true,0.893909701252,false,false,false,false,6,8.54460701274,53542,3.14159265359|2.37713844122|0.124737234123|0.0200000000000|0.515386185828|0.434357474713|-0.853686320651|0.505477033027|-0.784654427583|0.575000000000
895,VALID_CAMPAIGN,MICRO_MOTION,-4429753042839540280,10,AUTO,2.05791967275,-0.674999146726,0.657500964579,UNGUARDED_REFERENCE,true,false,CONVERGED_UNCERTIFIED,NO_GUARDS_OR_FINAL_CERTIFICATION,2,true,false,7.79020440842e-11,false,true,false,true,0,NaN,3334,62.7185294954|-45.1653704163|57.3390829481|-0.460331633472|-36.4731122687|-7.24456508227|6.17713018785|-0.537732527403|-5.37546775376|-0.323090599220
896,ADVERSARIAL_PROBES,NON_FINITE_TARGET,8493145261104845920,10,AUTO,NaN,-0.675000000000,0.657500000000,GUARDED_PRODUCTION,false,false,INVALID_INPUT,INVALID_TARGET,0,true,true,NaN,false,false,false,false,0,NaN,5416,0.00000000000|0.00000000000|0.00000000000|0.297500000000|0.00000000000|0.00000000000|0.00000000000|0.297500000000|0.00000000000|0.297500000000
896,ADVERSARIAL_PROBES,NON_FINITE_TARGET,8493145261104845920,10,AUTO,NaN,-0.675000000000,0.657500000000,UNGUARDED_REFERENCE,false,false,MAX_ITERATIONS_UNCERTIFIED,NO_GUARDS_OR_FINAL_CERTIFICATION,800,false,false,NaN,true,false,false,true,0,NaN,1564750,NaN|NaN|NaN|NaN|NaN|NaN|NaN|NaN|NaN|NaN
897,ADVERSARIAL_PROBES,INFINITE_TARGET,2494778682944509669,10,AUTO,2.05792000000,-0.675000000000,Infinity,GUARDED_PRODUCTION,false,false,INVALID_INPUT,INVALID_TARGET,0,true,true,Infinity,false,false,false,false,0,NaN,11083,0.00000000000|0.00000000000|0.00000000000|0.297500000000|0.00000000000|0.00000000000|0.00000000000|0.297500000000|0.00000000000|0.297500000000
897,ADVERSARIAL_PROBES,INFINITE_TARGET,2494778682944509669,10,AUTO,2.05792000000,-0.675000000000,Infinity,UNGUARDED_REFERENCE,false,false,MAX_ITERATIONS_UNCERTIFIED,NO_GUARDS_OR_FINAL_CERTIFICATION,800,false,false,NaN,true,false,false,true,0,NaN,1508084,NaN|NaN|NaN|NaN|NaN|NaN|NaN|NaN|NaN|NaN
898,ADVERSARIAL_PROBES,NON_FINITE_INITIAL_STATE,-2894997473601604404,10,AUTO,2.05792000000,-0.675000000000,0.657500000000,GUARDED_PRODUCTION,false,false,INVALID_INPUT,INVALID_INITIAL_STATE,0,true,true,0.00000000000,false,false,false,false,0,NaN,31708,0.00000000000|0.00000000000|0.00000000000|0.297500000000|0.00000000000|0.00000000000|0.00000000000|0.297500000000|0.00000000000|0.297500000000
898,ADVERSARIAL_PROBES,NON_FINITE_INITIAL_STATE,-2894997473601604404,10,AUTO,2.05792000000,-0.675000000000,0.657500000000,UNGUARDED_REFERENCE,false,false,MAX_ITERATIONS_UNCERTIFIED,NO_GUARDS_OR_FINAL_CERTIFICATION,800,false,false,NaN,true,false,false,true,0,NaN,1546625,NaN|NaN|NaN|NaN|NaN|NaN|NaN|NaN|NaN|NaN
899,ADVERSARIAL_PROBES,OVERFLOWING_GEOMETRY,2360792312487916070,10,AUTO,0.00000000000,0.00000000000,0.00000000000,GUARDED_PRODUCTION,false,false,NUMERICAL_FAILURE,OUTPUT_VALIDATION_FAILED,1,true,true,Infinity,false,false,false,false,0,NaN,42333,0.00000000000|0.00000000000|0.00000000000|0.297500000000|0.00000000000|0.00000000000|0.00000000000|0.297500000000|0.00000000000|0.297500000000
899,ADVERSARIAL_PROBES,OVERFLOWING_GEOMETRY,2360792312487916070,10,AUTO,0.00000000000,0.00000000000,0.00000000000,UNGUARDED_REFERENCE,false,false,MAX_ITERATIONS_UNCERTIFIED,NO_GUARDS_OR_FINAL_CERTIFICATION,800,false,false,NaN,true,false,false,true,0,NaN,1567625,NaN|NaN|NaN|NaN|NaN|NaN|NaN|NaN|NaN|NaN
900,VALID_CAMPAIGN,UNIFORM,-9031896509725469264,10,REVOLUTE_ONLY,0.533150692362,0.436910546147,-0.652099904591,GUARDED_PRODUCTION,true,true,SUCCESS,NONE,55,true,true,1.73992361219e-08,false,false,false,false,0,85.9195394928,428250,-0.186964411507|0.200567545099|-1.22869719667|-0.269628358191|0.501004907582|0.501370423509|-0.629918971279|-0.395510727283|0.310780318215|0.167643208029
900,VALID_CAMPAIGN,UNIFORM,-9031896509725469264,10,REVOLUTE_ONLY,0.533150692362,0.436910546147,-0.652099904591,UNGUARDED_REFERENCE,true,false,CONVERGED_UNCERTIFIED,NO_GUARDS_OR_FINAL_CERTIFICATION,8,true,false,8.64657830657e-10,false,true,false,true,0,NaN,19708,8.15202597227|-20.4372127378|-13.7286280280|17.9595443099|10.4667133921|4.22903393812|-9.86418683619|5.23236304671|11.6271299907|5.99712651772
901,VALID_CAMPAIGN,NEAR_JOINT_LIMIT,2276300640311875322,10,REVOLUTE_ONLY,-0.219319567208,0.0717357089756,0.187706404925,GUARDED_PRODUCTION,true,true,SUCCESS,NONE,34,true,true,1.75949261075e-07,false,false,false,false,0,2.21090888091,290250,-0.0652248822824|0.593906266943|-2.30122023657|-0.545097725003|0.481521691442|0.494708527324|-0.791100635126|-0.484533541552|0.207801065960|0.108866793252
901,VALID_CAMPAIGN,NEAR_JOINT_LIMIT,2276300640311875322,10,REVOLUTE_ONLY,-0.219319567208,0.0717357089756,0.187706404925,UNGUARDED_REFERENCE,true,false,CONVERGED_UNCERTIFIED,NO_GUARDS_OR_FINAL_CERTIFICATION,9,true,false,1.18408941893e-07,false,true,false,true,0,NaN,23583,9.53814052017|-21.8991813878|-9.89011602785|17.6557161525|9.06395332485|4.74430197501|-8.19275340701|4.98681068042|9.15137679912|4.78719055189
902,VALID_CAMPAIGN,NEAR_SINGULARITY,2746156410520675301,10,REVOLUTE_ONLY,2.05791999827,-0.119999938915,0.360000038036,GUARDED_PRODUCTION,false,false,NO_CONVERGENCE,STAGNATION_WINDOW_EXCEEDED,183,true,true,0.810720897355,false,false,false,false,0,2.90895395959,1424958,-0.116025172802|-2.37713844122|-2.67428074637|-0.845913793917|0.855332539597|-0.100654829996|0.284553228074|-0.0586287245348|-0.123819641931|-0.0231266358846
902,VALID_CAMPAIGN,NEAR_SINGULARITY,2746156410520675301,10,REVOLUTE_ONLY,2.05791999827,-0.119999938915,0.360000038036,UNGUARDED_REFERENCE,true,false,CONVERGED_UNCERTIFIED,NO_GUARDS_OR_FINAL_CERTIFICATION,19,true,false,1.05906931748e-07,false,true,false,true,0,NaN,48000,-0.0536887325831|-31.3067931004|-12.4298820925|18.6352146065|12.4205367154|6.36053678668|-6.11683388390|6.17525036014|6.51936511163|5.82308655946
903,VALID_CAMPAIGN,MICRO_MOTION,3192001101191302695,10,REVOLUTE_ONLY,2.05791998096,-0.119999328068,0.360000418397,GUARDED_PRODUCTION,false,false,NO_CONVERGENCE,STAGNATION_WINDOW_EXCEEDED,7,true,true,0.887058340163,false,false,false,false,0,24.9688815239,52959,-0.0576487549034|-2.37713844122|-2.67428074637|-0.758701242073|0.789029987755|-0.111701128410|0.280892121882|-0.0824611187132|-0.114621237979|-0.0158974473688
903,VALID_CAMPAIGN,MICRO_MOTION,3192001101191302695,10,REVOLUTE_ONLY,2.05791998096,-0.119999328068,0.360000418397,UNGUARDED_REFERENCE,true,false,CONVERGED_UNCERTIFIED,NO_GUARDS_OR_FINAL_CERTIFICATION,1,true,false,7.28004944408e-07,false,true,false,true,0,NaN,1125,-0.0536887325831|-31.3067931004|-12.4298820925|18.6352146065|12.4205367154|6.36053678668|-6.11683388390|6.17525036014|6.51936511163|5.82308655946
904,VALID_CAMPAIGN,UNIFORM,6657226258856040582,10,REVOLUTE_ONLY,1.35548351647,-0.607050863810,0.0602670703949,GUARDED_PRODUCTION,false,false,MAX_ITERATIONS_REACHED,MAX_ITERATIONS_LIMIT_REACHED,800,true,true,0.413817783404,false,false,false,false,0,23.6563275668,6028584,-0.499579818498|-2.37713844122|-2.67428074637|-0.488825908354|0.481449111853|0.0891454897354|0.229506586888|-0.175197235429|-0.0881635326367|-5.42529565006e-06
904,VALID_CAMPAIGN,UNIFORM,6657226258856040582,10,REVOLUTE_ONLY,1.35548351647,-0.607050863810,0.0602670703949,UNGUARDED_REFERENCE,true,false,CONVERGED_UNCERTIFIED,NO_GUARDS_OR_FINAL_CERTIFICATION,16,true,false,1.77039091531e-07,false,true,false,true,0,NaN,45500,5.49917626516|-36.6223114274|-13.7187849682|20.3387511206|5.39615474600|0.587100933725|-6.09743474678|10.6960517345|17.2660556947|-12.2634749900
905,VALID_CAMPAIGN,NEAR_JOINT_LIMIT,9038881052166658787,10,REVOLUTE_ONLY,-0.485944495820,0.00564916132347,0.0461846307992,GUARDED_PRODUCTION,true,true,SUCCESS,NONE,104,true,true,6.80171673506e-08,false,false,false,false,0,21.4111406706,856625,-2.88005455739|-0.614149693766|-1.48795325778|-1.05810877107|0.215957112786|-0.462462206462|-1.33256754437|-1.53807349912|-0.106230398122|-0.0255696431780
905,VALID_CAMPAIGN,NEAR_JOINT_LIMIT,9038881052166658787,10,REVOLUTE_ONLY,-0.485944495820,0.00564916132347,0.0461846307992,UNGUARDED_REFERENCE,true,false,CONVERGED_UNCERTIFIED,NO_GUARDS_OR_FINAL_CERTIFICATION,7,true,false,1.91424522117e-09,false,true,false,true,0,NaN,18167,3.71562667026|-33.0755834454|-13.6066088921|22.8479006035|3.10642671298|-1.46371344437|-7.28453601577|8.24647702668|16.1742617824|-12.6617883306
906,VALID_CAMPAIGN,NEAR_SINGULARITY,146737160431610448,10,REVOLUTE_ONLY,2.05791999827,-0.119999938915,0.360000038036,GUARDED_PRODUCTION,false,false,NO_CONVERGENCE,STAGNATION_WINDOW_EXCEEDED,102,true,true,0.851079089147,false,false,false,false,0,2.93568973268,833250,-0.353443879474|-2.37713844122|-2.67428074637|-0.586851876703|0.499868853470|0.0679000673495|0.220202949555|-0.158156564420|-0.0742872653966|0.00159035085074
906,VALID_CAMPAIGN,NEAR_SINGULARITY,146737160431610448,10,REVOLUTE_ONLY,2.05791999827,-0.119999938915,0.360000038036,UNGUARDED_REFERENCE,true,false,CONVERGED_UNCERTIFIED,NO_GUARDS_OR_FINAL_CERTIFICATION,55,true,false,3.95823134707e-08,false,true,false,true,0,NaN,149833,-12.6233637213|-31.3100104528|-6.13026205663|18.5950123570|6.14301568059|0.169664969920|-5.97152596801|6.03154244726|24.7053440437|-12.1151722571
907,VALID_CAMPAIGN,MICRO_MOTION,-8834003710759467817,10,REVOLUTE_ONLY,2.05791998096,-0.119999328068,0.360000418397,GUARDED_PRODUCTION,false,false,NO_CONVERGENCE,STAGNATION_WINDOW_EXCEEDED,7,true,true,0.910297242143,false,false,false,false,0,20.3390377373,49625,-0.231298323119|-2.37713844122|-2.67428074637|-0.553196275802|0.480497649370|0.0558649921664|0.236301375473|-0.149531123538|-0.0815809799778|-0.00202537856546
907,VALID_CAMPAIGN,MICRO_MOTION,-8834003710759467817,10,REVOLUTE_ONLY,2.05791998096,-0.119999328068,0.360000418397,UNGUARDED_REFERENCE,true,false,CONVERGED_UNCERTIFIED,NO_GUARDS_OR_FINAL_CERTIFICATION,1,true,false,7.21074736043e-07,false,true,false,true,0,NaN,1084,-12.6233637213|-31.3100104528|-6.13026205663|18.5950123570|6.14301568059|0.169664969920|-5.97152596801|6.03154244726|24.7053440437|-12.1151722571
908,VALID_CAMPAIGN,UNIFORM,-11791934650641303,10,REVOLUTE_ONLY,-1.08487254551,-0.196382332842,0.670067742544,GUARDED_PRODUCTION,true,true,SUCCESS,NONE,204,true,true,8.82595252500e-07,false,false,false,false,0,20.0203059778,1676333,-2.60488369491|0.756433502946|-2.67428074637|-1.78285383091|-0.404672080353|-0.569940223262|-0.438523133249|-0.487126986238|-0.235129996053|-0.0574175935835
908,VALID_CAMPAIGN,UNIFORM,-11791934650641303,10,REVOLUTE_ONLY,-1.08487254551,-0.196382332842,0.670067742544,UNGUARDED_REFERENCE,true,false,CONVERGED_UNCERTIFIED,NO_GUARDS_OR_FINAL_CERTIFICATION,9,true,false,5.60621735306e-09,false,true,false,true,0,NaN,24458,-9.17926469604|-31.6052029389|-5.27230322334|16.4933268918|1.87737630803|8.29525941445|7.60367473317|-7.99219108037|-32.6572570428|61.4408239029
909,VALID_CAMPAIGN,NEAR_JOINT_LIMIT,4887783428376087791,10,REVOLUTE_ONLY,-0.652801377036,0.165659254611,0.211149817361,GUARDED_PRODUCTION,true,true,SUCCESS,NONE,30,true,true,3.90356583903e-08,false,false,false,false,0,5.53449363183,241250,-2.26038925155|0.336864972913|-1.61675483718|-1.40279681378|-0.232575706271|-0.554812340264|-0.612793554318|-0.690027606358|-0.265393488439|-0.0816848455680
909,VALID_CAMPAIGN,NEAR_JOINT_LIMIT,4887783428376087791,10,REVOLUTE_ONLY,-0.652801377036,0.165659254611,0.211149817361,UNGUARDED_REFERENCE,true,false,CONVERGED_UNCERTIFIED,NO_GUARDS_OR_FINAL_CERTIFICATION,6,true,false,6.94130578888e-09,false,true,false,true,0,NaN,14209,-9.29264806974|-32.5466322251|-3.48667527704|15.5502620914|-0.474126633570|9.27128929586|6.41796989113|-9.98775298102|-34.8644588279|58.6565999074
910,VALID_CAMPAIGN,NEAR_SINGULARITY,9010463834896336654,10,REVOLUTE_ONLY,2.05791999827,-0.119999938915,0.360000038036,GUARDED_PRODUCTION,false,false,NO_CONVERGENCE,STAGNATION_WINDOW_EXCEEDED,104,true,true,0.797210798792,false,false,false,false,0,2.31408814577,802292,-0.254723606542|-2.37713844122|-2.67428074637|-0.745120800981|0.578732218243|0.0879470063044|0.215427756097|-0.0579766421652|-0.0525241406167|0.00110231771043
910,VALID_CAMPAIGN,NEAR_SINGULARITY,9010463834896336654,10,REVOLUTE_ONLY,2.05791999827,-0.119999938915,0.360000038036,UNGUARDED_REFERENCE,true,false,CONVERGED_UNCERTIFIED,NO_GUARDS_OR_FINAL_CERTIFICATION,67,true,false,1.84903514124e-07,false,true,false,true,0,NaN,173583,-6.34212233683|-37.6007566923|0.127764765708|-0.163517686626|12.5302151693|18.8625224896|6.15785252924|-24.9483590646|-56.5805978277|69.0510269146
911,VALID_CAMPAIGN,MICRO_MOTION,3016628182032224247,10,REVOLUTE_ONLY,2.05791998096,-0.119999328068,0.360000418397,GUARDED_PRODUCTION,false,false,NO_CONVERGENCE,STAGNATION_WINDOW_EXCEEDED,7,true,true,0.870261029588,false,false,false,false,0,22.1365536315,48541,-0.165722325453|-2.37713844122|-2.67428074637|-0.678186469288|0.540755791529|0.0577843104325|0.226702357895|-0.0691831344347|-0.0713812988563|-0.00792930397159
911,VALID_CAMPAIGN,MICRO_MOTION,3016628182032224247,10,REVOLUTE_ONLY,2.05791998096,-0.119999328068,0.360000418397,UNGUARDED_REFERENCE,true,false,CONVERGED_UNCERTIFIED,NO_GUARDS_OR_FINAL_CERTIFICATION,1,true,false,7.44050641493e-07,false,true,false,true,0,NaN,916,-6.34212233683|-37.6007566923|0.127764765708|-0.163517686626|12.5302151693|18.8625224896|6.15785252924|-24.9483590646|-56.5805978277|69.0510269146
912,VALID_CAMPAIGN,UNIFORM,-7959867152358719883,10,REVOLUTE_ONLY,0.217174148336,-1.26403728844,0.601317793698,GUARDED_PRODUCTION,false,false,MAX_ITERATIONS_REACHED,MAX_ITERATIONS_LIMIT_REACHED,800,true,true,0.248716679001,false,false,false,false,0,21.0388247020,5864958,-1.59465647664|-2.37713844122|-2.67428074637|-1.05244763769|0.476070159547|0.0889862788674|0.229622843348|-0.175050063244|-0.0880500308006|-0.000118326995722
912,VALID_CAMPAIGN,UNIFORM,-7959867152358719883,10,REVOLUTE_ONLY,0.217174148336,-1.26403728844,0.601317793698,UNGUARDED_REFERENCE,true,false,CONVERGED_UNCERTIFIED,NO_GUARDS_OR_FINAL_CERTIFICATION,8,true,false,3.46503283168e-07,false,true,false,true,0,NaN,24917,-7.54779832852|-37.8424407615|-4.99977843415|8.15295714842|21.7546065426|13.1227402901|-26.8340101424|7.37768457560|-50.9694277630|63.3310576217
913,VALID_CAMPAIGN,NEAR_JOINT_LIMIT,-8885984417393826745,10,REVOLUTE_ONLY,0.0689153705196,0.130917886759,0.137912305835,GUARDED_PRODUCTION,true,true,SUCCESS,NONE,69,true,true,1.56567928342e-11,false,false,false,false,0,15.4250422578,607416,-2.95515467961|-0.755933997250|-1.37664466725|-1.48206198015|-0.0666590462735|-0.472712590019|-0.620747544588|-0.944455472666|-0.372338376867|-0.152013195315
913,VALID_CAMPAIGN,NEAR_JOINT_LIMIT,-8885984417393826745,10,REVOLUTE_ONLY,0.0689153705196,0.130917886759,0.137912305835,UNGUARDED_REFERENCE,true,false,CONVERGED_UNCERTIFIED,NO_GUARDS_OR_FINAL_CERTIFICATION,7,true,false,1.57433109181e-08,false,true,false,true,0,NaN,18417,-6.17342884090|-41.2871560170|0.00985588996155|2.97301219092|20.8167138837|13.2037660185|-28.6279346684|11.1276540999|-53.8283644084|63.5203141108
914,VALID_CAMPAIGN,NEAR_SINGULARITY,8593879222001483560,10,REVOLUTE_ONLY,2.05791999827,-0.119999938915,0.360000038036,GUARDED_PRODUCTION,false,false,NO_CONVERGENCE,STAGNATION_WINDOW_EXCEEDED,116,true,true,0.890989270111,false,false,false,false,0,2.23157719405,912708,-0.436592631433|-2.37713844122|-2.67428074637|-0.633921941433|0.000332807015843|0.232053408976|0.311731668571|-0.158073827136|-0.000244037160827|0.0460876303201
914,VALID_CAMPAIGN,NEAR_SINGULARITY,8593879222001483560,10,REVOLUTE_ONLY,2.05791999827,-0.119999938915,0.360000038036,UNGUARDED_REFERENCE,true,false,CONVERGED_UNCERTIFIED,NO_GUARDS_OR_FINAL_CERTIFICATION,31,true,false,4.72983655974e-07,false,true,false,true,0,NaN,86916,-6.34516854453|-50.1710652821|-6.04662374649|5.87773973878|18.9096199970|12.4577215748|-24.5988429053|5.85712553906|-62.7886303980|62.7233765892
915,VALID_CAMPAIGN,MICRO_MOTION,2041976460142998131,10,REVOLUTE_ONLY,2.05791998096,-0.119999328068,0.360000418397,GUARDED_PRODUCTION,false,false,NO_CONVERGENCE,STAGNATION_WINDOW_EXCEEDED,7,true,true,0.965424650693,false,false,false,false,0,12.4095043831,50916,-0.285421615879|-2.37713844122|-2.67428074637|-0.607331542887|0.0442585134136|0.247915091391|0.304569650832|-0.164901787100|-0.0107088142678|0.0379695977604
915,VALID_CAMPAIGN,MICRO_MOTION,2041976460142998131,10,REVOLUTE_ONLY,2.05791998096,-0.119999328068,0.360000418397,UNGUARDED_REFERENCE,true,false,CONVERGED_UNCERTIFIED,NO_GUARDS_OR_FINAL_CERTIFICATION,1,true,false,8.63313351389e-07,false,true,false,true,0,NaN,958,-6.34516854453|-50.1710652821|-6.04662374649|5.87773973878|18.9096199970|12.4577215748|-24.5988429053|5.85712553906|-62.7886303980|62.7233765892
916,VALID_CAMPAIGN,UNIFORM,-4892095062585272261,10,REVOLUTE_ONLY,-0.247436803841,-1.21188417999,-0.803838770100,GUARDED_PRODUCTION,false,false,NO_CONVERGENCE,STAGNATION_WINDOW_EXCEEDED,52,true,true,0.346786386227,false,false,false,false,5,13.3831616266,408792,-1.71751996225|-2.37713844122|-2.21910858115|-0.459902021895|0.225555758902|0.308914673661|0.305128339694|-0.170564064361|-0.0325143710050|0.0194843043688
916,VALID_CAMPAIGN,UNIFORM,-4892095062585272261,10,REVOLUTE_ONLY,-0.247436803841,-1.21188417999,-0.803838770100,UNGUARDED_REFERENCE,true,false,CONVERGED_UNCERTIFIED,NO_GUARDS_OR_FINAL_CERTIFICATION,10,true,false,7.78708292881e-07,false,true,false,true,0,NaN,27375,-8.18739465503|-43.5382741800|11.7303014059|-25.8988495578|43.2665141329|-5.71412731956|7.62616744945|-20.1543080994|-42.4252603008|60.7739158372
917,VALID_CAMPAIGN,NEAR_JOINT_LIMIT,-9161798384344793113,10,REVOLUTE_ONLY,-0.256965524433,0.00164197345851,-0.0602114582100,GUARDED_PRODUCTION,true,true,SUCCESS,NONE,200,true,true,9.37159284909e-07,false,false,false,false,0,32.3977029973,1554833,-3.14159265359|-0.109622822617|-2.67428074637|-1.39639310307|-0.320257247254|0.281999692686|1.63506881545|1.34548064791|0.323517616884|0.331376954213
917,VALID_CAMPAIGN,NEAR_JOINT_LIMIT,-9161798384344793113,10,REVOLUTE_ONLY,-0.256965524433,0.00164197345851,-0.0602114582100,UNGUARDED_REFERENCE,true,false,CONVERGED_UNCERTIFIED,NO_GUARDS_OR_FINAL_CERTIFICATION,6,true,false,2.46299463694e-08,false,true,false,true,0,NaN,15125,-9.32688353798|-41.2303466475|12.9744557589|-28.6090304255|41.7458714113|-3.18281219375|10.9920689292|-22.9156113309|-38.3065151704|57.4101212552
918,VALID_CAMPAIGN,NEAR_SINGULARITY,-5611763845749575707,10,REVOLUTE_ONLY,2.05791999827,-0.119999938915,0.360000038036,GUARDED_PRODUCTION,false,false,NO_CONVERGENCE,STAGNATION_WINDOW_EXCEEDED,128,true,true,0.912906793906,false,false,false,false,0,1.46596910825,984791,-0.340602155635|-2.37713844122|-2.67428074637|-0.581508911058|0.0682166483463|0.335870639582|0.267263249734|-0.136557458379|-0.0540140056013|0.0356847115464
918,VALID_CAMPAIGN,NEAR_SINGULARITY,-5611763845749575707,10,REVOLUTE_ONLY,2.05791999827,-0.119999938915,0.360000038036,UNGUARDED_REFERENCE,true,false,CONVERGED_UNCERTIFIED,NO_GUARDS_OR_FINAL_CERTIFICATION,85,true,false,9.37182624155e-07,false,true,false,true,0,NaN,231542,12.5038131722|-50.1684483659|-12.3228291961|-25.5508251073|50.3102693391|-0.0817146299935|0.555937729857|-6.72785192966|-44.0523858663|50.3218163006
919,VALID_CAMPAIGN,MICRO_MOTION,1857805402012645321,10,REVOLUTE_ONLY,2.05791998096,-0.119999328068,0.360000418397,GUARDED_PRODUCTION,false,false,NO_CONVERGENCE,STAGNATION_WINDOW_EXCEEDED,7,true,true,0.984343338712,false,false,false,false,0,15.0839015695,50500,-0.217166782373|-2.37713844122|-2.67428074637|-0.559572874836|0.0973132922681|0.326951823233|0.262350772060|-0.144498799558|-0.0661188513257|0.0270971530606
919,VALID_CAMPAIGN,MICRO_MOTION,1857805402012645321,10,REVOLUTE_ONLY,2.05791998096,-0.119999328068,0.360000418397,UNGUARDED_REFERENCE,true,false,CONVERGED_UNCERTIFIED,NO_GUARDS_OR_FINAL_CERTIFICATION,2,true,false,2.16166638484e-08,false,true,false,true,0,NaN,3500,12.5038157420|-50.1684492415|-12.3228367959|-25.5508119565|50.3102620653|-0.0817080897770|0.555923580499|-6.72784174136|-44.0523889907|50.3218118821
920,VALID_CAMPAIGN,UNIFORM,8353867271170501086,10,REVOLUTE_ONLY,0.208213667548,-0.142470730539,0.354679348789,GUARDED_PRODUCTION,true,true,SUCCESS,NONE,76,true,true,1.46564802797e-08,false,false,false,false,0,15.5857496491,604625,-2.84427693447|-0.745823030210|-2.04594309071|-1.12535063314|-0.247419823198|0.135965918412|-0.549347927504|-0.849469405341|-0.0965263301178|0.0215517561696
920,VALID_CAMPAIGN,UNIFORM,8353867271170501086,10,REVOLUTE_ONLY,0.208213667548,-0.142470730539,0.354679348789,UNGUARDED_REFERENCE,true,false,CONVERGED_UNCERTIFIED,NO_GUARDS_OR_FINAL_CERTIFICATION,8,true,false,1.23963209303e-07,false,true,false,true,0,NaN,20042,7.67211854871|-49.5433511918|2.80025311615|-50.7695952550|64.0003849772|-13.0277053271|27.7523233491|-27.3289134188|-36.9432957273|60.6863929977
921,VALID_CAMPAIGN,NEAR_JOINT_LIMIT,8960614897591233243,10,REVOLUTE_ONLY,-0.403291395245,0.0424957301684,-0.0680258140672,GUARDED_PRODUCTION,true,true,SUCCESS,NONE,35,true,true,2.94624919185e-08,false,false,false,false,0,2.78998546267,279333,-3.00562958061|-0.668150592836|-1.09214855237|-1.03689429081|-0.154647342034|0.134415467092|-1.15285205320|-1.45500800794|0.139481107318|0.142397853621
921,VALID_CAMPAIGN,NEAR_JOINT_LIMIT,8960614897591233243,10,REVOLUTE_ONLY,-0.403291395245,0.0424957301684,-0.0680258140672,UNGUARDED_REFERENCE,true,false,CONVERGED_UNCERTIFIED,NO_GUARDS_OR_FINAL_CERTIFICATION,6,true,false,2.29199342972e-08,false,true,false,true,0,NaN,14541,8.61558356528|-50.7455157089|3.01300656250|-50.5391609354|64.8426499124|-12.6787419048|28.1662615101|-27.4456263225|-36.7821483985|60.2464394378
922,VALID_CAMPAIGN,NEAR_SINGULARITY,4553103154301434724,10,REVOLUTE_ONLY,2.05791999827,-0.119999938915,0.360000038036,GUARDED_PRODUCTION,false,false,NO_CONVERGENCE,STAGNATION_WINDOW_EXCEEDED,112,true,true,0.885809271625,false,false,false,false,0,1.49972454081,871708,-0.347210178224|-2.37713844122|-2.67428074637|-0.597572828427|0.103809052221|0.330633612752|0.261188520627|-0.152628214834|-0.0809270405152|0.0223068731881
922,VALID_CAMPAIGN,NEAR_SINGULARITY,4553103154301434724,10,REVOLUTE_ONLY,2.05791999827,-0.119999938915,0.360000038036,UNGUARDED_REFERENCE,true,false,CONVERGED_UNCERTIFIED,NO_GUARDS_OR_FINAL_CERTIFICATION,61,true,false,5.46486835658e-08,false,true,false,true,0,NaN,166750,-0.0601182700596|-43.9084972394|0.162416237558|-44.2543497816|56.7802899515|-12.8474483436|25.4425319328|-25.3682044638|-25.0658537471|75.2841465126
923,VALID_CAMPAIGN,MICRO_MOTION,259327004698858523,10,REVOLUTE_ONLY,2.05791998096,-0.119999328068,0.360000418397,GUARDED_PRODUCTION,false,false,NO_CONVERGENCE,STAGNATION_WINDOW_EXCEEDED,7,true,true,0.965247855648,false,false,false,false,0,15.4279597820,88042,-0.219287612998|-2.37713844122|-2.67428074637|-0.570653885365|0.128472822764|0.319471672167|0.262703824284|-0.154237968579|-0.0881045437081|0.0170908006456
923,VALID_CAMPAIGN,MICRO_MOTION,259327004698858523,10,REVOLUTE_ONLY,2.05791998096,-0.119999328068,0.360000418397,UNGUARDED_REFERENCE,true,false,CONVERGED_UNCERTIFIED,NO_GUARDS_OR_FINAL_CERTIFICATION,1,true,false,7.22173676514e-07,false,true,false,true,0,NaN,1083,-0.0601182700596|-43.9084972394|0.162416237558|-44.2543497816|56.7802899515|-12.8474483436|25.4425319328|-25.3682044638|-25.0658537471|75.2841465126
924,VALID_CAMPAIGN,UNIFORM,6599364268756383531,10,REVOLUTE_ONLY,0.0490669061353,0.619400840733,0.742372695937,GUARDED_PRODUCTION,true,true,SUCCESS,NONE,112,true,true,8.46350814849e-07,false,false,false,false,0,15.9081578180,860625,-0.177986477269|-1.26995473747|-2.67428074637|-1.19758743708|-0.195818168383|0.118312839268|-0.0111163208906|-0.346039856874|-0.150555174607|-0.00989027158197
924,VALID_CAMPAIGN,UNIFORM,6599364268756383531,10,REVOLUTE_ONLY,0.0490669061353,0.619400840733,0.742372695937,UNGUARDED_REFERENCE,true,false,CONVERGED_UNCERTIFIED,NO_GUARDS_OR_FINAL_CERTIFICATION,8,true,false,2.78222816325e-08,false,true,false,true,0,NaN,20416,-5.89560652265|-47.6249178471|1.01351473395|-49.7970111931|98.8825050567|-45.3407205282|33.9887312901|-30.8101535791|-10.6345899190|68.1248708203
925,VALID_CAMPAIGN,NEAR_JOINT_LIMIT,-7987950582355013466,10,REVOLUTE_ONLY,-0.311243207205,-0.0702517497282,-0.0283569903918,GUARDED_PRODUCTION,true,true,SUCCESS,NONE,40,true,true,5.25266096358e-07,false,false,false,false,0,4.83373225197,314500,-0.506240844651|-0.555796434671|-1.52734055786|-1.22426342279|-0.435018003363|-0.108951778250|-0.472387669139|-0.787792819205|-0.279129339407|-0.0791088410739
925,VALID_CAMPAIGN,NEAR_JOINT_LIMIT,-7987950582355013466,10,REVOLUTE_ONLY,-0.311243207205,-0.0702517497282,-0.0283569903918,UNGUARDED_REFERENCE,true,false,CONVERGED_UNCERTIFIED,NO_GUARDS_OR_FINAL_CERTIFICATION,9,true,false,2.20876601583e-07,false,true,false,true,0,NaN,23583,-8.13935827611|-46.0111074217|-0.187662878614|-48.6510610190|97.5114077848|-45.4302159839|32.9481191631|-29.7269100236|-10.1982392111|67.8739907506
926,VALID_CAMPAIGN,NEAR_SINGULARITY,5407149593834520470,10,REVOLUTE_ONLY,2.05791999827,-0.119999938915,0.360000038036,GUARDED_PRODUCTION,true,true,SUCCESS,NONE,448,true,true,5.78900649867e-07,false,false,false,false,0,2.69805672408,3421250,-0.0589742399148|0.124029784213|0.104806822614|-0.151688316238|-0.331798399401|0.364868084165|0.0315868114486|0.0142165043969|-0.301959905488|0.202500854126
926,VALID_CAMPAIGN,NEAR_SINGULARITY,5407149593834520470,10,REVOLUTE_ONLY,2.05791999827,-0.119999938915,0.360000038036,UNGUARDED_REFERENCE,true,false,CONVERGED_UNCERTIFIED,NO_GUARDS_OR_FINAL_CERTIFICATION,20,true,false,3.57055273287e-08,false,true,false,true,0,NaN,58584,-6.33795405922|-50.1518012489|-6.13202470140|-44.2289222088|100.348671498|-43.8662952514|31.6748850359|-31.6127043889|-12.3333057183|68.6494339680
927,VALID_CAMPAIGN,MICRO_MOTION,-4390962137848350661,10,REVOLUTE_ONLY,2.05791998096,-0.119999328068,0.360000418397,GUARDED_PRODUCTION,true,true,SUCCESS,NONE,1,true,true,9.10488806725e-07,false,false,false,false,0,NaN,18208,-0.0589742399148|0.124029784213|0.104806822614|-0.151688316238|-0.331798399401|0.364868084165|0.0315868114486|0.0142165043969|-0.301959905488|0.202500854126
927,VALID_CAMPAIGN,MICRO_MOTION,-4390962137848350661,10,REVOLUTE_ONLY,2.05791998096,-0.119999328068,0.360000418397,UNGUARDED_REFERENCE,true,false,CONVERGED_UNCERTIFIED,NO_GUARDS_OR_FINAL_CERTIFICATION,1,true,false,7.20840693844e-07,false,true,false,true,0,NaN,1083,-6.33795405922|-50.1518012489|-6.13202470140|-44.2289222088|100.348671498|-43.8662952514|31.6748850359|-31.6127043889|-12.3333057183|68.6494339680
928,VALID_CAMPAIGN,UNIFORM,-6298615121444663684,10,REVOLUTE_ONLY,-0.586455624605,0.948398599237,-0.761988021239,GUARDED_PRODUCTION,true,true,SUCCESS,NONE,58,true,true,4.73635655349e-07,false,false,false,false,0,132.014520625,455208,1.01101097384|1.01065954272|-0.630838277367|-0.450400762948|0.0465152887805|0.804915164690|-0.270350690485|-0.150034749588|-0.188059661985|0.310813886653
928,VALID_CAMPAIGN,UNIFORM,-6298615121444663684,10,REVOLUTE_ONLY,-0.586455624605,0.948398599237,-0.761988021239,UNGUARDED_REFERENCE,true,false,CONVERGED_UNCERTIFIED,NO_GUARDS_OR_FINAL_CERTIFICATION,24,true,false,3.96054245619e-08,false,true,false,true,0,NaN,64750,2.20534797212|-44.0594560951|-1.25886849642|-45.9096195546|72.4805253780|-44.3849249790|38.8621861243|-31.6182170085|31.6208346975|-6.47594292819
929,VALID_CAMPAIGN,NEAR_JOINT_LIMIT,-95523436026198130,10,REVOLUTE_ONLY,-0.376079847117,-0.146697195102,0.565058246849,GUARDED_PRODUCTION,true,true,SUCCESS,NONE,59,true,true,1.02908135456e-11,false,false,false,false,0,3.72533277432,457084,1.72050117631|1.88465502056|-0.294889464638|-0.694665930972|1.08420148656|1.60714006571|0.0209987887743|0.0530496503150|0.0600130446229|0.396157497296
929,VALID_CAMPAIGN,NEAR_JOINT_LIMIT,-95523436026198130,10,REVOLUTE_ONLY,-0.376079847117,-0.146697195102,0.565058246849,UNGUARDED_REFERENCE,true,false,CONVERGED_UNCERTIFIED,NO_GUARDS_OR_FINAL_CERTIFICATION,10,true,false,6.10575523416e-09,false,true,false,true,0,NaN,25458,-0.890201354170|-58.6371415783|-5.06848544561|-34.8223323051|61.3559974239|-64.0555936534|46.4407188317|-28.1876364761|37.0043531611|-12.0682936946
930,VALID_CAMPAIGN,NEAR_SINGULARITY,6548935141501589485,10,REVOLUTE_ONLY,2.05791999827,-0.119999938915,0.360000038036,GUARDED_PRODUCTION,false,false,NO_CONVERGENCE,STAGNATION_WINDOW_EXCEEDED,67,true,true,1.23663590868,false,false,false,false,0,2.88120751539,521125,3.14159265359|2.37713844122|0.255540976420|-0.557130421833|0.307595190347|0.618075011145|0.218707697929|0.137541415619|-0.362291235820|0.136054054760
930,VALID_CAMPAIGN,NEAR_SINGULARITY,6548935141501589485,10,REVOLUTE_ONLY,2.05791999827,-0.119999938915,0.360000038036,UNGUARDED_REFERENCE,true,false,CONVERGED_UNCERTIFIED,NO_GUARDS_OR_FINAL_CERTIFICATION,32,true,false,2.82329098699e-07,false,true,false,true,0,NaN,83791,6.22682217158|-69.0132963205|0.135640980519|-37.8917859650|69.0642129179|-62.8426424640|50.2702346338|-37.6409214430|37.8750878790|-6.63182623285
931,VALID_CAMPAIGN,MICRO_MOTION,3096225487014144908,10,REVOLUTE_ONLY,2.05791998096,-0.119999328068,0.360000418397,GUARDED_PRODUCTION,false,false,NO_CONVERGENCE,STAGNATION_WINDOW_EXCEEDED,7,true,true,1.33210757714,false,false,false,false,0,6.39933303664,51750,3.14159265359|2.37713844122|0.263952316937|-0.543024509964|0.218906624647|0.527497502172|0.225332636434|0.129645596206|-0.385276328571|0.120631234384
931,VALID_CAMPAIGN,MICRO_MOTION,3096225487014144908,10,REVOLUTE_ONLY,2.05791998096,-0.119999328068,0.360000418397,UNGUARDED_REFERENCE,true,false,CONVERGED_UNCERTIFIED,NO_GUARDS_OR_FINAL_CERTIFICATION,1,true,false,7.74446684465e-07,false,true,false,true,0,NaN,958,6.22682217158|-69.0132963205|0.135640980519|-37.8917859650|69.0642129179|-62.8426424640|50.2702346338|-37.6409214430|37.8750878790|-6.63182623285
932,VALID_CAMPAIGN,UNIFORM,3316969887293762201,10,REVOLUTE_ONLY,-0.127022961035,0.209683724882,0.736627348261,GUARDED_PRODUCTION,true,true,SUCCESS,NONE,55,true,true,4.81054235343e-08,false,false,false,false,0,7.20589391621,445584,2.35607445315|2.13906657297|0.739970505364|-0.480080484468|1.29523973735|1.63003893394|0.387379876578|0.294645929205|0.0473226875358|0.353663448146
932,VALID_CAMPAIGN,UNIFORM,3316969887293762201,10,REVOLUTE_ONLY,-0.127022961035,0.209683724882,0.736627348261,UNGUARDED_REFERENCE,true,false,CONVERGED_UNCERTIFIED,NO_GUARDS_OR_FINAL_CERTIFICATION,16,true,false,3.97622662492e-08,false,true,false,true,0,NaN,44250,8.43971358563|-70.1864739967|-3.78378243701|-31.0380448930|71.3528094830|-77.0486768740|23.2830468458|-6.36267790050|62.3134657372|-44.6886004592
933,VALID_CAMPAIGN,NEAR_JOINT_LIMIT,-5387398081586532571,10,REVOLUTE_ONLY,-0.418179876071,0.0282181872273,0.382643003629,GUARDED_PRODUCTION,true,true,SUCCESS,NONE,34,true,true,5.42618072298e-07,false,false,false,false,0,3.09485971976,271416,3.07902722073|1.95888571363|0.548192461093|-0.264334177408|1.37015124942|1.78285383091|0.0243814781910|0.0688575949123|0.193658653040|0.453072601155
933,VALID_CAMPAIGN,NEAR_JOINT_LIMIT,-5387398081586532571,10,REVOLUTE_ONLY,-0.418179876071,0.0282181872273,0.382643003629,UNGUARDED_REFERENCE,true,false,CONVERGED_UNCERTIFIED,NO_GUARDS_OR_FINAL_CERTIFICATION,8,true,false,3.77112905095e-07,false,true,false,true,0,NaN,21125,8.92004992133|-69.2855962813|-2.51734273134|-31.8379025967|71.7022368047|-75.8714204790|23.4095640114|-6.34314883163|63.2442893599|-45.5215359083
934,VALID_CAMPAIGN,NEAR_SINGULARITY,-7040852267747071889,10,REVOLUTE_ONLY,2.05791999827,-0.119999938915,0.360000038036,GUARDED_PRODUCTION,false,false,NO_CONVERGENCE,STAGNATION_WINDOW_EXCEEDED,55,true,true,1.20442704231,false,false,false,false,0,1.67407873800,433917,3.14159265359|2.37713844122|0.244200556295|-0.306679154069|0.264819530564|0.611794064765|-0.0184821845047|0.0138128306499|-0.276938140517|0.199352099518
934,VALID_CAMPAIGN,NEAR_SINGULARITY,-7040852267747071889,10,REVOLUTE_ONLY,2.05791999827,-0.119999938915,0.360000038036,UNGUARDED_REFERENCE,true,false,CONVERGED_UNCERTIFIED,NO_GUARDS_OR_FINAL_CERTIFICATION,44,true,false,2.38018727257e-07,false,true,false,true,0,NaN,124625,12.5092105268|-69.0037875225|-6.11580173180|-25.4482130362|68.9296679122|-75.2116861368|13.1673616169|-0.527140237426|68.9390950822|-37.6135306243
935,VALID_CAMPAIGN,MICRO_MOTION,5502491727853307938,10,REVOLUTE_ONLY,2.05791998096,-0.119999328068,0.360000418397,GUARDED_PRODUCTION,false,false,NO_CONVERGENCE,STAGNATION_WINDOW_EXCEEDED,7,true,true,1.30806428116,false,false,false,false,0,5.72423003695,50917,3.14159265359|2.37713844122|0.230519339943|-0.304990025056|0.174546442721|0.516280283942|0.00141008369525|0.0212906750774|-0.308058173792|0.178638570272
935,VALID_CAMPAIGN,MICRO_MOTION,5502491727853307938,10,REVOLUTE_ONLY,2.05791998096,-0.119999328068,0.360000418397,UNGUARDED_REFERENCE,true,false,CONVERGED_UNCERTIFIED,NO_GUARDS_OR_FINAL_CERTIFICATION,1,true,false,7.59556442653e-07,false,true,false,true,0,NaN,875,12.5092105268|-69.0037875225|-6.11580173180|-25.4482130362|68.9296679122|-75.2116861368|13.1673616169|-0.527140237426|68.9390950822|-37.6135306243
936,VALID_CAMPAIGN,UNIFORM,-3311850778281531766,10,REVOLUTE_ONLY,0.859357311325,-0.961457865040,0.198843137651,GUARDED_PRODUCTION,true,true,SUCCESS,NONE,6,true,true,1.88665405848e-11,false,false,false,false,0,6.71420660201,45750,3.05961794154|2.33934716475|0.145742828931|-0.336034662794|0.172738271379|0.516887390866|-0.0184809399988|0.00748378619211|-0.308913131084|0.178833468858
936,VALID_CAMPAIGN,UNIFORM,-3311850778281531766,10,REVOLUTE_ONLY,0.859357311325,-0.961457865040,0.198843137651,UNGUARDED_REFERENCE,true,false,CONVERGED_UNCERTIFIED,NO_GUARDS_OR_FINAL_CERTIFICATION,10,true,false,5.60162857353e-08,false,true,false,true,0,NaN,27166,11.7357397210|-68.7400182203|-4.64335948723|-27.7336420296|63.1109973396|-70.6560108017|36.5252365901|-22.9646614946|64.0408705114|-33.0743825791
937,VALID_CAMPAIGN,NEAR_JOINT_LIMIT,-6493592078775497576,10,REVOLUTE_ONLY,-0.0967300665388,0.121189672228,-0.346054912157,GUARDED_PRODUCTION,true,true,SUCCESS,NONE,60,true,true,1.02753539854e-08,false,false,false,false,0,6.55941382953,491125,2.29841834787|2.14721611041|-0.726847863105|-0.547071234611|0.737433409457|1.24081866232|-1.05091419527|-0.747142356040|-0.0210329355113|0.333911938304
937,VALID_CAMPAIGN,NEAR_JOINT_LIMIT,-6493592078775497576,10,REVOLUTE_ONLY,-0.0967300665388,0.121189672228,-0.346054912157,UNGUARDED_REFERENCE,true,false,CONVERGED_UNCERTIFIED,NO_GUARDS_OR_FINAL_CERTIFICATION,8,true,false,9.36428426804e-07,false,true,false,true,0,NaN,20958,14.1728163390|-70.4087479832|-2.38811755005|-31.7990120660|62.3489226212|-72.9144149936|35.0306952799|-20.5997180390|64.2701118047|-34.3344956635
938,VALID_CAMPAIGN,NEAR_SINGULARITY,273105150686788176,10,REVOLUTE_ONLY,2.05791999827,-0.119999938915,0.360000038036,GUARDED_PRODUCTION,false,false,NO_CONVERGENCE,STAGNATION_WINDOW_EXCEEDED,90,true,true,1.21902254377,false,false,false,false,0,2.30354381177,668459,3.14159265359|2.37713844122|-0.00549085813387|-0.562773675197|0.551292208410|0.574616421857|0.368066027233|0.263966962846|-0.349517955330|0.101776188508
938,VALID_CAMPAIGN,NEAR_SINGULARITY,273105150686788176,10,REVOLUTE_ONLY,2.05791999827,-0.119999938915,0.360000038036,UNGUARDED_REFERENCE,true,false,CONVERGED_UNCERTIFIED,NO_GUARDS_OR_FINAL_CERTIFICATION,52,true,false,1.06419672125e-07,false,true,false,true,0,NaN,141166,12.5063412120|-50.1491108254|12.7668876421|-25.4069644855|62.6345330682|-68.9385387848|18.7629064748|-31.2303235298|56.5183720571|-37.8017467049
939,VALID_CAMPAIGN,MICRO_MOTION,8411802902873302786,10,REVOLUTE_ONLY,2.05791998096,-0.119999328068,0.360000418397,GUARDED_PRODUCTION,false,false,NO_CONVERGENCE,STAGNATION_WINDOW_EXCEEDED,7,true,true,1.28642721576,false,false,false,false,0,6.37547801459,48958,3.14159265359|2.37713844122|0.0538147284865|-0.545225222780|0.448848211206|0.479301341241|0.372750758363|0.248964894096|-0.378101573999|0.0844428008964
939,VALID_CAMPAIGN,MICRO_MOTION,8411802902873302786,10,REVOLUTE_ONLY,2.05791998096,-0.119999328068,0.360000418397,UNGUARDED_REFERENCE,true,false,CONVERGED_UNCERTIFIED,NO_GUARDS_OR_FINAL_CERTIFICATION,1,true,false,7.28020286161e-07,false,true,false,true,0,NaN,1000,12.5063412120|-50.1491108254|12.7668876421|-25.4069644855|62.6345330682|-68.9385387848|18.7629064748|-31.2303235298|56.5183720571|-37.8017467049
940,VALID_CAMPAIGN,UNIFORM,-2627192203298288204,10,REVOLUTE_ONLY,-0.731343622426,0.375760375870,-0.379569710636,GUARDED_PRODUCTION,true,true,SUCCESS,NONE,91,true,true,1.62295723986e-08,false,false,false,false,0,7.02460682852,770000,1.45220730370|0.971523974547|-0.241231435902|-0.438410470331|0.665453422768|1.00725021282|-0.687782189785|-0.503584563211|-0.182204232379|0.241114007449
940,VALID_CAMPAIGN,UNIFORM,-2627192203298288204,10,REVOLUTE_ONLY,-0.731343622426,0.375760375870,-0.379569710636,UNGUARDED_REFERENCE,true,false,CONVERGED_UNCERTIFIED,NO_GUARDS_OR_FINAL_CERTIFICATION,10,true,false,1.06899150379e-08,false,true,false,true,0,NaN,29209,10.5446434870|-46.3066522302|31.0681227841|-45.2253064273|50.6788055126|-55.1486913250|-24.4735622637|23.7771669715|66.2672517471|-49.8214747140
941,VALID_CAMPAIGN,NEAR_JOINT_LIMIT,1946565783321669469,10,REVOLUTE_ONLY,-0.339607524974,-0.260841547072,0.525081852854,GUARDED_PRODUCTION,true,true,SUCCESS,NONE,39,true,true,4.42743992320e-08,false,false,false,false,0,2.60350280142,343458,2.14871352050|1.51468995175|-0.125325896468|-0.727996071714|1.21984594417|1.37764323631|-0.0698954969104|-0.0444879869382|-0.0221291652588|0.311632472434
941,VALID_CAMPAIGN,NEAR_JOINT_LIMIT,1946565783321669469,10,REVOLUTE_ONLY,-0.339607524974,-0.260841547072,0.525081852854,UNGUARDED_REFERENCE,true,false,CONVERGED_UNCERTIFIED,NO_GUARDS_OR_FINAL_CERTIFICATION,8,true,false,3.20557929249e-10,false,true,false,true,0,NaN,21667,11.9362030485|-46.4190879892|32.3769221733|-45.9071017788|51.2823354925|-54.6705441008|-24.9950898288|24.4513998455|65.2824508904|-50.1549613627
942,VALID_CAMPAIGN,NEAR_SINGULARITY,-707249735111621287,10,REVOLUTE_ONLY,2.05791999827,-0.119999938915,0.360000038036,GUARDED_PRODUCTION,false,false,NO_CONVERGENCE,STAGNATION_WINDOW_EXCEEDED,53,true,true,1.17924904666,false,false,false,false,0,2.27610950475,424333,3.14159265359|2.37713844122|0.279908339825|-0.661653303586|0.527682734300|0.562974463796|0.267220245053|0.160718666675|-0.352631476040|0.113363818255
942,VALID_CAMPAIGN,NEAR_SINGULARITY,-707249735111621287,10,REVOLUTE_ONLY,2.05791999827,-0.119999938915,0.360000038036,UNGUARDED_REFERENCE,true,false,CONVERGED_UNCERTIFIED,NO_GUARDS_OR_FINAL_CERTIFICATION,80,true,false,2.60360880252e-07,false,true,false,true,0,NaN,219250,25.0725607998|-43.8424544095|50.4064235130|-37.9226849224|62.3739562920|-56.0815979517|-24.9766295670|25.0462304660|62.6685840894|-43.9760433801
943,VALID_CAMPAIGN,MICRO_MOTION,8260589754534098044,10,REVOLUTE_ONLY,2.05791998096,-0.119999328068,0.360000418397,GUARDED_PRODUCTION,false,false,NO_CONVERGENCE,STAGNATION_WINDOW_EXCEEDED,7,true,true,1.26211890575,false,false,false,false,0,6.05590719004,52625,3.14159265359|2.37713844122|0.295457421634|-0.643351164569|0.421140296773|0.461750278070|0.281264072962|0.157277715667|-0.380556935532|0.0961191700308
943,VALID_CAMPAIGN,MICRO_MOTION,8260589754534098044,10,REVOLUTE_ONLY,2.05791998096,-0.119999328068,0.360000418397,UNGUARDED_REFERENCE,true,false,CONVERGED_UNCERTIFIED,NO_GUARDS_OR_FINAL_CERTIFICATION,1,true,false,7.66028236262e-07,false,true,false,true,0,NaN,1042,25.0725607998|-43.8424544095|50.4064235130|-37.9226849224|62.3739562920|-56.0815979517|-24.9766295670|25.0462304660|62.6685840894|-43.9760433801
944,VALID_CAMPAIGN,UNIFORM,-2607974156472985287,10,REVOLUTE_ONLY,-0.566547923656,-0.189757584490,0.196697007382,GUARDED_PRODUCTION,true,true,SUCCESS,NONE,58,true,true,3.13025453201e-08,false,false,false,false,0,6.90357673189,476333,1.48355694734|1.46138637562|-0.0806068889470|-0.690665727444|1.00597803426|1.14568194266|-0.234984204616|-0.177347385559|-0.128317547514|0.252991663905
944,VALID_CAMPAIGN,UNIFORM,-2607974156472985287,10,REVOLUTE_ONLY,-0.566547923656,-0.189757584490,0.196697007382,UNGUARDED_REFERENCE,true,false,CONVERGED_UNCERTIFIED,NO_GUARDS_OR_FINAL_CERTIFICATION,6,true,false,6.28862128648e-10,false,true,false,true,0,NaN,16250,27.4403804062|-40.2447961720|48.2246674415|-33.9875509228|10.7863688603|-5.49551603962|-37.2809297064|38.1472881830|54.2078602540|-47.2792281541
945,VALID_CAMPAIGN,NEAR_JOINT_LIMIT,2243055855633963828,10,REVOLUTE_ONLY,-0.380729763929,-0.113259015445,-0.107736093297,GUARDED_PRODUCTION,true,true,SUCCESS,NONE,15,true,true,3.89979920172e-08,false,false,false,false,0,1.96769085742,124041,1.36805124935|1.57673463598|-0.229137575727|-0.640023188992|0.947906590199|1.12575070474|-0.565840323267|-0.425872895122|-0.132634623674|0.249115129591
945,VALID_CAMPAIGN,NEAR_JOINT_LIMIT,2243055855633963828,10,REVOLUTE_ONLY,-0.380729763929,-0.113259015445,-0.107736093297,UNGUARDED_REFERENCE,true,false,CONVERGED_UNCERTIFIED,NO_GUARDS_OR_FINAL_CERTIFICATION,5,true,false,1.04788831933e-08,false,true,false,true,0,NaN,11584,27.1058106143|-39.9047535829|48.6327911736|-33.9690392406|10.6277256508|-5.56530870738|-37.2070786783|38.2441203721|54.1887214742|-47.2174228113
946,VALID_CAMPAIGN,NEAR_SINGULARITY,3406489300548120202,10,REVOLUTE_ONLY,2.05791999827,-0.119999938915,0.360000038036,GUARDED_PRODUCTION,false,false,NO_CONVERGENCE,STAGNATION_WINDOW_EXCEEDED,98,true,true,1.21336201270,false,false,false,false,0,1.54536040956,788083,3.14159265359|2.37713844122|0.132318982360|-0.709764254794|0.662928831744|0.470928851948|0.387475167202|0.254454962352|-0.379311229535|0.0634222717162
946,VALID_CAMPAIGN,NEAR_SINGULARITY,3406489300548120202,10,REVOLUTE_ONLY,2.05791999827,-0.119999938915,0.360000038036,UNGUARDED_REFERENCE,true,false,CONVERGED_UNCERTIFIED,NO_GUARDS_OR_FINAL_CERTIFICATION,24,true,false,2.49033020674e-07,false,true,false,true,0,NaN,62250,12.5107171988|-31.3438878367|50.4290637565|-31.6959425137|12.7996784526|-0.287004603194|-31.0825439795|37.4480497068|50.3000218244|-44.0547091258
947,VALID_CAMPAIGN,MICRO_MOTION,-6467957480240620871,10,REVOLUTE_ONLY,2.05791998096,-0.119999328068,0.360000418397,GUARDED_PRODUCTION,false,false,NO_CONVERGENCE,STAGNATION_WINDOW_EXCEEDED,7,true,true,1.28287235500,false,false,false,false,0,6.64910304791,53791,3.14159265359|2.37713844122|0.178811504296|-0.685260350316|0.556846367190|0.378021330794|0.394562995035|0.240726772387|-0.402141564755|0.0500514221229
947,VALID_CAMPAIGN,MICRO_MOTION,-6467957480240620871,10,REVOLUTE_ONLY,2.05791998096,-0.119999328068,0.360000418397,UNGUARDED_REFERENCE,true,false,CONVERGED_UNCERTIFIED,NO_GUARDS_OR_FINAL_CERTIFICATION,1,true,false,7.62886436075e-07,false,true,false,true,0,NaN,1000,12.5107171988|-31.3438878367|50.4290637565|-31.6959425137|12.7996784526|-0.287004603194|-31.0825439795|37.4480497068|50.3000218244|-44.0547091258
948,VALID_CAMPAIGN,UNIFORM,1430026753038944260,10,REVOLUTE_ONLY,0.727741248046,1.39518063696,0.487810100661,GUARDED_PRODUCTION,false,false,MAX_ITERATIONS_REACHED,MAX_ITERATIONS_LIMIT_REACHED,800,true,true,1.34262313345,false,false,false,false,0,7.25509619504,6025458,3.14159265359|2.37713844122|0.641123260250|-0.551139825044|1.36004950041|0.230800559235|0.0353808919686|-0.154009266746|-0.155292278873|0.0505380908855
948,VALID_CAMPAIGN,UNIFORM,1430026753038944260,10,REVOLUTE_ONLY,0.727741248046,1.39518063696,0.487810100661,UNGUARDED_REFERENCE,true,false,CONVERGED_UNCERTIFIED,NO_GUARDS_OR_FINAL_CERTIFICATION,32,true,false,2.92926487910e-10,false,true,false,true,0,NaN,90375,7.05908297154|-43.1946625708|50.7626545434|-31.7298572223|50.0378975092|-19.4235375848|-30.0675459120|35.4662781761|49.2524939927|-54.3009179620
949,VALID_CAMPAIGN,NEAR_JOINT_LIMIT,8185625198749832033,10,REVOLUTE_ONLY,-0.482777805023,-0.459838468765,0.478405632808,GUARDED_PRODUCTION,true,true,SUCCESS,NONE,44,true,true,8.49396474400e-10,false,false,false,false,0,3.37233386049,346833,2.16574118269|1.15091461517|0.412706854518|-0.583197514408|1.59961731596|0.516024995389|0.0726966789924|-0.116728282131|-0.0146995679237|0.133928200552
949,VALID_CAMPAIGN,NEAR_JOINT_LIMIT,8185625198749832033,10,REVOLUTE_ONLY,-0.482777805023,-0.459838468765,0.478405632808,UNGUARDED_REFERENCE,true,false,CONVERGED_UNCERTIFIED,NO_GUARDS_OR_FINAL_CERTIFICATION,8,true,false,8.30206348714e-10,false,true,false,true,0,NaN,20167,4.14636420452|-37.4094408408|51.5348784446|-31.4723552169|46.8178229874|-23.0559440121|-30.7173638521|32.6837366878|48.5494429403|-52.5686175138
950,VALID_CAMPAIGN,NEAR_SINGULARITY,7153100477576916158,10,REVOLUTE_ONLY,2.05791999827,-0.119999938915,0.360000038036,GUARDED_PRODUCTION,false,false,NO_CONVERGENCE,STAGNATION_WINDOW_EXCEEDED,55,true,true,1.26113119217,false,false,false,false,0,2.30363114559,427708,3.14159265359|2.28003628466|0.419382019563|-0.538921259542|0.969794347887|-0.0668632403212|0.0971456266992|-0.105430515509|-0.250924687259|0.00413183479329
950,VALID_CAMPAIGN,NEAR_SINGULARITY,7153100477576916158,10,REVOLUTE_ONLY,2.05791999827,-0.119999938915,0.360000038036,UNGUARDED_REFERENCE,true,false,CONVERGED_UNCERTIFIED,NO_GUARDS_OR_FINAL_CERTIFICATION,91,true,false,1.16605610737e-07,false,true,false,true,0,NaN,247083,6.22201412039|-18.7176460983|63.0067132531|-31.7334826404|43.6036810163|-18.4553944531|-24.6475470991|31.0208026942|37.5116230842|-62.7791666545
951,VALID_CAMPAIGN,MICRO_MOTION,-9145617507316540190,10,REVOLUTE_ONLY,2.05791998096,-0.119999328068,0.360000418397,GUARDED_PRODUCTION,false,false,NO_CONVERGENCE,STAGNATION_WINDOW_EXCEEDED,7,true,true,1.30367886369,false,false,false,false,0,5.65234193408,51041,3.14159265359|2.32436989963|0.394579430968|-0.528081573324|0.865327463895|-0.142865498763|0.122109990743|-0.0898915859929|-0.270110747757|-0.00545215476999
951,VALID_CAMPAIGN,MICRO_MOTION,-9145617507316540190,10,REVOLUTE_ONLY,2.05791998096,-0.119999328068,0.360000418397,UNGUARDED_REFERENCE,true,false,CONVERGED_UNCERTIFIED,NO_GUARDS_OR_FINAL_CERTIFICATION,1,true,false,7.29780569073e-07,false,true,false,true,0,NaN,959,6.22201412039|-18.7176460983|63.0067132531|-31.7334826404|43.6036810163|-18.4553944531|-24.6475470991|31.0208026942|37.5116230842|-62.7791666545
952,VALID_CAMPAIGN,UNIFORM,791419538872027508,10,REVOLUTE_ONLY,0.127767831676,-1.09423456692,1.13932667496,GUARDED_PRODUCTION,true,true,SUCCESS,NONE,25,true,true,7.12739454240e-07,false,false,false,false,0,6.65944124638,196542,3.13033148357|1.96335036598|0.870585173152|-0.355165230106|0.609805120556|-0.320561918067|0.234028037586|-0.0198517919885|-0.312384590797|-0.0252748130813
952,VALID_CAMPAIGN,UNIFORM,791419538872027508,10,REVOLUTE_ONLY,0.127767831676,-1.09423456692,1.13932667496,UNGUARDED_REFERENCE,true,false,CONVERGED_UNCERTIFIED,NO_GUARDS_OR_FINAL_CERTIFICATION,30,true,false,1.94279561154e-08,false,true,false,true,0,NaN,80125,-1.45496757235|-12.3948927861|64.0453469861|-38.0206427420|18.6507954998|7.15634618715|0.952576093472|15.9098738705|22.9169031599|-62.9024768828
953,VALID_CAMPAIGN,NEAR_JOINT_LIMIT,1801436573471777626,10,REVOLUTE_ONLY,0.0373211462324,0.249740191856,-0.342880170995,GUARDED_PRODUCTION,true,true,SUCCESS,NONE,173,true,true,8.96359390117e-07,false,false,false,false,0,7.67618198054,1306458,2.28993038545|2.37713844122|-1.17071572866|0.826638095662|1.78285383091|0.977773134730|-0.779885717693|-0.465113273964|-0.0749036618578|0.0250419762068
953,VALID_CAMPAIGN,NEAR_JOINT_LIMIT,1801436573471777626,10,REVOLUTE_ONLY,0.0373211462324,0.249740191856,-0.342880170995,UNGUARDED_REFERENCE,true,false,CONVERGED_UNCERTIFIED,NO_GUARDS_OR_FINAL_CERTIFICATION,13,true,false,1.06948750670e-07,false,true,false,true,0,NaN,34333,0.470058492761|-15.8109457284|66.6714180395|-42.6655763348|17.3826206111|20.9793862736|29.0976780118|-4.98988880288|36.2388459390|-59.2453531706
954,VALID_CAMPAIGN,NEAR_SINGULARITY,-695307761617815179,10,REVOLUTE_ONLY,2.05791999827,-0.119999938915,0.360000038036,GUARDED_PRODUCTION,false,false,NO_CONVERGENCE,STAGNATION_WINDOW_EXCEEDED,38,true,true,1.68109033385,false,false,false,false,0,3.87272108483,306500,1.81545695532|2.37713844122|-1.60038019364|0.727950303118|1.48267276889|0.591667763235|-0.238385572253|-0.0538494186977|-0.250415932634|-0.0572844457635
954,VALID_CAMPAIGN,NEAR_SINGULARITY,-695307761617815179,10,REVOLUTE_ONLY,2.05791999827,-0.119999938915,0.360000038036,UNGUARDED_REFERENCE,true,false,CONVERGED_UNCERTIFIED,NO_GUARDS_OR_FINAL_CERTIFICATION,66,true,false,1.03988182622e-07,false,true,false,true,0,NaN,180292,-6.34502884558|-12.4246159432|81.8386688864|-44.2390358380|12.0998197543|19.3209170666|44.1988723259|12.4308416636|31.3052502230|-50.3333137322
955,VALID_CAMPAIGN,MICRO_MOTION,6148565328281641636,10,REVOLUTE_ONLY,2.05791998096,-0.119999328068,0.360000418397,GUARDED_PRODUCTION,false,false,NO_CONVERGENCE,STAGNATION_WINDOW_EXCEEDED,7,true,true,1.68960455467,false,false,false,false,0,3.91470965844,61416,1.86801711670|2.37713844122|-1.58907128695|0.730769662901|1.47050922236|0.558654270295|-0.155460831599|0.00123471766235|-0.250982609024|-0.0558063322371
955,VALID_CAMPAIGN,MICRO_MOTION,6148565328281641636,10,REVOLUTE_ONLY,2.05791998096,-0.119999328068,0.360000418397,UNGUARDED_REFERENCE,true,false,CONVERGED_UNCERTIFIED,NO_GUARDS_OR_FINAL_CERTIFICATION,1,true,false,7.27669235940e-07,false,true,false,true,0,NaN,958,-6.34502884558|-12.4246159432|81.8386688864|-44.2390358380|12.0998197543|19.3209170666|44.1988723259|12.4308416636|31.3052502230|-50.3333137322
956,VALID_CAMPAIGN,UNIFORM,-8663573902142005266,10,REVOLUTE_ONLY,-0.0575165023779,-0.0183557214185,0.474692884284,GUARDED_PRODUCTION,true,true,SUCCESS,NONE,45,true,true,6.48262687399e-07,false,false,false,false,0,4.23806678115,347417,1.76808612378|1.87060916657|-1.71487754784|0.661059334799|1.78285383091|1.03338337480|-0.0813891826838|0.0655882020327|-0.0843593175459|0.0248091042866
956,VALID_CAMPAIGN,UNIFORM,-8663573902142005266,10,REVOLUTE_ONLY,-0.0575165023779,-0.0183557214185,0.474692884284,UNGUARDED_REFERENCE,true,false,CONVERGED_UNCERTIFIED,NO_GUARDS_OR_FINAL_CERTIFICATION,7,true,false,8.81934918832e-09,false,true,false,true,0,NaN,17791,-7.08120787962|-9.02442156924|82.3775931718|-47.2876050484|-27.6159312397|61.9200004587|41.9264616509|18.8280183325|30.5893551920|-59.6993262029
957,VALID_CAMPAIGN,NEAR_JOINT_LIMIT,-1077302850679898445,10,REVOLUTE_ONLY,-0.366488167323,-0.0513830205613,0.285713986759,GUARDED_PRODUCTION,true,true,SUCCESS,NONE,20,true,true,1.25802346164e-11,false,false,false,false,0,4.53042935312,157250,1.44802541467|1.28116915923|-1.55844420897|0.574798798865|1.53020752812|0.977439616195|-0.180737997938|0.0298079118858|-0.0990971172617|0.0208538430291
957,VALID_CAMPAIGN,NEAR_JOINT_LIMIT,-1077302850679898445,10,REVOLUTE_ONLY,-0.366488167323,-0.0513830205613,0.285713986759,UNGUARDED_REFERENCE,true,false,CONVERGED_UNCERTIFIED,NO_GUARDS_OR_FINAL_CERTIFICATION,6,true,false,8.15269943108e-10,false,true,false,true,0,NaN,14375,-7.50696131037|-8.61822518084|81.5371394683|-47.3029230280|-27.6541923307|61.8937930221|41.8316458654|18.8332690507|30.5912549263|-59.5012245892
958,VALID_CAMPAIGN,NEAR_SINGULARITY,3753851073492196592,10,REVOLUTE_ONLY,2.05791999827,-0.119999938915,0.360000038036,GUARDED_PRODUCTION,false,false,NO_CONVERGENCE,STAGNATION_WINDOW_EXCEEDED,147,true,true,1.37303322928,false,false,false,false,0,2.28211106486,1109625,-0.330168577209|2.37713844122|-2.67428074637|1.78285383091|1.78285383091|1.78285383091|-0.705050006338|-0.234949076964|0.181909706221|0.111589943587
958,VALID_CAMPAIGN,NEAR_SINGULARITY,3753851073492196592,10,REVOLUTE_ONLY,2.05791999827,-0.119999938915,0.360000038036,UNGUARDED_REFERENCE,true,false,CONVERGED_UNCERTIFIED,NO_GUARDS_OR_FINAL_CERTIFICATION,54,true,false,7.61021441973e-07,false,true,false,true,0,NaN,140750,-18.9131686977|0.115224492677|81.8226465314|-44.1743449173|-25.3280245347|56.7670745813|37.6445043536|6.40289092812|31.1292880438|-56.2991352665
959,VALID_CAMPAIGN,MICRO_MOTION,9061081512176622585,10,REVOLUTE_ONLY,2.05791998096,-0.119999328068,0.360000418397,GUARDED_PRODUCTION,false,false,NO_CONVERGENCE,STAGNATION_WINDOW_EXCEEDED,7,true,true,1.38208793635,false,false,false,false,0,5.83476778703,45875,-0.374779371403|2.37713844122|-2.67428074637|1.78285383091|1.78285383091|1.78285383091|-0.675349625361|-0.209423388439|0.194218443992|0.112321961662
959,VALID_CAMPAIGN,MICRO_MOTION,9061081512176622585,10,REVOLUTE_ONLY,2.05791998096,-0.119999328068,0.360000418397,UNGUARDED_REFERENCE,true,false,CONVERGED_UNCERTIFIED,NO_GUARDS_OR_FINAL_CERTIFICATION,2,true,false,2.08288647211e-08,false,true,false,true,0,NaN,3584,-18.9131656287|0.115223436996|81.8226465128|-44.1743461441|-25.3280234039|56.7670673795|37.6445167841|6.40287839858|31.1292939554|-56.2991446250
960,VALID_CAMPAIGN,UNIFORM,-4164728837814397233,10,REVOLUTE_ONLY,0.173846777090,-1.13750533363,0.725961968277,GUARDED_PRODUCTION,false,false,NO_CONVERGENCE,STAGNATION_WINDOW_EXCEEDED,33,true,true,0.569811363195,false,false,false,false,0,5.75214664514,238708,-1.52078571344|2.28199723142|-2.67428074637|1.78285383091|1.78285383091|1.78285383091|-0.491529372148|-0.0838365891536|0.148040829222|0.0724595523281
960,VALID_CAMPAIGN,UNIFORM,-4164728837814397233,10,REVOLUTE_ONLY,0.173846777090,-1.13750533363,0.725961968277,UNGUARDED_REFERENCE,true,false,CONVERGED_UNCERTIFIED,NO_GUARDS_OR_FINAL_CERTIFICATION,16,true,false,2.46979353263e-07,false,true,false,true,0,NaN,43417,-32.9386922846|0.385247963097|82.2881411562|-44.0041444172|-25.9177601862|72.3829045952|8.51712845655|31.7467902483|18.0338214121|-34.1826373886
961,VALID_CAMPAIGN,NEAR_JOINT_LIMIT,932858068161274838,10,REVOLUTE_ONLY,-0.576790370784,-0.0563528206084,0.114937296901,GUARDED_PRODUCTION,true,true,SUCCESS,NONE,36,true,true,2.98309614059e-07,false,false,false,false,0,4.87814570731,284125,-2.17240653634|2.29122911453|-2.47516554055|1.78285383091|1.39935578404|1.42367358377|-0.578220585333|-0.145267512711|0.0167549975120|0.0103486465199
961,VALID_CAMPAIGN,NEAR_JOINT_LIMIT,932858068161274838,10,REVOLUTE_ONLY,-0.576790370784,-0.0563528206084,0.114937296901,UNGUARDED_REFERENCE,true,false,CONVERGED_UNCERTIFIED,NO_GUARDS_OR_FINAL_CERTIFICATION,9,true,false,7.55591185114e-10,false,true,false,true,0,NaN,22958,-33.6696747374|2.86737112451|78.8595512193|-38.8070504222|-29.4422195936|74.9892104313|7.36269893727|35.2828041705|13.8243354480|-34.5697191721
962,VALID_CAMPAIGN,NEAR_SINGULARITY,1507777995563961417,10,REVOLUTE_ONLY,2.05791999827,-0.119999938915,0.360000038036,GUARDED_PRODUCTION,true,true,SUCCESS,NONE,160,true,true,1.77291331505e-07,false,false,false,false,0,3.53981735338,1241167,-0.0559296191516|0.100233591168|-0.0616922382846|0.0848396165606|-0.104181661594|0.105830420270|0.0649443961829|-0.109057641284|-0.129058687303|0.0132528132770
962,VALID_CAMPAIGN,NEAR_SINGULARITY,1507777995563961417,10,REVOLUTE_ONLY,2.05791999827,-0.119999938915,0.360000038036,UNGUARDED_REFERENCE,true,false,CONVERGED_UNCERTIFIED,NO_GUARDS_OR_FINAL_CERTIFICATION,30,true,false,8.08548447133e-08,false,true,false,true,0,NaN,79708,-25.1897210163|12.6408197621|81.8402695358|-50.5401549165|-24.9101453519|81.4017701414|0.335971333490|43.7288583727|12.6327018773|-37.8169543218
963,VALID_CAMPAIGN,MICRO_MOTION,1587521865954353720,10,REVOLUTE_ONLY,2.05791998096,-0.119999328068,0.360000418397,GUARDED_PRODUCTION,true,true,SUCCESS,NONE,1,true,true,7.41296271756e-07,false,false,false,false,0,NaN,7125,-0.0559296191516|0.100233591168|-0.0616922382846|0.0848396165606|-0.104181661594|0.105830420270|0.0649443961829|-0.109057641284|-0.129058687303|0.0132528132770
963,VALID_CAMPAIGN,MICRO_MOTION,1587521865954353720,10,REVOLUTE_ONLY,2.05791998096,-0.119999328068,0.360000418397,UNGUARDED_REFERENCE,true,false,CONVERGED_UNCERTIFIED,NO_GUARDS_OR_FINAL_CERTIFICATION,1,true,false,7.24764042511e-07,false,true,false,true,0,NaN,875,-25.1897210163|12.6408197621|81.8402695358|-50.5401549165|-24.9101453519|81.4017701414|0.335971333490|43.7288583727|12.6327018773|-37.8169543218
964,VALID_CAMPAIGN,UNIFORM,-1879572393582816671,10,REVOLUTE_ONLY,-0.533693690020,0.742769585230,1.00957546218,GUARDED_PRODUCTION,true,true,SUCCESS,NONE,55,true,true,6.17219582340e-10,false,false,false,false,0,94.6184376139,477458,1.10811113544|0.686944593425|0.403097454334|0.666513543236|0.478531570254|0.598565407957|0.241009575008|0.0728498394059|0.0721697375276|0.117551765939
964,VALID_CAMPAIGN,UNIFORM,-1879572393582816671,10,REVOLUTE_ONLY,-0.533693690020,0.742769585230,1.00957546218,UNGUARDED_REFERENCE,true,false,CONVERGED_UNCERTIFIED,NO_GUARDS_OR_FINAL_CERTIFICATION,9,true,false,1.57842886832e-09,false,true,false,true,0,NaN,24375,-28.1831208946|11.5046689025|82.6060535393|-57.1465753882|22.8356833119|33.3483950309|19.5142593472|38.0332932194|30.7604341002|-48.4772494707
965,VALID_CAMPAIGN,NEAR_JOINT_LIMIT,-7952404932117380307,10,REVOLUTE_ONLY,0.0171174678679,-0.178791663797,0.914201204741,GUARDED_PRODUCTION,true,true,SUCCESS,NONE,28,true,true,1.26266525337e-08,false,false,false,false,0,2.81415507830,219875,0.864107791746|1.04601085310|1.19383161119|0.825770417872|0.313491515187|0.455921950245|0.385122941148|0.155364363796|-0.0142192626567|0.0715562002089
965,VALID_CAMPAIGN,NEAR_JOINT_LIMIT,-7952404932117380307,10,REVOLUTE_ONLY,0.0171174678679,-0.178791663797,0.914201204741,UNGUARDED_REFERENCE,true,false,CONVERGED_UNCERTIFIED,NO_GUARDS_OR_FINAL_CERTIFICATION,7,true,false,7.51168059008e-09,false,true,false,true,0,NaN,16541,-27.2766627678|10.0653759197|83.0391639208|-57.3039838499|22.1662054734|33.1123353989|19.8644899262|38.2676843367|30.7700786144|-48.3014016398
966,VALID_CAMPAIGN,NEAR_SINGULARITY,-2939829826783840707,10,REVOLUTE_ONLY,2.05791999827,-0.119999938915,0.360000038036,GUARDED_PRODUCTION,false,false,NO_CONVERGENCE,STAGNATION_WINDOW_EXCEEDED,79,true,true,0.661448467457,false,false,false,false,0,5.91420709199,592583,-0.0672553803936|2.37713844122|2.67428074637|-0.0300391801297|-0.676531986081|0.0293649301464|0.123486031809|-0.145285829419|-0.0873893000810|0.0205465488072
966,VALID_CAMPAIGN,NEAR_SINGULARITY,-2939829826783840707,10,REVOLUTE_ONLY,2.05791999827,-0.119999938915,0.360000038036,UNGUARDED_REFERENCE,true,false,CONVERGED_UNCERTIFIED,NO_GUARDS_OR_FINAL_CERTIFICATION,24,true,false,1.23190133052e-07,false,true,false,true,0,NaN,61917,-31.4688244838|6.37559721652|88.0340621306|-56.6744363815|18.7961246055|31.5014861484|19.0981968410|43.7493370138|31.0019579594|-49.8482197184
967,VALID_CAMPAIGN,MICRO_MOTION,-2033832570658278302,10,REVOLUTE_ONLY,2.05791998096,-0.119999328068,0.360000418397,GUARDED_PRODUCTION,false,false,NO_CONVERGENCE,STAGNATION_WINDOW_EXCEEDED,7,true,true,0.696252133943,false,false,false,false,0,104.880757427,47708,-0.0831116666556|2.37713844122|2.67428074637|-0.145939938705|-0.706559082069|0.0517301938822|0.161347775223|-0.146056598823|-0.0893827914364|0.00998415071978
967,VALID_CAMPAIGN,MICRO_MOTION,-2033832570658278302,10,REVOLUTE_ONLY,2.05791998096,-0.119999328068,0.360000418397,UNGUARDED_REFERENCE,true,false,CONVERGED_UNCERTIFIED,NO_GUARDS_OR_FINAL_CERTIFICATION,1,true,false,7.30924324444e-07,false,true,false,true,0,NaN,875,-31.4688244838|6.37559721652|88.0340621306|-56.6744363815|18.7961246055|31.5014861484|19.0981968410|43.7493370138|31.0019579594|-49.8482197184
968,VALID_CAMPAIGN,UNIFORM,-7348571547641707861,10,REVOLUTE_ONLY,-0.477615344508,1.24818486294,-0.0120604731851,GUARDED_PRODUCTION,true,true,SUCCESS,NONE,142,true,true,9.86047166534e-07,false,false,false,false,0,186.512422708,1054500,1.81708486873|1.98472765570|2.67428074637|0.0297918465359|-1.23266799087|-0.291887115809|0.353716257025|-0.0170003954550|-0.162037648190|-0.0162950500657
968,VALID_CAMPAIGN,UNIFORM,-7348571547641707861,10,REVOLUTE_ONLY,-0.477615344508,1.24818486294,-0.0120604731851,UNGUARDED_REFERENCE,true,false,CONVERGED_UNCERTIFIED,NO_GUARDS_OR_FINAL_CERTIFICATION,11,true,false,3.83057061100e-09,false,true,false,true,0,NaN,28041,-23.2438452657|0.353988083773|63.2524225821|-22.8512512704|28.4172465803|25.5340120910|19.5588594291|36.1807136215|-18.2847700832|-8.62554058901
969,VALID_CAMPAIGN,NEAR_JOINT_LIMIT,5568740419590788755,10,REVOLUTE_ONLY,-0.0783392115389,0.0285368647930,0.188759977032,GUARDED_PRODUCTION,true,true,SUCCESS,NONE,98,true,true,5.78005276775e-07,false,false,false,false,0,10.6322818746,744917,2.71696933740|2.18539884915|1.34010795229|0.478237287081|-1.78285383091|-1.73671776177|0.0788192303913|0.0649223751423|-1.20775571259|-0.522976788580
969,VALID_CAMPAIGN,NEAR_JOINT_LIMIT,5568740419590788755,10,REVOLUTE_ONLY,-0.0783392115389,0.0285368647930,0.188759977032,UNGUARDED_REFERENCE,true,false,CONVERGED_UNCERTIFIED,NO_GUARDS_OR_FINAL_CERTIFICATION,8,true,false,1.14284231615e-08,false,true,false,true,0,NaN,19000,-22.4029061944|0.969544324686|65.9842997131|-26.5537382820|27.8967954119|26.2906453851|20.0717056517|33.1954807663|-19.4824802915|-12.3267323470
970,VALID_CAMPAIGN,NEAR_SINGULARITY,-5366303229794612133,10,REVOLUTE_ONLY,2.05791999827,-0.119999938915,0.360000038036,GUARDED_PRODUCTION,false,false,NO_CONVERGENCE,STAGNATION_WINDOW_EXCEEDED,61,true,true,1.78810284498,false,false,false,false,0,2.24449093676,444959,3.14159265359|2.37713844122|0.987955639758|1.08331027453|-1.78285383091|-1.70013872749|-0.657081972223|-0.430387886762|-0.505450796929|-0.0877947769421
970,VALID_CAMPAIGN,NEAR_SINGULARITY,-5366303229794612133,10,REVOLUTE_ONLY,2.05791999827,-0.119999938915,0.360000038036,UNGUARDED_REFERENCE,true,false,CONVERGED_UNCERTIFIED,NO_GUARDS_OR_FINAL_CERTIFICATION,41,true,false,9.90628428144e-07,false,true,false,true,0,NaN,111208,-25.1856186824|-18.7513165461|56.6992622744|-31.6634733009|25.0947313153|31.3769665001|25.4068741800|31.2033316420|-24.8820122519|-13.0138910909
971,VALID_CAMPAIGN,MICRO_MOTION,-2814882500732402862,10,REVOLUTE_ONLY,2.05791998096,-0.119999328068,0.360000418397,GUARDED_PRODUCTION,false,false,NO_CONVERGENCE,STAGNATION_WINDOW_EXCEEDED,7,true,true,1.79351035987,false,false,false,false,0,3.47784410842,49042,3.14159265359|2.37713844122|0.925904302939|1.12434056851|-1.78285383091|-1.68632070706|-0.702293020508|-0.453976547384|-0.459909113616|-0.0630789369172
971,VALID_CAMPAIGN,MICRO_MOTION,-2814882500732402862,10,REVOLUTE_ONLY,2.05791998096,-0.119999328068,0.360000418397,UNGUARDED_REFERENCE,true,false,CONVERGED_UNCERTIFIED,NO_GUARDS_OR_FINAL_CERTIFICATION,2,true,false,3.04054642542e-08,false,true,false,true,0,NaN,3375,-25.1856228111|-18.7513148435|56.6992624498|-31.6634727966|25.0947314463|31.3769762844|25.4068721695|31.2033339481|-24.8820278760|-13.0138671441
972,VALID_CAMPAIGN,UNIFORM,-6275928019837657315,10,REVOLUTE_ONLY,0.805727382787,1.10715683169,0.301909246075,GUARDED_PRODUCTION,false,false,NO_CONVERGENCE,STAGNATION_WINDOW_EXCEEDED,116,true,true,1.42969277792,false,false,false,false,0,3.62753854106,809583,3.14159265359|2.37713844122|0.762447744304|0.984399622167|-1.78285383091|-1.78285383091|-0.196194261324|-0.123242163733|-0.804252363434|-0.189537090499
972,VALID_CAMPAIGN,UNIFORM,-6275928019837657315,10,REVOLUTE_ONLY,0.805727382787,1.10715683169,0.301909246075,UNGUARDED_REFERENCE,true,false,CONVERGED_UNCERTIFIED,NO_GUARDS_OR_FINAL_CERTIFICATION,17,true,false,2.12017544272e-07,false,true,false,true,0,NaN,45000,-11.5922534533|-25.0615720369|56.9809831337|-34.6306372147|21.4934129262|13.7445608750|31.4214790195|28.8837310395|-2.56802602481|-43.9265540700
973,VALID_CAMPAIGN,NEAR_JOINT_LIMIT,-4569883241015742897,10,REVOLUTE_ONLY,-0.290324055957,-0.201245784946,-0.00850669030226,GUARDED_PRODUCTION,true,true,SUCCESS,NONE,22,true,true,6.71088658043e-07,false,false,false,false,0,2.77658476540,169875,2.66026784553|1.80165240955|0.810615648764|0.809363966514|-1.55476942289|-1.71376227233|-0.100918407739|-0.0303808815934|-1.01656125829|-0.319107733552
973,VALID_CAMPAIGN,NEAR_JOINT_LIMIT,-4569883241015742897,10,REVOLUTE_ONLY,-0.290324055957,-0.201245784946,-0.00850669030226,UNGUARDED_REFERENCE,true,false,CONVERGED_UNCERTIFIED,NO_GUARDS_OR_FINAL_CERTIFICATION,9,true,false,1.84304489279e-10,false,true,false,true,0,NaN,22792,-8.76034404640|-28.3551391303|60.2314256674|-43.7411070647|16.5350806386|23.6125547737|22.5452709270|24.7606886845|-3.03423748069|-43.3291789645
974,VALID_CAMPAIGN,NEAR_SINGULARITY,6821148526241729769,10,REVOLUTE_ONLY,2.05791999827,-0.119999938915,0.360000038036,GUARDED_PRODUCTION,false,false,NO_CONVERGENCE,STAGNATION_WINDOW_EXCEEDED,56,true,true,1.75862136465,false,false,false,false,0,2.70584402418,404250,3.14159265359|2.37713844122|0.723968631276|1.27101196923|-1.78285383091|-1.73077606709|-0.697436271870|-0.435135813043|-0.563423457452|-0.0492689185691
974,VALID_CAMPAIGN,NEAR_SINGULARITY,6821148526241729769,10,REVOLUTE_ONLY,2.05791999827,-0.119999938915,0.360000038036,UNGUARDED_REFERENCE,true,false,CONVERGED_UNCERTIFIED,NO_GUARDS_OR_FINAL_CERTIFICATION,17,true,false,4.51748111736e-08,false,true,false,true,0,NaN,43250,-12.6244710250|-25.0127040427|62.9621613012|-44.1576691067|18.5874999098|25.3712169272|25.0661273689|25.2596721778|-6.26274734885|-44.1759698474
975,VALID_CAMPAIGN,MICRO_MOTION,-3830466983992055430,10,REVOLUTE_ONLY,2.05791998096,-0.119999328068,0.360000418397,GUARDED_PRODUCTION,false,false,NO_CONVERGENCE,STAGNATION_WINDOW_EXCEEDED,7,true,true,1.76693164807,false,false,false,false,0,3.73064741249,46334,3.14159265359|2.37713844122|0.681451527263|1.30855345197|-1.78285383091|-1.71585550377|-0.746359740375|-0.460797570968|-0.511147582032|-0.0221579381749
975,VALID_CAMPAIGN,MICRO_MOTION,-3830466983992055430,10,REVOLUTE_ONLY,2.05791998096,-0.119999328068,0.360000418397,UNGUARDED_REFERENCE,true,false,CONVERGED_UNCERTIFIED,NO_GUARDS_OR_FINAL_CERTIFICATION,1,true,false,7.21455725712e-07,false,true,false,true,0,NaN,875,-12.6244710250|-25.0127040427|62.9621613012|-44.1576691067|18.5874999098|25.3712169272|25.0661273689|25.2596721778|-6.26274734885|-44.1759698474
976,VALID_CAMPAIGN,UNIFORM,-8536105336199302346,10,REVOLUTE_ONLY,0.480739019136,0.329738766853,0.0764294773451,GUARDED_PRODUCTION,false,false,NO_CONVERGENCE,STAGNATION_WINDOW_EXCEEDED,53,true,true,0.595597335975,false,false,false,false,0,3.90358350358,439625,3.14159265359|2.37713844122|0.496214806179|1.10685877406|-1.78285383091|-1.78285383091|-0.303867917390|-0.167419923167|-0.788654575825|-0.152626626899
976,VALID_CAMPAIGN,UNIFORM,-8536105336199302346,10,REVOLUTE_ONLY,0.480739019136,0.329738766853,0.0764294773451,UNGUARDED_REFERENCE,true,false,CONVERGED_UNCERTIFIED,NO_GUARDS_OR_FINAL_CERTIFICATION,7,true,false,1.01298609665e-08,false,true,false,true,0,NaN,22917,-11.4277026667|-25.1256870494|60.4681454543|-38.6236844757|3.60178934520|39.1831539079|-2.36435940718|51.2447887737|2.02303152448|-59.9625236230
977,VALID_CAMPAIGN,NEAR_JOINT_LIMIT,-7146741138801077368,10,REVOLUTE_ONLY,-0.451217970800,0.190405192536,0.0438341698656,GUARDED_PRODUCTION,true,true,SUCCESS,NONE,33,true,true,9.09547611819e-09,false,false,false,false,0,2.76827522118,279708,2.53278330616|2.35118917873|0.157237216932|0.767977667637|-1.46112341822|-1.44353350784|0.185345208091|0.155773681638|-0.716637121251|-0.123951269096
977,VALID_CAMPAIGN,NEAR_JOINT_LIMIT,-7146741138801077368,10,REVOLUTE_ONLY,-0.451217970800,0.190405192536,0.0438341698656,UNGUARDED_REFERENCE,true,false,CONVERGED_UNCERTIFIED,NO_GUARDS_OR_FINAL_CERTIFICATION,7,true,false,6.72835332268e-07,false,true,false,true,0,NaN,17666,-10.1613232412|-28.1105613397|60.0052113322|-37.9674160351|4.15731886201|40.2381418532|-2.78646107141|51.4707602281|1.51403423360|-60.6049041945
978,VALID_CAMPAIGN,NEAR_SINGULARITY,-1573106645039831142,10,REVOLUTE_ONLY,2.05791999827,-0.119999938915,0.360000038036,GUARDED_PRODUCTION,true,true,SUCCESS,NONE,205,true,true,4.92361735929e-07,false,false,false,false,0,1.79728159962,1620917,-0.0867200562733|0.164392562905|-0.0441657042937|0.0604059176893|-0.203066018480|0.125821482078|0.0775379000257|-0.118275823223|-0.0492797510564|0.0610531589640
978,VALID_CAMPAIGN,NEAR_SINGULARITY,-1573106645039831142,10,REVOLUTE_ONLY,2.05791999827,-0.119999938915,0.360000038036,UNGUARDED_REFERENCE,true,false,CONVERGED_UNCERTIFIED,NO_GUARDS_OR_FINAL_CERTIFICATION,24,true,false,5.75139106079e-08,false,true,false,true,0,NaN,64208,-12.6220335769|-25.0566851525|63.0454479966|-31.7753006283|0.185844520581|43.7664149389|-5.86205911889|49.9434110571|-0.131305651906|-62.6875168567
979,VALID_CAMPAIGN,MICRO_MOTION,5647132590688007453,10,REVOLUTE_ONLY,2.05791998096,-0.119999328068,0.360000418397,GUARDED_PRODUCTION,true,true,SUCCESS,NONE,1,true,true,9.25333688837e-07,false,false,false,false,0,NaN,8666,-0.0867200562733|0.164392562905|-0.0441657042937|0.0604059176893|-0.203066018480|0.125821482078|0.0775379000257|-0.118275823223|-0.0492797510564|0.0610531589640
979,VALID_CAMPAIGN,MICRO_MOTION,5647132590688007453,10,REVOLUTE_ONLY,2.05791998096,-0.119999328068,0.360000418397,UNGUARDED_REFERENCE,true,false,CONVERGED_UNCERTIFIED,NO_GUARDS_OR_FINAL_CERTIFICATION,1,true,false,7.22309151430e-07,false,true,false,true,0,NaN,958,-12.6220335769|-25.0566851525|63.0454479966|-31.7753006283|0.185844520581|43.7664149389|-5.86205911889|49.9434110571|-0.131305651906|-62.6875168567
980,VALID_CAMPAIGN,UNIFORM,5466516885728737065,10,REVOLUTE_ONLY,-0.698326979845,1.28814532046,0.304611287049,GUARDED_PRODUCTION,true,true,SUCCESS,NONE,55,true,true,1.52730038892e-07,false,false,false,false,0,90.0502430906,466834,0.753324700434|1.16076411803|-0.232625146324|0.273705751920|0.297854617506|0.614693033312|0.0374540768039|-0.116791605920|0.231613967752|0.224402037317
980,VALID_CAMPAIGN,UNIFORM,5466516885728737065,10,REVOLUTE_ONLY,-0.698326979845,1.28814532046,0.304611287049,UNGUARDED_REFERENCE,true,false,CONVERGED_UNCERTIFIED,NO_GUARDS_OR_FINAL_CERTIFICATION,8,true,false,8.34851740883e-08,false,true,false,true,0,NaN,20875,-10.5195637916|-31.1229083954|81.5639776732|-62.3082322051|43.0103455276|-0.187983321716|21.5017859668|33.7351788285|-5.80493189040|-42.6202910635
981,VALID_CAMPAIGN,NEAR_JOINT_LIMIT,7842825445607175036,10,REVOLUTE_ONLY,-0.305546996846,-0.189347560970,0.385475863354,GUARDED_PRODUCTION,true,true,SUCCESS,NONE,38,true,true,2.29683232854e-07,false,false,false,false,0,3.89396062990,382959,0.860618035628|1.96644605272|0.0756393852024|0.426059245851|0.830766092562|1.09058459447|0.151148406514|-0.0363429182654|0.409225696663|0.307957629590
981,VALID_CAMPAIGN,NEAR_JOINT_LIMIT,7842825445607175036,10,REVOLUTE_ONLY,-0.305546996846,-0.189347560970,0.385475863354,UNGUARDED_REFERENCE,true,false,CONVERGED_UNCERTIFIED,NO_GUARDS_OR_FINAL_CERTIFICATION,6,true,false,9.10891736547e-08,false,true,false,true,0,NaN,15667,-10.1847070115|-30.1130223036|81.2528863252|-59.7189183612|39.4466800092|-0.540510124979|18.6008674752|30.1172703733|-5.76870408907|-39.9966146894
982,VALID_CAMPAIGN,NEAR_SINGULARITY,6775078518363527781,10,REVOLUTE_ONLY,2.05791999827,-0.119999938915,0.360000038036,GUARDED_PRODUCTION,false,false,NO_CONVERGENCE,STAGNATION_WINDOW_EXCEEDED,181,true,true,0.717067467489,false,false,false,false,0,1.98532954620,1404541,-0.0245888955799|2.37568641325|2.67428074637|-0.209418151169|-0.730411377213|0.0669246556317|0.205428902083|-0.170607081762|-0.0858909945971|0.00254773291748
982,VALID_CAMPAIGN,NEAR_SINGULARITY,6775078518363527781,10,REVOLUTE_ONLY,2.05791999827,-0.119999938915,0.360000038036,UNGUARDED_REFERENCE,true,false,CONVERGED_UNCERTIFIED,NO_GUARDS_OR_FINAL_CERTIFICATION,41,true,false,3.11050656172e-08,false,true,false,true,0,NaN,110250,-0.0596285509570|-43.8467104553|75.5822809308|-56.8621198247|49.8606604219|0.385437964962|12.9411948655|31.1282937345|-6.25881404826|-31.6553657086
983,VALID_CAMPAIGN,MICRO_MOTION,4607993131594969584,10,REVOLUTE_ONLY,2.05791998096,-0.119999328068,0.360000418397,GUARDED_PRODUCTION,false,false,NO_CONVERGENCE,STAGNATION_WINDOW_EXCEEDED,7,true,true,0.719974610559,false,false,false,false,0,259.722559477,57917,-0.00553710184093|2.36814432621|2.67428074637|-0.212667897560|-0.744642472306|0.0769633413645|0.208230247003|-0.172916710497|-0.0870377873018|0.000665466986685
983,VALID_CAMPAIGN,MICRO_MOTION,4607993131594969584,10,REVOLUTE_ONLY,2.05791998096,-0.119999328068,0.360000418397,UNGUARDED_REFERENCE,true,false,CONVERGED_UNCERTIFIED,NO_GUARDS_OR_FINAL_CERTIFICATION,1,true,false,7.20597556016e-07,false,true,false,true,0,NaN,958,-0.0596285509570|-43.8467104553|75.5822809308|-56.8621198247|49.8606604219|0.385437964962|12.9411948655|31.1282937345|-6.25881404826|-31.6553657086
984,VALID_CAMPAIGN,UNIFORM,-4075966773881803913,10,REVOLUTE_ONLY,0.178070831634,-0.377747110729,-0.723768108190,GUARDED_PRODUCTION,false,false,NO_CONVERGENCE,STAGNATION_WINDOW_EXCEEDED,73,true,true,0.415367526979,false,false,false,false,0,266.727461778,546750,-1.39039188112|1.81864822412|2.67428074637|0.480386703001|-0.943717316803|-0.229292911573|1.31203423819|0.632673483450|-0.0450366952712|0.0174912127777
984,VALID_CAMPAIGN,UNIFORM,-4075966773881803913,10,REVOLUTE_ONLY,0.178070831634,-0.377747110729,-0.723768108190,UNGUARDED_REFERENCE,true,false,CONVERGED_UNCERTIFIED,NO_GUARDS_OR_FINAL_CERTIFICATION,13,true,false,1.28363621636e-07,false,true,false,true,0,NaN,31958,0.514538642929|-40.4151936985|80.5069466134|-70.9350058878|15.4660299124|30.3631161170|26.3752100633|18.8322925961|0.754249467817|-57.6013455933
985,VALID_CAMPAIGN,NEAR_JOINT_LIMIT,2459705427051736466,10,REVOLUTE_ONLY,-0.262844447387,-0.294412108637,-0.346054912157,GUARDED_PRODUCTION,false,false,NO_CONVERGENCE,STAGNATION_WINDOW_EXCEEDED,23,true,true,0.0675937107043,false,false,false,false,4,2.84562159401,175459,-2.18007631100|1.60863198389|2.67428074637|0.520877102915|-0.928319522903|-0.342540031277|1.56916009606|0.725058008396|0.104928760979|0.0869799390429
985,VALID_CAMPAIGN,NEAR_JOINT_LIMIT,2459705427051736466,10,REVOLUTE_ONLY,-0.262844447387,-0.294412108637,-0.346054912157,UNGUARDED_REFERENCE,true,false,CONVERGED_UNCERTIFIED,NO_GUARDS_OR_FINAL_CERTIFICATION,7,true,false,5.60645862377e-09,false,true,false,true,0,NaN,16541,2.35345989792|-41.7819837838|81.4615362923|-71.8012966160|15.4329106066|29.7416814971|26.1252285968|19.4095517048|2.14486178258|-59.2975641770
986,VALID_CAMPAIGN,NEAR_SINGULARITY,3221764053977427899,10,REVOLUTE_ONLY,2.05791999827,-0.119999938915,0.360000038036,GUARDED_PRODUCTION,false,false,NO_CONVERGENCE,STAGNATION_WINDOW_EXCEEDED,87,true,true,1.05166678914,false,false,false,false,0,3.22340330520,649292,-0.343336080771|0.788099328335|2.67428074637|1.78285383091|-0.739089548370|0.430756905406|1.38409019655|0.430149770786|-0.593548420105|-0.212259118702
986,VALID_CAMPAIGN,NEAR_SINGULARITY,3221764053977427899,10,REVOLUTE_ONLY,2.05791999827,-0.119999938915,0.360000038036,UNGUARDED_REFERENCE,true,false,CONVERGED_UNCERTIFIED,NO_GUARDS_OR_FINAL_CERTIFICATION,19,true,false,9.07335199481e-07,false,true,false,true,0,NaN,47792,-0.0583064188465|-37.6103769109|81.8290824671|-75.6334818002|12.5930479275|31.4106234668|25.3519120872|18.6899913058|5.89782143280|-62.3828437743
987,VALID_CAMPAIGN,MICRO_MOTION,-7857601132957774374,10,REVOLUTE_ONLY,2.05791998096,-0.119999328068,0.360000418397,GUARDED_PRODUCTION,false,false,NO_CONVERGENCE,STAGNATION_WINDOW_EXCEEDED,7,true,true,1.06286706043,false,false,false,false,0,5.58612425271,49792,-0.326517939166|0.752406896346|2.67428074637|1.78285383091|-0.773080740035|0.431010188695|1.32107167742|0.361242447763|-0.587573258685|-0.202337656608
987,VALID_CAMPAIGN,MICRO_MOTION,-7857601132957774374,10,REVOLUTE_ONLY,2.05791998096,-0.119999328068,0.360000418397,UNGUARDED_REFERENCE,true,false,CONVERGED_UNCERTIFIED,NO_GUARDS_OR_FINAL_CERTIFICATION,2,true,false,2.64215239791e-08,false,true,false,true,0,NaN,3250,-0.0583042530325|-37.6103759451|81.8290825929|-75.6334819117|12.5930378037|31.4106276616|25.3519134535|18.6899904808|5.89783385315|-62.3828653036
988,VALID_CAMPAIGN,UNIFORM,6752884999603408886,10,REVOLUTE_ONLY,0.814138868783,-0.993839091858,-0.652446203400,GUARDED_PRODUCTION,false,false,NO_CONVERGENCE,STAGNATION_WINDOW_EXCEEDED,29,true,true,0.263915397564,false,false,false,false,5,5.76848551421,219209,-0.830703343689|0.593600197379|2.67428074637|1.78285383091|-0.671297614163|0.520180018263|0.822664117336|-0.0611014495214|-0.449198856574|-0.111034029083
988,VALID_CAMPAIGN,UNIFORM,6752884999603408886,10,REVOLUTE_ONLY,0.814138868783,-0.993839091858,-0.652446203400,UNGUARDED_REFERENCE,true,false,CONVERGED_UNCERTIFIED,NO_GUARDS_OR_FINAL_CERTIFICATION,19,true,false,2.64865679465e-09,false,true,false,true,0,NaN,49917,5.03264166894|-36.6158061906|79.5184818281|-80.4367169957|25.5786951747|23.8692482150|24.6697822932|19.2487984624|-11.8543331215|-25.8825513559
989,VALID_CAMPAIGN,NEAR_JOINT_LIMIT,-3371980871798490509,10,REVOLUTE_ONLY,-0.154299944049,0.171627510856,0.134014105838,GUARDED_PRODUCTION,true,true,SUCCESS,NONE,59,true,true,4.80316725328e-10,false,false,false,false,0,6.91700405070,452708,0.494625392527|-0.0760254546615|1.12104506561|1.48712802846|-0.0124178258602|1.01866085772|0.946403966418|0.101006352991|-0.226835219034|-0.0286673867963
989,VALID_CAMPAIGN,NEAR_JOINT_LIMIT,-3371980871798490509,10,REVOLUTE_ONLY,-0.154299944049,0.171627510856,0.134014105838,UNGUARDED_REFERENCE,true,false,CONVERGED_UNCERTIFIED,NO_GUARDS_OR_FINAL_CERTIFICATION,8,true,false,4.08203939846e-09,false,true,false,true,0,NaN,20041,3.66991790874|-33.2514908910|74.8504971948|-79.1500051721|23.3780466515|20.6540515047|25.1078390747|21.5761046227|-11.5107815618|-27.4175284478
990,VALID_CAMPAIGN,NEAR_SINGULARITY,3151091981721155911,10,REVOLUTE_ONLY,2.05791999827,-0.119999938915,0.360000038036,GUARDED_PRODUCTION,true,true,SUCCESS,NONE,166,true,true,1.71496766443e-07,false,false,false,false,0,3.35606674742,1255125,-0.0498973055574|0.0910627294799|-0.0595342024125|0.0819224730574|-0.119913258737|0.137908044395|0.0785241044711|-0.126592859080|-0.153382615065|0.0139881371054
990,VALID_CAMPAIGN,NEAR_SINGULARITY,3151091981721155911,10,REVOLUTE_ONLY,2.05791999827,-0.119999938915,0.360000038036,UNGUARDED_REFERENCE,true,false,CONVERGED_UNCERTIFIED,NO_GUARDS_OR_FINAL_CERTIFICATION,99,true,false,9.94458747047e-08,false,true,false,true,0,NaN,260208,-6.34202932544|-31.2825431310|56.7341933825|-63.1624383263|37.3027214734|25.5326777630|13.0390993302|24.7534484600|-6.42088394536|-25.1527451143
991,VALID_CAMPAIGN,MICRO_MOTION,-2155442036302876319,10,REVOLUTE_ONLY,2.05791998096,-0.119999328068,0.360000418397,GUARDED_PRODUCTION,true,true,SUCCESS,NONE,1,true,true,7.36012985986e-07,false,false,false,false,0,NaN,5500,-0.0498973055574|0.0910627294799|-0.0595342024125|0.0819224730574|-0.119913258737|0.137908044395|0.0785241044711|-0.126592859080|-0.153382615065|0.0139881371054
991,VALID_CAMPAIGN,MICRO_MOTION,-2155442036302876319,10,REVOLUTE_ONLY,2.05791998096,-0.119999328068,0.360000418397,UNGUARDED_REFERENCE,true,false,CONVERGED_UNCERTIFIED,NO_GUARDS_OR_FINAL_CERTIFICATION,1,true,false,7.26977826751e-07,false,true,false,true,0,NaN,875,-6.34202932544|-31.2825431310|56.7341933825|-63.1624383263|37.3027214734|25.5326777630|13.0390993302|24.7534484600|-6.42088394536|-25.1527451143
992,VALID_CAMPAIGN,UNIFORM,943306378838512873,10,REVOLUTE_ONLY,-0.704421676507,-0.689445084747,1.12852955401,GUARDED_PRODUCTION,true,true,SUCCESS,NONE,55,true,true,1.59514078873e-09,false,false,false,false,0,93.4477485808,414916,-1.31751697272|-0.468689754505|0.615930534959|0.584406274863|-0.527897854772|-0.182811710256|0.243282426649|0.0204601415155|-0.321097689910|-0.0672719709099
992,VALID_CAMPAIGN,UNIFORM,943306378838512873,10,REVOLUTE_ONLY,-0.704421676507,-0.689445084747,1.12852955401,UNGUARDED_REFERENCE,true,false,CONVERGED_UNCERTIFIED,NO_GUARDS_OR_FINAL_CERTIFICATION,16,true,false,6.71627177247e-09,false,true,false,true,0,NaN,43125,-2.34301191756|-31.2053412536|57.8752323307|-76.3308256603|-13.4950695501|60.1065996214|45.6577773313|0.375894154642|-7.00829929433|-30.6539586827
993,VALID_CAMPAIGN,NEAR_JOINT_LIMIT,8397296066780907238,10,REVOLUTE_ONLY,-0.258320737481,-0.0337702075824,0.371927442285,GUARDED_PRODUCTION,true,true,SUCCESS,NONE,33,true,true,5.67921355133e-07,false,false,false,false,0,3.53844092040,251083,-0.589195522198|-0.766287219837|1.14856109182|0.912501260817|-0.634362780643|-0.370596262443|0.780265454380|0.457203692160|-0.410812410299|-0.119686311665
993,VALID_CAMPAIGN,NEAR_JOINT_LIMIT,8397296066780907238,10,REVOLUTE_ONLY,-0.258320737481,-0.0337702075824,0.371927442285,UNGUARDED_REFERENCE,true,false,CONVERGED_UNCERTIFIED,NO_GUARDS_OR_FINAL_CERTIFICATION,8,true,false,5.73009585720e-07,false,true,false,true,0,NaN,20000,-2.33588203693|-32.7912701216|58.2474454148|-78.3019534985|-15.9556436620|65.3538344698|42.1310448570|3.86928566608|-9.07583386190|-24.9300598974
994,VALID_CAMPAIGN,NEAR_SINGULARITY,-7610818256906432207,10,REVOLUTE_ONLY,2.05791999827,-0.119999938915,0.360000038036,GUARDED_PRODUCTION,true,true,SUCCESS,NONE,243,true,true,5.39923771360e-07,false,false,false,false,0,2.44218177754,1971500,-0.0577919405093|0.0840350229155|0.201125231627|-0.344461941959|0.157833548027|-0.224870022529|0.443667284444|-0.351395978425|0.0710951832397|-0.112668473958
994,VALID_CAMPAIGN,NEAR_SINGULARITY,-7610818256906432207,10,REVOLUTE_ONLY,2.05791999827,-0.119999938915,0.360000038036,UNGUARDED_REFERENCE,true,false,CONVERGED_UNCERTIFIED,NO_GUARDS_OR_FINAL_CERTIFICATION,73,true,false,2.52738627949e-07,false,true,false,true,0,NaN,196959,12.5090394323|-56.4356233722|56.7220164241|-75.6999484769|-19.0526655674|44.2106120890|44.4220159993|5.91585968077|5.90577732335|-24.7673482222
995,VALID_CAMPAIGN,MICRO_MOTION,-4058137885846223970,10,REVOLUTE_ONLY,2.05791998096,-0.119999328068,0.360000418397,GUARDED_PRODUCTION,true,true,SUCCESS,NONE,1,true,true,8.69258652815e-07,false,false,false,false,0,NaN,8209,-0.0577919405093|0.0840350229155|0.201125231627|-0.344461941959|0.157833548027|-0.224870022529|0.443667284444|-0.351395978425|0.0710951832397|-0.112668473958
995,VALID_CAMPAIGN,MICRO_MOTION,-4058137885846223970,10,REVOLUTE_ONLY,2.05791998096,-0.119999328068,0.360000418397,UNGUARDED_REFERENCE,true,false,CONVERGED_UNCERTIFIED,NO_GUARDS_OR_FINAL_CERTIFICATION,1,true,false,7.63709937766e-07,false,true,false,true,0,NaN,959,12.5090394323|-56.4356233722|56.7220164241|-75.6999484769|-19.0526655674|44.2106120890|44.4220159993|5.91585968077|5.90577732335|-24.7673482222
996,ADVERSARIAL_PROBES,NON_FINITE_TARGET,6573291308302621862,10,REVOLUTE_ONLY,NaN,-0.120000000000,0.360000000000,GUARDED_PRODUCTION,false,false,INVALID_INPUT,INVALID_TARGET,0,true,true,NaN,false,false,false,false,0,NaN,4750,0.00000000000|0.00000000000|0.00000000000|0.00000000000|0.00000000000|0.00000000000|0.00000000000|0.00000000000|0.00000000000|0.00000000000
996,ADVERSARIAL_PROBES,NON_FINITE_TARGET,6573291308302621862,10,REVOLUTE_ONLY,NaN,-0.120000000000,0.360000000000,UNGUARDED_REFERENCE,false,false,MAX_ITERATIONS_UNCERTIFIED,NO_GUARDS_OR_FINAL_CERTIFICATION,800,false,false,NaN,true,false,false,true,0,NaN,1456709,NaN|NaN|NaN|NaN|NaN|NaN|NaN|NaN|NaN|NaN
997,ADVERSARIAL_PROBES,INFINITE_TARGET,-516593880414300194,10,REVOLUTE_ONLY,2.05792000000,-0.120000000000,Infinity,GUARDED_PRODUCTION,false,false,INVALID_INPUT,INVALID_TARGET,0,true,true,Infinity,false,false,false,false,0,NaN,3750,0.00000000000|0.00000000000|0.00000000000|0.00000000000|0.00000000000|0.00000000000|0.00000000000|0.00000000000|0.00000000000|0.00000000000
997,ADVERSARIAL_PROBES,INFINITE_TARGET,-516593880414300194,10,REVOLUTE_ONLY,2.05792000000,-0.120000000000,Infinity,UNGUARDED_REFERENCE,false,false,MAX_ITERATIONS_UNCERTIFIED,NO_GUARDS_OR_FINAL_CERTIFICATION,800,false,false,NaN,true,false,false,true,0,NaN,1452958,NaN|NaN|NaN|NaN|NaN|NaN|NaN|NaN|NaN|NaN
998,ADVERSARIAL_PROBES,NON_FINITE_INITIAL_STATE,2641995968823401899,10,REVOLUTE_ONLY,2.05792000000,-0.120000000000,0.360000000000,GUARDED_PRODUCTION,false,false,INVALID_INPUT,INVALID_INITIAL_STATE,0,true,true,0.00000000000,false,false,false,false,0,NaN,27583,0.00000000000|0.00000000000|0.00000000000|0.00000000000|0.00000000000|0.00000000000|0.00000000000|0.00000000000|0.00000000000|0.00000000000
998,ADVERSARIAL_PROBES,NON_FINITE_INITIAL_STATE,2641995968823401899,10,REVOLUTE_ONLY,2.05792000000,-0.120000000000,0.360000000000,UNGUARDED_REFERENCE,false,false,MAX_ITERATIONS_UNCERTIFIED,NO_GUARDS_OR_FINAL_CERTIFICATION,800,false,false,NaN,true,false,false,true,0,NaN,1441709,NaN|NaN|NaN|NaN|NaN|NaN|NaN|NaN|NaN|NaN
999,ADVERSARIAL_PROBES,OVERFLOWING_GEOMETRY,-8059447853775077027,10,REVOLUTE_ONLY,0.00000000000,0.00000000000,0.00000000000,GUARDED_PRODUCTION,false,false,NUMERICAL_FAILURE,OUTPUT_VALIDATION_FAILED,1,true,true,Infinity,false,false,false,false,0,NaN,16834,0.00000000000|0.00000000000|0.00000000000|0.00000000000|0.00000000000|0.00000000000|0.00000000000|0.00000000000|0.00000000000|0.00000000000
999,ADVERSARIAL_PROBES,OVERFLOWING_GEOMETRY,-8059447853775077027,10,REVOLUTE_ONLY,0.00000000000,0.00000000000,0.00000000000,UNGUARDED_REFERENCE,false,false,MAX_ITERATIONS_UNCERTIFIED,NO_GUARDS_OR_FINAL_CERTIFICATION,800,false,false,NaN,true,false,false,true,0,NaN,1448833,NaN|NaN|NaN|NaN|NaN|NaN|NaN|NaN|NaN|NaN
1000,VALID_CAMPAIGN,UNIFORM,4516879721014714369,10,PRISMATIC_ONLY,0.460000000000,-1.09487564487,2.47124862252,GUARDED_PRODUCTION,true,true,SUCCESS_WITH_WARNING,CRITICAL_SINGULARITY_DAMPED,37,true,true,3.89293257371e-07,false,false,false,false,0,Infinity,257417,0.353035509656|0.353035509656|0.364958419825|0.353035509654|0.353035509654|0.364958419825|0.353035509654|0.353035509656|0.364958419825|0.353035509656
1000,VALID_CAMPAIGN,UNIFORM,4516879721014714369,10,PRISMATIC_ONLY,0.460000000000,-1.09487564487,2.47124862252,UNGUARDED_REFERENCE,true,true,CONVERGED_UNCERTIFIED,NO_GUARDS_OR_FINAL_CERTIFICATION,3,true,true,4.01779900619e-08,false,false,false,false,0,NaN,5167,0.353035515592|0.353035515592|0.364958535659|0.353035515592|0.353035515592|0.364958535659|0.353035515592|0.353035515592|0.364958535667|0.353035515592
1001,VALID_CAMPAIGN,NEAR_JOINT_LIMIT,146689029131168842,10,PRISMATIC_ONLY,0.460000000000,-0.0600000166500,2.35999999445,GUARDED_PRODUCTION,true,true,SUCCESS_WITH_WARNING,CRITICAL_SINGULARITY_DAMPED,111,true,true,6.39782325472e-07,false,false,false,false,0,Infinity,762250,0.337142856933|0.337142856933|0.0200002188068|0.337142856932|0.337142856932|0.0200002188068|0.337142856932|0.337142856934|0.0200002188057|0.337142856933
1001,VALID_CAMPAIGN,NEAR_JOINT_LIMIT,146689029131168842,10,PRISMATIC_ONLY,0.460000000000,-0.0600000166500,2.35999999445,UNGUARDED_REFERENCE,true,true,CONVERGED_UNCERTIFIED,NO_GUARDS_OR_FINAL_CERTIFICATION,3,true,true,1.93777088320e-07,false,false,false,false,0,NaN,4833,0.337142856897|0.337142856897|0.0200000701273|0.337142856897|0.337142856897|0.0200000701273|0.337142856897|0.337142856897|0.0200000701348|0.337142856897
1002,VALID_CAMPAIGN,NEAR_SINGULARITY,5104126500006162656,10,PRISMATIC_ONLY,0.460000000000,-0.892500005550,2.08249999445,GUARDED_PRODUCTION,true,true,SUCCESS_WITH_WARNING,CRITICAL_SINGULARITY_DAMPED,92,true,true,4.68753750343e-07,false,false,false,false,0,Infinity,628000,0.297500000610|0.297500000610|0.297499845634|0.297500000609|0.297500000609|0.297499845634|0.297500000610|0.297500000611|0.297499845632|0.297500000611
1002,VALID_CAMPAIGN,NEAR_SINGULARITY,5104126500006162656,10,PRISMATIC_ONLY,0.460000000000,-0.892500005550,2.08249999445,UNGUARDED_REFERENCE,true,true,CONVERGED_UNCERTIFIED,NO_GUARDS_OR_FINAL_CERTIFICATION,3,true,true,1.56144602307e-07,false,false,false,false,0,NaN,4916,0.297500000571|0.297500000571|0.297499949897|0.297500000571|0.297500000571|0.297499949897|0.297500000571|0.297500000571|0.297499949904|0.297500000571
1003,VALID_CAMPAIGN,MICRO_MOTION,-2547305487312910301,10,PRISMATIC_ONLY,0.460000000000,-0.892500061050,2.08249993895,GUARDED_PRODUCTION,true,true,SUCCESS,NONE,1,true,true,5.28205340424e-07,false,false,false,false,0,NaN,5125,0.297500000610|0.297500000610|0.297499845634|0.297500000609|0.297500000609|0.297499845634|0.297500000610|0.297500000611|0.297499845632|0.297500000611
1003,VALID_CAMPAIGN,MICRO_MOTION,-2547305487312910301,10,PRISMATIC_ONLY,0.460000000000,-0.892500061050,2.08249993895,UNGUARDED_REFERENCE,true,true,CONVERGED_UNCERTIFIED,NO_GUARDS_OR_FINAL_CERTIFICATION,1,true,true,2.21135587888e-07,false,false,false,false,0,NaN,916,0.297500000571|0.297500000571|0.297499949897|0.297500000571|0.297500000571|0.297499949897|0.297500000571|0.297500000571|0.297499949904|0.297500000571
1004,VALID_CAMPAIGN,UNIFORM,-6528081242678632577,10,PRISMATIC_ONLY,0.460000000000,-0.610564223993,1.69000693584,GUARDED_PRODUCTION,true,true,SUCCESS_WITH_WARNING,CRITICAL_SINGULARITY_DAMPED,43,true,true,3.80709767252e-07,false,false,false,false,0,Infinity,297000,0.241429567732|0.241429567732|0.203521534258|0.241429567731|0.241429567732|0.203521534258|0.241429567732|0.241429567734|0.203521534256|0.241429567732
1004,VALID_CAMPAIGN,UNIFORM,-6528081242678632577,10,PRISMATIC_ONLY,0.460000000000,-0.610564223993,1.69000693584,UNGUARDED_REFERENCE,true,true,CONVERGED_UNCERTIFIED,NO_GUARDS_OR_FINAL_CERTIFICATION,3,true,true,5.44810534885e-08,false,false,false,false,0,NaN,4792,0.241429564202|0.241429564202|0.203521425585|0.241429564202|0.241429564202|0.203521425585|0.241429564177|0.241429564177|0.203521425603|0.241429564177
1005,VALID_CAMPAIGN,NEAR_JOINT_LIMIT,-2684780441473954810,10,PRISMATIC_ONLY,0.460000000000,-1.16999999445,1.80500000555,GUARDED_PRODUCTION,true,true,SUCCESS_WITH_WARNING,CRITICAL_SINGULARITY_DAMPED,62,true,true,4.94392255471e-07,false,false,false,false,0,Infinity,435916,0.257857142631|0.257857142631|0.389999833370|0.257857142629|0.257857142631|0.389999833370|0.257857142630|0.257857142632|0.389999833369|0.257857142631
1005,VALID_CAMPAIGN,NEAR_JOINT_LIMIT,-2684780441473954810,10,PRISMATIC_ONLY,0.460000000000,-1.16999999445,1.80500000555,UNGUARDED_REFERENCE,true,true,CONVERGED_UNCERTIFIED,NO_GUARDS_OR_FINAL_CERTIFICATION,3,true,true,1.04806781444e-07,false,false,false,false,0,NaN,4875,0.257857143096|0.257857143096|0.389999963233|0.257857143096|0.257857143096|0.389999963233|0.257857143071|0.257857143071|0.389999963251|0.257857143071
1006,VALID_CAMPAIGN,NEAR_SINGULARITY,1756725880684905471,10,PRISMATIC_ONLY,0.460000000000,-0.892500005550,2.08249999445,GUARDED_PRODUCTION,true,true,SUCCESS_WITH_WARNING,CRITICAL_SINGULARITY_DAMPED,38,true,true,3.06181460141e-07,false,false,false,false,0,Infinity,301750,0.297499996031|0.297499996031|0.297500103642|0.297499996030|0.297499996032|0.297500103642|0.297499996032|0.297499996033|0.297500103640|0.297499996031
1006,VALID_CAMPAIGN,NEAR_SINGULARITY,1756725880684905471,10,PRISMATIC_ONLY,0.460000000000,-0.892500005550,2.08249999445,UNGUARDED_REFERENCE,true,true,CONVERGED_UNCERTIFIED,NO_GUARDS_OR_FINAL_CERTIFICATION,3,true,true,5.28207258241e-08,false,false,false,false,0,NaN,9000,0.297499997848|0.297499997848|0.297500019154|0.297499997857|0.297499997857|0.297500019154|0.297499997832|0.297499997832|0.297500019193|0.297499997832
1007,VALID_CAMPAIGN,MICRO_MOTION,8454495106866023931,10,PRISMATIC_ONLY,0.460000000000,-0.892500061050,2.08249993895,GUARDED_PRODUCTION,true,true,SUCCESS,NONE,1,true,true,2.52078645038e-07,false,false,false,false,0,NaN,18333,0.297499996031|0.297499996031|0.297500103642|0.297499996030|0.297499996032|0.297500103642|0.297499996032|0.297499996033|0.297500103640|0.297499996031
1007,VALID_CAMPAIGN,MICRO_MOTION,8454495106866023931,10,PRISMATIC_ONLY,0.460000000000,-0.892500061050,2.08249993895,UNGUARDED_REFERENCE,true,true,CONVERGED_UNCERTIFIED,NO_GUARDS_OR_FINAL_CERTIFICATION,1,true,true,4.60901424199e-08,false,false,false,false,0,NaN,1125,0.297499997848|0.297499997848|0.297500019154|0.297499997857|0.297499997857|0.297500019154|0.297499997832|0.297499997832|0.297500019193|0.297499997832
1008,VALID_CAMPAIGN,UNIFORM,-6502943548607885352,10,PRISMATIC_ONLY,0.460000000000,-1.03320467796,2.35577555220,GUARDED_PRODUCTION,true,true,SUCCESS_WITH_WARNING,CRITICAL_SINGULARITY_DAMPED,27,true,true,3.11695747548e-07,false,false,false,false,0,Infinity,205875,0.336539358130|0.336539358130|0.344401456523|0.336539358129|0.336539358129|0.344401456523|0.336539358131|0.336539358132|0.344401456521|0.336539358131
1008,VALID_CAMPAIGN,UNIFORM,-6502943548607885352,10,PRISMATIC_ONLY,0.460000000000,-1.03320467796,2.35577555220,UNGUARDED_REFERENCE,true,true,CONVERGED_UNCERTIFIED,NO_GUARDS_OR_FINAL_CERTIFICATION,3,true,true,2.79687845295e-08,false,false,false,false,0,NaN,5000,0.336539363266|0.336539363266|0.344401550525|0.336539363275|0.336539363275|0.344401550525|0.336539363232|0.336539363232|0.344401550564|0.336539363250
1009,VALID_CAMPAIGN,NEAR_JOINT_LIMIT,661210545091994403,10,PRISMATIC_ONLY,0.460000000000,-0.0600000166500,2.35999999445,GUARDED_PRODUCTION,true,true,SUCCESS_WITH_WARNING,CRITICAL_SINGULARITY_DAMPED,105,true,true,1.64800864928e-07,false,false,false,false,0,Infinity,754625,0.337142856344|0.337142856344|0.0200000604840|0.337142856343|0.337142856343|0.0200000604840|0.337142856345|0.337142856347|0.0200000604828|0.337142856345
1009,VALID_CAMPAIGN,NEAR_JOINT_LIMIT,661210545091994403,10,PRISMATIC_ONLY,0.460000000000,-0.0600000166500,2.35999999445,UNGUARDED_REFERENCE,true,true,CONVERGED_UNCERTIFIED,NO_GUARDS_OR_FINAL_CERTIFICATION,3,true,true,1.82193851613e-07,false,false,false,false,0,NaN,4792,0.337142856339|0.337142856339|0.0200000662924|0.337142856347|0.337142856347|0.0200000662924|0.337142856305|0.337142856305|0.0200000662589|0.337142856323
1010,VALID_CAMPAIGN,NEAR_SINGULARITY,6884966279727549284,10,PRISMATIC_ONLY,0.460000000000,-0.892500005550,2.08249999445,GUARDED_PRODUCTION,true,true,SUCCESS_WITH_WARNING,CRITICAL_SINGULARITY_DAMPED,92,true,true,4.68786436380e-07,false,false,false,false,0,Infinity,665250,0.297500000609|0.297500000609|0.297499845622|0.297500000609|0.297500000608|0.297499845622|0.297500000612|0.297500000613|0.297499845623|0.297500000611
1010,VALID_CAMPAIGN,NEAR_SINGULARITY,6884966279727549284,10,PRISMATIC_ONLY,0.460000000000,-0.892500005550,2.08249999445,UNGUARDED_REFERENCE,true,true,CONVERGED_UNCERTIFIED,NO_GUARDS_OR_FINAL_CERTIFICATION,3,true,true,1.56144630114e-07,false,false,false,false,0,NaN,5000,0.297500000590|0.297500000590|0.297499949910|0.297500000582|0.297500000582|0.297499949910|0.297500000539|0.297500000539|0.297499949877|0.297500000574
1011,VALID_CAMPAIGN,MICRO_MOTION,623827321877145548,10,PRISMATIC_ONLY,0.460000000000,-0.892500061050,2.08249993895,GUARDED_PRODUCTION,true,true,SUCCESS,NONE,1,true,true,5.28237855881e-07,false,false,false,false,0,NaN,6042,0.297500000609|0.297500000609|0.297499845622|0.297500000609|0.297500000608|0.297499845622|0.297500000612|0.297500000613|0.297499845623|0.297500000611
1011,VALID_CAMPAIGN,MICRO_MOTION,623827321877145548,10,PRISMATIC_ONLY,0.460000000000,-0.892500061050,2.08249993895,UNGUARDED_REFERENCE,true,true,CONVERGED_UNCERTIFIED,NO_GUARDS_OR_FINAL_CERTIFICATION,1,true,true,2.21135610644e-07,false,false,false,false,0,NaN,916,0.297500000590|0.297500000590|0.297499949910|0.297500000582|0.297500000582|0.297499949910|0.297500000539|0.297500000539|0.297499949877|0.297500000574
1012,VALID_CAMPAIGN,UNIFORM,6194784538770538105,10,PRISMATIC_ONLY,0.460000000000,-0.452680283181,1.59862760292,GUARDED_PRODUCTION,true,true,SUCCESS_WITH_WARNING,CRITICAL_SINGULARITY_DAMPED,60,true,true,2.67724005154e-07,false,false,false,false,0,Infinity,436500,0.228375374668|0.228375374668|0.150893516724|0.228375374668|0.228375374665|0.150893516724|0.228375374668|0.228375374671|0.150893516726|0.228375374670
1012,VALID_CAMPAIGN,UNIFORM,6194784538770538105,10,PRISMATIC_ONLY,0.460000000000,-0.452680283181,1.59862760292,UNGUARDED_REFERENCE,true,true,CONVERGED_UNCERTIFIED,NO_GUARDS_OR_FINAL_CERTIFICATION,3,true,true,8.40045759712e-08,false,false,false,false,0,NaN,4917,0.228375374256|0.228375374256|0.150893455179|0.228375374217|0.228375374248|0.150893455179|0.228375374205|0.228375374175|0.150893455162|0.228375374210
1013,VALID_CAMPAIGN,NEAR_JOINT_LIMIT,-2065790552318237293,10,PRISMATIC_ONLY,0.460000000000,-0.615000005550,2.91499998335,GUARDED_PRODUCTION,true,true,SUCCESS_WITH_WARNING,CRITICAL_SINGULARITY_DAMPED,95,true,true,6.61163286616e-08,false,false,false,false,0,Infinity,688292,0.416428565229|0.416428565229|0.204999981693|0.416428565227|0.416428565229|0.204999981693|0.416428565231|0.416428565232|0.204999981695|0.416428565234
1013,VALID_CAMPAIGN,NEAR_JOINT_LIMIT,-2065790552318237293,10,PRISMATIC_ONLY,0.460000000000,-0.615000005550,2.91499998335,UNGUARDED_REFERENCE,true,true,CONVERGED_UNCERTIFIED,NO_GUARDS_OR_FINAL_CERTIFICATION,3,true,true,5.45371567327e-08,false,false,false,false,0,NaN,4958,0.416428562607|0.416428562607|0.204999991726|0.416428562568|0.416428562598|0.204999991726|0.416428562556|0.416428562567|0.204999991709|0.416428562561
1014,VALID_CAMPAIGN,NEAR_SINGULARITY,469237270858729993,10,PRISMATIC_ONLY,0.460000000000,-0.892500005550,2.08249999445,GUARDED_PRODUCTION,true,true,SUCCESS_WITH_WARNING,CRITICAL_SINGULARITY_DAMPED,67,true,true,2.84119931877e-07,false,false,false,false,0,Infinity,480250,0.297500007004|0.297500007004|0.297499908907|0.297500007003|0.297500007005|0.297499908907|0.297500007008|0.297500007007|0.297499908910|0.297500007011
1014,VALID_CAMPAIGN,NEAR_SINGULARITY,469237270858729993,10,PRISMATIC_ONLY,0.460000000000,-0.892500005550,2.08249999445,UNGUARDED_REFERENCE,true,true,CONVERGED_UNCERTIFIED,NO_GUARDS_OR_FINAL_CERTIFICATION,3,true,true,5.93223709424e-08,false,false,false,false,0,NaN,7542,0.297500003363|0.297500003363|0.297499984539|0.297500003323|0.297500003248|0.297499984539|0.297500003206|0.297500003323|0.297499984522|0.297500003264
1015,VALID_CAMPAIGN,MICRO_MOTION,2388157421499913568,10,PRISMATIC_ONLY,0.460000000000,-0.892500061050,2.08249993895,GUARDED_PRODUCTION,true,true,SUCCESS,NONE,1,true,true,3.51985840519e-07,false,false,false,false,0,NaN,5875,0.297500007004|0.297500007004|0.297499908907|0.297500007003|0.297500007005|0.297499908907|0.297500007008|0.297500007007|0.297499908910|0.297500007011
1015,VALID_CAMPAIGN,MICRO_MOTION,2388157421499913568,10,PRISMATIC_ONLY,0.460000000000,-0.892500061050,2.08249993895,UNGUARDED_REFERENCE,true,true,CONVERGED_UNCERTIFIED,NO_GUARDS_OR_FINAL_CERTIFICATION,1,true,true,1.36474296292e-07,false,false,false,false,0,NaN,958,0.297500003363|0.297500003363|0.297499984539|0.297500003323|0.297500003248|0.297499984539|0.297500003206|0.297500003323|0.297499984522|0.297500003264
1016,VALID_CAMPAIGN,UNIFORM,899584553610355254,10,PRISMATIC_ONLY,0.460000000000,-0.710246286026,2.23408141293,GUARDED_PRODUCTION,true,true,SUCCESS_WITH_WARNING,CRITICAL_SINGULARITY_DAMPED,25,true,true,3.64337078240e-07,false,false,false,false,0,Infinity,182958,0.319154484297|0.319154484297|0.236748883215|0.319154484296|0.319154484299|0.236748883215|0.319154484301|0.319154484300|0.236748883216|0.319154484305
1016,VALID_CAMPAIGN,UNIFORM,899584553610355254,10,PRISMATIC_ONLY,0.460000000000,-0.710246286026,2.23408141293,UNGUARDED_REFERENCE,true,true,CONVERGED_UNCERTIFIED,NO_GUARDS_OR_FINAL_CERTIFICATION,3,true,true,3.45159664471e-08,false,false,false,false,0,NaN,4875,0.319154486881|0.319154486881|0.236748773388|0.319154486841|0.319154486766|0.236748773388|0.319154486724|0.319154486841|0.236748773371|0.319154486781
1017,VALID_CAMPAIGN,NEAR_JOINT_LIMIT,917831250365722807,10,PRISMATIC_ONLY,0.460000000000,-1.16999999445,0.695000027750,GUARDED_PRODUCTION,true,true,SUCCESS_WITH_WARNING,CRITICAL_SINGULARITY_DAMPED,119,true,true,3.86460445375e-07,false,false,false,false,0,Infinity,873084,0.0992857278965|0.0992857278965|0.389999871312|0.0992857278971|0.0992857278986|0.389999871312|0.0992857279026|0.0992857278985|0.389999871313|0.0992857279039
1017,VALID_CAMPAIGN,NEAR_JOINT_LIMIT,917831250365722807,10,PRISMATIC_ONLY,0.460000000000,-1.16999999445,0.695000027750,UNGUARDED_REFERENCE,true,true,CONVERGED_UNCERTIFIED,NO_GUARDS_OR_FINAL_CERTIFICATION,3,true,true,1.01052894188e-07,false,false,false,false,0,NaN,5000,0.0992857258783|0.0992857258783|0.389999969466|0.0992857258388|0.0992857257639|0.389999969466|0.0992857257217|0.0992857258383|0.389999969448|0.0992857257790
1018,VALID_CAMPAIGN,NEAR_SINGULARITY,-6789318574552977406,10,PRISMATIC_ONLY,0.460000000000,-0.892500005550,2.08249999445,GUARDED_PRODUCTION,true,true,SUCCESS_WITH_WARNING,CRITICAL_SINGULARITY_DAMPED,102,true,true,6.65296198573e-07,false,false,false,false,0,Infinity,747750,0.297499958803|0.297499958803|0.297500202582|0.297499958803|0.297499958807|0.297500202582|0.297499958812|0.297499958807|0.297500202583|0.297499958810
1018,VALID_CAMPAIGN,NEAR_SINGULARITY,-6789318574552977406,10,PRISMATIC_ONLY,0.460000000000,-0.892500005550,2.08249999445,UNGUARDED_REFERENCE,true,true,CONVERGED_UNCERTIFIED,NO_GUARDS_OR_FINAL_CERTIFICATION,3,true,true,7.05504904205e-08,false,false,false,false,0,NaN,4958,0.297499992455|0.297499992455|0.297500019180|0.297499992416|0.297499992341|0.297500019180|0.297499992299|0.297499992393|0.297500019142|0.297499992356
1019,VALID_CAMPAIGN,MICRO_MOTION,-6431215318099064377,10,PRISMATIC_ONLY,0.460000000000,-0.892500061050,2.08249993895,GUARDED_PRODUCTION,true,true,SUCCESS,NONE,1,true,true,5.92067993121e-07,false,false,false,false,0,NaN,6167,0.297499958803|0.297499958803|0.297500202582|0.297499958803|0.297499958807|0.297500202582|0.297499958812|0.297499958807|0.297500202583|0.297499958810
1019,VALID_CAMPAIGN,MICRO_MOTION,-6431215318099064377,10,PRISMATIC_ONLY,0.460000000000,-0.892500061050,2.08249993895,UNGUARDED_REFERENCE,true,true,CONVERGED_UNCERTIFIED,NO_GUARDS_OR_FINAL_CERTIFICATION,1,true,true,8.53905151436e-09,false,false,false,false,0,NaN,917,0.297499992455|0.297499992455|0.297500019180|0.297499992416|0.297499992341|0.297500019180|0.297499992299|0.297499992393|0.297500019142|0.297499992356
1020,VALID_CAMPAIGN,UNIFORM,5882569044575106224,10,PRISMATIC_ONLY,0.460000000000,-0.988332194441,2.73557804604,GUARDED_PRODUCTION,true,true,SUCCESS_WITH_WARNING,CRITICAL_SINGULARITY_DAMPED,49,true,true,1.18279503539e-07,false,false,false,false,0,Infinity,365208,0.390796856512|0.390796856512|0.329444029151|0.390796856511|0.390796856515|0.329444029151|0.390796856521|0.390796856513|0.329444029151|0.390796856519
1020,VALID_CAMPAIGN,UNIFORM,5882569044575106224,10,PRISMATIC_ONLY,0.460000000000,-0.988332194441,2.73557804604,UNGUARDED_REFERENCE,true,true,CONVERGED_UNCERTIFIED,NO_GUARDS_OR_FINAL_CERTIFICATION,3,true,true,2.87517205563e-08,false,false,false,false,0,NaN,5083,0.390796860548|0.390796860548|0.329444058846|0.390796860550|0.390796860475|0.329444058846|0.390796860433|0.390796860527|0.329444058808|0.390796860490
1021,VALID_CAMPAIGN,NEAR_JOINT_LIMIT,4459759329058329211,10,PRISMATIC_ONLY,0.460000000000,-1.72499998335,2.35999999445,GUARDED_PRODUCTION,true,true,SUCCESS_WITH_WARNING,CRITICAL_SINGULARITY_DAMPED,84,true,true,5.77907393361e-07,false,false,false,false,0,Infinity,616166,0.337142859083|0.337142859083|0.574999801920|0.337142859082|0.337142859087|0.574999801920|0.337142859093|0.337142859085|0.574999801920|0.337142859090
1021,VALID_CAMPAIGN,NEAR_JOINT_LIMIT,4459759329058329211,10,PRISMATIC_ONLY,0.460000000000,-1.72499998335,2.35999999445,UNGUARDED_REFERENCE,true,true,CONVERGED_UNCERTIFIED,NO_GUARDS_OR_FINAL_CERTIFICATION,3,true,true,1.38515711487e-07,false,false,false,false,0,NaN,4958,0.337142858230|0.337142858230|0.574999948492|0.337142858232|0.337142858157|0.574999948492|0.337142858115|0.337142858210|0.574999948454|0.337142858196
1022,VALID_CAMPAIGN,NEAR_SINGULARITY,4255222186970638431,10,PRISMATIC_ONLY,0.460000000000,-0.892500005550,2.08249999445,GUARDED_PRODUCTION,true,true,SUCCESS_WITH_WARNING,CRITICAL_SINGULARITY_DAMPED,92,true,true,4.68757419177e-07,false,false,false,false,0,Infinity,702292,0.297500000607|0.297500000607|0.297500158068|0.297500000607|0.297500000611|0.297500158068|0.297500000617|0.297500000609|0.297500158069|0.297500000613
1022,VALID_CAMPAIGN,NEAR_SINGULARITY,4255222186970638431,10,PRISMATIC_ONLY,0.460000000000,-0.892500005550,2.08249999445,UNGUARDED_REFERENCE,true,true,CONVERGED_UNCERTIFIED,NO_GUARDS_OR_FINAL_CERTIFICATION,3,true,true,1.56144713379e-07,false,false,false,false,0,NaN,6417,0.297500000605|0.297500000605|0.297500053813|0.297500000607|0.297500000532|0.297500053813|0.297500000490|0.297500000585|0.297500053776|0.297500000571
1023,VALID_CAMPAIGN,MICRO_MOTION,-857231957650749021,10,PRISMATIC_ONLY,0.460000000000,-0.892500061050,2.08249993895,GUARDED_PRODUCTION,true,true,SUCCESS,NONE,1,true,true,4.18286300749e-07,false,false,false,false,0,NaN,11166,0.297500000607|0.297500000607|0.297500158068|0.297500000607|0.297500000611|0.297500158068|0.297500000617|0.297500000609|0.297500158069|0.297500000613
1023,VALID_CAMPAIGN,MICRO_MOTION,-857231957650749021,10,PRISMATIC_ONLY,0.460000000000,-0.892500061050,2.08249993895,UNGUARDED_REFERENCE,true,true,CONVERGED_UNCERTIFIED,NO_GUARDS_OR_FINAL_CERTIFICATION,1,true,true,1.19589791071e-07,false,false,false,false,0,NaN,1125,0.297500000605|0.297500000605|0.297500053813|0.297500000607|0.297500000532|0.297500053813|0.297500000490|0.297500000585|0.297500053776|0.297500000571
1024,VALID_CAMPAIGN,UNIFORM,5683252297021316101,10,PRISMATIC_ONLY,0.460000000000,-1.23563485039,2.00045045000,GUARDED_PRODUCTION,true,true,SUCCESS_WITH_WARNING,CRITICAL_SINGULARITY_DAMPED,40,true,true,8.91148760994e-08,false,false,false,false,0,Infinity,293041,0.285778635899|0.285778635899|0.411878253762|0.285778635899|0.285778635903|0.411878253762|0.285778635909|0.285778635901|0.411878253764|0.285778635905
1024,VALID_CAMPAIGN,UNIFORM,5683252297021316101,10,PRISMATIC_ONLY,0.460000000000,-1.23563485039,2.00045045000,UNGUARDED_REFERENCE,true,true,CONVERGED_UNCERTIFIED,NO_GUARDS_OR_FINAL_CERTIFICATION,3,true,true,6.43002963284e-08,false,false,false,false,0,NaN,5333,0.285778636152|0.285778636152|0.411878262065|0.285778636153|0.285778636079|0.411878262065|0.285778636036|0.285778636131|0.411878262027|0.285778636117
1025,VALID_CAMPAIGN,NEAR_JOINT_LIMIT,3116867937452863523,10,PRISMATIC_ONLY,0.460000000000,-1.16999999445,0.695000027750,GUARDED_PRODUCTION,true,true,SUCCESS_WITH_WARNING,CRITICAL_SINGULARITY_DAMPED,92,true,true,9.46509350749e-07,false,false,false,false,0,Infinity,745084,0.0992858427178|0.0992858427178|0.390000121400|0.0992858427188|0.0992858427230|0.390000121400|0.0992858427280|0.0992858427187|0.390000121401|0.0992858427260
1025,VALID_CAMPAIGN,NEAR_JOINT_LIMIT,3116867937452863523,10,PRISMATIC_ONLY,0.460000000000,-1.16999999445,0.695000027750,UNGUARDED_REFERENCE,true,true,CONVERGED_UNCERTIFIED,NO_GUARDS_OR_FINAL_CERTIFICATION,3,true,true,4.65613620083e-08,false,false,false,false,0,NaN,5375,0.0992857247002|0.0992857247002|0.390000002257|0.0992857247022|0.0992857246272|0.390000002257|0.0992857245850|0.0992857246797|0.390000002224|0.0992857246662
1026,VALID_CAMPAIGN,NEAR_SINGULARITY,8948032751461207569,10,PRISMATIC_ONLY,0.460000000000,-0.892500005550,2.08249999445,GUARDED_PRODUCTION,true,true,SUCCESS_WITH_WARNING,CRITICAL_SINGULARITY_DAMPED,102,true,true,6.65067534666e-07,false,false,false,false,0,Infinity,733208,0.297499958822|0.297499958822|0.297500202518|0.297499958821|0.297499958825|0.297500202518|0.297499958831|0.297499958824|0.297500202519|0.297499958829
1026,VALID_CAMPAIGN,NEAR_SINGULARITY,8948032751461207569,10,PRISMATIC_ONLY,0.460000000000,-0.892500005550,2.08249999445,UNGUARDED_REFERENCE,true,true,CONVERGED_UNCERTIFIED,NO_GUARDS_OR_FINAL_CERTIFICATION,3,true,true,7.05505385654e-08,false,false,false,false,0,NaN,4834,0.297499992429|0.297499992429|0.297500019171|0.297499992431|0.297499992356|0.297500019171|0.297499992292|0.297499992408|0.297500019159|0.297499992373
1027,VALID_CAMPAIGN,MICRO_MOTION,2460110972837888971,10,PRISMATIC_ONLY,0.460000000000,-0.892500061050,2.08249993895,GUARDED_PRODUCTION,true,true,SUCCESS,NONE,1,true,true,5.91841003845e-07,false,false,false,false,0,NaN,5750,0.297499958822|0.297499958822|0.297500202518|0.297499958821|0.297499958825|0.297500202518|0.297499958831|0.297499958824|0.297500202519|0.297499958829
1027,VALID_CAMPAIGN,MICRO_MOTION,2460110972837888971,10,PRISMATIC_ONLY,0.460000000000,-0.892500061050,2.08249993895,UNGUARDED_REFERENCE,true,true,CONVERGED_UNCERTIFIED,NO_GUARDS_OR_FINAL_CERTIFICATION,1,true,true,8.53901777810e-09,false,false,false,false,0,NaN,959,0.297499992429|0.297499992429|0.297500019171|0.297499992431|0.297499992356|0.297500019171|0.297499992292|0.297499992408|0.297500019159|0.297499992373
1028,VALID_CAMPAIGN,UNIFORM,-4279135451337276017,10,PRISMATIC_ONLY,0.460000000000,-0.821615023934,1.87808227526,GUARDED_PRODUCTION,true,true,SUCCESS_WITH_WARNING,CRITICAL_SINGULARITY_DAMPED,19,true,true,2.66258358520e-07,false,false,false,false,0,Infinity,135416,0.268297476163|0.268297476163|0.273871761272|0.268297476164|0.268297476167|0.273871761272|0.268297476173|0.268297476167|0.273871761274|0.268297476171
1028,VALID_CAMPAIGN,UNIFORM,-4279135451337276017,10,PRISMATIC_ONLY,0.460000000000,-0.821615023934,1.87808227526,UNGUARDED_REFERENCE,true,true,CONVERGED_UNCERTIFIED,NO_GUARDS_OR_FINAL_CERTIFICATION,3,true,true,1.50186335027e-08,false,false,false,false,0,NaN,4750,0.268297468943|0.268297468943|0.273871679072|0.268297468945|0.268297468870|0.273871679072|0.268297468806|0.268297468910|0.273871679060|0.268297468874
1029,VALID_CAMPAIGN,NEAR_JOINT_LIMIT,-1502097037338529199,10,PRISMATIC_ONLY,0.460000000000,-1.16999999445,2.91499998335,GUARDED_PRODUCTION,true,true,SUCCESS_WITH_WARNING,CRITICAL_SINGULARITY_DAMPED,83,true,true,2.56594560615e-07,false,false,false,false,0,Infinity,582167,0.416428562547|0.416428562547|0.389999913973|0.416428562547|0.416428562549|0.389999913973|0.416428562556|0.416428562553|0.389999913975|0.416428562554
1029,VALID_CAMPAIGN,NEAR_JOINT_LIMIT,-1502097037338529199,10,PRISMATIC_ONLY,0.460000000000,-1.16999999445,2.91499998335,UNGUARDED_REFERENCE,true,true,CONVERGED_UNCERTIFIED,NO_GUARDS_OR_FINAL_CERTIFICATION,3,true,true,7.43394090813e-08,false,false,false,false,0,NaN,4833,0.416428563998|0.416428563998|0.389999976409|0.416428564000|0.416428563925|0.389999976409|0.416428563861|0.416428563965|0.389999976410|0.416428563929
1030,VALID_CAMPAIGN,NEAR_SINGULARITY,-9017124289137903483,10,PRISMATIC_ONLY,0.460000000000,-0.892500005550,2.08249999445,GUARDED_PRODUCTION,true,true,SUCCESS_WITH_WARNING,CRITICAL_SINGULARITY_DAMPED,67,true,true,2.84113477652e-07,false,false,false,false,0,Infinity,527541,0.297500007005|0.297500007005|0.297500094790|0.297500007002|0.297500007004|0.297500094790|0.297500007010|0.297500007008|0.297500094790|0.297500007008
1030,VALID_CAMPAIGN,NEAR_SINGULARITY,-9017124289137903483,10,PRISMATIC_ONLY,0.460000000000,-0.892500005550,2.08249999445,UNGUARDED_REFERENCE,true,true,CONVERGED_UNCERTIFIED,NO_GUARDS_OR_FINAL_CERTIFICATION,3,true,true,5.93224075082e-08,false,false,false,false,0,NaN,6417,0.297500003343|0.297500003343|0.297500019160|0.297500003345|0.297500003270|0.297500019160|0.297500003206|0.297500003309|0.297500019181|0.297500003274
1031,VALID_CAMPAIGN,MICRO_MOTION,7366116248215494129,10,PRISMATIC_ONLY,0.460000000000,-0.892500061050,2.08249993895,GUARDED_PRODUCTION,true,true,SUCCESS,NONE,1,true,true,2.48981127927e-07,false,false,false,false,0,NaN,13333,0.297500007005|0.297500007005|0.297500094790|0.297500007002|0.297500007004|0.297500094790|0.297500007010|0.297500007008|0.297500094790|0.297500007008
1031,VALID_CAMPAIGN,MICRO_MOTION,7366116248215494129,10,PRISMATIC_ONLY,0.460000000000,-0.892500061050,2.08249993895,UNGUARDED_REFERENCE,true,true,CONVERGED_UNCERTIFIED,NO_GUARDS_OR_FINAL_CERTIFICATION,1,true,true,8.42149902355e-08,false,false,false,false,0,NaN,1083,0.297500003343|0.297500003343|0.297500019160|0.297500003345|0.297500003270|0.297500019160|0.297500003206|0.297500003309|0.297500019181|0.297500003274
1032,VALID_CAMPAIGN,UNIFORM,-7056817740744057816,10,PRISMATIC_ONLY,0.460000000000,-0.659771015875,1.50941591553,GUARDED_PRODUCTION,true,true,SUCCESS_WITH_WARNING,CRITICAL_SINGULARITY_DAMPED,49,true,true,3.98667181564e-07,false,false,false,false,0,Infinity,350791,0.215630854920|0.215630854920|0.219923802847|0.215630854917|0.215630854919|0.219923802847|0.215630854926|0.215630854924|0.219923802847|0.215630854925
1032,VALID_CAMPAIGN,UNIFORM,-7056817740744057816,10,PRISMATIC_ONLY,0.460000000000,-0.659771015875,1.50941591553,UNGUARDED_REFERENCE,true,true,CONVERGED_UNCERTIFIED,NO_GUARDS_OR_FINAL_CERTIFICATION,3,true,true,4.78224352545e-08,false,false,false,false,0,NaN,4833,0.215630847937|0.215630847937|0.219923686475|0.215630847939|0.215630847864|0.219923686475|0.215630847800|0.215630847904|0.219923686495|0.215630847868
1033,VALID_CAMPAIGN,NEAR_JOINT_LIMIT,1319301778325782129,10,PRISMATIC_ONLY,0.460000000000,-1.16999999445,2.91499998335,GUARDED_PRODUCTION,true,true,SUCCESS_WITH_WARNING,CRITICAL_SINGULARITY_DAMPED,114,true,true,1.07346581601e-07,false,false,false,false,0,Infinity,810042,0.416428566977|0.416428566977|0.389999962696|0.416428566976|0.416428566978|0.389999962696|0.416428566983|0.416428566982|0.389999962695|0.416428566980
1033,VALID_CAMPAIGN,NEAR_JOINT_LIMIT,1319301778325782129,10,PRISMATIC_ONLY,0.460000000000,-1.16999999445,2.91499998335,UNGUARDED_REFERENCE,true,true,CONVERGED_UNCERTIFIED,NO_GUARDS_OR_FINAL_CERTIFICATION,3,true,true,1.07062403140e-07,false,false,false,false,0,NaN,4542,0.416428562199|0.416428562199|0.389999966303|0.416428562201|0.416428562126|0.389999966303|0.416428562062|0.416428562121|0.389999966324|0.416428562086
1034,VALID_CAMPAIGN,NEAR_SINGULARITY,9021554805564724504,10,PRISMATIC_ONLY,0.460000000000,-0.892500005550,2.08249999445,GUARDED_PRODUCTION,true,true,SUCCESS_WITH_WARNING,CRITICAL_SINGULARITY_DAMPED,67,true,true,2.84116898578e-07,false,false,false,false,0,Infinity,467583,0.297500007004|0.297500007004|0.297500094792|0.297500007000|0.297500007007|0.297500094792|0.297500007011|0.297500007008|0.297500094789|0.297500007008
1034,VALID_CAMPAIGN,NEAR_SINGULARITY,9021554805564724504,10,PRISMATIC_ONLY,0.460000000000,-0.892500005550,2.08249999445,UNGUARDED_REFERENCE,true,true,CONVERGED_UNCERTIFIED,NO_GUARDS_OR_FINAL_CERTIFICATION,3,true,true,5.93223901067e-08,false,false,false,false,0,NaN,4709,0.297500003356|0.297500003356|0.297500019160|0.297500003358|0.297500003283|0.297500019160|0.297500003219|0.297500003278|0.297500019181|0.297500003242
1035,VALID_CAMPAIGN,MICRO_MOTION,-54491162028664238,10,PRISMATIC_ONLY,0.460000000000,-0.892500061050,2.08249993895,GUARDED_PRODUCTION,true,true,SUCCESS,NONE,1,true,true,2.48984430314e-07,false,false,false,false,0,NaN,5500,0.297500007004|0.297500007004|0.297500094792|0.297500007000|0.297500007007|0.297500094792|0.297500007011|0.297500007008|0.297500094789|0.297500007008
1035,VALID_CAMPAIGN,MICRO_MOTION,-54491162028664238,10,PRISMATIC_ONLY,0.460000000000,-0.892500061050,2.08249993895,UNGUARDED_REFERENCE,true,true,CONVERGED_UNCERTIFIED,NO_GUARDS_OR_FINAL_CERTIFICATION,1,true,true,8.42149402235e-08,false,false,false,false,0,NaN,917,0.297500003356|0.297500003356|0.297500019160|0.297500003358|0.297500003283|0.297500019160|0.297500003219|0.297500003278|0.297500019181|0.297500003242
1036,VALID_CAMPAIGN,UNIFORM,8400475317593750866,10,PRISMATIC_ONLY,0.460000000000,-1.20118266663,1.66218417373,GUARDED_PRODUCTION,true,true,SUCCESS_WITH_WARNING,CRITICAL_SINGULARITY_DAMPED,46,true,true,6.84152146125e-07,false,false,false,false,0,Infinity,328959,0.237454893742|0.237454893742|0.400393995824|0.237454893738|0.237454893744|0.400393995824|0.237454893748|0.237454893745|0.400393995819|0.237454893744
1036,VALID_CAMPAIGN,UNIFORM,8400475317593750866,10,PRISMATIC_ONLY,0.460000000000,-1.20118266663,1.66218417373,UNGUARDED_REFERENCE,true,true,CONVERGED_UNCERTIFIED,NO_GUARDS_OR_FINAL_CERTIFICATION,3,true,true,5.95701731860e-08,false,false,false,false,0,NaN,4708,0.237454884084|0.237454884084|0.400394202944|0.237454884086|0.237454884011|0.400394202944|0.237454883947|0.237454884006|0.400394202953|0.237454883971
1037,VALID_CAMPAIGN,NEAR_JOINT_LIMIT,-3228035986341182254,10,PRISMATIC_ONLY,0.460000000000,-1.16999999445,1.25000001665,GUARDED_PRODUCTION,true,true,SUCCESS_WITH_WARNING,CRITICAL_SINGULARITY_DAMPED,32,true,true,3.34048675081e-08,false,false,false,false,0,Infinity,222584,0.178571434183|0.178571434183|0.390000006339|0.178571434179|0.178571434185|0.390000006339|0.178571434190|0.178571434186|0.390000006334|0.178571434186
1037,VALID_CAMPAIGN,NEAR_JOINT_LIMIT,-3228035986341182254,10,PRISMATIC_ONLY,0.460000000000,-1.16999999445,1.25000001665,UNGUARDED_REFERENCE,true,true,CONVERGED_UNCERTIFIED,NO_GUARDS_OR_FINAL_CERTIFICATION,3,true,true,1.53347968190e-08,false,false,false,false,0,NaN,4666,0.178571433035|0.178571433035|0.390000000092|0.178571433037|0.178571432962|0.390000000092|0.178571432898|0.178571432957|0.390000000104|0.178571432908
1038,VALID_CAMPAIGN,NEAR_SINGULARITY,-3384814315632155920,10,PRISMATIC_ONLY,0.460000000000,-0.892500005550,2.08249999445,GUARDED_PRODUCTION,true,true,SUCCESS_WITH_WARNING,CRITICAL_SINGULARITY_DAMPED,67,true,true,2.84118898771e-07,false,false,false,false,0,Infinity,468000,0.297499991406|0.297499991406|0.297500094793|0.297499991402|0.297499991408|0.297500094793|0.297499991414|0.297499991410|0.297500094788|0.297499991410
1038,VALID_CAMPAIGN,NEAR_SINGULARITY,-3384814315632155920,10,PRISMATIC_ONLY,0.460000000000,-0.892500005550,2.08249999445,UNGUARDED_REFERENCE,true,true,CONVERGED_UNCERTIFIED,NO_GUARDS_OR_FINAL_CERTIFICATION,3,true,true,5.93224102502e-08,false,false,false,false,0,NaN,4667,0.297499995186|0.297499995186|0.297500019163|0.297499995188|0.297499995113|0.297500019163|0.297499995022|0.297499995082|0.297500019175|0.297499995033
1039,VALID_CAMPAIGN,MICRO_MOTION,2522817179711667915,10,PRISMATIC_ONLY,0.460000000000,-0.892500061050,2.08249993895,GUARDED_PRODUCTION,true,true,SUCCESS,NONE,1,true,true,2.23326637281e-07,false,false,false,false,0,NaN,5333,0.297499991406|0.297499991406|0.297500094793|0.297499991402|0.297499991408|0.297500094793|0.297499991414|0.297499991410|0.297500094788|0.297499991410
1039,VALID_CAMPAIGN,MICRO_MOTION,2522817179711667915,10,PRISMATIC_ONLY,0.460000000000,-0.892500061050,2.08249993895,UNGUARDED_REFERENCE,true,true,CONVERGED_UNCERTIFIED,NO_GUARDS_OR_FINAL_CERTIFICATION,1,true,true,2.70933349427e-08,false,false,false,false,0,NaN,1000,0.297499995186|0.297499995186|0.297500019163|0.297499995188|0.297499995113|0.297500019163|0.297499995022|0.297499995082|0.297500019175|0.297499995033
1040,VALID_CAMPAIGN,UNIFORM,3202877706054320578,10,PRISMATIC_ONLY,0.460000000000,-0.968722457092,1.79837342854,GUARDED_PRODUCTION,true,true,SUCCESS_WITH_WARNING,CRITICAL_SINGULARITY_DAMPED,24,true,true,2.67550502872e-07,false,false,false,false,0,Infinity,166791,0.256910500333|0.256910500333|0.322907399977|0.256910500330|0.256910500335|0.322907399977|0.256910500341|0.256910500338|0.322907399971|0.256910500337
1040,VALID_CAMPAIGN,UNIFORM,3202877706054320578,10,PRISMATIC_ONLY,0.460000000000,-0.968722457092,1.79837342854,UNGUARDED_REFERENCE,true,true,CONVERGED_UNCERTIFIED,NO_GUARDS_OR_FINAL_CERTIFICATION,3,true,true,1.72964198577e-08,false,false,false,false,0,NaN,4709,0.256910491247|0.256910491247|0.322907480938|0.256910491249|0.256910491192|0.322907480938|0.256910491102|0.256910491161|0.322907480947|0.256910491112
1041,VALID_CAMPAIGN,NEAR_JOINT_LIMIT,-704148093308969691,10,PRISMATIC_ONLY,0.460000000000,-1.72499998335,2.35999999445,GUARDED_PRODUCTION,true,true,SUCCESS_WITH_WARNING,CRITICAL_SINGULARITY_DAMPED,91,true,true,4.44174124378e-07,false,false,false,false,0,Infinity,636208,0.337142853431|0.337142853431|0.574999846550|0.337142853428|0.337142853433|0.574999846550|0.337142853438|0.337142853436|0.574999846545|0.337142853434
1041,VALID_CAMPAIGN,NEAR_JOINT_LIMIT,-704148093308969691,10,PRISMATIC_ONLY,0.460000000000,-1.72499998335,2.35999999445,UNGUARDED_REFERENCE,true,true,CONVERGED_UNCERTIFIED,NO_GUARDS_OR_FINAL_CERTIFICATION,3,true,true,1.42895255147e-07,false,false,false,false,0,NaN,4666,0.337142853657|0.337142853657|0.574999947262|0.337142853659|0.337142853602|0.574999947262|0.337142853494|0.337142853553|0.574999947243|0.337142853505
1042,VALID_CAMPAIGN,NEAR_SINGULARITY,3381178928346851499,10,PRISMATIC_ONLY,0.460000000000,-0.892500005550,2.08249999445,GUARDED_PRODUCTION,true,true,SUCCESS_WITH_WARNING,CRITICAL_SINGULARITY_DAMPED,92,true,true,4.68766248624e-07,false,false,false,false,0,Infinity,646042,0.297500000608|0.297500000608|0.297500158074|0.297500000605|0.297500000610|0.297500158074|0.297500000616|0.297500000613|0.297500158065|0.297500000611
1042,VALID_CAMPAIGN,NEAR_SINGULARITY,3381178928346851499,10,PRISMATIC_ONLY,0.460000000000,-0.892500005550,2.08249999445,UNGUARDED_REFERENCE,true,true,CONVERGED_UNCERTIFIED,NO_GUARDS_OR_FINAL_CERTIFICATION,3,true,true,1.56144713447e-07,false,false,false,false,0,NaN,5125,0.297500000636|0.297500000636|0.297500053807|0.297500000638|0.297500000581|0.297500053807|0.297500000473|0.297500000532|0.297500053788|0.297500000501
1043,VALID_CAMPAIGN,MICRO_MOTION,-7281282013073666060,10,PRISMATIC_ONLY,0.460000000000,-0.892500061050,2.08249993895,GUARDED_PRODUCTION,true,true,SUCCESS,NONE,1,true,true,4.18295049655e-07,false,false,false,false,0,NaN,5666,0.297500000608|0.297500000608|0.297500158074|0.297500000605|0.297500000610|0.297500158074|0.297500000616|0.297500000613|0.297500158065|0.297500000611
1043,VALID_CAMPAIGN,MICRO_MOTION,-7281282013073666060,10,PRISMATIC_ONLY,0.460000000000,-0.892500061050,2.08249993895,UNGUARDED_REFERENCE,true,true,CONVERGED_UNCERTIFIED,NO_GUARDS_OR_FINAL_CERTIFICATION,1,true,true,1.19589797033e-07,false,false,false,false,0,NaN,917,0.297500000636|0.297500000636|0.297500053807|0.297500000638|0.297500000581|0.297500053807|0.297500000473|0.297500000532|0.297500053788|0.297500000501
1044,VALID_CAMPAIGN,UNIFORM,-8486026322477398163,10,PRISMATIC_ONLY,0.460000000000,-1.02015823076,1.97970629132,GUARDED_PRODUCTION,true,true,SUCCESS_WITH_WARNING,CRITICAL_SINGULARITY_DAMPED,18,true,true,6.26357492782e-07,false,false,false,false,0,Infinity,131083,0.282815190097|0.282815190097|0.340052535217|0.282815190094|0.282815190099|0.340052535217|0.282815190105|0.282815190103|0.340052535207|0.282815190100
1044,VALID_CAMPAIGN,UNIFORM,-8486026322477398163,10,PRISMATIC_ONLY,0.460000000000,-1.02015823076,1.97970629132,UNGUARDED_REFERENCE,true,true,CONVERGED_UNCERTIFIED,NO_GUARDS_OR_FINAL_CERTIFICATION,3,true,true,2.41591281042e-08,false,false,false,false,0,NaN,4541,0.282815185045|0.282815185045|0.340052735627|0.282815185047|0.282815184990|0.340052735627|0.282815184882|0.282815184941|0.340052735608|0.282815184910
1045,VALID_CAMPAIGN,NEAR_JOINT_LIMIT,-5017422107382420043,10,PRISMATIC_ONLY,0.460000000000,-0.615000005550,1.80500000555,GUARDED_PRODUCTION,true,true,SUCCESS_WITH_WARNING,CRITICAL_SINGULARITY_DAMPED,47,true,true,5.33003027237e-07,false,false,false,false,0,Infinity,331625,0.257857146054|0.257857146054|0.205000179432|0.257857146051|0.257857146056|0.205000179432|0.257857146062|0.257857146059|0.205000179422|0.257857146057
1045,VALID_CAMPAIGN,NEAR_JOINT_LIMIT,-5017422107382420043,10,PRISMATIC_ONLY,0.460000000000,-0.615000005550,1.80500000555,UNGUARDED_REFERENCE,true,true,CONVERGED_UNCERTIFIED,NO_GUARDS_OR_FINAL_CERTIFICATION,3,true,true,7.60875002570e-08,false,false,false,false,0,NaN,5083,0.257857144570|0.257857144570|0.205000027140|0.257857144577|0.257857144520|0.205000027140|0.257857144412|0.257857144471|0.205000027121|0.257857144440
1046,VALID_CAMPAIGN,NEAR_SINGULARITY,9018162228471681568,10,PRISMATIC_ONLY,0.460000000000,-0.892500005550,2.08249999445,GUARDED_PRODUCTION,true,true,SUCCESS_WITH_WARNING,CRITICAL_SINGULARITY_DAMPED,38,true,true,3.06179524057e-07,false,false,false,false,0,Infinity,277667,0.297499996029|0.297499996029|0.297499900062|0.297499996026|0.297499996032|0.297499900062|0.297499996038|0.297499996035|0.297499900054|0.297499996033
1046,VALID_CAMPAIGN,NEAR_SINGULARITY,9018162228471681568,10,PRISMATIC_ONLY,0.460000000000,-0.892500005550,2.08249999445,UNGUARDED_REFERENCE,true,true,CONVERGED_UNCERTIFIED,NO_GUARDS_OR_FINAL_CERTIFICATION,3,true,true,5.28207071744e-08,false,false,false,false,0,NaN,4834,0.297499997903|0.297499997903|0.297499984539|0.297499997911|0.297499997854|0.297499984539|0.297499997745|0.297499997805|0.297499984520|0.297499997782
1047,VALID_CAMPAIGN,MICRO_MOTION,3649373174147696303,10,PRISMATIC_ONLY,0.460000000000,-0.892500061050,2.08249993895,GUARDED_PRODUCTION,true,true,SUCCESS,NONE,1,true,true,3.62401931969e-07,false,false,false,false,0,NaN,5666,0.297499996029|0.297499996029|0.297499900062|0.297499996026|0.297499996032|0.297499900062|0.297499996038|0.297499996035|0.297499900054|0.297499996033
1047,VALID_CAMPAIGN,MICRO_MOTION,3649373174147696303,10,PRISMATIC_ONLY,0.460000000000,-0.892500061050,2.08249993895,UNGUARDED_REFERENCE,true,true,CONVERGED_UNCERTIFIED,NO_GUARDS_OR_FINAL_CERTIFICATION,1,true,true,1.16864804778e-07,false,false,false,false,0,NaN,875,0.297499997903|0.297499997903|0.297499984539|0.297499997911|0.297499997854|0.297499984539|0.297499997745|0.297499997805|0.297499984520|0.297499997782
1048,VALID_CAMPAIGN,UNIFORM,6462913692707685879,10,PRISMATIC_ONLY,0.460000000000,-0.954210023691,2.37348023000,GUARDED_PRODUCTION,true,true,SUCCESS_WITH_WARNING,CRITICAL_SINGULARITY_DAMPED,24,true,true,2.04153192959e-07,false,false,false,false,0,Infinity,181667,0.339068594366|0.339068594366|0.318069943905|0.339068594361|0.339068594368|0.318069943905|0.339068594373|0.339068594370|0.318069943897|0.339068594369
1048,VALID_CAMPAIGN,UNIFORM,6462913692707685879,10,PRISMATIC_ONLY,0.460000000000,-0.954210023691,2.37348023000,UNGUARDED_REFERENCE,true,true,CONVERGED_UNCERTIFIED,NO_GUARDS_OR_FINAL_CERTIFICATION,3,true,true,1.52864581398e-08,false,false,false,false,0,NaN,5125,0.339068602916|0.339068602916|0.318070004053|0.339068602924|0.339068602867|0.318070004053|0.339068602758|0.339068602817|0.318070004034|0.339068602795
1049,VALID_CAMPAIGN,NEAR_JOINT_LIMIT,9049660745726478662,10,PRISMATIC_ONLY,0.460000000000,-1.72499998335,1.25000001665,GUARDED_PRODUCTION,true,true,SUCCESS_WITH_WARNING,CRITICAL_SINGULARITY_DAMPED,115,true,true,4.60009025605e-07,false,false,false,false,0,Infinity,907208,0.178571436191|0.178571436191|0.574999841606|0.178571436185|0.178571436193|0.574999841606|0.178571436200|0.178571436194|0.574999841596|0.178571436196
1049,VALID_CAMPAIGN,NEAR_JOINT_LIMIT,9049660745726478662,10,PRISMATIC_ONLY,0.460000000000,-1.72499998335,1.25000001665,UNGUARDED_REFERENCE,true,true,CONVERGED_UNCERTIFIED,NO_GUARDS_OR_FINAL_CERTIFICATION,3,true,true,1.49386396413e-07,false,false,false,false,0,NaN,5291,0.178571436521|0.178571436521|0.574999946356|0.178571436529|0.178571436472|0.574999946356|0.178571436363|0.178571436423|0.574999946337|0.178571436472
1050,VALID_CAMPAIGN,NEAR_SINGULARITY,3276708139566935129,10,PRISMATIC_ONLY,0.460000000000,-0.892500005550,2.08249999445,GUARDED_PRODUCTION,true,true,SUCCESS_WITH_WARNING,CRITICAL_SINGULARITY_DAMPED,108,true,true,5.43129001513e-08,false,false,false,false,0,Infinity,772000,0.297499998879|0.297499998879|0.297500019943|0.297499998872|0.297499998881|0.297500019943|0.297499998888|0.297499998882|0.297500019929|0.297499998883
1050,VALID_CAMPAIGN,NEAR_SINGULARITY,3276708139566935129,10,PRISMATIC_ONLY,0.460000000000,-0.892500005550,2.08249999445,UNGUARDED_REFERENCE,true,true,CONVERGED_UNCERTIFIED,NO_GUARDS_OR_FINAL_CERTIFICATION,3,true,true,1.58462122264e-07,false,false,false,false,0,NaN,4875,0.297499995184|0.297499995184|0.297500053807|0.297499995192|0.297499995135|0.297500053807|0.297499994974|0.297499995033|0.297500053788|0.297499995108
1051,VALID_CAMPAIGN,MICRO_MOTION,3553272481003697167,10,PRISMATIC_ONLY,0.460000000000,-0.892500061050,2.08249993895,GUARDED_PRODUCTION,true,true,SUCCESS,NONE,1,true,true,5.32283941955e-08,false,false,false,false,0,NaN,5583,0.297499998879|0.297499998879|0.297500019943|0.297499998872|0.297499998881|0.297500019943|0.297499998888|0.297499998882|0.297500019929|0.297499998883
1051,VALID_CAMPAIGN,MICRO_MOTION,3553272481003697167,10,PRISMATIC_ONLY,0.460000000000,-0.892500061050,2.08249993895,UNGUARDED_REFERENCE,true,true,CONVERGED_UNCERTIFIED,NO_GUARDS_OR_FINAL_CERTIFICATION,1,true,true,1.03884865717e-07,false,false,false,false,0,NaN,875,0.297499995184|0.297499995184|0.297500053807|0.297499995192|0.297499995135|0.297500053807|0.297499994974|0.297499995033|0.297500053788|0.297499995108
1052,VALID_CAMPAIGN,UNIFORM,2244257296856021909,10,PRISMATIC_ONLY,0.460000000000,-1.14919735915,2.99290453985,GUARDED_PRODUCTION,true,true,SUCCESS_WITH_WARNING,CRITICAL_SINGULARITY_DAMPED,71,true,true,2.19712323939e-07,false,false,false,false,0,Infinity,503875,0.427557784512|0.427557784512|0.383065714940|0.427557784501|0.427557784514|0.383065714940|0.427557784520|0.427557784510|0.383065714927|0.427557784513
1052,VALID_CAMPAIGN,UNIFORM,2244257296856021909,10,PRISMATIC_ONLY,0.460000000000,-1.14919735915,2.99290453985,UNGUARDED_REFERENCE,true,true,CONVERGED_UNCERTIFIED,NO_GUARDS_OR_FINAL_CERTIFICATION,3,true,true,5.73617366285e-08,false,false,false,false,0,NaN,4708,0.427557787019|0.427557787019|0.383065770371|0.427557786968|0.427557786969|0.383065770371|0.427557786808|0.427557786809|0.383065770352|0.427557786942
1053,VALID_CAMPAIGN,NEAR_JOINT_LIMIT,1939298813066247295,10,PRISMATIC_ONLY,0.460000000000,-1.16999999445,1.25000001665,GUARDED_PRODUCTION,true,true,SUCCESS_WITH_WARNING,CRITICAL_SINGULARITY_DAMPED,122,true,true,6.52355622434e-08,false,false,false,false,0,Infinity,870334,0.178571440026|0.178571440026|0.389999993228|0.178571440016|0.178571440031|0.389999993228|0.178571440035|0.178571440026|0.389999993215|0.178571440030
1053,VALID_CAMPAIGN,NEAR_JOINT_LIMIT,1939298813066247295,10,PRISMATIC_ONLY,0.460000000000,-1.16999999445,1.25000001665,UNGUARDED_REFERENCE,true,true,CONVERGED_UNCERTIFIED,NO_GUARDS_OR_FINAL_CERTIFICATION,3,true,true,6.00867895121e-08,false,false,false,false,0,NaN,5208,0.178571439601|0.178571439601|0.389999996858|0.178571439551|0.178571439551|0.389999996858|0.178571439390|0.178571439392|0.389999996840|0.178571439525
1054,VALID_CAMPAIGN,NEAR_SINGULARITY,-9182203007705514618,10,PRISMATIC_ONLY,0.460000000000,-0.892500005550,2.08249999445,GUARDED_PRODUCTION,true,true,SUCCESS_WITH_WARNING,CRITICAL_SINGULARITY_DAMPED,67,true,true,2.84117242001e-07,false,false,false,false,0,Infinity,474417,0.297499991407|0.297499991407|0.297500094796|0.297499991398|0.297499991412|0.297500094796|0.297499991416|0.297499991406|0.297500094781|0.297499991411
1054,VALID_CAMPAIGN,NEAR_SINGULARITY,-9182203007705514618,10,PRISMATIC_ONLY,0.460000000000,-0.892500005550,2.08249999445,UNGUARDED_REFERENCE,true,true,CONVERGED_UNCERTIFIED,NO_GUARDS_OR_FINAL_CERTIFICATION,3,true,true,5.93223850010e-08,false,false,false,false,0,NaN,4792,0.297499995201|0.297499995201|0.297500019173|0.297499995151|0.297499995151|0.297500019173|0.297499994990|0.297499994992|0.297500019155|0.297499995125
1055,VALID_CAMPAIGN,MICRO_MOTION,-6830647347277260114,10,PRISMATIC_ONLY,0.460000000000,-0.892500061050,2.08249993895,GUARDED_PRODUCTION,true,true,SUCCESS,NONE,1,true,true,2.23325014481e-07,false,false,false,false,0,NaN,5584,0.297499991407|0.297499991407|0.297500094796|0.297499991398|0.297499991412|0.297500094796|0.297499991416|0.297499991406|0.297500094781|0.297499991411
1055,VALID_CAMPAIGN,MICRO_MOTION,-6830647347277260114,10,PRISMATIC_ONLY,0.460000000000,-0.892500061050,2.08249993895,UNGUARDED_REFERENCE,true,true,CONVERGED_UNCERTIFIED,NO_GUARDS_OR_FINAL_CERTIFICATION,1,true,true,2.70933619865e-08,false,false,false,false,0,NaN,917,0.297499995201|0.297499995201|0.297500019173|0.297499995151|0.297499995151|0.297500019173|0.297499994990|0.297499994992|0.297500019155|0.297499995125
1056,VALID_CAMPAIGN,UNIFORM,-2498240644208073810,10,PRISMATIC_ONLY,0.460000000000,-0.670245747926,2.02497960254,GUARDED_PRODUCTION,true,true,SUCCESS_WITH_WARNING,CRITICAL_SINGULARITY_DAMPED,27,true,true,3.05820965752e-07,false,false,false,false,0,Infinity,190792,0.289282801199|0.289282801199|0.223415351235|0.289282801190|0.289282801204|0.223415351235|0.289282801208|0.289282801197|0.223415351221|0.289282801203
1056,VALID_CAMPAIGN,UNIFORM,-2498240644208073810,10,PRISMATIC_ONLY,0.460000000000,-0.670245747926,2.02497960254,UNGUARDED_REFERENCE,true,true,CONVERGED_UNCERTIFIED,NO_GUARDS_OR_FINAL_CERTIFICATION,3,true,true,4.16553179563e-08,false,false,false,false,0,NaN,4958,0.289282800730|0.289282800730|0.223415263184|0.289282800680|0.289282800681|0.223415263184|0.289282800520|0.289282800521|0.223415263166|0.289282800654
1057,VALID_CAMPAIGN,NEAR_JOINT_LIMIT,259837044217606883,10,PRISMATIC_ONLY,0.460000000000,-0.615000005550,2.35999999445,GUARDED_PRODUCTION,true,true,SUCCESS_WITH_WARNING,CRITICAL_SINGULARITY_DAMPED,27,true,true,1.09622679135e-07,false,false,false,false,0,Infinity,189042,0.337142849902|0.337142849902|0.205000035155|0.337142849894|0.337142849906|0.205000035155|0.337142849911|0.337142849900|0.205000035142|0.337142849905
1057,VALID_CAMPAIGN,NEAR_JOINT_LIMIT,259837044217606883,10,PRISMATIC_ONLY,0.460000000000,-0.615000005550,2.35999999445,UNGUARDED_REFERENCE,true,true,CONVERGED_UNCERTIFIED,NO_GUARDS_OR_FINAL_CERTIFICATION,3,true,true,1.54857146504e-08,false,false,false,false,0,NaN,4667,0.337142854795|0.337142854795|0.205000005303|0.337142854744|0.337142854745|0.205000005303|0.337142854584|0.337142854564|0.205000005286|0.337142854697
1058,VALID_CAMPAIGN,NEAR_SINGULARITY,-8922712236388280570,10,PRISMATIC_ONLY,0.460000000000,-0.892500005550,2.08249999445,GUARDED_PRODUCTION,true,true,SUCCESS_WITH_WARNING,CRITICAL_SINGULARITY_DAMPED,38,true,true,3.06201544160e-07,false,false,false,false,0,Infinity,269083,0.297500002382|0.297500002382|0.297499900057|0.297500002374|0.297500002386|0.297499900057|0.297500002391|0.297500002379|0.297499900042|0.297500002386
1058,VALID_CAMPAIGN,NEAR_SINGULARITY,-8922712236388280570,10,PRISMATIC_ONLY,0.460000000000,-0.892500005550,2.08249999445,UNGUARDED_REFERENCE,true,true,CONVERGED_UNCERTIFIED,NO_GUARDS_OR_FINAL_CERTIFICATION,3,true,true,5.28207188423e-08,false,false,false,false,0,NaN,5000,0.297500000660|0.297500000660|0.297499984535|0.297500000609|0.297500000610|0.297499984535|0.297500000449|0.297500000429|0.297499984528|0.297500000580
1059,VALID_CAMPAIGN,MICRO_MOTION,2386282245231111597,10,PRISMATIC_ONLY,0.460000000000,-0.892500061050,2.08249993895,GUARDED_PRODUCTION,true,true,SUCCESS,NONE,1,true,true,3.69169634954e-07,false,false,false,false,0,NaN,5292,0.297500002382|0.297500002382|0.297499900057|0.297500002374|0.297500002386|0.297499900057|0.297500002391|0.297500002379|0.297499900042|0.297500002386
1059,VALID_CAMPAIGN,MICRO_MOTION,2386282245231111597,10,PRISMATIC_ONLY,0.460000000000,-0.892500061050,2.08249993895,UNGUARDED_REFERENCE,true,true,CONVERGED_UNCERTIFIED,NO_GUARDS_OR_FINAL_CERTIFICATION,1,true,true,1.25605553947e-07,false,false,false,false,0,NaN,917,0.297500000660|0.297500000660|0.297499984535|0.297500000609|0.297500000610|0.297499984535|0.297500000449|0.297500000429|0.297499984528|0.297500000580
1060,VALID_CAMPAIGN,UNIFORM,-3404122011754407092,10,PRISMATIC_ONLY,0.460000000000,-0.778834444152,1.59544250932,GUARDED_PRODUCTION,true,true,SUCCESS_WITH_WARNING,CRITICAL_SINGULARITY_DAMPED,39,true,true,6.48503666851e-08,false,false,false,false,0,Infinity,275333,0.227920361033|0.227920361033|0.259611502164|0.227920361025|0.227920361037|0.259611502164|0.227920361042|0.227920361031|0.259611502149|0.227920361037
1060,VALID_CAMPAIGN,UNIFORM,-3404122011754407092,10,PRISMATIC_ONLY,0.460000000000,-0.778834444152,1.59544250932,UNGUARDED_REFERENCE,true,true,CONVERGED_UNCERTIFIED,NO_GUARDS_OR_FINAL_CERTIFICATION,3,true,true,2.70845776917e-08,false,false,false,false,0,NaN,5000,0.227920360934|0.227920360934|0.259611488478|0.227920360915|0.227920360915|0.259611488478|0.227920360754|0.227920360734|0.259611488475|0.227920360885
1061,VALID_CAMPAIGN,NEAR_JOINT_LIMIT,-9219097492065362714,10,PRISMATIC_ONLY,0.460000000000,-0.615000005550,1.25000001665,GUARDED_PRODUCTION,true,true,SUCCESS_WITH_WARNING,CRITICAL_SINGULARITY_DAMPED,32,true,true,7.55390069768e-07,false,false,false,false,0,Infinity,256500,0.178571456246|0.178571456246|0.205000246636|0.178571456237|0.178571456249|0.205000246636|0.178571456255|0.178571456243|0.205000246621|0.178571456249
1061,VALID_CAMPAIGN,NEAR_JOINT_LIMIT,-9219097492065362714,10,PRISMATIC_ONLY,0.460000000000,-0.615000005550,1.25000001665,UNGUARDED_REFERENCE,true,true,CONVERGED_UNCERTIFIED,NO_GUARDS_OR_FINAL_CERTIFICATION,3,true,true,3.28933426622e-08,false,false,false,false,0,NaN,6500,0.178571432714|0.178571432714|0.205000012075|0.178571432695|0.178571432696|0.205000012075|0.178571432535|0.178571432515|0.205000012072|0.178571432665
1062,VALID_CAMPAIGN,NEAR_SINGULARITY,5746644195449210131,10,PRISMATIC_ONLY,0.460000000000,-0.892500005550,2.08249999445,GUARDED_PRODUCTION,true,true,SUCCESS_WITH_WARNING,CRITICAL_SINGULARITY_DAMPED,67,true,true,2.84101493978e-07,false,false,false,false,0,Infinity,488250,0.297499991409|0.297499991409|0.297499908919|0.297499991398|0.297499991412|0.297499908919|0.297499991417|0.297499991406|0.297499908904|0.297499991410
1062,VALID_CAMPAIGN,NEAR_SINGULARITY,5746644195449210131,10,PRISMATIC_ONLY,0.460000000000,-0.892500005550,2.08249999445,UNGUARDED_REFERENCE,true,true,CONVERGED_UNCERTIFIED,NO_GUARDS_OR_FINAL_CERTIFICATION,3,true,true,5.93224187865e-08,false,false,false,false,0,NaN,5042,0.297499995182|0.297499995182|0.297499984537|0.297499995163|0.297499995164|0.297499984537|0.297499995003|0.297499994983|0.297499984524|0.297499995133
1063,VALID_CAMPAIGN,MICRO_MOTION,-2905580590822705514,10,PRISMATIC_ONLY,0.460000000000,-0.892500061050,2.08249993895,GUARDED_PRODUCTION,true,true,SUCCESS,NONE,1,true,true,3.34308954438e-07,false,false,false,false,0,NaN,6167,0.297499991409|0.297499991409|0.297499908919|0.297499991398|0.297499991412|0.297499908919|0.297499991417|0.297499991406|0.297499908904|0.297499991410
1063,VALID_CAMPAIGN,MICRO_MOTION,-2905580590822705514,10,PRISMATIC_ONLY,0.460000000000,-0.892500061050,2.08249993895,UNGUARDED_REFERENCE,true,true,CONVERGED_UNCERTIFIED,NO_GUARDS_OR_FINAL_CERTIFICATION,1,true,true,1.10757095467e-07,false,false,false,false,0,NaN,1000,0.297499995182|0.297499995182|0.297499984537|0.297499995163|0.297499995164|0.297499984537|0.297499995003|0.297499994983|0.297499984524|0.297499995133
1064,VALID_CAMPAIGN,UNIFORM,4937781280954215288,10,PRISMATIC_ONLY,0.460000000000,-0.988047066071,1.75145631035,GUARDED_PRODUCTION,true,true,SUCCESS_WITH_WARNING,CRITICAL_SINGULARITY_DAMPED,28,true,true,2.02304459853e-07,false,false,false,false,0,Infinity,201500,0.250208051610|0.250208051610|0.329348956764|0.250208051600|0.250208051612|0.329348956764|0.250208051617|0.250208051605|0.329348956750|0.250208051611
1064,VALID_CAMPAIGN,UNIFORM,4937781280954215288,10,PRISMATIC_ONLY,0.460000000000,-0.988047066071,1.75145631035,UNGUARDED_REFERENCE,true,true,CONVERGED_UNCERTIFIED,NO_GUARDS_OR_FINAL_CERTIFICATION,3,true,true,2.12052378752e-08,false,false,false,false,0,NaN,4916,0.250208046035|0.250208046035|0.329349016066|0.250208046015|0.250208046016|0.329349016066|0.250208045834|0.250208045835|0.329349016052|0.250208045965
1065,VALID_CAMPAIGN,NEAR_JOINT_LIMIT,-5420438643440642676,10,PRISMATIC_ONLY,0.460000000000,-1.16999999445,2.91499998335,GUARDED_PRODUCTION,true,true,SUCCESS_WITH_WARNING,CRITICAL_SINGULARITY_DAMPED,85,true,true,1.34066323268e-07,false,false,false,false,0,Infinity,595083,0.416428562282|0.416428562282|0.389999956351|0.416428562271|0.416428562282|0.389999956351|0.416428562289|0.416428562277|0.389999956336|0.416428562282
1065,VALID_CAMPAIGN,NEAR_JOINT_LIMIT,-5420438643440642676,10,PRISMATIC_ONLY,0.460000000000,-1.16999999445,2.91499998335,UNGUARDED_REFERENCE,true,true,CONVERGED_UNCERTIFIED,NO_GUARDS_OR_FINAL_CERTIFICATION,3,true,true,5.25607537943e-08,false,false,false,false,0,NaN,4541,0.416428563425|0.416428563425|0.389999986800|0.416428563406|0.416428563407|0.389999986800|0.416428563151|0.416428563189|0.389999986787|0.416428563319
1066,VALID_CAMPAIGN,NEAR_SINGULARITY,-660100225680354954,10,PRISMATIC_ONLY,0.460000000000,-0.892500005550,2.08249999445,GUARDED_PRODUCTION,true,true,SUCCESS_WITH_WARNING,CRITICAL_SINGULARITY_DAMPED,67,true,true,2.84115800423e-07,false,false,false,false,0,Infinity,481541,0.297500007006|0.297500007006|0.297500094796|0.297500006997|0.297500007008|0.297500094796|0.297500007016|0.297500007002|0.297500094780|0.297500007006
1066,VALID_CAMPAIGN,NEAR_SINGULARITY,-660100225680354954,10,PRISMATIC_ONLY,0.460000000000,-0.892500005550,2.08249999445,UNGUARDED_REFERENCE,true,true,CONVERGED_UNCERTIFIED,NO_GUARDS_OR_FINAL_CERTIFICATION,3,true,true,5.93223399772e-08,false,false,false,false,0,NaN,6125,0.297500003453|0.297500003453|0.297500019171|0.297500003380|0.297500003328|0.297500019171|0.297500003125|0.297500003110|0.297500019158|0.297500003240
1067,VALID_CAMPAIGN,MICRO_MOTION,7848444329549483881,10,PRISMATIC_ONLY,0.460000000000,-0.892500061050,2.08249993895,GUARDED_PRODUCTION,true,true,SUCCESS,NONE,1,true,true,2.48983368282e-07,false,false,false,false,0,NaN,6125,0.297500007006|0.297500007006|0.297500094796|0.297500006997|0.297500007008|0.297500094796|0.297500007016|0.297500007002|0.297500094780|0.297500007006
1067,VALID_CAMPAIGN,MICRO_MOTION,7848444329549483881,10,PRISMATIC_ONLY,0.460000000000,-0.892500061050,2.08249993895,UNGUARDED_REFERENCE,true,true,CONVERGED_UNCERTIFIED,NO_GUARDS_OR_FINAL_CERTIFICATION,1,true,true,8.42148727180e-08,false,false,false,false,0,NaN,1042,0.297500003453|0.297500003453|0.297500019171|0.297500003380|0.297500003328|0.297500019171|0.297500003125|0.297500003110|0.297500019158|0.297500003240
1068,VALID_CAMPAIGN,UNIFORM,-8208742652273816415,10,PRISMATIC_ONLY,0.460000000000,-1.35853550481,1.80713848368,GUARDED_PRODUCTION,true,true,SUCCESS_WITH_WARNING,CRITICAL_SINGULARITY_DAMPED,55,true,true,6.50831884903e-07,false,false,false,false,0,Infinity,386959,0.258162644484|0.258162644484|0.452844951526|0.258162644476|0.258162644486|0.452844951526|0.258162644492|0.258162644479|0.452844951511|0.258162644483
1068,VALID_CAMPAIGN,UNIFORM,-8208742652273816415,10,PRISMATIC_ONLY,0.460000000000,-1.35853550481,1.80713848368,UNGUARDED_REFERENCE,true,true,CONVERGED_UNCERTIFIED,NO_GUARDS_OR_FINAL_CERTIFICATION,3,true,true,8.77594111277e-08,false,false,false,false,0,NaN,4750,0.258162642038|0.258162642038|0.452845139191|0.258162641966|0.258162641914|0.452845139191|0.258162641711|0.258162641679|0.452845139177|0.258162641808
1069,VALID_CAMPAIGN,NEAR_JOINT_LIMIT,596916440964916687,10,PRISMATIC_ONLY,0.460000000000,-1.72499998335,1.80500000555,GUARDED_PRODUCTION,true,true,SUCCESS_WITH_WARNING,CRITICAL_SINGULARITY_DAMPED,42,true,true,8.41586792940e-08,false,false,false,false,0,Infinity,305083,0.257857143655|0.257857143655|0.574999966403|0.257857143647|0.257857143657|0.574999966403|0.257857143663|0.257857143650|0.574999966386|0.257857143654
1069,VALID_CAMPAIGN,NEAR_JOINT_LIMIT,596916440964916687,10,PRISMATIC_ONLY,0.460000000000,-1.72499998335,1.80500000555,UNGUARDED_REFERENCE,true,true,CONVERGED_UNCERTIFIED,NO_GUARDS_OR_FINAL_CERTIFICATION,3,true,true,6.86059623881e-08,false,false,false,false,0,NaN,4709,0.257857143820|0.257857143820|0.574999971586|0.257857143747|0.257857143695|0.574999971586|0.257857143492|0.257857143460|0.574999971573|0.257857143590
1070,VALID_CAMPAIGN,NEAR_SINGULARITY,3412701824755488015,10,PRISMATIC_ONLY,0.460000000000,-0.892500005550,2.08249999445,GUARDED_PRODUCTION,true,true,SUCCESS_WITH_WARNING,CRITICAL_SINGULARITY_DAMPED,92,true,true,4.68791115955e-07,false,false,false,false,0,Infinity,648125,0.297499997805|0.297499997805|0.297500158085|0.297499997797|0.297499997807|0.297500158085|0.297499997812|0.297499997800|0.297500158068|0.297499997805
1070,VALID_CAMPAIGN,NEAR_SINGULARITY,3412701824755488015,10,PRISMATIC_ONLY,0.460000000000,-0.892500005550,2.08249999445,UNGUARDED_REFERENCE,true,true,CONVERGED_UNCERTIFIED,NO_GUARDS_OR_FINAL_CERTIFICATION,3,true,true,1.56144673504e-07,false,false,false,false,0,NaN,4750,0.297499998000|0.297499998000|0.297500053805|0.297499997928|0.297499997876|0.297500053805|0.297499997672|0.297499997649|0.297500053792|0.297499997779
1071,VALID_CAMPAIGN,MICRO_MOTION,108146113957790397,10,PRISMATIC_ONLY,0.460000000000,-0.892500061050,2.08249993895,GUARDED_PRODUCTION,true,true,SUCCESS,NONE,1,true,true,4.15705509153e-07,false,false,false,false,0,NaN,5250,0.297499997805|0.297499997805|0.297500158085|0.297499997797|0.297499997807|0.297500158085|0.297499997812|0.297499997800|0.297500158068|0.297499997805
1071,VALID_CAMPAIGN,MICRO_MOTION,108146113957790397,10,PRISMATIC_ONLY,0.460000000000,-0.892500061050,2.08249993895,UNGUARDED_REFERENCE,true,true,CONVERGED_UNCERTIFIED,NO_GUARDS_OR_FINAL_CERTIFICATION,1,true,true,1.10373636328e-07,false,false,false,false,0,NaN,875,0.297499998000|0.297499998000|0.297500053805|0.297499997928|0.297499997876|0.297500053805|0.297499997672|0.297499997649|0.297500053792|0.297499997779
1072,VALID_CAMPAIGN,UNIFORM,7358337355981002424,10,PRISMATIC_ONLY,0.460000000000,-1.14649521954,2.43756469606,GUARDED_PRODUCTION,true,true,SUCCESS_WITH_WARNING,CRITICAL_SINGULARITY_DAMPED,39,true,true,4.46562620259e-07,false,false,false,false,0,Infinity,275500,0.348223521441|0.348223521441|0.382164925122|0.348223521434|0.348223521444|0.382164925122|0.348223521448|0.348223521436|0.382164925105|0.348223521441
1072,VALID_CAMPAIGN,UNIFORM,7358337355981002424,10,PRISMATIC_ONLY,0.460000000000,-1.14649521954,2.43756469606,UNGUARDED_REFERENCE,true,true,CONVERGED_UNCERTIFIED,NO_GUARDS_OR_FINAL_CERTIFICATION,3,true,true,4.90943983264e-08,false,false,false,false,0,NaN,4792,0.348223526420|0.348223526420|0.382165057337|0.348223526347|0.348223526295|0.382165057337|0.348223526092|0.348223526069|0.382165057315|0.348223526198
1073,VALID_CAMPAIGN,NEAR_JOINT_LIMIT,-1074027572121506662,10,PRISMATIC_ONLY,0.460000000000,-0.615000005550,3.46999997225,GUARDED_PRODUCTION,true,true,SUCCESS_WITH_WARNING,CRITICAL_SINGULARITY_DAMPED,93,true,true,4.83205228389e-07,false,false,false,false,0,Infinity,669500,0.495714273788|0.495714273788|0.205000161849|0.495714273778|0.495714273789|0.205000161849|0.495714273793|0.495714273780|0.205000161831|0.495714273787
1073,VALID_CAMPAIGN,NEAR_JOINT_LIMIT,-1074027572121506662,10,PRISMATIC_ONLY,0.460000000000,-0.615000005550,3.46999997225,UNGUARDED_REFERENCE,true,true,CONVERGED_UNCERTIFIED,NO_GUARDS_OR_FINAL_CERTIFICATION,3,true,true,1.05650682462e-07,false,false,false,false,0,NaN,5208,0.495714276898|0.495714276898|0.205000035025|0.495714276826|0.495714276643|0.205000035025|0.495714276440|0.495714276416|0.205000035002|0.495714276611
1074,VALID_CAMPAIGN,NEAR_SINGULARITY,-3838719888919072226,10,PRISMATIC_ONLY,0.460000000000,-0.892500005550,2.08249999445,GUARDED_PRODUCTION,true,true,SUCCESS_WITH_WARNING,CRITICAL_SINGULARITY_DAMPED,102,true,true,6.65285192093e-07,false,false,false,false,0,Infinity,815625,0.297500039607|0.297500039607|0.297499801126|0.297500039599|0.297500039612|0.297499801126|0.297500039614|0.297500039598|0.297499801110|0.297500039611
1074,VALID_CAMPAIGN,NEAR_SINGULARITY,-3838719888919072226,10,PRISMATIC_ONLY,0.460000000000,-0.892500005550,2.08249999445,UNGUARDED_REFERENCE,true,true,CONVERGED_UNCERTIFIED,NO_GUARDS_OR_FINAL_CERTIFICATION,3,true,true,7.05506020036e-08,false,false,false,false,0,NaN,6333,0.297500006248|0.297500006248|0.297499984541|0.297500006176|0.297500005993|0.297499984541|0.297500005790|0.297500005766|0.297499984518|0.297500005962
1075,VALID_CAMPAIGN,MICRO_MOTION,-6196563766060535368,10,PRISMATIC_ONLY,0.460000000000,-0.892500061050,2.08249993895,GUARDED_PRODUCTION,true,true,SUCCESS,NONE,1,true,true,7.39593273942e-07,false,false,false,false,0,NaN,9333,0.297500039607|0.297500039607|0.297499801126|0.297500039599|0.297500039612|0.297499801126|0.297500039614|0.297500039598|0.297499801110|0.297500039611
1075,VALID_CAMPAIGN,MICRO_MOTION,-6196563766060535368,10,PRISMATIC_ONLY,0.460000000000,-0.892500061050,2.08249993895,UNGUARDED_REFERENCE,true,true,CONVERGED_UNCERTIFIED,NO_GUARDS_OR_FINAL_CERTIFICATION,1,true,true,1.49006247149e-07,false,false,false,false,0,NaN,1000,0.297500006248|0.297500006248|0.297499984541|0.297500006176|0.297500005993|0.297499984541|0.297500005790|0.297500005766|0.297499984518|0.297500005962
1076,VALID_CAMPAIGN,UNIFORM,-6243990270014195461,10,PRISMATIC_ONLY,0.460000000000,-0.564464331059,2.15790881217,GUARDED_PRODUCTION,true,true,SUCCESS_WITH_WARNING,CRITICAL_SINGULARITY_DAMPED,38,true,true,3.46780202569e-07,false,false,false,false,0,Infinity,270584,0.308272686619|0.308272686619|0.188154892602|0.308272686612|0.308272686624|0.188154892602|0.308272686626|0.308272686610|0.188154892586|0.308272686623
1076,VALID_CAMPAIGN,UNIFORM,-6243990270014195461,10,PRISMATIC_ONLY,0.460000000000,-0.564464331059,2.15790881217,UNGUARDED_REFERENCE,true,true,CONVERGED_UNCERTIFIED,NO_GUARDS_OR_FINAL_CERTIFICATION,3,true,true,6.14663861367e-08,false,false,false,false,0,NaN,4792,0.308272687305|0.308272687305|0.188154797502|0.308272687232|0.308272687050|0.188154797502|0.308272686846|0.308272686823|0.188154797467|0.308272687018
1077,VALID_CAMPAIGN,NEAR_JOINT_LIMIT,-6111744408379715767,10,PRISMATIC_ONLY,0.460000000000,-0.615000005550,1.25000001665,GUARDED_PRODUCTION,true,true,SUCCESS_WITH_WARNING,CRITICAL_SINGULARITY_DAMPED,65,true,true,3.18241620443e-07,false,false,false,false,0,Infinity,460333,0.178571471267|0.178571471267|0.204999952829|0.178571471259|0.178571471271|0.204999952829|0.178571471273|0.178571471260|0.204999952812|0.178571471267
1077,VALID_CAMPAIGN,NEAR_JOINT_LIMIT,-6111744408379715767,10,PRISMATIC_ONLY,0.460000000000,-0.615000005550,1.25000001665,UNGUARDED_REFERENCE,true,true,CONVERGED_UNCERTIFIED,NO_GUARDS_OR_FINAL_CERTIFICATION,3,true,true,3.26357379230e-08,false,false,false,false,0,NaN,4792,0.178571435642|0.178571435642|0.204999998708|0.178571435570|0.178571435330|0.204999998708|0.178571435184|0.178571435160|0.204999998673|0.178571435356
1078,VALID_CAMPAIGN,NEAR_SINGULARITY,-7855646706244884094,10,PRISMATIC_ONLY,0.460000000000,-0.892500005550,2.08249999445,GUARDED_PRODUCTION,true,true,SUCCESS_WITH_WARNING,CRITICAL_SINGULARITY_DAMPED,67,true,true,2.84115515549e-07,false,false,false,false,0,Infinity,470583,0.297499991410|0.297499991410|0.297499908915|0.297499991403|0.297499991414|0.297499908915|0.297499991414|0.297499991402|0.297499908899|0.297499991406
1078,VALID_CAMPAIGN,NEAR_SINGULARITY,-7855646706244884094,10,PRISMATIC_ONLY,0.460000000000,-0.892500005550,2.08249999445,UNGUARDED_REFERENCE,true,true,CONVERGED_UNCERTIFIED,NO_GUARDS_OR_FINAL_CERTIFICATION,3,true,true,5.93223932079e-08,false,false,false,false,0,NaN,4625,0.297499995335|0.297499995335|0.297499984545|0.297499995262|0.297499995022|0.297499984545|0.297499994903|0.297499994879|0.297499984510|0.297499995074
1079,VALID_CAMPAIGN,MICRO_MOTION,-5622963733988925455,10,PRISMATIC_ONLY,0.460000000000,-0.892500061050,2.08249993895,GUARDED_PRODUCTION,true,true,SUCCESS,NONE,1,true,true,3.34322719762e-07,false,false,false,false,0,NaN,5750,0.297499991410|0.297499991410|0.297499908915|0.297499991403|0.297499991414|0.297499908915|0.297499991414|0.297499991402|0.297499908899|0.297499991406
1079,VALID_CAMPAIGN,MICRO_MOTION,-5622963733988925455,10,PRISMATIC_ONLY,0.460000000000,-0.892500061050,2.08249993895,UNGUARDED_REFERENCE,true,true,CONVERGED_UNCERTIFIED,NO_GUARDS_OR_FINAL_CERTIFICATION,1,true,true,1.10757112699e-07,false,false,false,false,0,NaN,917,0.297499995335|0.297499995335|0.297499984545|0.297499995262|0.297499995022|0.297499984545|0.297499994903|0.297499994879|0.297499984510|0.297499995074
1080,VALID_CAMPAIGN,UNIFORM,-1573977519464164317,10,PRISMATIC_ONLY,0.460000000000,-0.672048830384,1.70184329841,GUARDED_PRODUCTION,true,true,SUCCESS_WITH_WARNING,CRITICAL_SINGULARITY_DAMPED,38,true,true,3.08511109586e-07,false,false,false,false,0,Infinity,268542,0.243120476723|0.243120476723|0.224016378827|0.243120476715|0.243120476725|0.224016378827|0.243120476727|0.243120476715|0.224016378812|0.243120476718
1080,VALID_CAMPAIGN,UNIFORM,-1573977519464164317,10,PRISMATIC_ONLY,0.460000000000,-0.672048830384,1.70184329841,UNGUARDED_REFERENCE,true,true,CONVERGED_UNCERTIFIED,NO_GUARDS_OR_FINAL_CERTIFICATION,3,true,true,4.32985619653e-08,false,false,false,false,0,NaN,4583,0.243120473291|0.243120473291|0.224016290563|0.243120473219|0.243120472978|0.224016290563|0.243120472859|0.243120472836|0.224016290528|0.243120473031
1081,VALID_CAMPAIGN,NEAR_JOINT_LIMIT,-7167932991629463278,10,PRISMATIC_ONLY,0.460000000000,-0.615000005550,2.35999999445,GUARDED_PRODUCTION,true,true,SUCCESS_WITH_WARNING,CRITICAL_SINGULARITY_DAMPED,49,true,true,3.17728803436e-08,false,false,false,false,0,Infinity,390291,0.337142853648|0.337142853648|0.205000010362|0.337142853640|0.337142853650|0.205000010362|0.337142853654|0.337142853642|0.205000010347|0.337142853644
1081,VALID_CAMPAIGN,NEAR_JOINT_LIMIT,-7167932991629463278,10,PRISMATIC_ONLY,0.460000000000,-0.615000005550,2.35999999445,UNGUARDED_REFERENCE,true,true,CONVERGED_UNCERTIFIED,NO_GUARDS_OR_FINAL_CERTIFICATION,3,true,true,2.50347393963e-08,false,false,false,false,0,NaN,5000,0.337142853346|0.337142853346|0.205000005422|0.337142853274|0.337142853013|0.205000005422|0.337142852893|0.337142852870|0.205000005387|0.337142853065
1082,VALID_CAMPAIGN,NEAR_SINGULARITY,-698446717583907243,10,PRISMATIC_ONLY,0.460000000000,-0.892500005550,2.08249999445,GUARDED_PRODUCTION,true,true,SUCCESS_WITH_WARNING,CRITICAL_SINGULARITY_DAMPED,38,true,true,3.06205965863e-07,false,false,false,false,0,Infinity,266167,0.297500002384|0.297500002384|0.297499900056|0.297500002377|0.297500002386|0.297499900056|0.297500002390|0.297500002379|0.297499900040|0.297500002380
1082,VALID_CAMPAIGN,NEAR_SINGULARITY,-698446717583907243,10,PRISMATIC_ONLY,0.460000000000,-0.892500005550,2.08249999445,UNGUARDED_REFERENCE,true,true,CONVERGED_UNCERTIFIED,NO_GUARDS_OR_FINAL_CERTIFICATION,3,true,true,5.28207255133e-08,false,false,false,false,0,NaN,4708,0.297500000799|0.297500000799|0.297499984545|0.297500000727|0.297500000466|0.297499984545|0.297500000346|0.297500000341|0.297499984510|0.297500000518
1083,VALID_CAMPAIGN,MICRO_MOTION,-2112907667142367567,10,PRISMATIC_ONLY,0.460000000000,-0.892500061050,2.08249993895,GUARDED_PRODUCTION,true,true,SUCCESS,NONE,1,true,true,3.69174015644e-07,false,false,false,false,0,NaN,5625,0.297500002384|0.297500002384|0.297499900056|0.297500002377|0.297500002386|0.297499900056|0.297500002390|0.297500002379|0.297499900040|0.297500002380
1083,VALID_CAMPAIGN,MICRO_MOTION,-2112907667142367567,10,PRISMATIC_ONLY,0.460000000000,-0.892500061050,2.08249993895,UNGUARDED_REFERENCE,true,true,CONVERGED_UNCERTIFIED,NO_GUARDS_OR_FINAL_CERTIFICATION,1,true,true,1.25605556065e-07,false,false,false,false,0,NaN,917,0.297500000799|0.297500000799|0.297499984545|0.297500000727|0.297500000466|0.297499984545|0.297500000346|0.297500000341|0.297499984510|0.297500000518
1084,VALID_CAMPAIGN,UNIFORM,6981478090573619417,10,PRISMATIC_ONLY,0.460000000000,-0.613404428158,2.03852526882,GUARDED_PRODUCTION,true,true,SUCCESS_WITH_WARNING,CRITICAL_SINGULARITY_DAMPED,33,true,true,1.28420533371e-07,false,false,false,false,0,Infinity,240667,0.291217895740|0.291217895740|0.204468185529|0.291217895733|0.291217895742|0.204468185529|0.291217895747|0.291217895735|0.204468185513|0.291217895736
1084,VALID_CAMPAIGN,UNIFORM,6981478090573619417,10,PRISMATIC_ONLY,0.460000000000,-0.613404428158,2.03852526882,UNGUARDED_REFERENCE,true,true,CONVERGED_UNCERTIFIED,NO_GUARDS_OR_FINAL_CERTIFICATION,3,true,true,5.22714356577e-08,false,false,false,false,0,NaN,4834,0.291217895989|0.291217895989|0.204468160147|0.291217895917|0.291217895655|0.204468160147|0.291217895536|0.291217895533|0.204468160113|0.291217895711
1085,VALID_CAMPAIGN,NEAR_JOINT_LIMIT,1390688853792517681,10,PRISMATIC_ONLY,0.460000000000,-1.16999999445,0.695000027750,GUARDED_PRODUCTION,true,true,SUCCESS_WITH_WARNING,CRITICAL_SINGULARITY_DAMPED,113,true,true,5.63613144110e-08,false,false,false,false,0,Infinity,799292,0.0992857191009|0.0992857191009|0.389999979474|0.0992857190951|0.0992857191016|0.389999979474|0.0992857191041|0.0992857190955|0.389999979455|0.0992857190965
1085,VALID_CAMPAIGN,NEAR_JOINT_LIMIT,1390688853792517681,10,PRISMATIC_ONLY,0.460000000000,-1.16999999445,0.695000027750,UNGUARDED_REFERENCE,true,true,CONVERGED_UNCERTIFIED,NO_GUARDS_OR_FINAL_CERTIFICATION,3,true,true,1.13991536549e-07,false,false,false,false,0,NaN,4834,0.0992857250805|0.0992857250805|0.389999963428|0.0992857250083|0.0992857247469|0.389999963428|0.0992857246276|0.0992857246246|0.389999963393|0.0992857248023
1086,VALID_CAMPAIGN,NEAR_SINGULARITY,5402623010584830314,10,PRISMATIC_ONLY,0.460000000000,-0.892500005550,2.08249999445,GUARDED_PRODUCTION,true,true,SUCCESS_WITH_WARNING,CRITICAL_SINGULARITY_DAMPED,102,true,true,6.65413611584e-07,false,false,false,false,0,Infinity,739584,0.297499958800|0.297499958800|0.297500202622|0.297499958793|0.297499958799|0.297500202622|0.297499958801|0.297499958794|0.297500202603|0.297499958796
1086,VALID_CAMPAIGN,NEAR_SINGULARITY,5402623010584830314,10,PRISMATIC_ONLY,0.460000000000,-0.892500005550,2.08249999445,UNGUARDED_REFERENCE,true,true,CONVERGED_UNCERTIFIED,NO_GUARDS_OR_FINAL_CERTIFICATION,3,true,true,7.05505828535e-08,false,false,false,false,0,NaN,4875,0.297499992616|0.297499992616|0.297500019172|0.297499992543|0.297499992282|0.297500019172|0.297499992163|0.297499992160|0.297500019157|0.297499992337
1087,VALID_CAMPAIGN,MICRO_MOTION,-3752287024303153750,10,PRISMATIC_ONLY,0.460000000000,-0.892500061050,2.08249993895,GUARDED_PRODUCTION,true,true,SUCCESS,NONE,1,true,true,5.92184586279e-07,false,false,false,false,0,NaN,5584,0.297499958800|0.297499958800|0.297500202622|0.297499958793|0.297499958799|0.297500202622|0.297499958801|0.297499958794|0.297500202603|0.297499958796
1087,VALID_CAMPAIGN,MICRO_MOTION,-3752287024303153750,10,PRISMATIC_ONLY,0.460000000000,-0.892500061050,2.08249993895,UNGUARDED_REFERENCE,true,true,CONVERGED_UNCERTIFIED,NO_GUARDS_OR_FINAL_CERTIFICATION,1,true,true,8.53894568257e-09,false,false,false,false,0,NaN,917,0.297499992616|0.297499992616|0.297500019172|0.297499992543|0.297499992282|0.297500019172|0.297499992163|0.297499992160|0.297500019157|0.297499992337
1088,VALID_CAMPAIGN,UNIFORM,8466776631923865183,10,PRISMATIC_ONLY,0.460000000000,-1.29561597122,2.25621570494,GUARDED_PRODUCTION,true,true,SUCCESS_WITH_WARNING,CRITICAL_SINGULARITY_DAMPED,47,true,true,3.84644697605e-07,false,false,false,false,0,Infinity,330708,0.322316527571|0.322316527571|0.431871862262|0.322316527564|0.322316527571|0.431871862262|0.322316527573|0.322316527566|0.431871862242|0.322316527568
1088,VALID_CAMPAIGN,UNIFORM,8466776631923865183,10,PRISMATIC_ONLY,0.460000000000,-1.29561597122,2.25621570494,UNGUARDED_REFERENCE,true,true,CONVERGED_UNCERTIFIED,NO_GUARDS_OR_FINAL_CERTIFICATION,3,true,true,7.57036721964e-08,false,false,false,false,0,NaN,4667,0.322316528659|0.322316528659|0.431871965252|0.322316528575|0.322316528314|0.431871965252|0.322316528195|0.322316528192|0.431871965253|0.322316528369
1089,VALID_CAMPAIGN,NEAR_JOINT_LIMIT,-846801306635655465,10,PRISMATIC_ONLY,0.460000000000,-0.615000005550,2.35999999445,GUARDED_PRODUCTION,true,true,SUCCESS_WITH_WARNING,CRITICAL_SINGULARITY_DAMPED,75,true,true,1.08752209777e-07,false,false,false,false,0,Infinity,590875,0.337142856214|0.337142856214|0.205000038106|0.337142856207|0.337142856213|0.205000038106|0.337142856216|0.337142856208|0.205000038085|0.337142856210
1089,VALID_CAMPAIGN,NEAR_JOINT_LIMIT,-846801306635655465,10,PRISMATIC_ONLY,0.460000000000,-0.615000005550,2.35999999445,UNGUARDED_REFERENCE,true,true,CONVERGED_UNCERTIFIED,NO_GUARDS_OR_FINAL_CERTIFICATION,3,true,true,1.27468274888e-07,false,false,false,false,0,NaN,6667,0.337142856080|0.337142856080|0.205000044323|0.337142855990|0.337142855729|0.205000044323|0.337142855610|0.337142855607|0.205000044323|0.337142855784
1090,VALID_CAMPAIGN,NEAR_SINGULARITY,2024070038336254014,10,PRISMATIC_ONLY,0.460000000000,-0.892500005550,2.08249999445,GUARDED_PRODUCTION,true,true,SUCCESS_WITH_WARNING,CRITICAL_SINGULARITY_DAMPED,38,true,true,3.06202051627e-07,false,false,false,false,0,Infinity,279583,0.297500002386|0.297500002386|0.297499900059|0.297500002379|0.297500002383|0.297499900059|0.297500002387|0.297500002381|0.297499900039|0.297500002379
1090,VALID_CAMPAIGN,NEAR_SINGULARITY,2024070038336254014,10,PRISMATIC_ONLY,0.460000000000,-0.892500005550,2.08249999445,UNGUARDED_REFERENCE,true,true,CONVERGED_UNCERTIFIED,NO_GUARDS_OR_FINAL_CERTIFICATION,3,true,true,5.28207025060e-08,false,false,false,false,0,NaN,4834,0.297500000819|0.297500000819|0.297499984533|0.297500000729|0.297500000467|0.297499984533|0.297500000348|0.297500000310|0.297499984534|0.297500000505
1091,VALID_CAMPAIGN,MICRO_MOTION,5408706905465205933,10,PRISMATIC_ONLY,0.460000000000,-0.892500061050,2.08249993895,GUARDED_PRODUCTION,true,true,SUCCESS,NONE,1,true,true,3.69170138300e-07,false,false,false,false,0,NaN,5833,0.297500002386|0.297500002386|0.297499900059|0.297500002379|0.297500002383|0.297499900059|0.297500002387|0.297500002381|0.297499900039|0.297500002379
1091,VALID_CAMPAIGN,MICRO_MOTION,5408706905465205933,10,PRISMATIC_ONLY,0.460000000000,-0.892500061050,2.08249993895,UNGUARDED_REFERENCE,true,true,CONVERGED_UNCERTIFIED,NO_GUARDS_OR_FINAL_CERTIFICATION,1,true,true,1.25605532851e-07,false,false,false,false,0,NaN,917,0.297500000819|0.297500000819|0.297499984533|0.297500000729|0.297500000467|0.297499984533|0.297500000348|0.297500000310|0.297499984534|0.297500000505
1092,VALID_CAMPAIGN,UNIFORM,-6121946241294706876,10,PRISMATIC_ONLY,0.460000000000,-1.14335660767,1.99907186824,GUARDED_PRODUCTION,true,true,SUCCESS_WITH_WARNING,CRITICAL_SINGULARITY_DAMPED,30,true,true,4.77101225420e-07,false,false,false,false,0,Infinity,224917,0.285581697181|0.285581697181|0.381118710248|0.285581697173|0.285581697178|0.381118710248|0.285581697181|0.285581697175|0.381118710226|0.285581697174
1092,VALID_CAMPAIGN,UNIFORM,-6121946241294706876,10,PRISMATIC_ONLY,0.460000000000,-1.14335660767,1.99907186824,UNGUARDED_REFERENCE,true,true,CONVERGED_UNCERTIFIED,NO_GUARDS_OR_FINAL_CERTIFICATION,3,true,true,4.70505476390e-08,false,false,false,false,0,NaN,5167,0.285581696121|0.285581696121|0.381118853566|0.285581696031|0.285581695770|0.381118853566|0.285581695651|0.285581695612|0.381118853576|0.285581695808
1093,VALID_CAMPAIGN,NEAR_JOINT_LIMIT,934155868018195499,10,PRISMATIC_ONLY,0.460000000000,-0.615000005550,1.80500000555,GUARDED_PRODUCTION,true,true,SUCCESS_WITH_WARNING,CRITICAL_SINGULARITY_DAMPED,60,true,true,3.63531337867e-07,false,false,false,false,0,Infinity,443875,0.257857144977|0.257857144977|0.205000122995|0.257857144969|0.257857144974|0.205000122995|0.257857144977|0.257857144971|0.205000122974|0.257857144969
1093,VALID_CAMPAIGN,NEAR_JOINT_LIMIT,934155868018195499,10,PRISMATIC_ONLY,0.460000000000,-0.615000005550,1.80500000555,UNGUARDED_REFERENCE,true,true,CONVERGED_UNCERTIFIED,NO_GUARDS_OR_FINAL_CERTIFICATION,3,true,true,9.91388454850e-08,false,false,false,false,0,NaN,5250,0.257857144851|0.257857144851|0.205000034818|0.257857144762|0.257857144500|0.205000034818|0.257857144381|0.257857144343|0.205000034828|0.257857144538
1094,VALID_CAMPAIGN,NEAR_SINGULARITY,-5813427186736602874,10,PRISMATIC_ONLY,0.460000000000,-0.892500005550,2.08249999445,GUARDED_PRODUCTION,true,true,SUCCESS_WITH_WARNING,CRITICAL_SINGULARITY_DAMPED,38,true,true,3.06188451609e-07,false,false,false,false,0,Infinity,271375,0.297499996034|0.297499996034|0.297499900063|0.297499996027|0.297499996032|0.297499900063|0.297499996036|0.297499996029|0.297499900043|0.297499996027
1094,VALID_CAMPAIGN,NEAR_SINGULARITY,-5813427186736602874,10,PRISMATIC_ONLY,0.460000000000,-0.892500005550,2.08249999445,UNGUARDED_REFERENCE,true,true,CONVERGED_UNCERTIFIED,NO_GUARDS_OR_FINAL_CERTIFICATION,3,true,true,5.28206952573e-08,false,false,false,false,0,NaN,4916,0.297499998091|0.297499998091|0.297499984530|0.297499998001|0.297499997740|0.297499984530|0.297499997621|0.297499997582|0.297499984540|0.297499997778
1095,VALID_CAMPAIGN,MICRO_MOTION,3169970935258467185,10,PRISMATIC_ONLY,0.460000000000,-0.892500061050,2.08249993895,GUARDED_PRODUCTION,true,true,SUCCESS,NONE,1,true,true,3.62410734591e-07,false,false,false,false,0,NaN,7250,0.297499996034|0.297499996034|0.297499900063|0.297499996027|0.297499996032|0.297499900063|0.297499996036|0.297499996029|0.297499900043|0.297499996027
1095,VALID_CAMPAIGN,MICRO_MOTION,3169970935258467185,10,PRISMATIC_ONLY,0.460000000000,-0.892500061050,2.08249993895,UNGUARDED_REFERENCE,true,true,CONVERGED_UNCERTIFIED,NO_GUARDS_OR_FINAL_CERTIFICATION,1,true,true,1.16864803873e-07,false,false,false,false,0,NaN,916,0.297499998091|0.297499998091|0.297499984530|0.297499998001|0.297499997740|0.297499984530|0.297499997621|0.297499997582|0.297499984540|0.297499997778
1096,ADVERSARIAL_PROBES,NON_FINITE_TARGET,7409570389508133440,10,PRISMATIC_ONLY,NaN,-0.892500000000,2.08250000000,GUARDED_PRODUCTION,false,false,INVALID_INPUT,INVALID_TARGET,0,true,true,NaN,false,false,false,false,0,NaN,5000,0.297500000000|0.297500000000|0.297500000000|0.297500000000|0.297500000000|0.297500000000|0.297500000000|0.297500000000|0.297500000000|0.297500000000
1096,ADVERSARIAL_PROBES,NON_FINITE_TARGET,7409570389508133440,10,PRISMATIC_ONLY,NaN,-0.892500000000,2.08250000000,UNGUARDED_REFERENCE,false,false,MAX_ITERATIONS_UNCERTIFIED,NO_GUARDS_OR_FINAL_CERTIFICATION,800,false,false,NaN,true,false,false,true,0,NaN,1541709,NaN|NaN|NaN|NaN|NaN|NaN|NaN|NaN|NaN|NaN
1097,ADVERSARIAL_PROBES,INFINITE_TARGET,-801513972174498965,10,PRISMATIC_ONLY,0.460000000000,-0.892500000000,Infinity,GUARDED_PRODUCTION,false,false,INVALID_INPUT,INVALID_TARGET,0,true,true,Infinity,false,false,false,false,0,NaN,8667,0.297500000000|0.297500000000|0.297500000000|0.297500000000|0.297500000000|0.297500000000|0.297500000000|0.297500000000|0.297500000000|0.297500000000
1097,ADVERSARIAL_PROBES,INFINITE_TARGET,-801513972174498965,10,PRISMATIC_ONLY,0.460000000000,-0.892500000000,Infinity,UNGUARDED_REFERENCE,false,false,MAX_ITERATIONS_UNCERTIFIED,NO_GUARDS_OR_FINAL_CERTIFICATION,800,false,false,NaN,true,false,false,true,0,NaN,1462750,NaN|NaN|NaN|NaN|NaN|NaN|NaN|NaN|NaN|NaN
1098,ADVERSARIAL_PROBES,NON_FINITE_INITIAL_STATE,-7541075398697939181,10,PRISMATIC_ONLY,0.460000000000,-0.892500000000,2.08250000000,GUARDED_PRODUCTION,false,false,INVALID_INPUT,INVALID_INITIAL_STATE,0,true,true,0.00000000000,false,false,false,false,0,NaN,7750,0.297500000000|0.297500000000|0.297500000000|0.297500000000|0.297500000000|0.297500000000|0.297500000000|0.297500000000|0.297500000000|0.297500000000
1098,ADVERSARIAL_PROBES,NON_FINITE_INITIAL_STATE,-7541075398697939181,10,PRISMATIC_ONLY,0.460000000000,-0.892500000000,2.08250000000,UNGUARDED_REFERENCE,false,false,MAX_ITERATIONS_UNCERTIFIED,NO_GUARDS_OR_FINAL_CERTIFICATION,800,false,false,NaN,true,false,false,true,0,NaN,1431625,NaN|NaN|NaN|NaN|NaN|NaN|NaN|NaN|NaN|NaN
1099,ADVERSARIAL_PROBES,OVERFLOWING_GEOMETRY,-2929054531095041606,10,PRISMATIC_ONLY,0.00000000000,0.00000000000,0.00000000000,GUARDED_PRODUCTION,false,false,NUMERICAL_FAILURE,OUTPUT_VALIDATION_FAILED,1,true,true,Infinity,false,false,false,false,0,NaN,10292,0.297500000000|0.297500000000|0.297500000000|0.297500000000|0.297500000000|0.297500000000|0.297500000000|0.297500000000|0.297500000000|0.297500000000
1099,ADVERSARIAL_PROBES,OVERFLOWING_GEOMETRY,-2929054531095041606,10,PRISMATIC_ONLY,0.00000000000,0.00000000000,0.00000000000,UNGUARDED_REFERENCE,false,false,MAX_ITERATIONS_UNCERTIFIED,NO_GUARDS_OR_FINAL_CERTIFICATION,800,false,false,NaN,true,false,false,true,0,NaN,1408959,NaN|NaN|NaN|NaN|NaN|NaN|NaN|NaN|NaN|NaN
1100,VALID_CAMPAIGN,UNIFORM,-8294822026738466138,10,MIXED,-0.293033101743,-1.24764388326,0.841131003517,GUARDED_PRODUCTION,true,true,SUCCESS,NONE,57,true,true,2.92481589578e-07,false,false,false,false,0,25.7595197887,424375,-0.801270664095|-1.06828999415|0.299013032900|-0.222665937194|0.329394610590|0.204411471610|0.534298223858|1.01167929680|0.270738692663|0.145617360703
1100,VALID_CAMPAIGN,UNIFORM,-8294822026738466138,10,MIXED,-0.293033101743,-1.24764388326,0.841131003517,UNGUARDED_REFERENCE,true,false,CONVERGED_UNCERTIFIED,NO_GUARDS_OR_FINAL_CERTIFICATION,12,true,false,7.97641134647e-10,false,true,false,true,0,NaN,27083,-1.35230662430|-1.16822061241|-0.404487931792|2.39154630157|8.27602635664|-0.292698066584|-3.16553472576|7.69368642029|-0.0448954611818|5.72428656221
1101,VALID_CAMPAIGN,NEAR_JOINT_LIMIT,-4104872440996528438,10,MIXED,0.129661574483,-0.600410459149,0.141629855336,GUARDED_PRODUCTION,true,true,SUCCESS,NONE,62,true,true,9.33113249903e-07,false,false,false,false,0,5.55631915182,460458,0.195554299315|-1.66844310725|0.292006545627|-0.328696031624|0.260910427924|0.147500452558|1.38977178071|1.78285383091|0.313064123679|0.239953670925
1101,VALID_CAMPAIGN,NEAR_JOINT_LIMIT,-4104872440996528438,10,MIXED,0.129661574483,-0.600410459149,0.141629855336,UNGUARDED_REFERENCE,true,false,CONVERGED_UNCERTIFIED,NO_GUARDS_OR_FINAL_CERTIFICATION,7,true,false,3.53611402280e-08,false,true,false,true,0,NaN,15041,-0.928125818348|-2.22824921155|-0.256838458470|1.98684847229|9.68661200030|-0.0692369061142|-4.96165413325|7.41374288922|-0.0328537638333|6.33861894376
1102,VALID_CAMPAIGN,NEAR_SINGULARITY,1153531000786381363,10,MIXED,2.05792002923,-0.337499928308,0.794999966340,GUARDED_PRODUCTION,true,true,SUCCESS,NONE,94,true,true,2.88594008606e-09,false,false,false,false,0,3.31194854290,699667,-0.0471072780688|0.109646508646|0.303865420117|-0.0860928335166|-0.0954959509783|0.287169068689|0.116294267564|0.100167323718|0.289597233843|0.00655826819643
1102,VALID_CAMPAIGN,NEAR_SINGULARITY,1153531000786381363,10,MIXED,2.05792002923,-0.337499928308,0.794999966340,UNGUARDED_REFERENCE,true,false,CONVERGED_UNCERTIFIED,NO_GUARDS_OR_FINAL_CERTIFICATION,21,true,false,1.17006292540e-09,false,true,false,true,0,NaN,48917,-0.0960478791935|4.72947346854|-1.07103991128|-9.38317790910|1.11046980261|-0.297797812504|-7.90975459819|1.86925501491|-0.315833727851|8.08917069697
1103,VALID_CAMPAIGN,MICRO_MOTION,5685833233872791773,10,MIXED,2.05792032151,-0.337499211391,0.794999629737,GUARDED_PRODUCTION,true,true,SUCCESS,NONE,1,true,true,8.44539244319e-07,false,false,false,false,0,NaN,5708,-0.0471072780688|0.109646508646|0.303865420117|-0.0860928335166|-0.0954959509783|0.287169068689|0.116294267564|0.100167323718|0.289597233843|0.00655826819643
1103,VALID_CAMPAIGN,MICRO_MOTION,5685833233872791773,10,MIXED,2.05792032151,-0.337499211391,0.794999629737,UNGUARDED_REFERENCE,true,false,CONVERGED_UNCERTIFIED,NO_GUARDS_OR_FINAL_CERTIFICATION,1,true,false,8.44017819610e-07,false,true,false,true,0,NaN,833,-0.0960478791935|4.72947346854|-1.07103991128|-9.38317790910|1.11046980261|-0.297797812504|-7.90975459819|1.86925501491|-0.315833727851|8.08917069697
1104,VALID_CAMPAIGN,UNIFORM,4809767104579574935,10,MIXED,-1.23867198303,1.27327479457,-0.108501756916,GUARDED_PRODUCTION,true,true,SUCCESS,NONE,155,true,true,1.67559733718e-10,false,false,false,false,0,26.5393678035,1207000,2.22714754085|0.428293599633|0.408069703302|-1.45660178181|1.38339523407|0.257385345487|0.760556841493|1.03636042295|0.273381569814|-0.888369928672
1104,VALID_CAMPAIGN,UNIFORM,4809767104579574935,10,MIXED,-1.23867198303,1.27327479457,-0.108501756916,UNGUARDED_REFERENCE,true,false,CONVERGED_UNCERTIFIED,NO_GUARDS_OR_FINAL_CERTIFICATION,12,true,false,8.26013144105e-09,false,true,false,true,0,NaN,30584,2.33627073786|-0.792746083553|-0.482220903239|-3.95992974990|-3.57038201177|-0.0879536742241|-12.5656495702|0.319322497381|-0.164802664544|11.0983411260
1105,VALID_CAMPAIGN,NEAR_JOINT_LIMIT,930254329375582581,10,MIXED,0.265067614292,-0.460469708348,0.298390295767,GUARDED_PRODUCTION,false,false,MAX_ITERATIONS_REACHED,MAX_ITERATIONS_LIMIT_REACHED,800,true,true,0.0827328313792,false,false,false,false,0,11.7004047125,5181125,-0.872948036957|-0.151529929234|0.318217762707|-1.78285383091|1.78285383091|0.0200000000000|1.78285383091|1.78285383091|0.575000000000|1.64232728721
1105,VALID_CAMPAIGN,NEAR_JOINT_LIMIT,930254329375582581,10,MIXED,0.265067614292,-0.460469708348,0.298390295767,UNGUARDED_REFERENCE,true,false,CONVERGED_UNCERTIFIED,NO_GUARDS_OR_FINAL_CERTIFICATION,7,true,false,9.31068293120e-09,false,true,false,true,0,NaN,14917,3.10266513687|-2.65826804416|0.562204497692|-1.74007965279|-2.46273756615|-0.138086318365|-10.4731672146|2.12558605408|0.194907217234|3.32597175957
1106,VALID_CAMPAIGN,NEAR_SINGULARITY,5610827436568493896,10,MIXED,2.05792002923,-0.337499928308,0.794999966340,GUARDED_PRODUCTION,true,true,SUCCESS,NONE,149,true,true,3.75632946868e-07,false,false,false,false,0,4.65198186946,1097833,-0.191905540583|0.0337309699378|0.377010300527|-0.514885894090|0.595282181365|0.278092513169|0.715645064411|-0.351521369146|0.575000000000|0.629628575168
1106,VALID_CAMPAIGN,NEAR_SINGULARITY,5610827436568493896,10,MIXED,2.05792002923,-0.337499928308,0.794999966340,UNGUARDED_REFERENCE,true,false,CONVERGED_UNCERTIFIED,NO_GUARDS_OR_FINAL_CERTIFICATION,10,true,false,1.54981553593e-07,false,true,false,true,0,NaN,22666,5.47846801038|-4.82603907502|0.682634175688|-4.50737468609|-1.17594587128|-0.693885384888|-8.05396888915|1.97998227273|-0.175675932325|2.26542924371
1107,VALID_CAMPAIGN,MICRO_MOTION,3764297986109444945,10,MIXED,2.05792032151,-0.337499211391,0.794999629737,GUARDED_PRODUCTION,true,true,SUCCESS,NONE,1,true,true,7.24718678486e-07,false,false,false,false,0,NaN,5708,-0.191905540583|0.0337309699378|0.377010300527|-0.514885894090|0.595282181365|0.278092513169|0.715645064411|-0.351521369146|0.575000000000|0.629628575168
1107,VALID_CAMPAIGN,MICRO_MOTION,3764297986109444945,10,MIXED,2.05792032151,-0.337499211391,0.794999629737,UNGUARDED_REFERENCE,true,false,CONVERGED_UNCERTIFIED,NO_GUARDS_OR_FINAL_CERTIFICATION,1,true,false,8.37769658791e-07,false,true,false,true,0,NaN,875,5.47846801038|-4.82603907502|0.682634175688|-4.50737468609|-1.17594587128|-0.693885384888|-8.05396888915|1.97998227273|-0.175675932325|2.26542924371
1108,VALID_CAMPAIGN,UNIFORM,8403321255594213567,10,MIXED,-1.23882463530,-0.165516296780,-0.470390156590,GUARDED_PRODUCTION,false,false,MAX_ITERATIONS_REACHED,MAX_ITERATIONS_LIMIT_REACHED,800,true,true,0.0386344011238,false,false,false,false,0,14.9477683615,6884250,-2.90528754710|0.450378903454|0.437612893983|-0.562913347432|-0.591533323989|0.0200000000000|1.78285383091|1.78285383091|0.575000000000|1.40594404701
1108,VALID_CAMPAIGN,UNIFORM,8403321255594213567,10,MIXED,-1.23882463530,-0.165516296780,-0.470390156590,UNGUARDED_REFERENCE,true,false,CONVERGED_UNCERTIFIED,NO_GUARDS_OR_FINAL_CERTIFICATION,9,true,false,2.36735569839e-09,false,true,false,true,0,NaN,20875,-2.02263417057|5.10638085972|0.0866613337055|-5.59742493972|-1.05128784320|-0.0740635170312|-8.71097515753|5.68010415966|0.645509820785|4.83627790580
1109,VALID_CAMPAIGN,NEAR_JOINT_LIMIT,6970036346759154237,10,MIXED,0.192153472454,0.0244817647804,0.479743910989,GUARDED_PRODUCTION,false,false,NO_CONVERGENCE,STAGNATION_WINDOW_EXCEEDED,164,true,true,0.305689646073,false,false,false,false,0,6.05116301609,1179750,-1.00609238530|-2.37713844122|0.343217966359|-1.78285383091|-0.126827893463|0.0200000000000|1.78285383091|1.11386327738|0.575000000000|0.484681444282
1109,VALID_CAMPAIGN,NEAR_JOINT_LIMIT,6970036346759154237,10,MIXED,0.192153472454,0.0244817647804,0.479743910989,UNGUARDED_REFERENCE,true,false,CONVERGED_UNCERTIFIED,NO_GUARDS_OR_FINAL_CERTIFICATION,8,true,false,7.00180899361e-09,false,true,false,true,0,NaN,17458,-1.72213058109|3.29759092642|0.0750176480273|-5.75023682931|0.110057245885|0.0477606090871|-9.72510642394|4.98698933662|0.338573104752|4.06603180226
1110,VALID_CAMPAIGN,NEAR_SINGULARITY,-9129046759746599215,10,MIXED,2.05792002923,-0.337499928308,0.794999966340,GUARDED_PRODUCTION,false,false,NO_CONVERGENCE,STAGNATION_WINDOW_EXCEEDED,572,true,true,1.62508871864,false,false,false,false,0,4.74555419216,3648125,-2.05274257399|-2.37713844122|0.575000000000|-1.78285383091|-1.63138989301|0.0200000000000|1.78285383091|1.78285383091|0.575000000000|-1.78285383091
1110,VALID_CAMPAIGN,NEAR_SINGULARITY,-9129046759746599215,10,MIXED,2.05792002923,-0.337499928308,0.794999966340,UNGUARDED_REFERENCE,true,false,CONVERGED_UNCERTIFIED,NO_GUARDS_OR_FINAL_CERTIFICATION,11,true,false,9.99997212069e-09,false,true,false,true,0,NaN,25833,-0.141357438320|-0.159173842998|0.127281851598|-4.83212656935|0.802364151209|-0.367050714450|-7.64940255189|5.67825449579|0.507479133329|5.26506715609
1111,VALID_CAMPAIGN,MICRO_MOTION,-2212884299601096031,10,MIXED,2.05792032151,-0.337499211391,0.794999629737,GUARDED_PRODUCTION,false,false,NO_CONVERGENCE,STAGNATION_WINDOW_EXCEEDED,7,true,true,1.62512671064,false,false,false,false,0,3.05096970795,45500,-2.05505325168|-2.37713844122|0.575000000000|-1.78285383091|-1.63474132230|0.0200000000000|1.78285383091|1.78285383091|0.575000000000|-1.78285383091
1111,VALID_CAMPAIGN,MICRO_MOTION,-2212884299601096031,10,MIXED,2.05792032151,-0.337499211391,0.794999629737,UNGUARDED_REFERENCE,true,false,CONVERGED_UNCERTIFIED,NO_GUARDS_OR_FINAL_CERTIFICATION,1,true,false,8.44305428301e-07,false,true,false,true,0,NaN,1000,-0.141357438320|-0.159173842998|0.127281851598|-4.83212656935|0.802364151209|-0.367050714450|-7.64940255189|5.67825449579|0.507479133329|5.26506715609
1112,VALID_CAMPAIGN,UNIFORM,-6815267183129103272,10,MIXED,0.950997800207,-0.593350671248,-0.435562578849,GUARDED_PRODUCTION,false,false,NO_CONVERGENCE,STAGNATION_WINDOW_EXCEEDED,335,true,true,0.490626558142,false,false,false,false,0,3.04908109801,2176000,-3.14159265359|-2.37713844122|0.575000000000|-0.477907210473|-0.815965939138|0.0601878944303|1.78285383091|1.78285383091|0.575000000000|-1.78285383091
1112,VALID_CAMPAIGN,UNIFORM,-6815267183129103272,10,MIXED,0.950997800207,-0.593350671248,-0.435562578849,UNGUARDED_REFERENCE,true,false,CONVERGED_UNCERTIFIED,NO_GUARDS_OR_FINAL_CERTIFICATION,8,true,false,1.17771905540e-09,false,true,false,true,0,NaN,17000,-0.476922464527|0.366457039279|0.201038637545|-3.06273601564|4.53877446578|0.232886003201|-9.77438633020|5.16354281352|-0.0445314517766|4.51061212123
1113,VALID_CAMPAIGN,NEAR_JOINT_LIMIT,4415076353327091308,10,MIXED,-0.414131193275,-0.0208892548865,0.120512918679,GUARDED_PRODUCTION,true,true,SUCCESS,NONE,83,true,true,2.29977928885e-08,false,false,false,false,0,7.69154040335,591750,-1.89819745626|-1.86950975765|0.428219637417|-1.23092153890|-1.51506543027|0.0200021108621|1.77016091723|0.891426188929|0.574996908611|-1.12375707508
1113,VALID_CAMPAIGN,NEAR_JOINT_LIMIT,4415076353327091308,10,MIXED,-0.414131193275,-0.0208892548865,0.120512918679,UNGUARDED_REFERENCE,true,false,CONVERGED_UNCERTIFIED,NO_GUARDS_OR_FINAL_CERTIFICATION,10,true,false,1.52753413837e-09,false,true,false,true,0,NaN,22208,1.16757322545|-3.70894813886|0.0557166394669|-4.31452962810|3.36484564887|0.184397379969|-9.83163506688|3.33618547171|-0.353245919538|3.63175043944
1114,VALID_CAMPAIGN,NEAR_SINGULARITY,-4131828670555209107,10,MIXED,2.05792002923,-0.337499928308,0.794999966340,GUARDED_PRODUCTION,false,false,NO_CONVERGENCE,STAGNATION_WINDOW_EXCEEDED,212,true,true,1.62513139178,false,false,false,false,0,2.83737785322,1317291,-2.04434782676|-2.37713844122|0.575000000000|-1.78285383091|-1.62025936870|0.0200000000000|1.78285383091|1.78285383091|0.575000000000|-1.78285383091
1114,VALID_CAMPAIGN,NEAR_SINGULARITY,-4131828670555209107,10,MIXED,2.05792002923,-0.337499928308,0.794999966340,UNGUARDED_REFERENCE,true,false,CONVERGED_UNCERTIFIED,NO_GUARDS_OR_FINAL_CERTIFICATION,21,true,false,3.83105935702e-09,false,true,false,true,0,NaN,49250,6.34585398185|-13.4422756758|-0.272219475447|-5.80100690782|-5.70258129671|0.222061525734|-7.13416229727|6.00982628244|0.628465803052|1.76399362458
1115,VALID_CAMPAIGN,MICRO_MOTION,5475952259710364513,10,MIXED,2.05792032151,-0.337499211391,0.794999629737,GUARDED_PRODUCTION,false,false,NO_CONVERGENCE,STAGNATION_WINDOW_EXCEEDED,7,true,true,1.62514464926,false,false,false,false,0,3.05720588280,37667,-2.04786847537|-2.37713844122|0.575000000000|-1.78285383091|-1.62532138585|0.0200000000000|1.78285383091|1.78285383091|0.575000000000|-1.78285383091
1115,VALID_CAMPAIGN,MICRO_MOTION,5475952259710364513,10,MIXED,2.05792032151,-0.337499211391,0.794999629737,UNGUARDED_REFERENCE,true,false,CONVERGED_UNCERTIFIED,NO_GUARDS_OR_FINAL_CERTIFICATION,1,true,false,8.44252611796e-07,false,true,false,true,0,NaN,875,6.34585398185|-13.4422756758|-0.272219475447|-5.80100690782|-5.70258129671|0.222061525734|-7.13416229727|6.00982628244|0.628465803052|1.76399362458
1116,VALID_CAMPAIGN,UNIFORM,3415583000790225086,10,MIXED,0.382888685331,0.956239185331,0.488179560799,GUARDED_PRODUCTION,false,false,NO_CONVERGENCE,STAGNATION_WINDOW_EXCEEDED,78,true,true,0.528980343148,false,false,false,false,0,3.05437662365,463417,-0.889644201381|-2.37713844122|0.575000000000|-1.78285383091|-1.74999502356|0.0200000000000|1.78285383091|1.78285383091|0.575000000000|-1.78285383091
1116,VALID_CAMPAIGN,UNIFORM,3415583000790225086,10,MIXED,0.382888685331,0.956239185331,0.488179560799,UNGUARDED_REFERENCE,true,false,CONVERGED_UNCERTIFIED,NO_GUARDS_OR_FINAL_CERTIFICATION,12,true,false,2.74562025883e-09,false,true,false,true,0,NaN,27250,2.60471996090|-14.3863571582|0.0161762516487|-5.60448269456|-3.47773221495|0.00167143251515|-9.36958874115|5.24585354218|0.464347407705|4.10792834398
1117,VALID_CAMPAIGN,NEAR_JOINT_LIMIT,4803113447864025903,10,MIXED,0.459300586169,-0.0509757902042,-0.137296828782,GUARDED_PRODUCTION,true,true,SUCCESS,NONE,81,true,true,7.04352920814e-07,false,false,false,false,0,2.98095928963,647041,-2.36780466694|-2.37713844122|0.560843682224|-0.743924328359|-1.72632219087|0.0200000000000|1.78285383091|1.72553722016|0.575000000000|-1.65442592904
1117,VALID_CAMPAIGN,NEAR_JOINT_LIMIT,4803113447864025903,10,MIXED,0.459300586169,-0.0509757902042,-0.137296828782,UNGUARDED_REFERENCE,true,false,CONVERGED_UNCERTIFIED,NO_GUARDS_OR_FINAL_CERTIFICATION,6,true,false,2.20933479534e-07,false,true,false,true,0,NaN,15958,3.85771952530|-16.2296991641|0.0415093921439|-6.02413050994|-3.70581377582|0.0373097139729|-8.78615103724|5.86551604017|0.304651631218|3.24694072218
1118,VALID_CAMPAIGN,NEAR_SINGULARITY,-4707740176732431991,10,MIXED,2.05792002923,-0.337499928308,0.794999966340,GUARDED_PRODUCTION,false,false,NO_CONVERGENCE,STAGNATION_WINDOW_EXCEEDED,532,true,true,1.62536271929,false,false,false,false,0,3.79501013151,3238292,-2.06850003417|-2.37713844122|0.575000000000|-1.78285383091|-1.65302526973|0.0200000000000|1.78285383091|1.78285383091|0.575000000000|-1.78285383091
1118,VALID_CAMPAIGN,NEAR_SINGULARITY,-4707740176732431991,10,MIXED,2.05792002923,-0.337499928308,0.794999966340,UNGUARDED_REFERENCE,true,false,CONVERGED_UNCERTIFIED,NO_GUARDS_OR_FINAL_CERTIFICATION,11,true,false,1.74911849166e-08,false,true,false,true,0,NaN,26083,5.14312997631|-14.0964204180|0.00108226074964|-4.76447484324|-4.92651237329|1.30733613469|-11.2387142190|7.05175280769|-0.878418672180|5.54630666652
1119,VALID_CAMPAIGN,MICRO_MOTION,-5906116982659809024,10,MIXED,2.05792032151,-0.337499211391,0.794999629737,GUARDED_PRODUCTION,false,false,NO_CONVERGENCE,STAGNATION_WINDOW_EXCEEDED,7,true,true,1.62536273176,false,false,false,false,0,3.03868821047,52125,-2.06849991890|-2.37713844122|0.575000000000|-1.78285383091|-1.65302520189|0.0200000000000|1.78285383091|1.78285383091|0.575000000000|-1.78285383091
1119,VALID_CAMPAIGN,MICRO_MOTION,-5906116982659809024,10,MIXED,2.05792032151,-0.337499211391,0.794999629737,UNGUARDED_REFERENCE,true,false,CONVERGED_UNCERTIFIED,NO_GUARDS_OR_FINAL_CERTIFICATION,1,true,false,8.47012360581e-07,false,true,false,true,0,NaN,917,5.14312997631|-14.0964204180|0.00108226074964|-4.76447484324|-4.92651237329|1.30733613469|-11.2387142190|7.05175280769|-0.878418672180|5.54630666652
1120,VALID_CAMPAIGN,UNIFORM,-2156987559553449213,10,MIXED,-0.350769557174,-0.998950301581,0.825879622481,GUARDED_PRODUCTION,false,false,NO_CONVERGENCE,STAGNATION_WINDOW_EXCEEDED,257,true,true,0.958703050574,false,false,false,false,0,3.03868824951,1552375,-3.14159265359|-2.37713844122|0.515764750333|-1.78285383091|-1.78285383091|0.0200000000000|1.78285383091|1.78285383091|0.575000000000|-1.45862841115
1120,VALID_CAMPAIGN,UNIFORM,-2156987559553449213,10,MIXED,-0.350769557174,-0.998950301581,0.825879622481,UNGUARDED_REFERENCE,true,false,CONVERGED_UNCERTIFIED,NO_GUARDS_OR_FINAL_CERTIFICATION,15,true,false,7.59529882425e-10,false,true,false,true,0,NaN,34916,-1.08762329003|-7.34522827912|0.139022273777|-5.29678918457|-6.14904903370|0.309214439308|-5.90263815959|9.91144211548|0.225834836907|3.03288115469
1121,VALID_CAMPAIGN,NEAR_JOINT_LIMIT,8264379462575782457,10,MIXED,-0.442517964287,0.0275782949223,0.0253356286316,GUARDED_PRODUCTION,true,true,SUCCESS,NONE,115,true,true,9.30664067175e-07,false,false,false,false,0,2.52436872275,821667,-2.15763799025|-1.90951716893|0.392703580683|-1.49231807685|-1.78285383091|0.0200000000000|1.75392210052|0.983428876136|0.575000000000|-0.718526254108
1121,VALID_CAMPAIGN,NEAR_JOINT_LIMIT,8264379462575782457,10,MIXED,-0.442517964287,0.0275782949223,0.0253356286316,UNGUARDED_REFERENCE,true,false,CONVERGED_UNCERTIFIED,NO_GUARDS_OR_FINAL_CERTIFICATION,10,true,false,5.57863149532e-09,false,true,false,true,0,NaN,24375,-4.27511818758|-9.67041371260|0.192189244004|-3.81767518733|-7.15406100049|0.104230753308|-9.17782434806|10.6957409093|0.0861626285788|3.73522307810
1122,VALID_CAMPAIGN,NEAR_SINGULARITY,8430637383321717498,10,MIXED,2.05792002923,-0.337499928308,0.794999966340,GUARDED_PRODUCTION,false,false,NO_CONVERGENCE,STAGNATION_WINDOW_EXCEEDED,273,true,true,1.62505218142,false,false,false,false,0,2.75561237454,1770000,-2.05239574183|-2.37713844122|0.575000000000|-1.78285383091|-1.63060400243|0.0200000000000|1.78285383091|1.78285383091|0.575000000000|-1.78285383091
1122,VALID_CAMPAIGN,NEAR_SINGULARITY,8430637383321717498,10,MIXED,2.05792002923,-0.337499928308,0.794999966340,UNGUARDED_REFERENCE,true,false,CONVERGED_UNCERTIFIED,NO_GUARDS_OR_FINAL_CERTIFICATION,9,true,false,2.64884209260e-07,false,true,false,true,0,NaN,21625,-6.46234315930|-6.23888230438|0.0173548276790|-5.65605220560|-6.36846883404|-0.0783905603818|-6.60375740751|11.9020882204|0.505132564560|0.818670035696
1123,VALID_CAMPAIGN,MICRO_MOTION,-4219334925676512239,10,MIXED,2.05792032151,-0.337499211391,0.794999629737,GUARDED_PRODUCTION,false,false,NO_CONVERGENCE,STAGNATION_WINDOW_EXCEEDED,7,true,true,1.62509771199,false,false,false,false,0,3.05141184532,41958,-2.05473427344|-2.37713844122|0.575000000000|-1.78285383091|-1.63407213650|0.0200000000000|1.78285383091|1.78285383091|0.575000000000|-1.78285383091
1123,VALID_CAMPAIGN,MICRO_MOTION,-4219334925676512239,10,MIXED,2.05792032151,-0.337499211391,0.794999629737,UNGUARDED_REFERENCE,true,false,CONVERGED_UNCERTIFIED,NO_GUARDS_OR_FINAL_CERTIFICATION,1,true,false,8.79398976473e-07,false,true,false,true,0,NaN,1125,-6.46234315930|-6.23888230438|0.0173548276790|-5.65605220560|-6.36846883404|-0.0783905603818|-6.60375740751|11.9020882204|0.505132564560|0.818670035696
1124,VALID_CAMPAIGN,UNIFORM,-4606820875898845767,10,MIXED,-0.0537232878003,0.945247752618,0.325087514017,GUARDED_PRODUCTION,false,false,NO_CONVERGENCE,STAGNATION_WINDOW_EXCEEDED,154,true,true,0.380777534475,false,false,false,false,0,3.04945860353,988375,-0.429274856279|-2.37713844122|0.575000000000|-1.78285383091|-1.58228194560|0.0240236519590|1.78285383091|1.78285383091|0.575000000000|-1.78285383091
1124,VALID_CAMPAIGN,UNIFORM,-4606820875898845767,10,MIXED,-0.0537232878003,0.945247752618,0.325087514017,UNGUARDED_REFERENCE,true,false,CONVERGED_UNCERTIFIED,NO_GUARDS_OR_FINAL_CERTIFICATION,8,true,false,1.93737276005e-08,false,true,false,true,0,NaN,19041,-8.41579762815|-2.87439337405|-0.0547160480797|-3.12075228964|-6.40627241455|0.435726913366|-8.19555985860|13.1551236835|-1.24519965853|8.74376694377
1125,VALID_CAMPAIGN,NEAR_JOINT_LIMIT,1464681062431473684,10,MIXED,-0.750078432201,0.420122017565,0.310114355354,GUARDED_PRODUCTION,false,false,NO_CONVERGENCE,STAGNATION_WINDOW_EXCEEDED,55,true,true,0.293409848165,false,false,false,false,0,3.09908151582,356125,0.576341286316|-2.37713844122|0.575000000000|-1.78285383091|-1.58927946260|0.0227300294502|1.78285383091|1.78285383091|0.575000000000|-1.78285383091
1125,VALID_CAMPAIGN,NEAR_JOINT_LIMIT,1464681062431473684,10,MIXED,-0.750078432201,0.420122017565,0.310114355354,UNGUARDED_REFERENCE,true,false,CONVERGED_UNCERTIFIED,NO_GUARDS_OR_FINAL_CERTIFICATION,6,true,false,8.24465061336e-10,false,true,false,true,0,NaN,13416,-6.15513297556|-3.61898711355|-0.0297399002878|-4.12543243320|-6.20897623057|0.440705493718|-7.77421119237|13.2501667677|-1.17618940893|8.82578759173
1126,VALID_CAMPAIGN,NEAR_SINGULARITY,-2664030415541700205,10,MIXED,2.05792002923,-0.337499928308,0.794999966340,GUARDED_PRODUCTION,true,true,SUCCESS,NONE,144,true,true,6.63623000397e-07,false,false,false,false,0,3.08849468566,1106583,0.345657718430|0.113917731611|0.497096014122|-0.469408231824|-1.07493806955|0.125018199932|0.602540982990|-0.375889367701|0.575000000000|-0.950725030384
1126,VALID_CAMPAIGN,NEAR_SINGULARITY,-2664030415541700205,10,MIXED,2.05792002923,-0.337499928308,0.794999966340,UNGUARDED_REFERENCE,true,false,CONVERGED_UNCERTIFIED,NO_GUARDS_OR_FINAL_CERTIFICATION,7,true,false,1.58020497862e-09,false,true,false,true,0,NaN,16125,-13.2529102245|0.604274795566|-0.0580670715270|-0.949334258102|-6.96972698379|0.939372671896|-7.56561725022|11.0727306148|-0.593756542999|9.21982269001
1127,VALID_CAMPAIGN,MICRO_MOTION,-4384911442582705598,10,MIXED,2.05792032151,-0.337499211391,0.794999629737,GUARDED_PRODUCTION,true,true,SUCCESS,NONE,2,true,true,6.77346151767e-08,false,false,false,false,0,14.0057190587,14708,0.345657576059|0.113918586826|0.497096052556|-0.469407725145|-1.07493783056|0.125018279294|0.602540917233|-0.375889690030|0.575000000000|-0.950724734798
1127,VALID_CAMPAIGN,MICRO_MOTION,-4384911442582705598,10,MIXED,2.05792032151,-0.337499211391,0.794999629737,UNGUARDED_REFERENCE,true,false,CONVERGED_UNCERTIFIED,NO_GUARDS_OR_FINAL_CERTIFICATION,1,true,false,8.44217018635e-07,false,true,false,true,0,NaN,834,-13.2529102245|0.604274795566|-0.0580670715270|-0.949334258102|-6.96972698379|0.939372671896|-7.56561725022|11.0727306148|-0.593756542999|9.21982269001
1128,VALID_CAMPAIGN,UNIFORM,1739739058577361815,10,MIXED,-1.34031564728,1.52647082414,0.762830387932,GUARDED_PRODUCTION,true,true,SUCCESS,NONE,87,true,true,6.96290557590e-08,false,false,false,false,0,14.0057267410,716584,2.36364493219|0.526306748899|0.487730234893|-0.807519514692|-1.42347684490|0.130869700122|0.795147156165|-0.235018265482|0.571001266528|-0.907364241331
1128,VALID_CAMPAIGN,UNIFORM,1739739058577361815,10,MIXED,-1.34031564728,1.52647082414,0.762830387932,UNGUARDED_REFERENCE,true,false,CONVERGED_UNCERTIFIED,NO_GUARDS_OR_FINAL_CERTIFICATION,10,true,false,9.36892711731e-07,false,true,false,true,0,NaN,23000,-10.2600350238|0.0756620005708|-0.0412550530255|-1.10837247522|-8.24433122736|0.761902969751|-3.39896457255|17.3923313195|-0.0659655706580|11.6326461130
1129,VALID_CAMPAIGN,NEAR_JOINT_LIMIT,3072556212918668970,10,MIXED,0.396229254444,-0.0891637760056,-0.125349433407,GUARDED_PRODUCTION,true,true,SUCCESS,NONE,479,true,true,9.93318509337e-07,false,false,false,false,0,10.7697123761,3322500,-0.225984026499|1.23479345384|0.232586935692|1.78285383091|-0.899101343965|0.161954928838|1.78285383091|0.0462871656357|0.575000000000|-0.673356619034
1129,VALID_CAMPAIGN,NEAR_JOINT_LIMIT,3072556212918668970,10,MIXED,0.396229254444,-0.0891637760056,-0.125349433407,UNGUARDED_REFERENCE,true,false,CONVERGED_UNCERTIFIED,NO_GUARDS_OR_FINAL_CERTIFICATION,9,true,false,3.76902945783e-07,false,true,false,true,0,NaN,19416,-7.76346179416|-1.18803000251|-0.145209360052|-1.05116127737|-8.68041998276|-0.503248431160|-0.998078054546|12.6058051703|-0.156810405197|5.73013949339
1130,VALID_CAMPAIGN,NEAR_SINGULARITY,-4246524904318330025,10,MIXED,2.05792002923,-0.337499928308,0.794999966340,GUARDED_PRODUCTION,true,true,SUCCESS,NONE,117,true,true,6.09187147357e-07,false,false,false,false,0,3.97177645869,864750,-0.348178375741|1.26444205471|0.435244844295|1.11682976515|-0.995139626397|0.169713871802|0.0161186897031|-1.23730642900|0.575000000000|-0.618100593287
1130,VALID_CAMPAIGN,NEAR_SINGULARITY,-4246524904318330025,10,MIXED,2.05792002923,-0.337499928308,0.794999966340,UNGUARDED_REFERENCE,true,false,CONVERGED_UNCERTIFIED,NO_GUARDS_OR_FINAL_CERTIFICATION,11,true,false,1.80382180251e-07,false,true,false,true,0,NaN,23833,-6.34389213778|-1.55823286486|-0.617749167474|-2.76508817694|-10.8400214241|-0.840030098493|-0.0103392059439|13.4657338058|-0.417154946453|6.19771418780
1131,VALID_CAMPAIGN,MICRO_MOTION,4394054160948741157,10,MIXED,2.05792032151,-0.337499211391,0.794999629737,GUARDED_PRODUCTION,true,true,SUCCESS,NONE,1,true,true,7.49228715686e-07,false,false,false,false,0,NaN,6292,-0.348178375741|1.26444205471|0.435244844295|1.11682976515|-0.995139626397|0.169713871802|0.0161186897031|-1.23730642900|0.575000000000|-0.618100593287
1131,VALID_CAMPAIGN,MICRO_MOTION,4394054160948741157,10,MIXED,2.05792032151,-0.337499211391,0.794999629737,UNGUARDED_REFERENCE,true,false,CONVERGED_UNCERTIFIED,NO_GUARDS_OR_FINAL_CERTIFICATION,1,true,false,8.93446254679e-07,false,true,false,true,0,NaN,875,-6.34389213778|-1.55823286486|-0.617749167474|-2.76508817694|-10.8400214241|-0.840030098493|-0.0103392059439|13.4657338058|-0.417154946453|6.19771418780
1132,VALID_CAMPAIGN,UNIFORM,3064802614962700450,10,MIXED,-0.815255292370,-0.112749924387,1.29182167255,GUARDED_PRODUCTION,true,true,SUCCESS,NONE,103,true,true,3.43403582432e-07,false,false,false,false,0,15.3439331430,775958,-2.49410124599|1.31623360450|0.346267216026|1.72868867163|0.0440834788502|0.219576408085|0.485501339872|-0.893809191027|0.575000000000|-0.506395318462
1132,VALID_CAMPAIGN,UNIFORM,3064802614962700450,10,MIXED,-0.815255292370,-0.112749924387,1.29182167255,UNGUARDED_REFERENCE,true,false,CONVERGED_UNCERTIFIED,NO_GUARDS_OR_FINAL_CERTIFICATION,10,true,false,2.99688563846e-10,false,true,false,true,0,NaN,21875,-1.97228989965|-5.78325672244|0.937899577965|-1.88045319736|-9.61768333702|-1.00322782735|-1.86140406959|13.3496720180|0.649972521063|5.81183958183
1133,VALID_CAMPAIGN,NEAR_JOINT_LIMIT,-7982623173400558922,10,MIXED,0.515249540856,-0.559245249491,0.314324219632,GUARDED_PRODUCTION,true,true,SUCCESS,NONE,172,true,true,9.70338144503e-07,false,false,false,false,0,3.42737792636,1255208,0.0107350035031|1.37092383028|0.355344778258|1.78285383091|1.06487666009|0.186119665365|1.18968473293|-0.284192104810|0.533045974244|-0.441646578846
1133,VALID_CAMPAIGN,NEAR_JOINT_LIMIT,-7982623173400558922,10,MIXED,0.515249540856,-0.559245249491,0.314324219632,UNGUARDED_REFERENCE,true,false,CONVERGED_UNCERTIFIED,NO_GUARDS_OR_FINAL_CERTIFICATION,6,true,false,2.05039238322e-08,false,true,false,true,0,NaN,12417,-0.511205103145|-5.87948375089|0.912586101834|-1.52352130544|-10.2468533943|-0.968010611632|-1.27637760996|14.0067523315|0.660424960293|5.70364241375
1134,VALID_CAMPAIGN,NEAR_SINGULARITY,-7487760857533131143,10,MIXED,2.05792002923,-0.337499928308,0.794999966340,GUARDED_PRODUCTION,true,true,SUCCESS,NONE,137,true,true,7.34753537722e-07,false,false,false,false,0,3.22905355729,987083,-0.286301945075|0.501569391610|0.575000000000|-0.749203158825|1.71409804740|0.331977608895|1.59479044181|-0.493087268485|0.575000000000|-0.613016436538
1134,VALID_CAMPAIGN,NEAR_SINGULARITY,-7487760857533131143,10,MIXED,2.05792002923,-0.337499928308,0.794999966340,UNGUARDED_REFERENCE,true,false,CONVERGED_UNCERTIFIED,NO_GUARDS_OR_FINAL_CERTIFICATION,12,true,false,7.11377789408e-10,false,true,false,true,0,NaN,27292,-0.100802329059|-5.93433970649|0.759964422280|-4.35359541591|-10.4735426134|-1.23285389440|-1.03051132206|15.0860148600|0.371211497741|3.45797503497
1135,VALID_CAMPAIGN,MICRO_MOTION,-402503527743210806,10,MIXED,2.05792032151,-0.337499211391,0.794999629737,GUARDED_PRODUCTION,true,true,SUCCESS,NONE,1,true,true,6.83403480425e-07,false,false,false,false,0,NaN,5667,-0.286301945075|0.501569391610|0.575000000000|-0.749203158825|1.71409804740|0.331977608895|1.59479044181|-0.493087268485|0.575000000000|-0.613016436538
1135,VALID_CAMPAIGN,MICRO_MOTION,-402503527743210806,10,MIXED,2.05792032151,-0.337499211391,0.794999629737,UNGUARDED_REFERENCE,true,false,CONVERGED_UNCERTIFIED,NO_GUARDS_OR_FINAL_CERTIFICATION,1,true,false,8.43784624813e-07,false,true,false,true,0,NaN,791,-0.100802329059|-5.93433970649|0.759964422280|-4.35359541591|-10.4735426134|-1.23285389440|-1.03051132206|15.0860148600|0.371211497741|3.45797503497
1136,VALID_CAMPAIGN,UNIFORM,-4632213088651613141,10,MIXED,-0.613381229026,-0.984625533924,-0.252124755207,GUARDED_PRODUCTION,true,true,SUCCESS,NONE,188,true,true,9.31726908326e-07,false,false,false,false,0,20.8885694471,1364333,-1.10665703158|-0.830012856044|0.492536070433|-0.0980636378269|0.657704525218|0.135273376456|1.78285383091|1.78285383091|0.575000000000|-0.489616084166
1136,VALID_CAMPAIGN,UNIFORM,-4632213088651613141,10,MIXED,-0.613381229026,-0.984625533924,-0.252124755207,UNGUARDED_REFERENCE,true,false,CONVERGED_UNCERTIFIED,NO_GUARDS_OR_FINAL_CERTIFICATION,20,true,false,7.12508846755e-07,false,true,false,true,0,NaN,48375,-2.63171427642|-4.09720157404|0.261406618430|-1.86168457763|-13.6431196697|-0.438629317927|-6.12695552068|7.01507998129|-0.133401364030|2.65969668892
1137,VALID_CAMPAIGN,NEAR_JOINT_LIMIT,-6638831466659867187,10,MIXED,-0.219062205393,-0.517300878964,0.273968546853,GUARDED_PRODUCTION,true,true,SUCCESS,NONE,36,true,true,2.20356589876e-09,false,false,false,false,0,5.28442177688,277667,-0.106907676498|-1.43638494511|0.468369633765|-0.188297521353|0.250950415879|0.147884773180|1.35111601339|1.23350438192|0.566760108354|-0.228155937844
1137,VALID_CAMPAIGN,NEAR_JOINT_LIMIT,-6638831466659867187,10,MIXED,-0.219062205393,-0.517300878964,0.273968546853,UNGUARDED_REFERENCE,true,false,CONVERGED_UNCERTIFIED,NO_GUARDS_OR_FINAL_CERTIFICATION,5,true,false,2.79118589508e-07,false,true,false,true,0,NaN,10583,-3.20742466557|-2.82402055997|0.134748510555|-2.92919358259|-13.4914531921|-0.442856700015|-5.94256445276|7.12273684209|-0.0317610467066|2.99317300109
1138,VALID_CAMPAIGN,NEAR_SINGULARITY,-5746121917823241712,10,MIXED,2.05792002923,-0.337499928308,0.794999966340,GUARDED_PRODUCTION,true,true,SUCCESS,NONE,77,true,true,2.68052124608e-10,false,false,false,false,0,2.68256847904,645666,0.0768849051612|-0.0612858422081|0.480174769720|-0.400118742877|0.294282815339|0.210546133396|0.370807594202|0.127599482681|0.558457504894|-0.282688516710
1138,VALID_CAMPAIGN,NEAR_SINGULARITY,-5746121917823241712,10,MIXED,2.05792002923,-0.337499928308,0.794999966340,UNGUARDED_REFERENCE,true,false,CONVERGED_UNCERTIFIED,NO_GUARDS_OR_FINAL_CERTIFICATION,9,true,false,8.24030048176e-09,false,true,false,true,0,NaN,22958,-0.177630300406|-0.287555625866|-0.185629751392|-4.74333151812|-11.9211758658|-0.589145344150|-2.19440398268|7.24587016524|0.224921276064|0.0719945709946
1139,VALID_CAMPAIGN,MICRO_MOTION,-8367155867912402115,10,MIXED,2.05792032151,-0.337499211391,0.794999629737,GUARDED_PRODUCTION,true,true,SUCCESS,NONE,1,true,true,8.44245781740e-07,false,false,false,false,0,NaN,17875,0.0768849051612|-0.0612858422081|0.480174769720|-0.400118742877|0.294282815339|0.210546133396|0.370807594202|0.127599482681|0.558457504894|-0.282688516710
1139,VALID_CAMPAIGN,MICRO_MOTION,-8367155867912402115,10,MIXED,2.05792032151,-0.337499211391,0.794999629737,UNGUARDED_REFERENCE,true,false,CONVERGED_UNCERTIFIED,NO_GUARDS_OR_FINAL_CERTIFICATION,1,true,false,8.44061959326e-07,false,true,false,true,0,NaN,1000,-0.177630300406|-0.287555625866|-0.185629751392|-4.74333151812|-11.9211758658|-0.589145344150|-2.19440398268|7.24587016524|0.224921276064|0.0719945709946
1140,VALID_CAMPAIGN,UNIFORM,-6010170005341910621,10,MIXED,0.218204587604,-0.477523010712,1.01056047772,GUARDED_PRODUCTION,true,true,SUCCESS,NONE,53,true,true,4.61434953511e-12,false,false,false,false,0,12.7064868235,425292,0.193651108746|-0.862049477522|0.464042313697|0.548261177058|0.258582103187|0.205321914215|0.841022751987|0.533385769619|0.570147273808|-0.139930352627
1140,VALID_CAMPAIGN,UNIFORM,-6010170005341910621,10,MIXED,0.218204587604,-0.477523010712,1.01056047772,UNGUARDED_REFERENCE,true,false,CONVERGED_UNCERTIFIED,NO_GUARDS_OR_FINAL_CERTIFICATION,10,true,false,4.21522311900e-08,false,true,false,true,0,NaN,28625,-1.95344888052|-4.65952220252|0.167491873425|-5.33326573833|-11.8595048854|0.189163922769|-5.34569922312|7.76655037260|-0.239165218148|3.68749027446
1141,VALID_CAMPAIGN,NEAR_JOINT_LIMIT,1657740928454314390,10,MIXED,0.604586887778,-0.514150808317,0.00608341285101,GUARDED_PRODUCTION,true,true,SUCCESS,NONE,54,true,true,5.40587185056e-07,false,false,false,false,0,2.36455166658,408542,0.479611997966|-0.967012477799|0.458691798424|0.894790467657|-0.0354146034724|0.154058825082|1.73650393856|1.12334001308|0.575000000000|-0.0669119255926
1141,VALID_CAMPAIGN,NEAR_JOINT_LIMIT,1657740928454314390,10,MIXED,0.604586887778,-0.514150808317,0.00608341285101,UNGUARDED_REFERENCE,true,false,CONVERGED_UNCERTIFIED,NO_GUARDS_OR_FINAL_CERTIFICATION,6,true,false,8.45360468122e-07,false,true,false,true,0,NaN,13125,-1.52652786979|-4.35510250372|0.194097457492|-5.02579778198|-9.26561071234|-0.00120007066306|-3.87248079870|9.43758658985|0.0333276635542|2.16043026470
1142,VALID_CAMPAIGN,NEAR_SINGULARITY,5949952989297262734,10,MIXED,2.05792002923,-0.337499928308,0.794999966340,GUARDED_PRODUCTION,false,false,NO_CONVERGENCE,STAGNATION_WINDOW_EXCEEDED,529,true,true,0.547282907819,false,false,false,false,0,9.27762746996,3534458,-0.217905210569|0.602472799627|0.575000000000|1.10179519424|-0.0914585288039|0.0200000000000|1.78285383091|1.78285383091|0.575000000000|-1.78285383091
1142,VALID_CAMPAIGN,NEAR_SINGULARITY,5949952989297262734,10,MIXED,2.05792002923,-0.337499928308,0.794999966340,UNGUARDED_REFERENCE,true,false,CONVERGED_UNCERTIFIED,NO_GUARDS_OR_FINAL_CERTIFICATION,10,true,false,8.95085594834e-09,false,true,false,true,0,NaN,23333,-0.122063662462|-5.84881498852|0.388662193227|-6.23521160001|-6.54590332041|0.261995607880|-5.69233001558|7.12770932892|-0.387324454295|4.41800861759
1143,VALID_CAMPAIGN,MICRO_MOTION,5208841654432836229,10,MIXED,2.05792032151,-0.337499211391,0.794999629737,GUARDED_PRODUCTION,false,false,NO_CONVERGENCE,STAGNATION_WINDOW_EXCEEDED,7,true,true,0.547418717992,false,false,false,false,0,8.87925767324,45708,-0.217087147540|0.602816414733|0.575000000000|1.10158617260|-0.0941380171910|0.0200000000000|1.78285383091|1.78285383091|0.575000000000|-1.78285383091
1143,VALID_CAMPAIGN,MICRO_MOTION,5208841654432836229,10,MIXED,2.05792032151,-0.337499211391,0.794999629737,UNGUARDED_REFERENCE,true,false,CONVERGED_UNCERTIFIED,NO_GUARDS_OR_FINAL_CERTIFICATION,1,true,false,8.44197821861e-07,false,true,false,true,0,NaN,875,-0.122063662462|-5.84881498852|0.388662193227|-6.23521160001|-6.54590332041|0.261995607880|-5.69233001558|7.12770932892|-0.387324454295|4.41800861759
1144,VALID_CAMPAIGN,UNIFORM,-5715672317589242296,10,MIXED,1.35440729132,-0.465984650676,0.112549532549,GUARDED_PRODUCTION,true,true,SUCCESS,NONE,21,true,true,1.50722187874e-07,false,false,false,false,0,8.87609973848,170125,-0.191718316520|0.578947690123|0.558118927440|1.17735642634|-0.138454982545|0.0394215967913|1.41651034650|1.34267557638|0.556395701012|-1.74050011285
1144,VALID_CAMPAIGN,UNIFORM,-5715672317589242296,10,MIXED,1.35440729132,-0.465984650676,0.112549532549,UNGUARDED_REFERENCE,true,false,CONVERGED_UNCERTIFIED,NO_GUARDS_OR_FINAL_CERTIFICATION,7,true,false,3.59193982534e-10,false,true,false,true,0,NaN,15291,-0.0743331902106|-6.34208582580|0.115198368115|-6.81717074448|-7.13555299827|-0.118946927133|-5.53883038178|7.20637920046|0.111829048360|2.60324618974
1145,VALID_CAMPAIGN,NEAR_JOINT_LIMIT,-5161320158016962901,10,MIXED,-0.574309955710,-0.180275571829,0.247959236448,GUARDED_PRODUCTION,true,true,SUCCESS,NONE,76,true,true,4.45842038331e-09,false,false,false,false,0,10.9869206529,581333,-0.508640386175|-0.712111083538|0.519691170141|1.74128082156|-0.848026349615|0.0962753585889|0.600881629244|0.137255124468|0.569917192983|-1.37542281346
1145,VALID_CAMPAIGN,NEAR_JOINT_LIMIT,-5161320158016962901,10,MIXED,-0.574309955710,-0.180275571829,0.247959236448,UNGUARDED_REFERENCE,true,false,CONVERGED_UNCERTIFIED,NO_GUARDS_OR_FINAL_CERTIFICATION,6,true,false,9.81523785780e-09,false,true,false,true,0,NaN,13167,2.37788212432|-10.4195594736|0.0867062400531|-7.14119879644|-8.58080398556|-0.314732989336|-2.63558121920|9.17359779195|0.315767945907|3.94918017716
1146,VALID_CAMPAIGN,NEAR_SINGULARITY,5876154592501880808,10,MIXED,2.05792002923,-0.337499928308,0.794999966340,GUARDED_PRODUCTION,true,true,SUCCESS,NONE,130,true,true,6.72529024819e-07,false,false,false,false,0,2.44017615718,1012708,-0.255560517036|0.654086322897|0.575000000000|0.0479772988511|-0.138606895400|0.0531749003915|-0.0139964456719|0.0346330385847|0.494366697659|-1.47841316521
1146,VALID_CAMPAIGN,NEAR_SINGULARITY,5876154592501880808,10,MIXED,2.05792002923,-0.337499928308,0.794999966340,UNGUARDED_REFERENCE,true,false,CONVERGED_UNCERTIFIED,NO_GUARDS_OR_FINAL_CERTIFICATION,20,true,false,2.59679962561e-08,false,true,false,true,0,NaN,83625,5.35433175104|-10.4188518411|1.56563663510|-6.82947032711|-9.00820627403|0.299733542051|5.64238417500|13.4503431500|0.287195702337|3.26011644205
1147,VALID_CAMPAIGN,MICRO_MOTION,-4326318309937460568,10,MIXED,2.05792032151,-0.337499211391,0.794999629737,GUARDED_PRODUCTION,true,true,SUCCESS,NONE,1,true,true,6.54980587509e-07,false,false,false,false,0,NaN,9833,-0.255560517036|0.654086322897|0.575000000000|0.0479772988511|-0.138606895400|0.0531749003915|-0.0139964456719|0.0346330385847|0.494366697659|-1.47841316521
1147,VALID_CAMPAIGN,MICRO_MOTION,-4326318309937460568,10,MIXED,2.05792032151,-0.337499211391,0.794999629737,UNGUARDED_REFERENCE,true,false,CONVERGED_UNCERTIFIED,NO_GUARDS_OR_FINAL_CERTIFICATION,1,true,false,8.36651288686e-07,false,true,false,true,0,NaN,958,5.35433175104|-10.4188518411|1.56563663510|-6.82947032711|-9.00820627403|0.299733542051|5.64238417500|13.4503431500|0.287195702337|3.26011644205
1148,VALID_CAMPAIGN,UNIFORM,-4558046816072971670,10,MIXED,0.654312682010,-1.18442650987,0.818547773005,GUARDED_PRODUCTION,true,true,SUCCESS,NONE,33,true,true,3.26437301301e-09,false,false,false,false,0,13.5445113878,257584,-0.754856202198|0.440738191086|0.556932015790|0.312026056440|-0.0970424645456|0.0354779585444|0.524074935155|0.643045788375|0.492271141697|-1.67826071169
1148,VALID_CAMPAIGN,UNIFORM,-4558046816072971670,10,MIXED,0.654312682010,-1.18442650987,0.818547773005,UNGUARDED_REFERENCE,true,false,CONVERGED_UNCERTIFIED,NO_GUARDS_OR_FINAL_CERTIFICATION,7,true,false,2.62332408165e-09,false,true,false,true,0,NaN,15583,3.87333169672|-9.77872290330|1.49490367419|-6.11183250807|-10.2577225725|0.332829874352|6.01852297023|13.8182075784|0.314919557380|3.71220732384
1149,VALID_CAMPAIGN,NEAR_JOINT_LIMIT,-2298962138096213317,10,MIXED,0.0167667910952,-0.492148168937,0.144694663997,GUARDED_PRODUCTION,true,true,SUCCESS,NONE,53,true,true,3.53939752342e-08,false,false,false,false,0,6.14924613909,412916,-0.284171171730|-0.822929368155|0.504939362613|1.28786033264|-0.687397554828|0.0577615614584|1.07351352108|0.786639707028|0.555782149372|-1.52104901602
1149,VALID_CAMPAIGN,NEAR_JOINT_LIMIT,-2298962138096213317,10,MIXED,0.0167667910952,-0.492148168937,0.144694663997,UNGUARDED_REFERENCE,true,false,CONVERGED_UNCERTIFIED,NO_GUARDS_OR_FINAL_CERTIFICATION,8,true,false,5.50100719047e-10,false,true,false,true,0,NaN,18208,1.84538014871|-8.54765421283|1.23102749628|-5.17250972653|-10.3498822759|0.0585549481108|5.44463141385|14.0232038796|0.000849643310800|3.51181515797
1150,VALID_CAMPAIGN,NEAR_SINGULARITY,-7603698267843342240,10,MIXED,2.05792002923,-0.337499928308,0.794999966340,GUARDED_PRODUCTION,true,true,SUCCESS,NONE,118,true,true,3.89275527131e-08,false,false,false,false,0,2.83498617190,889333,-0.221814492941|0.550690878283|0.575000000000|0.0351201875449|-0.0165308018235|0.0802161952522|-0.0311991650379|0.0518225432005|0.479645729203|-1.40223638584
1150,VALID_CAMPAIGN,NEAR_SINGULARITY,-7603698267843342240,10,MIXED,2.05792002923,-0.337499928308,0.794999966340,UNGUARDED_REFERENCE,true,false,CONVERGED_UNCERTIFIED,NO_GUARDS_OR_FINAL_CERTIFICATION,16,true,false,3.54591690494e-07,false,true,false,true,0,NaN,37667,6.14192332678|-11.4888458256|0.972673080392|-3.93994477216|-7.62909090975|-0.396726938210|8.06147180164|16.4480527290|-0.139481106532|0.322655042849
1151,VALID_CAMPAIGN,MICRO_MOTION,8443408431314525513,10,MIXED,2.05792032151,-0.337499211391,0.794999629737,GUARDED_PRODUCTION,true,true,SUCCESS,NONE,1,true,true,8.17770714536e-07,false,false,false,false,0,NaN,5333,-0.221814492941|0.550690878283|0.575000000000|0.0351201875449|-0.0165308018235|0.0802161952522|-0.0311991650379|0.0518225432005|0.479645729203|-1.40223638584
1151,VALID_CAMPAIGN,MICRO_MOTION,8443408431314525513,10,MIXED,2.05792032151,-0.337499211391,0.794999629737,UNGUARDED_REFERENCE,true,false,CONVERGED_UNCERTIFIED,NO_GUARDS_OR_FINAL_CERTIFICATION,1,true,false,7.01596485144e-07,false,true,false,true,0,NaN,792,6.14192332678|-11.4888458256|0.972673080392|-3.93994477216|-7.62909090975|-0.396726938210|8.06147180164|16.4480527290|-0.139481106532|0.322655042849
1152,VALID_CAMPAIGN,UNIFORM,6644112743753044678,10,MIXED,0.583576316757,1.52709849342,1.03246889856,GUARDED_PRODUCTION,true,true,SUCCESS,NONE,37,true,true,2.29721690341e-08,false,false,false,false,0,14.0102957812,273708,0.806988941267|1.03328313197|0.560451094936|0.251812607951|0.223848115355|0.0757436636004|0.169958110652|0.278173391743|0.477257100567|-1.47440582344
1152,VALID_CAMPAIGN,UNIFORM,6644112743753044678,10,MIXED,0.583576316757,1.52709849342,1.03246889856,UNGUARDED_REFERENCE,true,false,CONVERGED_UNCERTIFIED,NO_GUARDS_OR_FINAL_CERTIFICATION,18,true,false,2.91945021722e-07,false,true,false,true,0,NaN,42459,13.8728472894|-12.4378915784|0.253271185089|2.61727857144|-2.95540518215|-0.191358136433|10.9719840134|13.5559822049|-0.628326297812|-5.94074577722
1153,VALID_CAMPAIGN,NEAR_JOINT_LIMIT,4219557283127527300,10,MIXED,-0.232844422671,-0.482838542697,0.0848053310009,GUARDED_PRODUCTION,false,false,MAX_ITERATIONS_REACHED,MAX_ITERATIONS_LIMIT_REACHED,800,true,true,2.71230500541e-05,false,false,false,false,0,9.07532117841,6006125,2.60921101888|0.957106425552|0.384018228658|1.78285383091|1.78285383091|0.0541405678322|-0.163191597256|-0.215923312671|0.526290340538|-0.0262812865510
1153,VALID_CAMPAIGN,NEAR_JOINT_LIMIT,4219557283127527300,10,MIXED,-0.232844422671,-0.482838542697,0.0848053310009,UNGUARDED_REFERENCE,true,false,CONVERGED_UNCERTIFIED,NO_GUARDS_OR_FINAL_CERTIFICATION,7,true,false,4.35456837340e-09,false,true,false,true,0,NaN,16959,11.1344713618|-12.5144011878|0.173015814550|2.10057488750|-3.75271826773|0.580095439661|9.77933582267|12.0775980542|0.102443188984|-4.24533316032
1154,VALID_CAMPAIGN,NEAR_SINGULARITY,-7429020534842551726,10,MIXED,2.05792002923,-0.337499928308,0.794999966340,GUARDED_PRODUCTION,false,false,NO_CONVERGENCE,STAGNATION_WINDOW_EXCEEDED,124,true,true,1.42803808067,false,false,false,false,0,1.82863545972,918333,3.14159265359|2.37713844122|0.304032151932|0.947672423992|0.488051438861|0.0200000000000|-0.777888000181|-0.851266034636|0.575000000000|-0.204215739121
1154,VALID_CAMPAIGN,NEAR_SINGULARITY,-7429020534842551726,10,MIXED,2.05792002923,-0.337499928308,0.794999966340,UNGUARDED_REFERENCE,true,false,CONVERGED_UNCERTIFIED,NO_GUARDS_OR_FINAL_CERTIFICATION,17,true,false,8.81648545381e-10,false,true,false,true,0,NaN,40208,12.6093263028|-19.4468539771|-0.166842102410|-0.234830355276|0.790868726467|0.557358836006|6.33425820734|7.53367195529|-0.227706386888|-7.70043978784
1155,VALID_CAMPAIGN,MICRO_MOTION,6526434784663215749,10,MIXED,2.05792032151,-0.337499211391,0.794999629737,GUARDED_PRODUCTION,false,false,NO_CONVERGENCE,STAGNATION_WINDOW_EXCEEDED,7,true,true,1.45891005392,false,false,false,false,0,6.54269341201,53541,3.14159265359|2.37713844122|0.303166256872|0.902789113143|0.430504409449|0.0200000000000|-0.747972561269|-0.828734303086|0.575000000000|-0.210937726124
1155,VALID_CAMPAIGN,MICRO_MOTION,6526434784663215749,10,MIXED,2.05792032151,-0.337499211391,0.794999629737,UNGUARDED_REFERENCE,true,false,CONVERGED_UNCERTIFIED,NO_GUARDS_OR_FINAL_CERTIFICATION,1,true,false,8.44205751877e-07,false,true,false,true,0,NaN,1042,12.6093263028|-19.4468539771|-0.166842102410|-0.234830355276|0.790868726467|0.557358836006|6.33425820734|7.53367195529|-0.227706386888|-7.70043978784
1156,VALID_CAMPAIGN,UNIFORM,5966135402778722726,10,MIXED,0.106489024217,-0.949917848829,0.969770109903,GUARDED_PRODUCTION,true,true,SUCCESS,NONE,22,true,true,6.23680346752e-07,false,false,false,false,0,6.64654767500,165167,2.39253637512|2.34267203702|0.306648592086|1.26167429822|0.775026667729|0.0384278558085|-0.674643332982|-0.755482230259|0.555076646603|-0.173090311136
1156,VALID_CAMPAIGN,UNIFORM,5966135402778722726,10,MIXED,0.106489024217,-0.949917848829,0.969770109903,UNGUARDED_REFERENCE,true,false,CONVERGED_UNCERTIFIED,NO_GUARDS_OR_FINAL_CERTIFICATION,9,true,false,4.87539033193e-08,false,true,false,true,0,NaN,20709,12.0220170811|-20.2640344097|0.0251389039181|1.47383886822|-0.00763632581819|-0.0520231779071|4.84215071485|7.09534525971|0.209934947506|-10.5509140628
1157,VALID_CAMPAIGN,NEAR_JOINT_LIMIT,-7235437884795679804,10,MIXED,0.850904518402,0.324558962045,-0.254108633800,GUARDED_PRODUCTION,false,false,NO_CONVERGENCE,STAGNATION_WINDOW_EXCEEDED,70,true,true,0.565056756286,false,false,false,false,0,5.02334773014,513041,3.14159265359|2.37713844122|0.283912101131|1.28978337675|1.78285383091|0.0369018756928|-0.687007202128|-0.795371450123|0.566922955996|0.0452405036338
1157,VALID_CAMPAIGN,NEAR_JOINT_LIMIT,-7235437884795679804,10,MIXED,0.850904518402,0.324558962045,-0.254108633800,UNGUARDED_REFERENCE,true,false,CONVERGED_UNCERTIFIED,NO_GUARDS_OR_FINAL_CERTIFICATION,12,true,false,3.89782134873e-08,false,true,false,true,0,NaN,28125,6.79246892900|-19.0680881348|-0.103750993707|3.24296292953|3.44253380184|0.388201851588|1.67129918057|8.88049808216|-0.0649336767834|-4.14015721180
1158,VALID_CAMPAIGN,NEAR_SINGULARITY,1706897550596501896,10,MIXED,2.05792002923,-0.337499928308,0.794999966340,GUARDED_PRODUCTION,false,false,NO_CONVERGENCE,STAGNATION_WINDOW_EXCEEDED,21,true,true,1.31316120725,false,false,false,false,0,5.61030507168,151916,3.14159265359|2.35788407885|0.266783382807|1.30721150939|1.38606264583|0.0200000000000|-0.969560044243|-1.02508896728|0.575000000000|-0.0307426832023
1158,VALID_CAMPAIGN,NEAR_SINGULARITY,1706897550596501896,10,MIXED,2.05792002923,-0.337499928308,0.794999966340,UNGUARDED_REFERENCE,true,false,CONVERGED_UNCERTIFIED,NO_GUARDS_OR_FINAL_CERTIFICATION,34,true,false,2.64784163308e-07,false,true,false,true,0,NaN,82875,-6.68308020604|-17.9969280992|0.215200629323|5.89659811346|-1.15136754702|0.297894540760|-6.20099100964|-0.308936125939|0.628415367384|-3.94483422045
1159,VALID_CAMPAIGN,MICRO_MOTION,-9127581972433361741,10,MIXED,2.05792032151,-0.337499211391,0.794999629737,GUARDED_PRODUCTION,false,false,NO_CONVERGENCE,STAGNATION_WINDOW_EXCEEDED,7,true,true,1.35706379438,false,false,false,false,0,7.14322135528,48500,3.14159265359|2.32713905748|0.263689153859|1.29918914971|1.26235906522|0.0200000000000|-1.00293292859|-1.04522499233|0.575000000000|-0.0570222992708
1159,VALID_CAMPAIGN,MICRO_MOTION,-9127581972433361741,10,MIXED,2.05792032151,-0.337499211391,0.794999629737,UNGUARDED_REFERENCE,true,false,CONVERGED_UNCERTIFIED,NO_GUARDS_OR_FINAL_CERTIFICATION,1,true,false,9.29582784313e-07,false,true,false,true,0,NaN,875,-6.68308020604|-17.9969280992|0.215200629323|5.89659811346|-1.15136754702|0.297894540760|-6.20099100964|-0.308936125939|0.628415367384|-3.94483422045
1160,VALID_CAMPAIGN,UNIFORM,8876991380314769897,10,MIXED,-0.103732391959,1.52896858808,0.658317596828,GUARDED_PRODUCTION,false,false,MAX_ITERATIONS_REACHED,MAX_ITERATIONS_LIMIT_REACHED,800,true,true,0.881803533439,false,false,false,false,0,7.16542894934,5627500,2.86291639022|2.37713844122|0.0200000000000|1.66958476051|1.28267928879|0.299280605489|0.354255766895|-0.787520937128|0.575000000000|-0.0739696307090
1160,VALID_CAMPAIGN,UNIFORM,8876991380314769897,10,MIXED,-0.103732391959,1.52896858808,0.658317596828,UNGUARDED_REFERENCE,true,false,CONVERGED_UNCERTIFIED,NO_GUARDS_OR_FINAL_CERTIFICATION,12,true,false,1.10606289164e-08,false,true,false,true,0,NaN,33208,-11.0478221754|-12.8240298813|-0.137254508951|2.94394383271|-3.39154234122|-0.513960287629|-8.62051133827|1.79332177077|0.219538271974|-1.16897595858
1161,VALID_CAMPAIGN,NEAR_JOINT_LIMIT,-2774180231272383903,10,MIXED,-0.0622702581393,-0.336016535602,0.218603565889,GUARDED_PRODUCTION,true,true,SUCCESS,NONE,71,true,true,4.96735076909e-08,false,false,false,false,0,5.53102591702,569375,2.65044857730|0.114122605237|0.0988103123383|1.70883022902|1.62727695495|0.200831364087|0.792785395459|-0.146622295241|0.484774580992|0.0167187887011
1161,VALID_CAMPAIGN,NEAR_JOINT_LIMIT,-2774180231272383903,10,MIXED,-0.0622702581393,-0.336016535602,0.218603565889,UNGUARDED_REFERENCE,true,false,CONVERGED_UNCERTIFIED,NO_GUARDS_OR_FINAL_CERTIFICATION,11,true,false,3.58655786372e-10,false,true,false,true,0,NaN,36209,-13.6369055144|-11.9587411506|-0.0134962951384|4.91334381529|-2.86242246677|-0.384672139372|-7.41467800138|5.02340565146|0.248684563955|-3.40552901099
1162,VALID_CAMPAIGN,NEAR_SINGULARITY,-6353526661375747138,10,MIXED,2.05792002923,-0.337499928308,0.794999966340,GUARDED_PRODUCTION,false,false,NO_CONVERGENCE,STAGNATION_WINDOW_EXCEEDED,216,true,true,1.26807811768,false,false,false,false,0,2.16179296482,1635000,3.14159265359|2.37713844122|0.0200000000000|0.114528540954|0.245102561298|0.215756912818|0.104365447385|-0.794112313142|0.575000000000|-0.175093623273
1162,VALID_CAMPAIGN,NEAR_SINGULARITY,-6353526661375747138,10,MIXED,2.05792002923,-0.337499928308,0.794999966340,UNGUARDED_REFERENCE,true,false,CONVERGED_UNCERTIFIED,NO_GUARDS_OR_FINAL_CERTIFICATION,23,true,false,2.40470732049e-08,false,true,false,true,0,NaN,58041,-25.2955754676|-5.79273934759|0.197178918829|8.11124034592|-7.54671342942|-0.437951209886|-13.7112553694|0.736398940657|-0.372227984637|-6.01136074493
1163,VALID_CAMPAIGN,MICRO_MOTION,-141888079496696556,10,MIXED,2.05792032151,-0.337499211391,0.794999629737,GUARDED_PRODUCTION,false,false,NO_CONVERGENCE,STAGNATION_WINDOW_EXCEEDED,7,true,true,1.28898637897,false,false,false,false,0,10.7344277398,52333,3.14159265359|2.37713844122|0.0200000000000|0.0921974805821|0.227101598093|0.218363010350|0.127212792640|-0.780916351900|0.575000000000|-0.174605131280
1163,VALID_CAMPAIGN,MICRO_MOTION,-141888079496696556,10,MIXED,2.05792032151,-0.337499211391,0.794999629737,UNGUARDED_REFERENCE,true,false,CONVERGED_UNCERTIFIED,NO_GUARDS_OR_FINAL_CERTIFICATION,1,true,false,8.42771328490e-07,false,true,false,true,0,NaN,917,-25.2955754676|-5.79273934759|0.197178918829|8.11124034592|-7.54671342942|-0.437951209886|-13.7112553694|0.736398940657|-0.372227984637|-6.01136074493
1164,VALID_CAMPAIGN,UNIFORM,4494977268957638047,10,MIXED,1.40510152968,0.0266204448702,0.541201360128,GUARDED_PRODUCTION,false,false,NO_CONVERGENCE,STAGNATION_WINDOW_EXCEEDED,39,true,true,0.480935573961,false,false,false,false,4,10.8892950720,295625,3.14159265359|2.37713844122|0.0222086777586|0.214529701908|0.871845818295|0.208149897082|-0.0440373077961|-0.906635825345|0.541318721558|-0.0998394313554
1164,VALID_CAMPAIGN,UNIFORM,4494977268957638047,10,MIXED,1.40510152968,0.0266204448702,0.541201360128,UNGUARDED_REFERENCE,true,false,CONVERGED_UNCERTIFIED,NO_GUARDS_OR_FINAL_CERTIFICATION,6,true,false,1.37624465235e-09,false,true,false,true,0,NaN,12625,-25.3799306658|-5.72982309287|0.0164464009760|8.77731229369|-9.03816578241|-0.0262418816567|-14.2146868946|0.452590451165|-0.0989698324285|-5.70551188234
1165,VALID_CAMPAIGN,NEAR_JOINT_LIMIT,-6865090728556993810,10,MIXED,0.428373097760,-0.562049758105,0.596555716007,GUARDED_PRODUCTION,true,true,SUCCESS,NONE,37,true,true,2.32484647291e-07,false,false,false,false,0,7.30994924676,289167,2.27240871231|1.88653566685|0.0654461212567|0.634576164136|1.68094485630|0.214867564905|0.169831620470|-0.735793429080|0.505833642321|0.0104952664064
1165,VALID_CAMPAIGN,NEAR_JOINT_LIMIT,-6865090728556993810,10,MIXED,0.428373097760,-0.562049758105,0.596555716007,UNGUARDED_REFERENCE,true,false,CONVERGED_UNCERTIFIED,NO_GUARDS_OR_FINAL_CERTIFICATION,7,true,false,3.90245602074e-10,false,true,false,true,0,NaN,15500,-26.5326072050|-4.95720249677|0.0177297171685|7.61192546172|-9.55537010855|0.311561626155|-15.4496551215|-0.0625842009063|-0.0501157445398|-5.08136873968
1166,VALID_CAMPAIGN,NEAR_SINGULARITY,6696253585920206342,10,MIXED,2.05792002923,-0.337499928308,0.794999966340,GUARDED_PRODUCTION,false,false,NO_CONVERGENCE,STAGNATION_WINDOW_EXCEEDED,44,true,true,0.905560511004,false,false,false,false,0,3.88676601264,352666,3.14159265359|2.37580732521|0.0200000000000|0.155918010856|0.642684076435|0.216037265023|0.0608832637683|-0.831981721079|0.554644685452|-0.128311480932
1166,VALID_CAMPAIGN,NEAR_SINGULARITY,6696253585920206342,10,MIXED,2.05792002923,-0.337499928308,0.794999966340,UNGUARDED_REFERENCE,true,false,CONVERGED_UNCERTIFIED,NO_GUARDS_OR_FINAL_CERTIFICATION,30,true,false,4.25495137261e-09,false,true,false,true,0,NaN,75083,-37.9247428219|-11.5732847760|0.647565690237|2.22991434199|-7.78923902398|-0.335530678171|-25.8747213429|-6.34073014172|-0.0494236895033|-6.12147663763
1167,VALID_CAMPAIGN,MICRO_MOTION,-4118914873755507089,10,MIXED,2.05792032151,-0.337499211391,0.794999629737,GUARDED_PRODUCTION,false,false,NO_CONVERGENCE,STAGNATION_WINDOW_EXCEEDED,7,true,true,0.977592142213,false,false,false,false,4,8.68205266008,56000,3.14159265359|2.36869086567|0.0200000000000|0.120652399612|0.552323374521|0.217683084565|0.0849606081352|-0.814721092739|0.561158937196|-0.138674350232
1167,VALID_CAMPAIGN,MICRO_MOTION,-4118914873755507089,10,MIXED,2.05792032151,-0.337499211391,0.794999629737,UNGUARDED_REFERENCE,true,false,CONVERGED_UNCERTIFIED,NO_GUARDS_OR_FINAL_CERTIFICATION,1,true,false,8.44076270383e-07,false,true,false,true,0,NaN,875,-37.9247428219|-11.5732847760|0.647565690237|2.22991434199|-7.78923902398|-0.335530678171|-25.8747213429|-6.34073014172|-0.0494236895033|-6.12147663763
1168,VALID_CAMPAIGN,UNIFORM,8061757170889122212,10,MIXED,-0.736295499416,0.731779986563,0.680648287324,GUARDED_PRODUCTION,true,true,SUCCESS,NONE,134,true,true,6.77941801932e-07,false,false,false,false,0,9.25424563191,1020292,2.02489155756|1.69284898390|0.176175372137|1.04184202582|1.73572728003|0.250634318808|1.78285383091|0.341769505840|0.575000000000|0.0326961075871
1168,VALID_CAMPAIGN,UNIFORM,8061757170889122212,10,MIXED,-0.736295499416,0.731779986563,0.680648287324,UNGUARDED_REFERENCE,true,false,CONVERGED_UNCERTIFIED,NO_GUARDS_OR_FINAL_CERTIFICATION,16,true,false,1.15701828986e-07,false,true,false,true,0,NaN,40834,-41.6808235807|-9.61730204455|-0.224378593762|7.68457034766|-13.8287408437|0.888017461674|-30.6656636424|-10.9985165317|-0.160168658604|-3.38158574264
1169,VALID_CAMPAIGN,NEAR_JOINT_LIMIT,7636212134779262497,10,MIXED,-0.591508556931,0.946236506995,0.131147431429,GUARDED_PRODUCTION,true,true,SUCCESS,NONE,68,true,true,8.84468106559e-07,false,false,false,false,0,5.84763651683,505584,1.96125111043|1.30093269729|0.236836261158|1.77471950208|1.11672601717|0.222804091396|1.78285383091|0.744284468440|0.575000000000|0.180721825259
1169,VALID_CAMPAIGN,NEAR_JOINT_LIMIT,7636212134779262497,10,MIXED,-0.591508556931,0.946236506995,0.131147431429,UNGUARDED_REFERENCE,true,false,CONVERGED_UNCERTIFIED,NO_GUARDS_OR_FINAL_CERTIFICATION,5,true,false,9.74803134686e-09,false,true,false,true,0,NaN,10375,-41.9050183469|-9.62777652177|-0.231576565965|8.06006024811|-14.0038858899|0.881497198059|-30.6789160852|-11.0485477949|-0.151526318552|-3.29041417058
1170,VALID_CAMPAIGN,NEAR_SINGULARITY,6186897934705057069,10,MIXED,2.05792002923,-0.337499928308,0.794999966340,GUARDED_PRODUCTION,true,true,SUCCESS,NONE,164,true,true,4.55542321322e-07,false,false,false,false,0,8.93868090083,1187167,-0.269016586271|0.257939768285|0.393667108789|-0.842266680997|1.67219610497|0.356177039687|1.37921271796|-0.501589162909|0.575000000000|-0.375644474133
1170,VALID_CAMPAIGN,NEAR_SINGULARITY,6186897934705057069,10,MIXED,2.05792002923,-0.337499928308,0.794999966340,UNGUARDED_REFERENCE,true,false,CONVERGED_UNCERTIFIED,NO_GUARDS_OR_FINAL_CERTIFICATION,10,true,false,5.02942137338e-09,false,true,false,true,0,NaN,22125,-44.0120151638|-7.44082173250|-0.635555321403|6.48707361897|-17.4060044766|-0.184444458455|-34.0231265007|-10.3154123879|0.946327636115|-1.36650096642
1171,VALID_CAMPAIGN,MICRO_MOTION,-6298133222979339071,10,MIXED,2.05792032151,-0.337499211391,0.794999629737,GUARDED_PRODUCTION,true,true,SUCCESS,NONE,1,true,true,6.65210170304e-07,false,false,false,false,0,NaN,4084,-0.269016586271|0.257939768285|0.393667108789|-0.842266680997|1.67219610497|0.356177039687|1.37921271796|-0.501589162909|0.575000000000|-0.375644474133
1171,VALID_CAMPAIGN,MICRO_MOTION,-6298133222979339071,10,MIXED,2.05792032151,-0.337499211391,0.794999629737,UNGUARDED_REFERENCE,true,false,CONVERGED_UNCERTIFIED,NO_GUARDS_OR_FINAL_CERTIFICATION,1,true,false,8.43629007527e-07,false,true,false,true,0,NaN,792,-44.0120151638|-7.44082173250|-0.635555321403|6.48707361897|-17.4060044766|-0.184444458455|-34.0231265007|-10.3154123879|0.946327636115|-1.36650096642
1172,VALID_CAMPAIGN,UNIFORM,-5499155638809605464,10,MIXED,-0.725212996551,-0.0562975404279,0.814762716957,GUARDED_PRODUCTION,true,true,SUCCESS,NONE,92,true,true,3.40323695056e-11,false,false,false,false,0,21.5326500541,667458,-2.11565042593|0.763886997856|0.407758278462|1.19451737820|1.77305741256|0.321675999756|1.52850590144|-0.315030165817|0.552594352876|-0.133061981386
1172,VALID_CAMPAIGN,UNIFORM,-5499155638809605464,10,MIXED,-0.725212996551,-0.0562975404279,0.814762716957,UNGUARDED_REFERENCE,true,false,CONVERGED_UNCERTIFIED,NO_GUARDS_OR_FINAL_CERTIFICATION,11,true,false,4.87677503100e-10,false,true,false,true,0,NaN,25042,-46.7034249722|-6.96245325215|-0.234502997699|3.01925107203|-7.49776706026|-0.354778031678|-33.1241014711|-12.2215613022|-0.0588640833349|-3.32867013026
1173,VALID_CAMPAIGN,NEAR_JOINT_LIMIT,-4380244795550309898,10,MIXED,-0.0530996720351,-0.655207556035,0.181578490749,GUARDED_PRODUCTION,true,true,SUCCESS,NONE,39,true,true,1.23205154926e-07,false,false,false,false,0,2.65042803372,288875,-0.435004946888|0.966106918242|0.399260468720|1.72242174828|1.78285383091|0.290468241947|1.33569110719|-0.396703732583|0.524796877282|-0.0556523578143
1173,VALID_CAMPAIGN,NEAR_JOINT_LIMIT,-4380244795550309898,10,MIXED,-0.0530996720351,-0.655207556035,0.181578490749,UNGUARDED_REFERENCE,true,false,CONVERGED_UNCERTIFIED,NO_GUARDS_OR_FINAL_CERTIFICATION,8,true,false,4.95420533444e-10,false,true,false,true,0,NaN,18208,-45.7439681808|-6.41423040480|-0.232432591114|4.40206461862|-8.04947784468|-0.0864545492295|-33.5847142293|-12.4143329852|-0.00278513404739|-2.84298743859
1174,VALID_CAMPAIGN,NEAR_SINGULARITY,3496624592732915677,10,MIXED,2.05792002923,-0.337499928308,0.794999966340,GUARDED_PRODUCTION,true,true,SUCCESS,NONE,142,true,true,6.90289079103e-07,false,false,false,false,0,2.50613571975,1069500,-0.354421144328|0.662169485157|0.575000000000|-0.730045256893|1.78197358733|0.362759795641|1.58743225638|-0.265422229043|0.575000000000|-0.329076217625
1174,VALID_CAMPAIGN,NEAR_SINGULARITY,3496624592732915677,10,MIXED,2.05792002923,-0.337499928308,0.794999966340,UNGUARDED_REFERENCE,true,false,CONVERGED_UNCERTIFIED,NO_GUARDS_OR_FINAL_CERTIFICATION,30,true,false,1.12946632338e-07,false,true,false,true,0,NaN,81500,-31.5916053811|-6.79617963107|-0.505644888562|-4.61390229696|-5.63960409701|-0.662021369983|-39.8951130661|-18.2678758733|0.287567614686|-3.90386088008
1175,VALID_CAMPAIGN,MICRO_MOTION,-4226371994223401795,10,MIXED,2.05792032151,-0.337499211391,0.794999629737,GUARDED_PRODUCTION,true,true,SUCCESS,NONE,1,true,true,7.11365681149e-07,false,false,false,false,0,NaN,8625,-0.354421144328|0.662169485157|0.575000000000|-0.730045256893|1.78197358733|0.362759795641|1.58743225638|-0.265422229043|0.575000000000|-0.329076217625
1175,VALID_CAMPAIGN,MICRO_MOTION,-4226371994223401795,10,MIXED,2.05792032151,-0.337499211391,0.794999629737,UNGUARDED_REFERENCE,true,false,CONVERGED_UNCERTIFIED,NO_GUARDS_OR_FINAL_CERTIFICATION,1,true,false,8.33780200501e-07,false,true,false,true,0,NaN,958,-31.5916053811|-6.79617963107|-0.505644888562|-4.61390229696|-5.63960409701|-0.662021369983|-39.8951130661|-18.2678758733|0.287567614686|-3.90386088008
1176,VALID_CAMPAIGN,UNIFORM,-3114449004759345101,10,MIXED,-0.0284597059097,-0.0138491891980,0.661365447152,GUARDED_PRODUCTION,true,true,SUCCESS,NONE,99,true,true,2.15343288536e-08,false,false,false,false,0,17.5155603206,863250,0.637603004294|1.17077409922|0.460266815455|1.20339636985|1.59666764001|0.255064216693|0.584688035264|-0.530226973308|0.456680516475|0.000538991589629
1176,VALID_CAMPAIGN,UNIFORM,-3114449004759345101,10,MIXED,-0.0284597059097,-0.0138491891980,0.661365447152,UNGUARDED_REFERENCE,true,false,CONVERGED_UNCERTIFIED,NO_GUARDS_OR_FINAL_CERTIFICATION,10,true,false,1.81772308276e-09,false,true,false,true,0,NaN,23125,-33.1016923541|-5.63943854261|-0.0643447317066|-4.05101294352|-5.97888030150|0.120668807715|-41.7592545057|-13.9384762925|-0.339689904579|-0.333787904465
1177,VALID_CAMPAIGN,NEAR_JOINT_LIMIT,4142691730445907263,10,MIXED,0.724946231826,0.370223184195,0.163429301464,GUARDED_PRODUCTION,true,true,SUCCESS,NONE,51,true,true,6.23553389539e-07,false,false,false,false,0,4.84553534975,389666,1.11727072433|1.32720150183|0.524259656489|1.73612077240|1.78285383091|0.205078157136|1.12595220630|0.0250011957753|0.426318927060|0.199583802567
1177,VALID_CAMPAIGN,NEAR_JOINT_LIMIT,4142691730445907263,10,MIXED,0.724946231826,0.370223184195,0.163429301464,UNGUARDED_REFERENCE,true,false,CONVERGED_UNCERTIFIED,NO_GUARDS_OR_FINAL_CERTIFICATION,6,true,false,8.68589571804e-07,false,true,false,true,0,NaN,12875,-32.0635330341|-6.41238810654|-0.0900984753488|-3.72881758913|-5.17765704286|0.114881266872|-41.6765412977|-14.0303108408|-0.324499368505|-0.214874310280
1178,VALID_CAMPAIGN,NEAR_SINGULARITY,3083733240847414404,10,MIXED,2.05792002923,-0.337499928308,0.794999966340,GUARDED_PRODUCTION,true,true,SUCCESS,NONE,154,true,true,5.68282921919e-07,false,false,false,false,0,2.40619394686,1108625,-0.275423045572|0.482477505816|0.575000000000|-0.788332212344|1.74204974236|0.328124536845|1.55292678542|-0.447211566597|0.575000000000|-0.299903894703
1178,VALID_CAMPAIGN,NEAR_SINGULARITY,3083733240847414404,10,MIXED,2.05792002923,-0.337499928308,0.794999966340,UNGUARDED_REFERENCE,true,false,CONVERGED_UNCERTIFIED,NO_GUARDS_OR_FINAL_CERTIFICATION,9,true,false,4.02718386098e-09,false,true,false,true,0,NaN,20667,-31.5861184391|-6.64338929765|-0.292747322895|-5.90905558775|-5.90798613112|-0.0135672550677|-42.5292653476|-13.0703767476|-0.550412776591|-0.162990250875
1179,VALID_CAMPAIGN,MICRO_MOTION,5227730521440459679,10,MIXED,2.05792032151,-0.337499211391,0.794999629737,GUARDED_PRODUCTION,true,true,SUCCESS,NONE,1,true,true,6.65351317849e-07,false,false,false,false,0,NaN,5875,-0.275423045572|0.482477505816|0.575000000000|-0.788332212344|1.74204974236|0.328124536845|1.55292678542|-0.447211566597|0.575000000000|-0.299903894703
1179,VALID_CAMPAIGN,MICRO_MOTION,5227730521440459679,10,MIXED,2.05792032151,-0.337499211391,0.794999629737,UNGUARDED_REFERENCE,true,false,CONVERGED_UNCERTIFIED,NO_GUARDS_OR_FINAL_CERTIFICATION,1,true,false,8.44106376678e-07,false,true,false,true,0,NaN,834,-31.5861184391|-6.64338929765|-0.292747322895|-5.90905558775|-5.90798613112|-0.0135672550677|-42.5292653476|-13.0703767476|-0.550412776591|-0.162990250875
1180,VALID_CAMPAIGN,UNIFORM,-2086431460390710187,10,MIXED,-1.57580081313,1.04362618711,-0.840665902520,GUARDED_PRODUCTION,true,true,SUCCESS,NONE,114,true,true,1.21438467922e-08,false,false,false,false,0,21.5134892035,876042,1.73435860514|1.33754386233|0.547614434480|-1.40196389358|0.116995321609|0.254338246754|0.703451987085|-0.925611576854|0.521196089694|-0.485466255252
1180,VALID_CAMPAIGN,UNIFORM,-2086431460390710187,10,MIXED,-1.57580081313,1.04362618711,-0.840665902520,UNGUARDED_REFERENCE,true,false,CONVERGED_UNCERTIFIED,NO_GUARDS_OR_FINAL_CERTIFICATION,9,true,false,2.38527327117e-08,false,true,false,true,0,NaN,20375,-29.0391515700|-4.63664083464|0.402198649870|-13.9205235676|-10.4732274913|-0.513014981980|-28.4976468282|-20.0151470401|1.44521215173|-2.87334562033
1181,VALID_CAMPAIGN,NEAR_JOINT_LIMIT,3782952664379488262,10,MIXED,-0.506659546450,0.123297517098,-0.0658797310373,GUARDED_PRODUCTION,true,true,SUCCESS,NONE,58,true,true,2.29650101314e-07,false,false,false,false,0,10.0126665451,452334,0.563724940099|2.02328092040|0.544178259143|-1.40147071812|1.60489823872|0.214403840313|0.204207543806|-1.36793051407|0.472634951227|-0.318815536488
1181,VALID_CAMPAIGN,NEAR_JOINT_LIMIT,3782952664379488262,10,MIXED,-0.506659546450,0.123297517098,-0.0658797310373,UNGUARDED_REFERENCE,true,false,CONVERGED_UNCERTIFIED,NO_GUARDS_OR_FINAL_CERTIFICATION,9,true,false,1.74043188816e-10,false,true,false,true,0,NaN,20875,-28.3010172889|-2.83140244600|-0.000786150122075|-20.1696336950|-10.0052623349|-0.129951425048|-31.5873093003|-22.0186205978|0.602814736722|-3.10905431887
1182,VALID_CAMPAIGN,NEAR_SINGULARITY,-4847329732100208385,10,MIXED,2.05792002923,-0.337499928308,0.794999966340,GUARDED_PRODUCTION,false,false,NO_CONVERGENCE,STAGNATION_WINDOW_EXCEEDED,122,true,true,1.02202627352,false,false,false,false,0,1.48851753052,897041,-0.578202614839|1.58226420732|0.575000000000|-1.78285383091|1.12496876953|0.137265417110|-1.78285383091|-1.78285383091|0.519053664835|0.364187698700
1182,VALID_CAMPAIGN,NEAR_SINGULARITY,-4847329732100208385,10,MIXED,2.05792002923,-0.337499928308,0.794999966340,UNGUARDED_REFERENCE,true,false,CONVERGED_UNCERTIFIED,NO_GUARDS_OR_FINAL_CERTIFICATION,9,true,false,5.99550496472e-08,false,true,false,true,0,NaN,21292,-31.5793754610|-6.34020960145|-0.0750026469999|-20.1754414516|-9.41741844360|0.458823594970|-36.5043416517|-29.9980272616|-0.607433061886|-3.22747514280
1183,VALID_CAMPAIGN,MICRO_MOTION,-3039616254487074061,10,MIXED,2.05792032151,-0.337499211391,0.794999629737,GUARDED_PRODUCTION,false,false,NO_CONVERGENCE,STAGNATION_WINDOW_EXCEEDED,7,true,true,1.03727087239,false,false,false,false,0,6.61588925871,44542,-0.597683103700|1.54038043048|0.575000000000|-1.78285383091|1.04310194662|0.136341253809|-1.78285383091|-1.78285383091|0.523513691184|0.382213814041
1183,VALID_CAMPAIGN,MICRO_MOTION,-3039616254487074061,10,MIXED,2.05792032151,-0.337499211391,0.794999629737,UNGUARDED_REFERENCE,true,false,CONVERGED_UNCERTIFIED,NO_GUARDS_OR_FINAL_CERTIFICATION,1,true,false,8.46419954897e-07,false,true,false,true,0,NaN,1000,-31.5793754610|-6.34020960145|-0.0750026469999|-20.1754414516|-9.41741844360|0.458823594970|-36.5043416517|-29.9980272616|-0.607433061886|-3.22747514280
1184,VALID_CAMPAIGN,UNIFORM,-6064256449852073798,10,MIXED,-1.30397955607,0.247085398725,0.197149120099,GUARDED_PRODUCTION,true,true,SUCCESS,NONE,137,true,true,5.12912052558e-07,false,false,false,false,0,6.64129690333,1028292,0.869523843723|2.26837134661|0.443804334428|-1.49674963603|1.78285383091|0.162686008597|0.556747960171|-0.0503201929479|0.575000000000|0.578520563517
1184,VALID_CAMPAIGN,UNIFORM,-6064256449852073798,10,MIXED,-1.30397955607,0.247085398725,0.197149120099,UNGUARDED_REFERENCE,true,false,CONVERGED_UNCERTIFIED,NO_GUARDS_OR_FINAL_CERTIFICATION,9,true,false,8.30783178334e-09,false,true,false,true,0,NaN,22417,-29.5534988520|-7.96847064633|-0.0524099956707|-20.5300671694|-8.34507536227|-1.05458906985|-33.2907251371|-26.5840994680|0.634409672446|-3.13101081068
1185,VALID_CAMPAIGN,NEAR_JOINT_LIMIT,5575850961847800890,10,MIXED,0.800273129671,1.05178647533,-0.0298386357932,GUARDED_PRODUCTION,true,true,SUCCESS,NONE,55,true,true,9.49807726508e-08,false,false,false,false,0,6.42449144205,429958,-0.709084043099|1.67459100531|0.457659363280|-1.67084124140|1.61013342302|0.131825539388|0.287614498649|-0.152882454211|0.543137349207|0.622661014165
1185,VALID_CAMPAIGN,NEAR_JOINT_LIMIT,5575850961847800890,10,MIXED,0.800273129671,1.05178647533,-0.0298386357932,UNGUARDED_REFERENCE,true,false,CONVERGED_UNCERTIFIED,NO_GUARDS_OR_FINAL_CERTIFICATION,8,true,false,1.66353304297e-07,false,true,false,true,0,NaN,18208,-36.6379887379|-4.98585839704|0.0472236728827|-20.3888702098|-7.76731652611|-0.739517809702|-36.0310610145|-28.0214626829|0.568690656571|-2.79749379741
1186,VALID_CAMPAIGN,NEAR_SINGULARITY,8294421176709709638,10,MIXED,2.05792002923,-0.337499928308,0.794999966340,GUARDED_PRODUCTION,true,true,SUCCESS,NONE,100,true,true,3.46955909375e-07,false,false,false,false,0,4.41625425853,752208,-0.184333575188|0.225744693228|0.503883132881|-0.912480993487|1.73202910042|0.363071839103|1.21014379555|-0.293460005989|0.575000000000|0.247473243387
1186,VALID_CAMPAIGN,NEAR_SINGULARITY,8294421176709709638,10,MIXED,2.05792002923,-0.337499928308,0.794999966340,UNGUARDED_REFERENCE,true,false,CONVERGED_UNCERTIFIED,NO_GUARDS_OR_FINAL_CERTIFICATION,9,true,false,4.25620912141e-09,false,true,false,true,0,NaN,20458,-38.2607792215|-5.29440507935|0.0864099368020|-23.1185807969|-7.74557744710|-0.743666167316|-36.7891147855|-28.3671208796|0.621321199736|-2.71565825281
1187,VALID_CAMPAIGN,MICRO_MOTION,-7081675290732526544,10,MIXED,2.05792032151,-0.337499211391,0.794999629737,GUARDED_PRODUCTION,true,true,SUCCESS,NONE,1,true,true,7.15407693033e-07,false,false,false,false,0,NaN,3958,-0.184333575188|0.225744693228|0.503883132881|-0.912480993487|1.73202910042|0.363071839103|1.21014379555|-0.293460005989|0.575000000000|0.247473243387
1187,VALID_CAMPAIGN,MICRO_MOTION,-7081675290732526544,10,MIXED,2.05792032151,-0.337499211391,0.794999629737,UNGUARDED_REFERENCE,true,false,CONVERGED_UNCERTIFIED,NO_GUARDS_OR_FINAL_CERTIFICATION,1,true,false,8.44084367045e-07,false,true,false,true,0,NaN,833,-38.2607792215|-5.29440507935|0.0864099368020|-23.1185807969|-7.74557744710|-0.743666167316|-36.7891147855|-28.3671208796|0.621321199736|-2.71565825281
1188,VALID_CAMPAIGN,UNIFORM,3756962352163188282,10,MIXED,-0.467863032986,-1.20748704561,1.35918602694,GUARDED_PRODUCTION,true,true,SUCCESS,NONE,50,true,true,2.37450038052e-08,false,false,false,false,0,21.6166102275,385250,-1.54017845420|-0.261998763184|0.506596748125|-0.159121505603|1.73699538846|0.351710465444|1.15808119867|-0.307770882561|0.565580101203|0.350029455274
1188,VALID_CAMPAIGN,UNIFORM,3756962352163188282,10,MIXED,-0.467863032986,-1.20748704561,1.35918602694,UNGUARDED_REFERENCE,true,false,CONVERGED_UNCERTIFIED,NO_GUARDS_OR_FINAL_CERTIFICATION,16,true,false,5.19862615486e-07,false,true,false,true,0,NaN,37583,-40.3428719234|0.356583287594|-0.368530696537|-22.1809546160|-3.36492920621|-0.843315998801|-33.2836472931|-30.2645132858|-0.199982513274|-2.30517489857
1189,VALID_CAMPAIGN,NEAR_JOINT_LIMIT,1225180008986972566,10,MIXED,-0.534571742274,-0.128622049164,-0.142335863277,GUARDED_PRODUCTION,true,true,SUCCESS,NONE,189,true,true,9.66066015850e-07,false,false,false,false,0,12.8062443070,1356917,-1.33529793518|-0.947768117058|0.492536900866|1.78285383091|0.517172721533|0.252334035915|1.78285383091|0.446299761523|0.575000000000|0.841013796090
1189,VALID_CAMPAIGN,NEAR_JOINT_LIMIT,1225180008986972566,10,MIXED,-0.534571742274,-0.128622049164,-0.142335863277,UNGUARDED_REFERENCE,true,false,CONVERGED_UNCERTIFIED,NO_GUARDS_OR_FINAL_CERTIFICATION,7,true,false,4.93259706675e-08,false,true,false,true,0,NaN,15292,-41.8590989586|2.22848854616|-0.237604961116|-22.3324392204|-2.26379565563|0.240342807606|-35.3601884472|-28.7703503181|0.233784791568|-3.62094881592
1190,VALID_CAMPAIGN,NEAR_SINGULARITY,7023720606855078634,10,MIXED,2.05792002923,-0.337499928308,0.794999966340,GUARDED_PRODUCTION,false,false,NO_CONVERGENCE,STAGNATION_WINDOW_EXCEEDED,92,true,true,1.16225810264,false,false,false,false,0,3.74066708105,750875,-0.974346087249|-2.37713844122|0.418755701937|1.78285383091|-0.591580453831|0.315605592649|0.810364982666|-0.548238092113|0.575000000000|0.817392351961
1190,VALID_CAMPAIGN,NEAR_SINGULARITY,7023720606855078634,10,MIXED,2.05792002923,-0.337499928308,0.794999966340,UNGUARDED_REFERENCE,true,false,CONVERGED_UNCERTIFIED,NO_GUARDS_OR_FINAL_CERTIFICATION,12,true,false,2.00685140879e-09,false,true,false,true,0,NaN,29458,-44.1320956833|11.6789466278|-0.849123206586|-24.9867301378|0.703240122791|0.341822788559|-37.0324258024|-31.4713674783|-0.0430974625414|-3.93531205877
1191,VALID_CAMPAIGN,MICRO_MOTION,-6584046003973443151,10,MIXED,2.05792032151,-0.337499211391,0.794999629737,GUARDED_PRODUCTION,false,false,NO_CONVERGENCE,STAGNATION_WINDOW_EXCEEDED,7,true,true,1.19379416394,false,false,false,false,0,4.33695429391,61625,-0.983920224429|-2.37713844122|0.422387347379|1.78285383091|-0.627447162895|0.322439793258|0.753587842666|-0.611707910670|0.575000000000|0.784500064401
1191,VALID_CAMPAIGN,MICRO_MOTION,-6584046003973443151,10,MIXED,2.05792032151,-0.337499211391,0.794999629737,UNGUARDED_REFERENCE,true,false,CONVERGED_UNCERTIFIED,NO_GUARDS_OR_FINAL_CERTIFICATION,1,true,false,8.44417087561e-07,false,true,false,true,0,NaN,1000,-44.1320956833|11.6789466278|-0.849123206586|-24.9867301378|0.703240122791|0.341822788559|-37.0324258024|-31.4713674783|-0.0430974625414|-3.93531205877
1192,VALID_CAMPAIGN,UNIFORM,-6061415570571799082,10,MIXED,1.65820026705,-0.270551533758,0.306784071571,GUARDED_PRODUCTION,false,false,MAX_ITERATIONS_REACHED,MAX_ITERATIONS_LIMIT_REACHED,800,true,true,0.276277455351,false,false,false,false,0,4.62163370196,5256458,-1.78070492660|-2.37713844122|0.575000000000|1.78285383091|-1.33992299609|0.575000000000|0.526893480158|-0.899731850218|0.575000000000|-0.0475137310059
1192,VALID_CAMPAIGN,UNIFORM,-6061415570571799082,10,MIXED,1.65820026705,-0.270551533758,0.306784071571,UNGUARDED_REFERENCE,true,false,CONVERGED_UNCERTIFIED,NO_GUARDS_OR_FINAL_CERTIFICATION,6,true,false,1.95102429849e-07,false,true,false,true,0,NaN,13416,-43.5191323251|11.2254300704|-0.474303252590|-24.7739165787|0.802762279139|0.0729551768545|-37.6459388871|-32.6616162790|-0.0513491712490|-2.38070518292
1193,VALID_CAMPAIGN,NEAR_JOINT_LIMIT,7616983298710959684,10,MIXED,-0.00835785666809,-1.09284931152,-0.318617370664,GUARDED_PRODUCTION,false,false,MAX_ITERATIONS_REACHED,MAX_ITERATIONS_LIMIT_REACHED,800,true,true,0.0901642294368,false,false,false,false,0,8.25739748309,5924792,-3.14159265359|-2.10942974238|0.448092596560|1.78285383091|-1.78285383091|0.574475078047|0.928032527254|-0.597541510646|0.566134502141|-1.42458337108
1193,VALID_CAMPAIGN,NEAR_JOINT_LIMIT,7616983298710959684,10,MIXED,-0.00835785666809,-1.09284931152,-0.318617370664,UNGUARDED_REFERENCE,true,false,CONVERGED_UNCERTIFIED,NO_GUARDS_OR_FINAL_CERTIFICATION,7,true,false,4.63193680288e-09,false,true,false,true,0,NaN,17083,-41.5345438863|8.24297927678|-0.362787832736|-25.7524225875|0.588723840528|0.0623438798813|-39.2266351915|-34.9594500187|-0.339200814062|-2.98011824575
1194,VALID_CAMPAIGN,NEAR_SINGULARITY,-3563426293457177193,10,MIXED,2.05792002923,-0.337499928308,0.794999966340,GUARDED_PRODUCTION,false,false,NO_CONVERGENCE,STAGNATION_WINDOW_EXCEEDED,47,true,true,0.757958935075,false,false,false,false,3,4.41437885890,374000,-1.80622572980|-2.37713844122|0.493733711677|1.43126629999|-1.34985028685|0.575000000000|0.507455404497|-0.982313702820|0.575000000000|-1.19922226281
1194,VALID_CAMPAIGN,NEAR_SINGULARITY,-3563426293457177193,10,MIXED,2.05792002923,-0.337499928308,0.794999966340,UNGUARDED_REFERENCE,true,false,CONVERGED_UNCERTIFIED,NO_GUARDS_OR_FINAL_CERTIFICATION,10,true,false,5.92682858015e-08,false,true,false,true,0,NaN,23916,-44.1297301881|11.9249867093|-0.570698459841|-25.2734454146|0.626525353794|0.536146423851|-39.0921156951|-34.3582974854|-0.427342964313|-3.63050938945
1195,VALID_CAMPAIGN,MICRO_MOTION,-3871794415232593720,10,MIXED,2.05792032151,-0.337499211391,0.794999629737,GUARDED_PRODUCTION,false,false,NO_CONVERGENCE,STAGNATION_WINDOW_EXCEEDED,7,true,true,0.822188161205,false,false,false,false,6,7.52964612591,49917,-1.73439964894|-2.37713844122|0.498686563353|1.42786611357|-1.33288651286|0.575000000000|0.494958220478|-0.993289363751|0.575000000000|-1.18145970807
1195,VALID_CAMPAIGN,MICRO_MOTION,-3871794415232593720,10,MIXED,2.05792032151,-0.337499211391,0.794999629737,UNGUARDED_REFERENCE,true,false,CONVERGED_UNCERTIFIED,NO_GUARDS_OR_FINAL_CERTIFICATION,1,true,false,8.45951866655e-07,false,true,false,true,0,NaN,875,-44.1297301881|11.9249867093|-0.570698459841|-25.2734454146|0.626525353794|0.536146423851|-39.0921156951|-34.3582974854|-0.427342964313|-3.63050938945
1196,ADVERSARIAL_PROBES,NON_FINITE_TARGET,-6542402990502675890,10,MIXED,NaN,-0.337500000000,0.795000000000,GUARDED_PRODUCTION,false,false,INVALID_INPUT,INVALID_TARGET,0,true,true,NaN,false,false,false,false,0,NaN,3292,0.00000000000|0.00000000000|0.297500000000|0.00000000000|0.00000000000|0.297500000000|0.00000000000|0.00000000000|0.297500000000|0.00000000000
1196,ADVERSARIAL_PROBES,NON_FINITE_TARGET,-6542402990502675890,10,MIXED,NaN,-0.337500000000,0.795000000000,UNGUARDED_REFERENCE,false,false,MAX_ITERATIONS_UNCERTIFIED,NO_GUARDS_OR_FINAL_CERTIFICATION,800,false,false,NaN,true,false,false,true,0,NaN,1426250,NaN|NaN|NaN|NaN|NaN|NaN|NaN|NaN|NaN|NaN
1197,ADVERSARIAL_PROBES,INFINITE_TARGET,-7835833774235395383,10,MIXED,2.05792000000,-0.337500000000,Infinity,GUARDED_PRODUCTION,false,false,INVALID_INPUT,INVALID_TARGET,0,true,true,Infinity,false,false,false,false,0,NaN,1916,0.00000000000|0.00000000000|0.297500000000|0.00000000000|0.00000000000|0.297500000000|0.00000000000|0.00000000000|0.297500000000|0.00000000000
1197,ADVERSARIAL_PROBES,INFINITE_TARGET,-7835833774235395383,10,MIXED,2.05792000000,-0.337500000000,Infinity,UNGUARDED_REFERENCE,false,false,MAX_ITERATIONS_UNCERTIFIED,NO_GUARDS_OR_FINAL_CERTIFICATION,800,false,false,NaN,true,false,false,true,0,NaN,1408375,NaN|NaN|NaN|NaN|NaN|NaN|NaN|NaN|NaN|NaN
1198,ADVERSARIAL_PROBES,NON_FINITE_INITIAL_STATE,-5694701172735298662,10,MIXED,2.05792000000,-0.337500000000,0.795000000000,GUARDED_PRODUCTION,false,false,INVALID_INPUT,INVALID_INITIAL_STATE,0,true,true,0.00000000000,false,false,false,false,0,NaN,6208,0.00000000000|0.00000000000|0.297500000000|0.00000000000|0.00000000000|0.297500000000|0.00000000000|0.00000000000|0.297500000000|0.00000000000
1198,ADVERSARIAL_PROBES,NON_FINITE_INITIAL_STATE,-5694701172735298662,10,MIXED,2.05792000000,-0.337500000000,0.795000000000,UNGUARDED_REFERENCE,false,false,MAX_ITERATIONS_UNCERTIFIED,NO_GUARDS_OR_FINAL_CERTIFICATION,800,false,false,NaN,true,false,false,true,0,NaN,1462042,NaN|NaN|NaN|NaN|NaN|NaN|NaN|NaN|NaN|NaN
1199,ADVERSARIAL_PROBES,OVERFLOWING_GEOMETRY,84588396449741029,10,MIXED,0.00000000000,0.00000000000,0.00000000000,GUARDED_PRODUCTION,false,false,NUMERICAL_FAILURE,OUTPUT_VALIDATION_FAILED,1,true,true,Infinity,false,false,false,false,0,NaN,11584,0.00000000000|0.00000000000|0.297500000000|0.00000000000|0.00000000000|0.297500000000|0.00000000000|0.00000000000|0.297500000000|0.00000000000
1199,ADVERSARIAL_PROBES,OVERFLOWING_GEOMETRY,84588396449741029,10,MIXED,0.00000000000,0.00000000000,0.00000000000,UNGUARDED_REFERENCE,false,false,MAX_ITERATIONS_UNCERTIFIED,NO_GUARDS_OR_FINAL_CERTIFICATION,800,false,false,NaN,true,false,false,true,0,NaN,1418125,NaN|NaN|NaN|NaN|NaN|NaN|NaN|NaN|NaN|NaN
