trialIndex,cohort,scenario,seed,linkCount,jointMode,targetX,targetY,targetZ,branch,reportedConverged,validatedSuccess,status,detailCode,iterations,stateFinite,jointLimitsValid,independentResidualMeters,nonFiniteEncountered,unsafeSuccess,exceptionContained,contaminatingTrainingCandidate,backtrackingRetryCount,seedConditionNumber,durationNanos,jointValues
0,VALID_CAMPAIGN,UNIFORM,1530015285223878408,3,AUTO,1.06729498920,0.340892783092,0.374833115292,GUARDED_PRODUCTION,true,true,SUCCESS,NONE,27,true,true,9.20703479101e-07,false,false,false,false,0,58.1726278853,256458,0.344446850271|0.0650228280186|0.775729963044
0,VALID_CAMPAIGN,UNIFORM,1530015285223878408,3,AUTO,1.06729498920,0.340892783092,0.374833115292,UNGUARDED_REFERENCE,true,true,CONVERGED_UNCERTIFIED,NO_GUARDS_OR_FINAL_CERTIFICATION,11,true,true,7.86027865746e-07,false,false,false,false,0,NaN,48042,0.273869987412|0.191527219011|0.775728828530
1,VALID_CAMPAIGN,NEAR_JOINT_LIMIT,8034925923075501481,3,AUTO,-0.459095473190,-0.145846704381,0.298209743404,GUARDED_PRODUCTION,true,true,SUCCESS_WITH_WARNING,NEAR_SINGULARITY_WARNING,167,true,true,2.25396261758e-09,false,false,false,false,0,139.479024531,607167,-2.52639356399|-1.25496463516|2.67428069082
1,VALID_CAMPAIGN,NEAR_JOINT_LIMIT,8034925923075501481,3,AUTO,-0.459095473190,-0.145846704381,0.298209743404,UNGUARDED_REFERENCE,true,false,CONVERGED_UNCERTIFIED,NO_GUARDS_OR_FINAL_CERTIFICATION,9,true,false,1.02263067153e-07,false,true,false,true,0,NaN,14084,-57.8443157645|79.4447044614|0.467311879390
2,VALID_CAMPAIGN,NEAR_SINGULARITY,5770985814328292033,3,AUTO,1.20360000122,-0.0799999580359,0.160000016409,GUARDED_PRODUCTION,true,true,SUCCESS_WITH_WARNING,NEAR_SINGULARITY_WARNING,171,true,true,5.50242902001e-09,false,false,false,false,0,4.59043015847,734166,-0.132739375402|0.225034429819|5.34857017675e-08
2,VALID_CAMPAIGN,NEAR_SINGULARITY,5770985814328292033,3,AUTO,1.20360000122,-0.0799999580359,0.160000016409,UNGUARDED_REFERENCE,true,false,CONVERGED_UNCERTIFIED,NO_GUARDS_OR_FINAL_CERTIFICATION,16,true,false,2.11158699368e-08,false,true,false,true,0,NaN,7167,-75.5309633419|88.1896292053|5.34855773040e-08
3,VALID_CAMPAIGN,MICRO_MOTION,1216412372944189580,3,AUTO,1.20360001345,-0.0799995383945,0.160000180503,GUARDED_PRODUCTION,true,true,SUCCESS,NONE,1,true,true,4.50617049792e-07,false,false,false,false,0,NaN,22709,-0.132739375402|0.225034429819|5.34857017675e-08
3,VALID_CAMPAIGN,MICRO_MOTION,1216412372944189580,3,AUTO,1.20360001345,-0.0799995383945,0.160000180503,UNGUARDED_REFERENCE,true,false,CONVERGED_UNCERTIFIED,NO_GUARDS_OR_FINAL_CERTIFICATION,1,true,false,4.50659637184e-07,false,true,false,true,0,NaN,542,-75.5309633419|88.1896292053|5.34855773040e-08
4,VALID_CAMPAIGN,UNIFORM,8604658499454183632,3,AUTO,-0.207550732025,0.891246397404,-0.146586872657,GUARDED_PRODUCTION,false,false,MAX_ITERATIONS_REACHED,NEAR_SINGULARITY_WARNING,800,true,true,2.11376672708e-06,false,false,false,false,0,58.1725167829,1626584,1.75925705413|0.279375573673|-1.53333581095
4,VALID_CAMPAIGN,UNIFORM,8604658499454183632,3,AUTO,-0.207550732025,0.891246397404,-0.146586872657,UNGUARDED_REFERENCE,true,false,CONVERGED_UNCERTIFIED,NO_GUARDS_OR_FINAL_CERTIFICATION,131,true,false,9.75331754036e-07,false,true,false,true,0,NaN,56417,-142.753312262|195.056627455|-1.53343494804
5,VALID_CAMPAIGN,NEAR_JOINT_LIMIT,-3319411307599553724,3,AUTO,-0.348352552625,0.0303650801085,0.0217902565965,GUARDED_PRODUCTION,true,true,SUCCESS_WITH_WARNING,NEAR_SINGULARITY_WARNING,83,true,true,6.49527513500e-07,false,false,false,false,0,1767.74646175,243625,3.14159265359|-2.37713425334|-2.67428061812
5,VALID_CAMPAIGN,NEAR_JOINT_LIMIT,-3319411307599553724,3,AUTO,-0.348352552625,0.0303650801085,0.0217902565965,UNGUARDED_REFERENCE,true,false,CONVERGED_UNCERTIFIED,NO_GUARDS_OR_FINAL_CERTIFICATION,10,true,false,2.43574124386e-08,false,true,false,true,0,NaN,5000,-147.654854400|211.251162647|-2.67428066407
6,VALID_CAMPAIGN,NEAR_SINGULARITY,-7157413986731722862,3,AUTO,1.20360000122,-0.0799999580359,0.160000016409,GUARDED_PRODUCTION,true,true,SUCCESS,NONE,108,true,true,1.28827830286e-08,false,false,false,false,0,13.0505704916,231792,2.94121882445e-07|-4.39488350535e-07|5.34856130306e-08
6,VALID_CAMPAIGN,NEAR_SINGULARITY,-7157413986731722862,3,AUTO,1.20360000122,-0.0799999580359,0.160000016409,UNGUARDED_REFERENCE,false,false,MAX_ITERATIONS_UNCERTIFIED,NO_GUARDS_OR_FINAL_CERTIFICATION,800,true,false,1.05749457761,false,false,false,true,0,NaN,384750,-256.374610141|49.5174913892|-3.14159268049
7,VALID_CAMPAIGN,MICRO_MOTION,1250053817073929636,3,AUTO,1.20360001345,-0.0799995383945,0.160000180503,GUARDED_PRODUCTION,true,true,SUCCESS,NONE,1,true,true,4.50460197729e-07,false,false,false,false,0,NaN,6792,2.94121882445e-07|-4.39488350535e-07|5.34856130306e-08
7,VALID_CAMPAIGN,MICRO_MOTION,1250053817073929636,3,AUTO,1.20360001345,-0.0799995383945,0.160000180503,UNGUARDED_REFERENCE,false,false,MAX_ITERATIONS_UNCERTIFIED,NO_GUARDS_OR_FINAL_CERTIFICATION,800,true,false,1.70254342316,false,false,false,true,0,NaN,369375,148.107309223|-365.302074297|-3.14159323964
8,VALID_CAMPAIGN,UNIFORM,8732741445543322982,3,AUTO,0.206372538299,1.12668958787,0.162532594982,GUARDED_PRODUCTION,true,true,SUCCESS,NONE,36,true,true,8.54313572970e-08,false,false,false,false,0,58.1724002464,97209,1.77989269567|-0.545543571329|0.00825496630241
8,VALID_CAMPAIGN,UNIFORM,8732741445543322982,3,AUTO,0.206372538299,1.12668958787,0.162532594982,UNGUARDED_REFERENCE,false,false,MAX_ITERATIONS_UNCERTIFIED,NO_GUARDS_OR_FINAL_CERTIFICATION,800,true,false,1.15586005521,false,false,false,true,0,NaN,325959,163.630213563|-264.749649391|-3.14985682150
9,VALID_CAMPAIGN,NEAR_JOINT_LIMIT,-8802946848287911157,3,AUTO,-0.348352548809,0.0303651238838,0.0217902565965,GUARDED_PRODUCTION,false,false,NO_CONVERGENCE,STAGNATION_WINDOW_EXCEEDED,737,true,true,0.528399691202,false,false,false,false,0,9.70514897917,1217041,3.14159265359|-2.37713844122|-0.599237912063
9,VALID_CAMPAIGN,NEAR_JOINT_LIMIT,-8802946848287911157,3,AUTO,-0.348352548809,0.0303651238838,0.0217902565965,UNGUARDED_REFERENCE,true,false,CONVERGED_UNCERTIFIED,NO_GUARDS_OR_FINAL_CERTIFICATION,14,true,false,1.66448374297e-07,false,true,false,true,0,NaN,6792,160.047331082|-260.394466436|-2.67428096981
10,VALID_CAMPAIGN,NEAR_SINGULARITY,-168866553318267969,3,AUTO,1.20360000122,-0.0799999580359,0.160000016409,GUARDED_PRODUCTION,true,true,SUCCESS,NONE,81,true,true,3.13115547024e-08,false,false,false,false,0,3.43414437438,214833,6.24883473508e-07|-1.00016394858e-06|5.34856112724e-08
10,VALID_CAMPAIGN,NEAR_SINGULARITY,-168866553318267969,3,AUTO,1.20360000122,-0.0799999580359,0.160000016409,UNGUARDED_REFERENCE,false,false,MAX_ITERATIONS_UNCERTIFIED,NO_GUARDS_OR_FINAL_CERTIFICATION,800,true,false,0.984822724700,false,false,false,true,0,NaN,448542,145.333549046|-708.979260243|-3.14159273995
11,VALID_CAMPAIGN,MICRO_MOTION,5932821130644053765,3,AUTO,1.20360001345,-0.0799995383945,0.160000180503,GUARDED_PRODUCTION,true,true,SUCCESS,NONE,1,true,true,4.50795606543e-07,false,false,false,false,0,NaN,22916,6.24883473508e-07|-1.00016394858e-06|5.34856112724e-08
11,VALID_CAMPAIGN,MICRO_MOTION,5932821130644053765,3,AUTO,1.20360001345,-0.0799995383945,0.160000180503,UNGUARDED_REFERENCE,false,false,MAX_ITERATIONS_UNCERTIFIED,NO_GUARDS_OR_FINAL_CERTIFICATION,800,true,false,1.62147513145,false,false,false,true,0,NaN,397917,285.749894314|-28.3669562679|-3.14159324332
12,VALID_CAMPAIGN,UNIFORM,-6714581917145054921,3,AUTO,0.502676375220,0.370847925948,-0.136059518361,GUARDED_PRODUCTION,true,true,SUCCESS,NONE,52,true,true,5.37692966180e-07,false,false,false,false,0,58.1721102140,156167,1.50947903591|-1.60128475186|-1.30540718780
12,VALID_CAMPAIGN,UNIFORM,-6714581917145054921,3,AUTO,0.502676375220,0.370847925948,-0.136059518361,UNGUARDED_REFERENCE,true,false,CONVERGED_UNCERTIFIED,NO_GUARDS_OR_FINAL_CERTIFICATION,6,true,false,1.19206451452e-07,false,true,false,true,0,NaN,3084,289.108140804|-29.7087065973|-1.83618158563
13,VALID_CAMPAIGN,NEAR_JOINT_LIMIT,214501867026754241,3,AUTO,-0.348352548809,0.0303651238838,0.0217902565965,GUARDED_PRODUCTION,true,true,SUCCESS,NONE,142,true,true,2.31470841465e-09,false,false,false,false,0,13.1923824539,291208,3.14159256713|-2.37713844122|-2.67428069449
13,VALID_CAMPAIGN,NEAR_JOINT_LIMIT,214501867026754241,3,AUTO,-0.348352548809,0.0303651238838,0.0217902565965,UNGUARDED_REFERENCE,true,false,CONVERGED_UNCERTIFIED,NO_GUARDS_OR_FINAL_CERTIFICATION,11,true,false,2.57467788455e-07,false,true,false,true,0,NaN,6125,285.711032757|-34.1998063129|-2.67428031573
14,VALID_CAMPAIGN,NEAR_SINGULARITY,-7500627133457116296,3,AUTO,1.20360000122,-0.0799999580359,0.160000016409,GUARDED_PRODUCTION,true,true,SUCCESS,NONE,108,true,true,1.28833600462e-08,false,false,false,false,0,13.0508135488,321709,2.94132239768e-07|-4.39505908769e-07|5.34856130555e-08
14,VALID_CAMPAIGN,NEAR_SINGULARITY,-7500627133457116296,3,AUTO,1.20360000122,-0.0799999580359,0.160000016409,UNGUARDED_REFERENCE,false,false,MAX_ITERATIONS_UNCERTIFIED,NO_GUARDS_OR_FINAL_CERTIFICATION,800,true,false,1.80642533573,false,false,false,true,0,NaN,405542,430.332076115|-672.181217138|-3.14159268513
15,VALID_CAMPAIGN,MICRO_MOTION,5782719745957804998,3,AUTO,1.20360001345,-0.0799995383945,0.160000180503,GUARDED_PRODUCTION,true,true,SUCCESS,NONE,1,true,true,4.50460197397e-07,false,false,false,false,0,NaN,6709,2.94132239768e-07|-4.39505908769e-07|5.34856130555e-08
15,VALID_CAMPAIGN,MICRO_MOTION,5782719745957804998,3,AUTO,1.20360001345,-0.0799995383945,0.160000180503,UNGUARDED_REFERENCE,false,false,MAX_ITERATIONS_UNCERTIFIED,NO_GUARDS_OR_FINAL_CERTIFICATION,800,true,false,1.32704513687,false,false,false,true,0,NaN,390708,409.698599638|-651.348363550|-3.14159324177
16,VALID_CAMPAIGN,UNIFORM,3590296424955264527,3,AUTO,-0.594534246874,-0.903684284368,0.116360494606,GUARDED_PRODUCTION,true,true,SUCCESS,NONE,60,true,true,1.17591730407e-10,false,false,false,false,0,58.1724000139,124792,-1.59986118684|-0.815452457509|-0.142724958849
16,VALID_CAMPAIGN,UNIFORM,3590296424955264527,3,AUTO,-0.594534246874,-0.903684284368,0.116360494606,UNGUARDED_REFERENCE,false,false,MAX_ITERATIONS_UNCERTIFIED,NO_GUARDS_OR_FINAL_CERTIFICATION,800,true,false,1.31582144083,false,false,false,true,0,NaN,412292,358.199372069|293.850715738|-2.99893904366
17,VALID_CAMPAIGN,NEAR_JOINT_LIMIT,4969417464852126056,3,AUTO,-0.459095454863,-0.145846762073,0.298209743404,GUARDED_PRODUCTION,true,true,SUCCESS,NONE,36,true,true,7.43999201213e-07,false,false,false,false,0,6.81879669370,105542,-1.29564891937|-2.23670483020|0.467311935961
17,VALID_CAMPAIGN,NEAR_JOINT_LIMIT,4969417464852126056,3,AUTO,-0.459095454863,-0.145846762073,0.298209743404,UNGUARDED_REFERENCE,true,false,CONVERGED_UNCERTIFIED,NO_GUARDS_OR_FINAL_CERTIFICATION,11,true,false,5.90998067844e-09,false,true,false,true,0,NaN,6583,368.181539686|275.205188854|-3.60890462104
18,VALID_CAMPAIGN,NEAR_SINGULARITY,3320242385357998138,3,AUTO,1.20360000122,-0.0799999580359,0.160000016409,GUARDED_PRODUCTION,true,true,SUCCESS,NONE,93,true,true,1.51660814101e-08,false,false,false,false,0,3.22653561821,258167,3.35107384601e-07|-5.08955799328e-07|5.34856128270e-08
18,VALID_CAMPAIGN,NEAR_SINGULARITY,3320242385357998138,3,AUTO,1.20360000122,-0.0799999580359,0.160000016409,UNGUARDED_REFERENCE,false,false,MAX_ITERATIONS_UNCERTIFIED,NO_GUARDS_OR_FINAL_CERTIFICATION,800,true,false,0.639024334963,false,false,false,true,0,NaN,464333,182.094155456|584.257270050|-3.14159273055
19,VALID_CAMPAIGN,MICRO_MOTION,-499498781294584523,3,AUTO,1.20360001345,-0.0799995383945,0.160000180503,GUARDED_PRODUCTION,true,true,SUCCESS,NONE,1,true,true,4.50456027178e-07,false,false,false,false,0,NaN,16417,3.35107384601e-07|-5.08955799328e-07|5.34856128270e-08
19,VALID_CAMPAIGN,MICRO_MOTION,-499498781294584523,3,AUTO,1.20360001345,-0.0799995383945,0.160000180503,UNGUARDED_REFERENCE,false,false,MAX_ITERATIONS_UNCERTIFIED,NO_GUARDS_OR_FINAL_CERTIFICATION,800,true,false,1.29996421689,false,false,false,true,0,NaN,405875,252.993032815|757.996920333|-3.14159324147
20,VALID_CAMPAIGN,UNIFORM,-8220147861460144864,3,AUTO,-0.417926529549,-0.428901630020,-0.0804777274741,GUARDED_PRODUCTION,true,true,SUCCESS,NONE,75,true,true,5.40802762818e-08,false,false,false,false,0,58.1723643222,209083,-1.20292813292|-1.86048199453|-0.900802833640
20,VALID_CAMPAIGN,UNIFORM,-8220147861460144864,3,AUTO,-0.417926529549,-0.428901630020,-0.0804777274741,UNGUARDED_REFERENCE,true,false,CONVERGED_UNCERTIFIED,NO_GUARDS_OR_FINAL_CERTIFICATION,11,true,false,1.58222522298e-08,false,true,false,true,0,NaN,5709,267.463928290|680.235468744|-14.8071604011
21,VALID_CAMPAIGN,NEAR_JOINT_LIMIT,7812202193043022441,3,AUTO,-0.348352552625,0.0303650801085,0.298209743404,GUARDED_PRODUCTION,false,false,NO_CONVERGENCE,STAGNATION_WINDOW_EXCEEDED,120,true,true,0.0947489564245,false,false,false,false,0,5.26027022563,327875,-1.35565096824|-2.37713844122|0.467471365197
21,VALID_CAMPAIGN,NEAR_JOINT_LIMIT,7812202193043022441,3,AUTO,-0.348352552625,0.0303650801085,0.298209743404,UNGUARDED_REFERENCE,true,false,CONVERGED_UNCERTIFIED,NO_GUARDS_OR_FINAL_CERTIFICATION,8,true,false,1.82486054017e-07,false,true,false,true,0,NaN,3709,266.861477762|682.083320635|-16.1752755022
22,VALID_CAMPAIGN,NEAR_SINGULARITY,-7241813135053749375,3,AUTO,1.20360000122,-0.0799999580359,0.160000016409,GUARDED_PRODUCTION,true,true,SUCCESS,NONE,95,true,true,4.44299463057e-09,false,false,false,false,0,3.19605673026,247958,1.42609119851e-07|-1.82714985323e-07|5.34856142366e-08
22,VALID_CAMPAIGN,NEAR_SINGULARITY,-7241813135053749375,3,AUTO,1.20360000122,-0.0799999580359,0.160000016409,UNGUARDED_REFERENCE,false,false,MAX_ITERATIONS_UNCERTIFIED,NO_GUARDS_OR_FINAL_CERTIFICATION,800,true,false,0.960626166428,false,false,false,true,0,NaN,381875,-62.0822743023|1687.98612561|-15.7079633200
23,VALID_CAMPAIGN,MICRO_MOTION,6092004558624546573,3,AUTO,1.20360001345,-0.0799995383945,0.160000180503,GUARDED_PRODUCTION,true,true,SUCCESS,NONE,1,true,true,4.50595771935e-07,false,false,false,false,0,NaN,7250,1.42609119851e-07|-1.82714985323e-07|5.34856142366e-08
23,VALID_CAMPAIGN,MICRO_MOTION,6092004558624546573,3,AUTO,1.20360001345,-0.0799995383945,0.160000180503,UNGUARDED_REFERENCE,false,false,MAX_ITERATIONS_UNCERTIFIED,NO_GUARDS_OR_FINAL_CERTIFICATION,800,true,false,1.57898633370,false,false,false,true,0,NaN,381041,-191.987671015|2033.99514965|-15.7079638564
24,VALID_CAMPAIGN,UNIFORM,2611564180659272591,3,AUTO,0.924154398567,-0.248163811484,-0.137889027042,GUARDED_PRODUCTION,true,true,SUCCESS,NONE,40,true,true,6.48847249547e-09,false,false,false,false,0,58.1725332133,74167,-0.0625984083606|-0.238513798566|-1.32919080966
24,VALID_CAMPAIGN,UNIFORM,2611564180659272591,3,AUTO,0.924154398567,-0.248163811484,-0.137889027042,UNGUARDED_REFERENCE,true,false,CONVERGED_UNCERTIFIED,NO_GUARDS_OR_FINAL_CERTIFICATION,144,true,false,6.62566692465e-07,false,true,false,true,0,NaN,67750,-232.540441013|2085.77898042|-13.8955529504
25,VALID_CAMPAIGN,NEAR_JOINT_LIMIT,-260038361503877371,3,AUTO,-0.348352552625,0.0303650801085,0.0217902565965,GUARDED_PRODUCTION,true,true,SUCCESS,NONE,128,true,true,1.77207029939e-08,false,false,false,false,0,63.2760691638,337208,-3.14159265359|-2.37713844122|-2.67428074637
25,VALID_CAMPAIGN,NEAR_JOINT_LIMIT,-260038361503877371,3,AUTO,-0.348352552625,0.0303650801085,0.0217902565965,UNGUARDED_REFERENCE,true,false,CONVERGED_UNCERTIFIED,NO_GUARDS_OR_FINAL_CERTIFICATION,14,true,false,1.29308801524e-07,false,true,false,true,0,NaN,7334,-208.727380548|2039.52937213|-13.0336826208
26,VALID_CAMPAIGN,NEAR_SINGULARITY,6618318827436888343,3,AUTO,1.20360000122,-0.0799999580359,0.160000016409,GUARDED_PRODUCTION,false,false,NO_CONVERGENCE,STAGNATION_WINDOW_EXCEEDED,382,true,true,1.24327554849,false,false,false,false,0,13.0508586084,611042,-3.14159265359|-2.37713844122|-9.08022957378e-05
26,VALID_CAMPAIGN,NEAR_SINGULARITY,6618318827436888343,3,AUTO,1.20360000122,-0.0799999580359,0.160000016409,UNGUARDED_REFERENCE,true,false,CONVERGED_UNCERTIFIED,NO_GUARDS_OR_FINAL_CERTIFICATION,13,true,false,7.28527559851e-07,false,true,false,true,0,NaN,6750,-226.194657917|2067.16794385|-12.5663705609
27,VALID_CAMPAIGN,MICRO_MOTION,9192809167021273517,3,AUTO,1.20360001345,-0.0799995383945,0.160000180503,GUARDED_PRODUCTION,false,false,NO_CONVERGENCE,STAGNATION_WINDOW_EXCEEDED,13,true,true,1.24327538632,false,false,false,false,0,2.59062078878,33792,-3.14159265359|-2.37713844122|-6.28205641456e-05
27,VALID_CAMPAIGN,MICRO_MOTION,9192809167021273517,3,AUTO,1.20360001345,-0.0799995383945,0.160000180503,UNGUARDED_REFERENCE,true,false,CONVERGED_UNCERTIFIED,NO_GUARDS_OR_FINAL_CERTIFICATION,1,true,false,8.42257289575e-07,false,true,false,true,0,NaN,417,-226.194657917|2067.16794385|-12.5663705609
28,VALID_CAMPAIGN,UNIFORM,-8963662462277581757,3,AUTO,-0.148976848217,-0.728408128451,0.422888143870,GUARDED_PRODUCTION,true,true,SUCCESS,NONE,68,true,true,4.98682161271e-10,false,false,false,false,0,2.59062072632,180709,-0.909485707937|-1.45040959505|1.02916999800
28,VALID_CAMPAIGN,UNIFORM,-8963662462277581757,3,AUTO,-0.148976848217,-0.728408128451,0.422888143870,UNGUARDED_REFERENCE,false,false,MAX_ITERATIONS_UNCERTIFIED,NO_GUARDS_OR_FINAL_CERTIFICATION,800,true,false,1.15569147977,false,false,false,true,0,NaN,332083,-201.426019093|2025.62544786|-11.5357835822
29,VALID_CAMPAIGN,NEAR_JOINT_LIMIT,-1103448801664674602,3,AUTO,-0.459095473190,-0.145846704381,0.0217902565965,GUARDED_PRODUCTION,true,true,SUCCESS,NONE,41,true,true,4.84484951658e-08,false,false,false,false,0,8.06903506494,112958,-1.29564807919|-2.23670440467|-0.467311936375
29,VALID_CAMPAIGN,NEAR_JOINT_LIMIT,-1103448801664674602,3,AUTO,-0.459095473190,-0.145846704381,0.0217902565965,UNGUARDED_REFERENCE,true,false,CONVERGED_UNCERTIFIED,NO_GUARDS_OR_FINAL_CERTIFICATION,12,true,false,5.46604175056e-09,false,true,false,true,0,NaN,5667,-196.074392524|2020.94896452|-6.75049725909
30,VALID_CAMPAIGN,NEAR_SINGULARITY,5456809778030520889,3,AUTO,1.20360000122,-0.0799999580359,0.160000016409,GUARDED_PRODUCTION,true,true,SUCCESS,NONE,93,true,true,1.51647895653e-08,false,false,false,false,0,3.22653593654,753833,3.35084193475e-07|-5.08916496103e-07|5.34856128092e-08
30,VALID_CAMPAIGN,NEAR_SINGULARITY,5456809778030520889,3,AUTO,1.20360000122,-0.0799999580359,0.160000016409,UNGUARDED_REFERENCE,true,false,CONVERGED_UNCERTIFIED,NO_GUARDS_OR_FINAL_CERTIFICATION,15,true,false,8.67048520892e-07,false,true,false,true,0,NaN,8708,-213.761055285|2029.69391486|-6.28318525370
31,VALID_CAMPAIGN,MICRO_MOTION,-7249882195781828972,3,AUTO,1.20360001345,-0.0799995383945,0.160000180503,GUARDED_PRODUCTION,true,true,SUCCESS,NONE,1,true,true,4.50456028959e-07,false,false,false,false,0,NaN,25667,3.35084193475e-07|-5.08916496103e-07|5.34856128092e-08
31,VALID_CAMPAIGN,MICRO_MOTION,-7249882195781828972,3,AUTO,1.20360001345,-0.0799995383945,0.160000180503,UNGUARDED_REFERENCE,true,false,CONVERGED_UNCERTIFIED,NO_GUARDS_OR_FINAL_CERTIFICATION,1,true,false,9.64038388084e-07,false,true,false,true,0,NaN,500,-213.761055285|2029.69391486|-6.28318525370
32,VALID_CAMPAIGN,UNIFORM,4065497326862416993,3,AUTO,-0.106264357857,0.374894344876,0.374678218023,GUARDED_PRODUCTION,false,false,NO_CONVERGENCE,STAGNATION_WINDOW_EXCEEDED,85,true,true,0.109950636302,false,false,false,false,0,58.1723641261,683750,3.14159265359|-2.37265523027|0.789637416469
32,VALID_CAMPAIGN,UNIFORM,4065497326862416993,3,AUTO,-0.106264357857,0.374894344876,0.374678218023,UNGUARDED_REFERENCE,true,false,CONVERGED_UNCERTIFIED,NO_GUARDS_OR_FINAL_CERTIFICATION,11,true,false,1.01961886211e-10,false,true,false,true,0,NaN,7084,-238.468815989|2069.76540122|-5.50816100732
33,VALID_CAMPAIGN,NEAR_JOINT_LIMIT,-8386788912984059163,3,AUTO,-0.348352548809,0.0303651238838,0.0217902565965,GUARDED_PRODUCTION,false,false,NO_CONVERGENCE,STAGNATION_WINDOW_EXCEEDED,7,true,true,0.610941856915,false,false,false,false,0,3.87591594835,16542,3.14159265359|-2.37713844122|0.653540824819
33,VALID_CAMPAIGN,NEAR_JOINT_LIMIT,-8386788912984059163,3,AUTO,-0.348352548809,0.0303651238838,0.0217902565965,UNGUARDED_REFERENCE,true,false,CONVERGED_UNCERTIFIED,NO_GUARDS_OR_FINAL_CERTIFICATION,7,true,false,7.98615274589e-09,false,true,false,true,0,NaN,3500,-240.143307606|2070.94529891|-6.75049725248
34,VALID_CAMPAIGN,NEAR_SINGULARITY,3605070359637557197,3,AUTO,1.20360000122,-0.0799999580359,0.160000016409,GUARDED_PRODUCTION,true,true,SUCCESS,NONE,82,true,true,8.08532427298e-07,false,false,false,false,0,3.54574573980,145791,1.45639260817e-05|-2.46409234489e-05|5.36366563847e-08
34,VALID_CAMPAIGN,NEAR_SINGULARITY,3605070359637557197,3,AUTO,1.20360000122,-0.0799999580359,0.160000016409,UNGUARDED_REFERENCE,true,false,CONVERGED_UNCERTIFIED,NO_GUARDS_OR_FINAL_CERTIFICATION,13,true,false,7.26092339975e-07,false,true,false,true,0,NaN,7334,-257.610584497|2098.58387046|-6.28318525370
35,VALID_CAMPAIGN,MICRO_MOTION,-6723938814727924610,3,AUTO,1.20360001345,-0.0799995383945,0.160000180503,GUARDED_PRODUCTION,true,true,SUCCESS,NONE,1,true,true,9.17542709961e-07,false,false,false,false,0,NaN,3625,1.45639260817e-05|-2.46409234489e-05|5.36366563847e-08
35,VALID_CAMPAIGN,MICRO_MOTION,-6723938814727924610,3,AUTO,1.20360001345,-0.0799995383945,0.160000180503,UNGUARDED_REFERENCE,true,false,CONVERGED_UNCERTIFIED,NO_GUARDS_OR_FINAL_CERTIFICATION,1,true,false,8.40196420737e-07,false,true,false,true,0,NaN,459,-257.610584497|2098.58387046|-6.28318525370
36,VALID_CAMPAIGN,UNIFORM,-171464261267195812,3,AUTO,-0.601717884916,0.142245797715,0.442613751875,GUARDED_PRODUCTION,false,false,NO_CONVERGENCE,STAGNATION_WINDOW_EXCEEDED,271,true,true,0.168904535266,false,false,false,false,0,58.1598722963,486208,3.14159265359|-1.20941421370|1.97819096098
36,VALID_CAMPAIGN,UNIFORM,-171464261267195812,3,AUTO,-0.601717884916,0.142245797715,0.442613751875,UNGUARDED_REFERENCE,true,false,CONVERGED_UNCERTIFIED,NO_GUARDS_OR_FINAL_CERTIFICATION,6,true,false,2.70166297974e-07,false,true,false,true,0,NaN,2959,-224.247191743|2044.03145986|-5.11211983152
37,VALID_CAMPAIGN,NEAR_JOINT_LIMIT,-2343038078554072017,3,AUTO,-0.348352552625,0.0303650801085,0.0217902565965,GUARDED_PRODUCTION,false,false,NO_CONVERGENCE,STAGNATION_WINDOW_EXCEEDED,74,true,true,0.308207372107,false,false,false,false,0,9.42341904687,146875,2.74922150301|-2.37713844122|2.67428074637
37,VALID_CAMPAIGN,NEAR_JOINT_LIMIT,-2343038078554072017,3,AUTO,-0.348352552625,0.0303650801085,0.0217902565965,UNGUARDED_REFERENCE,true,false,CONVERGED_UNCERTIFIED,NO_GUARDS_OR_FINAL_CERTIFICATION,9,true,false,1.04752457855e-07,false,true,false,true,0,NaN,4916,-229.336262545|2039.65808900|-8.95746588046
38,VALID_CAMPAIGN,NEAR_SINGULARITY,6966473029547915779,3,AUTO,1.20360000122,-0.0799999580359,0.160000016409,GUARDED_PRODUCTION,true,true,SUCCESS_WITH_WARNING,NEAR_SINGULARITY_WARNING,131,true,true,4.69486115457e-09,false,false,false,false,0,13.0508362024,276167,-0.132739360903|0.225034405250|5.34856143195e-08
38,VALID_CAMPAIGN,NEAR_SINGULARITY,6966473029547915779,3,AUTO,1.20360000122,-0.0799999580359,0.160000016409,UNGUARDED_REFERENCE,false,false,MAX_ITERATIONS_UNCERTIFIED,NO_GUARDS_OR_FINAL_CERTIFICATION,800,true,false,0.918933042036,false,false,false,true,0,NaN,382208,-482.973031850|2115.81186147|-9.42477801438
39,VALID_CAMPAIGN,MICRO_MOTION,-6450830228365088167,3,AUTO,1.20360001345,-0.0799995383945,0.160000180503,GUARDED_PRODUCTION,true,true,SUCCESS,NONE,1,true,true,4.50633864643e-07,false,false,false,false,0,NaN,3750,-0.132739360903|0.225034405250|5.34856143195e-08
39,VALID_CAMPAIGN,MICRO_MOTION,-6450830228365088167,3,AUTO,1.20360001345,-0.0799995383945,0.160000180503,UNGUARDED_REFERENCE,false,false,MAX_ITERATIONS_UNCERTIFIED,NO_GUARDS_OR_FINAL_CERTIFICATION,800,true,false,0.848344477367,false,false,false,true,0,NaN,371791,-357.398504047|1696.69775765|-9.42477854911
40,VALID_CAMPAIGN,UNIFORM,8784081528529369316,3,AUTO,0.682136588965,-0.454393028104,0.185275060967,GUARDED_PRODUCTION,true,true,SUCCESS,NONE,43,true,true,2.24369428129e-07,false,false,false,false,0,58.1725294377,70625,-1.62769657792|1.79719963116|0.0824763310179
40,VALID_CAMPAIGN,UNIFORM,8784081528529369316,3,AUTO,0.682136588965,-0.454393028104,0.185275060967,UNGUARDED_REFERENCE,false,false,MAX_ITERATIONS_UNCERTIFIED,NO_GUARDS_OR_FINAL_CERTIFICATION,800,true,false,0.305000473683,false,false,false,true,0,NaN,328375,-377.563525923|1736.04056166|-9.50735989949
41,VALID_CAMPAIGN,NEAR_JOINT_LIMIT,-2570148338510692411,3,AUTO,-0.459095454863,-0.145846762073,0.0217902565965,GUARDED_PRODUCTION,false,false,NO_CONVERGENCE,STAGNATION_WINDOW_EXCEEDED,558,true,true,0.537082664543,false,false,false,false,0,3.65168338550,937375,-3.14159265359|2.37713844122|-0.542178397379
41,VALID_CAMPAIGN,NEAR_JOINT_LIMIT,-2570148338510692411,3,AUTO,-0.459095454863,-0.145846762073,0.0217902565965,UNGUARDED_REFERENCE,true,false,CONVERGED_UNCERTIFIED,NO_GUARDS_OR_FINAL_CERTIFICATION,6,true,false,5.23924460813e-09,false,true,false,true,0,NaN,3542,-379.517511869|1745.47055074|-8.95746599462
42,VALID_CAMPAIGN,NEAR_SINGULARITY,6447966185656549382,3,AUTO,1.20360000122,-0.0799999580359,0.160000016409,GUARDED_PRODUCTION,true,true,SUCCESS,NONE,79,true,true,7.74558216932e-08,false,false,false,false,0,3.41641127754,148958,-0.132740666639|0.225036618873|5.34699988331e-08
42,VALID_CAMPAIGN,NEAR_SINGULARITY,6447966185656549382,3,AUTO,1.20360000122,-0.0799999580359,0.160000016409,UNGUARDED_REFERENCE,false,false,MAX_ITERATIONS_UNCERTIFIED,NO_GUARDS_OR_FINAL_CERTIFICATION,800,true,false,1.66805780199,false,false,false,true,0,NaN,388834,-103.105342187|2072.38798620|-9.42477801592
43,VALID_CAMPAIGN,MICRO_MOTION,-6438105481994932595,3,AUTO,1.20360001345,-0.0799995383945,0.160000180503,GUARDED_PRODUCTION,true,true,SUCCESS,NONE,1,true,true,4.54276326345e-07,false,false,false,false,0,NaN,5875,-0.132740666639|0.225036618873|5.34699988331e-08
43,VALID_CAMPAIGN,MICRO_MOTION,-6438105481994932595,3,AUTO,1.20360001345,-0.0799995383945,0.160000180503,UNGUARDED_REFERENCE,false,false,MAX_ITERATIONS_UNCERTIFIED,NO_GUARDS_OR_FINAL_CERTIFICATION,800,true,false,1.57778583673,false,false,false,true,0,NaN,384584,-347.663321112|1709.73102311|-9.42477854958
44,VALID_CAMPAIGN,UNIFORM,8523275629498636102,3,AUTO,0.477000034221,-0.605311338023,-0.141083412652,GUARDED_PRODUCTION,true,true,SUCCESS,NONE,49,true,true,1.19429655641e-09,false,false,false,false,0,58.1713829579,87667,-1.52407264918|1.45789951460|-1.37745154686
44,VALID_CAMPAIGN,UNIFORM,8523275629498636102,3,AUTO,0.477000034221,-0.605311338023,-0.141083412652,UNGUARDED_REFERENCE,true,false,CONVERGED_UNCERTIFIED,NO_GUARDS_OR_FINAL_CERTIFICATION,9,true,false,5.26605611785e-07,false,true,false,true,0,NaN,4375,-327.273134997|1676.97060121|-8.04733527445
45,VALID_CAMPAIGN,NEAR_JOINT_LIMIT,-3628586723643348960,3,AUTO,-0.348352552625,0.0303650801085,0.298209743404,GUARDED_PRODUCTION,false,false,NO_CONVERGENCE,STAGNATION_WINDOW_EXCEEDED,198,true,true,0.346009129075,false,false,false,false,0,23.3010637417,333375,-3.14159265359|2.37713844122|-2.67428074637
45,VALID_CAMPAIGN,NEAR_JOINT_LIMIT,-3628586723643348960,3,AUTO,-0.348352552625,0.0303650801085,0.298209743404,UNGUARDED_REFERENCE,true,false,CONVERGED_UNCERTIFIED,NO_GUARDS_OR_FINAL_CERTIFICATION,9,true,false,2.09298698462e-08,false,true,false,true,0,NaN,5625,-330.041124706|1681.10978864|-16.1752752619
46,VALID_CAMPAIGN,NEAR_SINGULARITY,-8208464078064322115,3,AUTO,1.20360000122,-0.0799999580359,0.160000016409,GUARDED_PRODUCTION,true,true,SUCCESS_WITH_WARNING,NEAR_SINGULARITY_WARNING,149,true,true,4.38601987978e-09,false,false,false,false,0,4.53004331245,271209,-0.132739355358|0.225034395854|5.34856141198e-08
46,VALID_CAMPAIGN,NEAR_SINGULARITY,-8208464078064322115,3,AUTO,1.20360000122,-0.0799999580359,0.160000016409,UNGUARDED_REFERENCE,false,false,MAX_ITERATIONS_UNCERTIFIED,NO_GUARDS_OR_FINAL_CERTIFICATION,800,true,false,0.668008344903,false,false,false,true,0,NaN,389459,-44.3490291960|1929.32956308|-15.7079633222
47,VALID_CAMPAIGN,MICRO_MOTION,-7091405492873998366,3,AUTO,1.20360001345,-0.0799995383945,0.160000180503,GUARDED_PRODUCTION,true,true,SUCCESS,NONE,1,true,true,4.50640552977e-07,false,false,false,false,0,NaN,3250,-0.132739355358|0.225034395854|5.34856141198e-08
47,VALID_CAMPAIGN,MICRO_MOTION,-7091405492873998366,3,AUTO,1.20360001345,-0.0799995383945,0.160000180503,UNGUARDED_REFERENCE,false,false,MAX_ITERATIONS_UNCERTIFIED,NO_GUARDS_OR_FINAL_CERTIFICATION,800,true,false,1.16209611801,false,false,false,true,0,NaN,409541,120.782496754|1438.35327423|-15.7079638560
48,VALID_CAMPAIGN,UNIFORM,1819168246433003287,3,AUTO,0.787627454831,0.733608645148,0.377689747318,GUARDED_PRODUCTION,true,true,SUCCESS,NONE,30,true,true,4.76332891637e-08,false,false,false,false,0,58.1725340657,53833,0.441633483049|0.681081559043|0.788858461049
48,VALID_CAMPAIGN,UNIFORM,1819168246433003287,3,AUTO,0.787627454831,0.733608645148,0.377689747318,UNGUARDED_REFERENCE,false,false,MAX_ITERATIONS_UNCERTIFIED,NO_GUARDS_OR_FINAL_CERTIFICATION,800,true,false,1.15631939663,false,false,false,true,0,NaN,339125,89.9561482991|1441.64631220|-16.4958717667
49,VALID_CAMPAIGN,NEAR_JOINT_LIMIT,-6339690326289312649,3,AUTO,-0.459095454863,-0.145846762073,0.0217902565965,GUARDED_PRODUCTION,false,false,NO_CONVERGENCE,STAGNATION_WINDOW_EXCEEDED,152,true,true,0.276419472157,false,false,false,false,0,16.1210742260,254125,3.14159265359|2.37713844122|2.67428074637
49,VALID_CAMPAIGN,NEAR_JOINT_LIMIT,-6339690326289312649,3,AUTO,-0.459095454863,-0.145846762073,0.0217902565965,UNGUARDED_REFERENCE,true,false,CONVERGED_UNCERTIFIED,NO_GUARDS_OR_FINAL_CERTIFICATION,5,true,false,5.44222385498e-07,false,true,false,true,0,NaN,2500,91.7213851447|1443.87765483|-15.2406523088
50,VALID_CAMPAIGN,NEAR_SINGULARITY,7187097969815204514,3,AUTO,1.20360000122,-0.0799999580359,0.160000016409,GUARDED_PRODUCTION,false,false,NO_CONVERGENCE,STAGNATION_WINDOW_EXCEEDED,540,true,true,1.32863498132,false,false,false,false,0,4.53004347000,815250,3.14159265359|2.37713844122|0.000106753466469
50,VALID_CAMPAIGN,NEAR_SINGULARITY,7187097969815204514,3,AUTO,1.20360000122,-0.0799999580359,0.160000016409,UNGUARDED_REFERENCE,false,false,MAX_ITERATIONS_UNCERTIFIED,NO_GUARDS_OR_FINAL_CERTIFICATION,800,true,false,1.79147172513,false,false,false,true,0,NaN,402625,-40.6439178495|1137.14690819|-15.7079632891
51,VALID_CAMPAIGN,MICRO_MOTION,8560791306677871080,3,AUTO,1.20360001345,-0.0799995383945,0.160000180503,GUARDED_PRODUCTION,false,false,NO_CONVERGENCE,STAGNATION_WINDOW_EXCEEDED,13,true,true,1.32863514000,false,false,false,false,0,2.73311943646,22334,3.14159265359|2.37713844122|7.97784468925e-05
51,VALID_CAMPAIGN,MICRO_MOTION,8560791306677871080,3,AUTO,1.20360001345,-0.0799995383945,0.160000180503,UNGUARDED_REFERENCE,false,false,MAX_ITERATIONS_UNCERTIFIED,NO_GUARDS_OR_FINAL_CERTIFICATION,800,true,false,0.835687915636,false,false,false,true,0,NaN,396917,-239.140222388|1305.84958605|-15.7079638564
52,VALID_CAMPAIGN,UNIFORM,-7542618652044382870,3,AUTO,0.0506632202536,-0.414419567389,0.424145452471,GUARDED_PRODUCTION,false,false,NO_CONVERGENCE,STAGNATION_WINDOW_EXCEEDED,23,true,true,0.186248876624,false,false,false,false,0,2.73311940767,40166,3.14159265359|2.37713844122|0.924298323157
52,VALID_CAMPAIGN,UNIFORM,-7542618652044382870,3,AUTO,0.0506632202536,-0.414419567389,0.424145452471,UNGUARDED_REFERENCE,true,false,CONVERGED_UNCERTIFIED,NO_GUARDS_OR_FINAL_CERTIFICATION,15,true,false,6.88587971123e-09,false,true,false,true,0,NaN,9084,-221.907700852|1271.65909275|-16.7451359601
53,VALID_CAMPAIGN,NEAR_JOINT_LIMIT,2606468266960508881,3,AUTO,-0.459095473190,-0.145846704381,0.298209743404,GUARDED_PRODUCTION,false,false,NO_CONVERGENCE,STAGNATION_WINDOW_EXCEEDED,29,true,true,0.0541587712309,false,false,false,false,11,4.58855355640,55875,1.94586482189|2.37713844122|0.481216830382
53,VALID_CAMPAIGN,NEAR_JOINT_LIMIT,2606468266960508881,3,AUTO,-0.459095473190,-0.145846704381,0.298209743404,UNGUARDED_REFERENCE,true,false,CONVERGED_UNCERTIFIED,NO_GUARDS_OR_FINAL_CERTIFICATION,43,true,false,4.46729546477e-09,false,true,false,true,0,NaN,23583,-247.570620545|1236.53254086|-16.1752752333
54,VALID_CAMPAIGN,NEAR_SINGULARITY,7146922472179305454,3,AUTO,1.20360000122,-0.0799999580359,0.160000016409,GUARDED_PRODUCTION,false,false,NO_CONVERGENCE,STAGNATION_WINDOW_EXCEEDED,7,true,true,1.73140741164,false,false,false,false,0,3.30198463400,14375,1.82618703401|2.37713844122|0.506330970791
54,VALID_CAMPAIGN,NEAR_SINGULARITY,7146922472179305454,3,AUTO,1.20360000122,-0.0799999580359,0.160000016409,UNGUARDED_REFERENCE,false,false,MAX_ITERATIONS_UNCERTIFIED,NO_GUARDS_OR_FINAL_CERTIFICATION,800,true,false,1.42104006783,false,false,false,true,0,NaN,382709,-180.679800990|1622.32581446|-15.7079633204
55,VALID_CAMPAIGN,MICRO_MOTION,8761607904875919618,3,AUTO,1.20360001345,-0.0799995383945,0.160000180503,GUARDED_PRODUCTION,false,false,NO_CONVERGENCE,STAGNATION_WINDOW_EXCEEDED,7,true,true,1.73577811054,false,false,false,false,0,3.34777152657,13458,1.68268184673|2.37713844122|0.537331293707
55,VALID_CAMPAIGN,MICRO_MOTION,8761607904875919618,3,AUTO,1.20360001345,-0.0799995383945,0.160000180503,UNGUARDED_REFERENCE,false,false,MAX_ITERATIONS_UNCERTIFIED,NO_GUARDS_OR_FINAL_CERTIFICATION,800,true,false,0.869311851109,false,false,false,true,0,NaN,388083,-207.068975571|1543.14644946|-15.7079638565
56,VALID_CAMPAIGN,UNIFORM,-6055536593532327450,3,AUTO,0.712975998417,-0.00441386900178,-0.0838120184816,GUARDED_PRODUCTION,true,true,SUCCESS,NONE,75,true,true,1.60206673320e-10,false,false,false,false,0,3.40688948172,165459,-0.971047929566|1.85774184713|-0.918502761343
56,VALID_CAMPAIGN,UNIFORM,-6055536593532327450,3,AUTO,0.712975998417,-0.00441386900178,-0.0838120184816,UNGUARDED_REFERENCE,true,false,CONVERGED_UNCERTIFIED,NO_GUARDS_OR_FINAL_CERTIFICATION,9,true,false,1.28894688045e-07,false,true,false,true,0,NaN,5833,-213.757656397|1521.27894460|-14.7894600129
57,VALID_CAMPAIGN,NEAR_JOINT_LIMIT,5179926640303597101,3,AUTO,-0.348352548809,0.0303651238838,0.0217902565965,GUARDED_PRODUCTION,false,false,NO_CONVERGENCE,STAGNATION_WINDOW_EXCEEDED,71,true,true,0.556191648739,false,false,false,false,0,6.14110311553,165292,-3.14159265359|2.37713844122|-0.896673935021
57,VALID_CAMPAIGN,NEAR_JOINT_LIMIT,5179926640303597101,3,AUTO,-0.348352548809,0.0303651238838,0.0217902565965,UNGUARDED_REFERENCE,true,false,CONVERGED_UNCERTIFIED,NO_GUARDS_OR_FINAL_CERTIFICATION,23,true,false,6.85749908480e-08,false,true,false,true,0,NaN,14042,-204.203521824|1549.56963416|-15.2406512278
58,VALID_CAMPAIGN,NEAR_SINGULARITY,7426656471419514428,3,AUTO,1.20360000122,-0.0799999580359,0.160000016409,GUARDED_PRODUCTION,true,true,SUCCESS,NONE,81,true,true,1.38121408017e-08,false,false,false,false,0,4.45868733605,160500,-0.132739524576|0.225034682635|5.34856048490e-08
58,VALID_CAMPAIGN,NEAR_SINGULARITY,7426656471419514428,3,AUTO,1.20360000122,-0.0799999580359,0.160000016409,UNGUARDED_REFERENCE,false,false,MAX_ITERATIONS_UNCERTIFIED,NO_GUARDS_OR_FINAL_CERTIFICATION,800,true,false,1.37895690424,false,false,false,true,0,NaN,417417,-199.651747299|397.507604491|-15.7079633227
59,VALID_CAMPAIGN,MICRO_MOTION,-8263934973056459469,3,AUTO,1.20360001345,-0.0799995383945,0.160000180503,GUARDED_PRODUCTION,true,true,SUCCESS,NONE,1,true,true,4.50507897399e-07,false,false,false,false,0,NaN,11292,-0.132739524576|0.225034682635|5.34856048490e-08
59,VALID_CAMPAIGN,MICRO_MOTION,-8263934973056459469,3,AUTO,1.20360001345,-0.0799995383945,0.160000180503,UNGUARDED_REFERENCE,false,false,MAX_ITERATIONS_UNCERTIFIED,NO_GUARDS_OR_FINAL_CERTIFICATION,800,true,false,0.896561574587,false,false,false,true,0,NaN,393167,-69.5981740920|482.394434617|-15.7079638564
60,VALID_CAMPAIGN,UNIFORM,3234943098450745396,3,AUTO,-0.144078662057,0.619723099349,0.438051419306,GUARDED_PRODUCTION,true,true,SUCCESS,NONE,63,true,true,1.39885333139e-07,false,false,false,false,0,58.1723853795,125167,0.840239405110|1.96527308510|1.13443449282
60,VALID_CAMPAIGN,UNIFORM,3234943098450745396,3,AUTO,-0.144078662057,0.619723099349,0.438051419306,UNGUARDED_REFERENCE,true,false,CONVERGED_UNCERTIFIED,NO_GUARDS_OR_FINAL_CERTIFICATION,7,true,false,3.33363767517e-07,false,true,false,true,0,NaN,4041,-66.8747736138|476.523464643|-16.8423996397
61,VALID_CAMPAIGN,NEAR_JOINT_LIMIT,-9207250397269236540,3,AUTO,-0.348352552625,0.0303650801085,0.0217902565965,GUARDED_PRODUCTION,false,false,NO_CONVERGENCE,STAGNATION_WINDOW_EXCEEDED,33,true,true,0.549031437726,false,false,false,false,0,7.89863840717,63500,0.380791037590|2.37713844122|0.0680381706642
61,VALID_CAMPAIGN,NEAR_JOINT_LIMIT,-9207250397269236540,3,AUTO,-0.348352552625,0.0303650801085,0.0217902565965,UNGUARDED_REFERENCE,false,false,MAX_ITERATIONS_UNCERTIFIED,NO_GUARDS_OR_FINAL_CERTIFICATION,800,true,false,0.782375693966,false,false,false,true,0,NaN,339875,-39.9586098821|429.753247204|-13.0338643916
62,VALID_CAMPAIGN,NEAR_SINGULARITY,7553818058861290385,3,AUTO,1.20360000122,-0.0799999580359,0.160000016409,GUARDED_PRODUCTION,true,true,SUCCESS,NONE,70,true,true,8.54296430333e-09,false,false,false,false,0,2.75753559267,122042,-0.132739429988|0.225034522325|5.34856150823e-08
62,VALID_CAMPAIGN,NEAR_SINGULARITY,7553818058861290385,3,AUTO,1.20360000122,-0.0799999580359,0.160000016409,UNGUARDED_REFERENCE,true,false,CONVERGED_UNCERTIFIED,NO_GUARDS_OR_FINAL_CERTIFICATION,10,true,false,6.84944287329e-07,false,true,false,true,0,NaN,4709,-37.8318634161|427.481655987|-12.5663705609
63,VALID_CAMPAIGN,MICRO_MOTION,-7485052208651094590,3,AUTO,1.20360001345,-0.0799995383945,0.160000180503,GUARDED_PRODUCTION,true,true,SUCCESS,NONE,1,true,true,4.50563199003e-07,false,false,false,false,0,NaN,3250,-0.132739429988|0.225034522325|5.34856150823e-08
63,VALID_CAMPAIGN,MICRO_MOTION,-7485052208651094590,3,AUTO,1.20360001345,-0.0799995383945,0.160000180503,UNGUARDED_REFERENCE,true,false,CONVERGED_UNCERTIFIED,NO_GUARDS_OR_FINAL_CERTIFICATION,1,true,false,8.07873653039e-07,false,true,false,true,0,NaN,458,-37.8318634161|427.481655987|-12.5663705609
64,VALID_CAMPAIGN,UNIFORM,7379034586011663848,3,AUTO,0.907245772231,0.574449627670,0.263494757091,GUARDED_PRODUCTION,true,true,SUCCESS,NONE,23,true,true,4.92585641970e-10,false,false,false,false,0,58.1724688914,45666,0.0304556853549|1.02106580417|0.344085832288
64,VALID_CAMPAIGN,UNIFORM,7379034586011663848,3,AUTO,0.907245772231,0.574449627670,0.263494757091,UNGUARDED_REFERENCE,true,false,CONVERGED_UNCERTIFIED,NO_GUARDS_OR_FINAL_CERTIFICATION,13,true,false,2.23326981658e-08,false,true,false,true,0,NaN,6459,-61.7333891971|483.015050547|-12.2222848022
65,VALID_CAMPAIGN,NEAR_JOINT_LIMIT,-6187757100835091960,3,AUTO,-0.348352548809,0.0303651238838,0.298209743404,GUARDED_PRODUCTION,false,false,NO_CONVERGENCE,STAGNATION_WINDOW_EXCEEDED,38,true,true,0.805419834405,false,false,false,false,0,7.43467727611,69709,-0.722033458124|2.37713844122|0.568383659220
65,VALID_CAMPAIGN,NEAR_JOINT_LIMIT,-6187757100835091960,3,AUTO,-0.348352548809,0.0303651238838,0.298209743404,UNGUARDED_REFERENCE,true,false,CONVERGED_UNCERTIFIED,NO_GUARDS_OR_FINAL_CERTIFICATION,10,true,false,9.69551002485e-10,false,true,false,true,0,NaN,5500,-118.172150927|580.794800567|-12.0990586548
66,VALID_CAMPAIGN,NEAR_SINGULARITY,-2891714118780998490,3,AUTO,1.20360000122,-0.0799999580359,0.160000016409,GUARDED_PRODUCTION,true,true,SUCCESS,NONE,53,true,true,4.00953580664e-08,false,false,false,false,0,3.46927347562,136291,-0.132739996286|0.225035482270|5.34856105910e-08
66,VALID_CAMPAIGN,NEAR_SINGULARITY,-2891714118780998490,3,AUTO,1.20360000122,-0.0799999580359,0.160000016409,UNGUARDED_REFERENCE,true,false,CONVERGED_UNCERTIFIED,NO_GUARDS_OR_FINAL_CERTIFICATION,18,true,false,5.07258718585e-08,false,true,false,true,0,NaN,9667,-157.212372867|659.959493060|-12.5663705609
67,VALID_CAMPAIGN,MICRO_MOTION,2726735026317575910,3,AUTO,1.20360001345,-0.0799995383945,0.160000180503,GUARDED_PRODUCTION,true,true,SUCCESS,NONE,1,true,true,4.51043131742e-07,false,false,false,false,0,NaN,13583,-0.132739996286|0.225035482270|5.34856105910e-08
67,VALID_CAMPAIGN,MICRO_MOTION,2726735026317575910,3,AUTO,1.20360001345,-0.0799995383945,0.160000180503,UNGUARDED_REFERENCE,true,false,CONVERGED_UNCERTIFIED,NO_GUARDS_OR_FINAL_CERTIFICATION,1,true,false,4.52184233728e-07,false,true,false,true,0,NaN,458,-157.212372867|659.959493060|-12.5663705609
68,VALID_CAMPAIGN,UNIFORM,-3463592315127038976,3,AUTO,-0.521720511471,-0.124056474497,-0.138377826092,GUARDED_PRODUCTION,false,false,NO_CONVERGENCE,STAGNATION_WINDOW_EXCEEDED,117,true,true,0.219209652300,false,false,false,false,0,58.1719717768,208292,-3.14159265359|2.24385934842|-1.91033914613
68,VALID_CAMPAIGN,UNIFORM,-3463592315127038976,3,AUTO,-0.521720511471,-0.124056474497,-0.138377826092,UNGUARDED_REFERENCE,true,false,CONVERGED_UNCERTIFIED,NO_GUARDS_OR_FINAL_CERTIFICATION,11,true,false,1.11938033403e-08,false,true,false,true,0,NaN,7083,-186.083719809|712.144761705|-13.9023127959
69,VALID_CAMPAIGN,NEAR_JOINT_LIMIT,1872174402239578298,3,AUTO,-0.348352552625,0.0303650801085,0.298209743404,GUARDED_PRODUCTION,false,false,NO_CONVERGENCE,STAGNATION_WINDOW_EXCEEDED,58,true,true,0.346009129075,false,false,false,false,0,6.94959622493,105792,-3.14159265359|2.37713844122|-2.67428074637
69,VALID_CAMPAIGN,NEAR_JOINT_LIMIT,1872174402239578298,3,AUTO,-0.348352552625,0.0303650801085,0.298209743404,UNGUARDED_REFERENCE,true,false,CONVERGED_UNCERTIFIED,NO_GUARDS_OR_FINAL_CERTIFICATION,11,true,false,1.56561743334e-07,false,true,false,true,0,NaN,7042,-179.244678772|663.233765381|21.5238363778
70,VALID_CAMPAIGN,NEAR_SINGULARITY,2687918602943392063,3,AUTO,1.20360000122,-0.0799999580359,0.160000016409,GUARDED_PRODUCTION,true,true,SUCCESS_WITH_WARNING,NEAR_SINGULARITY_WARNING,149,true,true,4.38601987978e-09,false,false,false,false,0,4.53004331245,257750,-0.132739355358|0.225034395854|5.34856141198e-08
70,VALID_CAMPAIGN,NEAR_SINGULARITY,2687918602943392063,3,AUTO,1.20360000122,-0.0799999580359,0.160000016409,UNGUARDED_REFERENCE,false,false,MAX_ITERATIONS_UNCERTIFIED,NO_GUARDS_OR_FINAL_CERTIFICATION,800,true,false,1.20632482090,false,false,false,true,0,NaN,380416,-353.106765828|709.967129899|21.9911485213
71,VALID_CAMPAIGN,MICRO_MOTION,3631001050920002342,3,AUTO,1.20360001345,-0.0799995383945,0.160000180503,GUARDED_PRODUCTION,true,true,SUCCESS,NONE,1,true,true,4.50640552977e-07,false,false,false,false,0,NaN,3375,-0.132739355358|0.225034395854|5.34856141198e-08
71,VALID_CAMPAIGN,MICRO_MOTION,3631001050920002342,3,AUTO,1.20360001345,-0.0799995383945,0.160000180503,UNGUARDED_REFERENCE,false,false,MAX_ITERATIONS_UNCERTIFIED,NO_GUARDS_OR_FINAL_CERTIFICATION,800,true,false,1.63436650974,false,false,false,true,0,NaN,370333,-424.666311686|1680.48200851|21.9911479850
72,VALID_CAMPAIGN,UNIFORM,-2479025052725954418,3,AUTO,-0.0911282086710,0.686807540948,0.439674172893,GUARDED_PRODUCTION,true,true,SUCCESS,NONE,60,true,true,2.02542330442e-10,false,false,false,false,0,58.1725340657,101292,0.829533068997|1.81623927761|1.14712229656
72,VALID_CAMPAIGN,UNIFORM,-2479025052725954418,3,AUTO,-0.0911282086710,0.686807540948,0.439674172893,UNGUARDED_REFERENCE,true,false,CONVERGED_UNCERTIFIED,NO_GUARDS_OR_FINAL_CERTIFICATION,10,true,false,1.02263556567e-08,false,true,false,true,0,NaN,4500,-425.197446759|1683.17212724|20.8440262025
73,VALID_CAMPAIGN,NEAR_JOINT_LIMIT,3070881275298035165,3,AUTO,-0.459095454863,-0.145846762073,0.0217902565965,GUARDED_PRODUCTION,false,false,NO_CONVERGENCE,STAGNATION_WINDOW_EXCEEDED,141,true,true,0.0683199758898,false,false,false,false,0,8.91303167033,228500,1.90116860862|2.37713844122|-0.467358581639
73,VALID_CAMPAIGN,NEAR_JOINT_LIMIT,3070881275298035165,3,AUTO,-0.459095454863,-0.145846762073,0.0217902565965,UNGUARDED_REFERENCE,true,false,CONVERGED_UNCERTIFIED,NO_GUARDS_OR_FINAL_CERTIFICATION,12,true,false,2.39306903989e-07,false,true,false,true,0,NaN,5917,-415.985878333|1669.09058708|24.6654293550
74,VALID_CAMPAIGN,NEAR_SINGULARITY,-5070618871930230027,3,AUTO,1.20360000122,-0.0799999580359,0.160000016409,GUARDED_PRODUCTION,false,false,NO_CONVERGENCE,STAGNATION_WINDOW_EXCEEDED,7,true,true,1.73537300920,false,false,false,false,0,3.27746880811,15542,1.77163955662|2.37713844122|-0.493276256180
74,VALID_CAMPAIGN,NEAR_SINGULARITY,-5070618871930230027,3,AUTO,1.20360000122,-0.0799999580359,0.160000016409,UNGUARDED_REFERENCE,true,false,CONVERGED_UNCERTIFIED,NO_GUARDS_OR_FINAL_CERTIFICATION,15,true,false,9.40159169483e-07,false,true,false,true,0,NaN,7791,-433.672542349|1677.83553988|25.1327412822
75,VALID_CAMPAIGN,MICRO_MOTION,9108385504398459121,3,AUTO,1.20360001345,-0.0799995383945,0.160000180503,GUARDED_PRODUCTION,true,true,SUCCESS,NONE,106,true,true,4.18462400550e-07,false,false,false,false,0,3.32374636370,181292,-0.132746716143|0.225047467459|5.88125325619e-07
75,VALID_CAMPAIGN,MICRO_MOTION,9108385504398459121,3,AUTO,1.20360001345,-0.0799995383945,0.160000180503,UNGUARDED_REFERENCE,true,false,CONVERGED_UNCERTIFIED,NO_GUARDS_OR_FINAL_CERTIFICATION,2,true,false,1.79778746580e-08,false,true,false,true,0,NaN,833,-433.672525728|1677.83551230|25.1327418170
76,VALID_CAMPAIGN,UNIFORM,-2407669148322560275,3,AUTO,-0.690492195038,-0.580169923868,-0.100534090308,GUARDED_PRODUCTION,false,false,NO_CONVERGENCE,STAGNATION_WINDOW_EXCEEDED,111,true,true,0.0462498730858,false,false,false,false,0,58.1657667961,546417,-2.44297043567|0.198845381251|-1.58193146349
76,VALID_CAMPAIGN,UNIFORM,-2407669148322560275,3,AUTO,-0.690492195038,-0.580169923868,-0.100534090308,UNGUARDED_REFERENCE,true,false,CONVERGED_UNCERTIFIED,NO_GUARDS_OR_FINAL_CERTIFICATION,5,true,false,1.48274307081e-07,false,true,false,true,0,NaN,4166,-466.793751363|1733.17725781|24.1182762515
77,VALID_CAMPAIGN,NEAR_JOINT_LIMIT,-6669726222360386555,3,AUTO,-0.348352548809,0.0303651238838,0.298209743404,GUARDED_PRODUCTION,false,false,NO_CONVERGENCE,STAGNATION_WINDOW_EXCEEDED,144,true,true,0.276419472157,false,false,false,false,0,1387751.41914,9092041,-3.14159265359|-2.37713844122|-2.67428074637
77,VALID_CAMPAIGN,NEAR_JOINT_LIMIT,-6669726222360386555,3,AUTO,-0.348352548809,0.0303651238838,0.298209743404,UNGUARDED_REFERENCE,true,false,CONVERGED_UNCERTIFIED,NO_GUARDS_OR_FINAL_CERTIFICATION,21,true,false,2.18509745286e-08,false,true,false,true,0,NaN,11792,-480.663675832|1794.61385999|21.5238365885
78,VALID_CAMPAIGN,NEAR_SINGULARITY,-3321923146333515344,3,AUTO,1.20360000122,-0.0799999580359,0.160000016409,GUARDED_PRODUCTION,false,false,NO_CONVERGENCE,STAGNATION_WINDOW_EXCEEDED,382,true,true,1.24327554849,false,false,false,false,0,13.0508586084,1838084,-3.14159265359|-2.37713844122|-9.08022957378e-05
78,VALID_CAMPAIGN,NEAR_SINGULARITY,-3321923146333515344,3,AUTO,1.20360000122,-0.0799999580359,0.160000016409,UNGUARDED_REFERENCE,false,false,MAX_ITERATIONS_UNCERTIFIED,NO_GUARDS_OR_FINAL_CERTIFICATION,800,true,false,0.957360224729,false,false,false,true,0,NaN,413042,-610.567246288|1446.52119967|21.9911485216
79,VALID_CAMPAIGN,MICRO_MOTION,3757270253199075947,3,AUTO,1.20360001345,-0.0799995383945,0.160000180503,GUARDED_PRODUCTION,false,false,NO_CONVERGENCE,STAGNATION_WINDOW_EXCEEDED,13,true,true,1.24327538632,false,false,false,false,0,2.59062078878,65791,-3.14159265359|-2.37713844122|-6.28205641456e-05
79,VALID_CAMPAIGN,MICRO_MOTION,3757270253199075947,3,AUTO,1.20360001345,-0.0799995383945,0.160000180503,UNGUARDED_REFERENCE,false,false,MAX_ITERATIONS_UNCERTIFIED,NO_GUARDS_OR_FINAL_CERTIFICATION,800,true,false,1.55565252922,false,false,false,true,0,NaN,403250,-563.294488736|1293.96275854|21.9911479875
80,VALID_CAMPAIGN,UNIFORM,-10376191895606027,3,AUTO,0.610031002303,-0.357854145563,0.373429319526,GUARDED_PRODUCTION,false,false,NO_CONVERGENCE,STAGNATION_WINDOW_EXCEEDED,174,true,true,0.944683099171,false,false,false,false,0,2.59062072632,861125,-3.14159265359|-2.37713844122|0.965993271030
80,VALID_CAMPAIGN,UNIFORM,-10376191895606027,3,AUTO,0.610031002303,-0.357854145563,0.373429319526,UNGUARDED_REFERENCE,false,false,MAX_ITERATIONS_UNCERTIFIED,NO_GUARDS_OR_FINAL_CERTIFICATION,800,true,false,0.0268478465564,false,false,false,true,0,NaN,366875,-547.040956477|1237.80555999|21.2214715299
81,VALID_CAMPAIGN,NEAR_JOINT_LIMIT,-3177956450469144440,3,AUTO,-0.459095454863,-0.145846762073,0.298209743404,GUARDED_PRODUCTION,true,true,SUCCESS,NONE,36,true,true,3.26028713907e-07,false,false,false,false,0,4.49468691109,184750,-1.29564811530|-2.23670473094|0.467311942026
81,VALID_CAMPAIGN,NEAR_JOINT_LIMIT,-3177956450469144440,3,AUTO,-0.459095454863,-0.145846762073,0.298209743404,UNGUARDED_REFERENCE,true,false,CONVERGED_UNCERTIFIED,NO_GUARDS_OR_FINAL_CERTIFICATION,7,true,false,1.20410100854e-09,false,true,false,true,0,NaN,3625,-543.495529008|1221.31508799|21.5238366155
82,VALID_CAMPAIGN,NEAR_SINGULARITY,4173458516462369602,3,AUTO,1.20360000122,-0.0799999580359,0.160000016409,GUARDED_PRODUCTION,true,true,SUCCESS,NONE,93,true,true,1.51648173134e-08,false,false,false,false,0,3.22653570233,472250,3.35084689139e-07|-5.08917332955e-07|5.34856128108e-08
82,VALID_CAMPAIGN,NEAR_SINGULARITY,4173458516462369602,3,AUTO,1.20360000122,-0.0799999580359,0.160000016409,UNGUARDED_REFERENCE,false,false,MAX_ITERATIONS_UNCERTIFIED,NO_GUARDS_OR_FINAL_CERTIFICATION,800,true,false,1.14468579633,false,false,false,true,0,NaN,432167,-601.961215765|3095.29597282|21.9911485221
83,VALID_CAMPAIGN,MICRO_MOTION,8069502569244077604,3,AUTO,1.20360001345,-0.0799995383945,0.160000180503,GUARDED_PRODUCTION,true,true,SUCCESS,NONE,1,true,true,4.50456026827e-07,false,false,false,false,0,NaN,17833,3.35084689139e-07|-5.08917332955e-07|5.34856128108e-08
83,VALID_CAMPAIGN,MICRO_MOTION,8069502569244077604,3,AUTO,1.20360001345,-0.0799995383945,0.160000180503,UNGUARDED_REFERENCE,false,false,MAX_ITERATIONS_UNCERTIFIED,NO_GUARDS_OR_FINAL_CERTIFICATION,800,true,false,0.825090004560,false,false,false,true,0,NaN,401542,-547.402313085|3954.88618013|21.9911479867
84,VALID_CAMPAIGN,UNIFORM,-6717430148887401724,3,AUTO,0.533640120864,-0.675393324990,0.461621099737,GUARDED_PRODUCTION,true,true,SUCCESS,NONE,44,true,true,9.10096455869e-07,false,false,false,false,0,58.1723644377,233708,-0.459530114156|-0.744210516735|1.38678858477
84,VALID_CAMPAIGN,UNIFORM,-6717430148887401724,3,AUTO,0.533640120864,-0.675393324990,0.461621099737,UNGUARDED_REFERENCE,false,false,MAX_ITERATIONS_UNCERTIFIED,NO_GUARDS_OR_FINAL_CERTIFICATION,800,true,false,0.00644500583458,false,false,false,true,0,NaN,338209,-553.769847016|3945.93912605|20.5831743870
85,VALID_CAMPAIGN,NEAR_JOINT_LIMIT,5539148268812089812,3,AUTO,-0.459095454863,-0.145846762073,0.298209743404,GUARDED_PRODUCTION,true,true,SUCCESS,NONE,68,true,true,9.99318284013e-10,false,false,false,false,0,37.6003880882,345166,-2.52639343995|-1.25496462735|2.67428069186
85,VALID_CAMPAIGN,NEAR_JOINT_LIMIT,5539148268812089812,3,AUTO,-0.459095454863,-0.145846762073,0.298209743404,UNGUARDED_REFERENCE,true,false,CONVERGED_UNCERTIFIED,NO_GUARDS_OR_FINAL_CERTIFICATION,8,true,false,3.01581565078e-09,false,true,false,true,0,NaN,4083,-549.778714315|3935.65114071|27.8070219241
86,VALID_CAMPAIGN,NEAR_SINGULARITY,987664907712994178,3,AUTO,1.20360000122,-0.0799999580359,0.160000016409,GUARDED_PRODUCTION,true,true,SUCCESS_WITH_WARNING,NEAR_SINGULARITY_WARNING,171,true,true,5.50174253344e-09,false,false,false,false,0,4.59043017563,1227750,-0.132739375390|0.225034429798|5.34857016839e-08
86,VALID_CAMPAIGN,NEAR_SINGULARITY,987664907712994178,3,AUTO,1.20360000122,-0.0799999580359,0.160000016409,UNGUARDED_REFERENCE,false,false,MAX_ITERATIONS_UNCERTIFIED,NO_GUARDS_OR_FINAL_CERTIFICATION,800,true,false,0.837413185347,false,false,false,true,0,NaN,374875,-759.764492865|4456.12814468|28.2743338273
87,VALID_CAMPAIGN,MICRO_MOTION,6468197056226388434,3,AUTO,1.20360001345,-0.0799995383945,0.160000180503,GUARDED_PRODUCTION,true,true,SUCCESS,NONE,1,true,true,4.50617064855e-07,false,false,false,false,0,NaN,3792,-0.132739375390|0.225034429798|5.34857016839e-08
87,VALID_CAMPAIGN,MICRO_MOTION,6468197056226388434,3,AUTO,1.20360001345,-0.0799995383945,0.160000180503,UNGUARDED_REFERENCE,false,false,MAX_ITERATIONS_UNCERTIFIED,NO_GUARDS_OR_FINAL_CERTIFICATION,800,true,false,1.49113714506,false,false,false,true,0,NaN,373333,-626.008913273|4992.78037840|28.2743333151
88,VALID_CAMPAIGN,UNIFORM,4025334237381282301,3,AUTO,-0.198433364057,1.07599061311,0.390662840272,GUARDED_PRODUCTION,true,true,SUCCESS,NONE,62,true,true,2.37149903874e-07,false,false,false,false,0,58.1725165882,160625,1.60207593071|0.405729068458|0.850839815000
88,VALID_CAMPAIGN,UNIFORM,4025334237381282301,3,AUTO,-0.198433364057,1.07599061311,0.390662840272,UNGUARDED_REFERENCE,false,false,MAX_ITERATIONS_UNCERTIFIED,NO_GUARDS_OR_FINAL_CERTIFICATION,800,true,false,0.599381440975,false,false,false,true,0,NaN,372166,-601.538986988|5063.45113609|27.4230369099
89,VALID_CAMPAIGN,NEAR_JOINT_LIMIT,-7074446395953416154,3,AUTO,-0.348352548809,0.0303651238838,0.0217902565965,GUARDED_PRODUCTION,false,false,NO_CONVERGENCE,STAGNATION_WINDOW_EXCEEDED,113,true,true,0.306863108814,false,false,false,false,0,34.4213276102,242584,2.79096516119|2.37713844122|2.67428074637
89,VALID_CAMPAIGN,NEAR_JOINT_LIMIT,-7074446395953416154,3,AUTO,-0.348352548809,0.0303651238838,0.0217902565965,UNGUARDED_REFERENCE,true,false,CONVERGED_UNCERTIFIED,NO_GUARDS_OR_FINAL_CERTIFICATION,12,true,false,1.36218053634e-08,false,true,false,true,0,NaN,5250,-600.218092963|5080.31304002|28.7416458647
90,VALID_CAMPAIGN,NEAR_SINGULARITY,4056903083476061851,3,AUTO,1.20360000122,-0.0799999580359,0.160000016409,GUARDED_PRODUCTION,false,false,NO_CONVERGENCE,STAGNATION_WINDOW_EXCEEDED,549,true,true,1.32863498131,false,false,false,false,0,4.53004338869,1204459,3.14159265359|2.37713844122|0.000106302719989
90,VALID_CAMPAIGN,NEAR_SINGULARITY,4056903083476061851,3,AUTO,1.20360000122,-0.0799999580359,0.160000016409,UNGUARDED_REFERENCE,false,false,MAX_ITERATIONS_UNCERTIFIED,NO_GUARDS_OR_FINAL_CERTIFICATION,800,true,false,1.25055735587,false,false,false,true,0,NaN,401208,-834.524007887|5261.05469464|28.2743338292
91,VALID_CAMPAIGN,MICRO_MOTION,5375816901148943619,3,AUTO,1.20360001345,-0.0799995383945,0.160000180503,GUARDED_PRODUCTION,false,false,NO_CONVERGENCE,STAGNATION_WINDOW_EXCEEDED,13,true,true,1.32863514000,false,false,false,false,0,2.73311943598,53917,3.14159265359|2.37713844122|7.94421743047e-05
91,VALID_CAMPAIGN,MICRO_MOTION,5375816901148943619,3,AUTO,1.20360001345,-0.0799995383945,0.160000180503,UNGUARDED_REFERENCE,false,false,MAX_ITERATIONS_UNCERTIFIED,NO_GUARDS_OR_FINAL_CERTIFICATION,800,true,false,0.728612537654,false,false,false,true,0,NaN,394750,-823.761634950|5317.55253057|28.2743333005
92,VALID_CAMPAIGN,UNIFORM,-3403624796632514259,3,AUTO,0.743537707307,-0.329336217844,0.466788008625,GUARDED_PRODUCTION,false,false,NO_CONVERGENCE,STAGNATION_WINDOW_EXCEEDED,21,true,true,0.849008610683,false,false,false,false,0,2.73311940727,50458,3.14159265359|2.37713844122|0.522660302967
92,VALID_CAMPAIGN,UNIFORM,-3403624796632514259,3,AUTO,0.743537707307,-0.329336217844,0.466788008625,UNGUARDED_REFERENCE,true,false,CONVERGED_UNCERTIFIED,NO_GUARDS_OR_FINAL_CERTIFICATION,30,true,false,9.07912982309e-07,false,true,false,true,0,NaN,14458,-823.112307079|5314.87363312|26.7127075985
93,VALID_CAMPAIGN,NEAR_JOINT_LIMIT,8227099297317198800,3,AUTO,-0.459095454863,-0.145846762073,0.0217902565965,GUARDED_PRODUCTION,false,false,NO_CONVERGENCE,STAGNATION_WINDOW_EXCEEDED,36,true,true,0.0651514723316,false,false,false,false,5,3.37853656945,86708,1.90994819362|2.37713844122|-0.460134202529
93,VALID_CAMPAIGN,NEAR_JOINT_LIMIT,8227099297317198800,3,AUTO,-0.459095454863,-0.145846762073,0.0217902565965,UNGUARDED_REFERENCE,true,false,CONVERGED_UNCERTIFIED,NO_GUARDS_OR_FINAL_CERTIFICATION,13,true,false,2.18608127285e-07,false,true,false,true,0,NaN,5833,-825.623668642|5396.00121277|47.5912018162
94,VALID_CAMPAIGN,NEAR_SINGULARITY,-1127320857208802516,3,AUTO,1.20360000122,-0.0799999580359,0.160000016409,GUARDED_PRODUCTION,false,false,NO_CONVERGENCE,STAGNATION_WINDOW_EXCEEDED,7,true,true,1.73522320214,false,false,false,false,0,3.26489035840,17708,1.78200603273|2.37713844122|-0.485307438373
94,VALID_CAMPAIGN,NEAR_SINGULARITY,-1127320857208802516,3,AUTO,1.20360000122,-0.0799999580359,0.160000016409,UNGUARDED_REFERENCE,false,false,MAX_ITERATIONS_UNCERTIFIED,NO_GUARDS_OR_FINAL_CERTIFICATION,800,true,false,0.679875321778,false,false,false,true,0,NaN,414792,-1100.11328513|5360.98806155|47.1238897913
95,VALID_CAMPAIGN,MICRO_MOTION,-4264696002988859025,3,AUTO,1.20360001345,-0.0799995383945,0.160000180503,GUARDED_PRODUCTION,true,true,SUCCESS,NONE,106,true,true,9.65999267648e-09,false,false,false,false,0,3.30932083850,255500,-0.132739382771|0.225035031736|5.88341748773e-07
95,VALID_CAMPAIGN,MICRO_MOTION,-4264696002988859025,3,AUTO,1.20360001345,-0.0799995383945,0.160000180503,UNGUARDED_REFERENCE,false,false,MAX_ITERATIONS_UNCERTIFIED,NO_GUARDS_OR_FINAL_CERTIFICATION,800,true,false,1.70743383506,false,false,false,true,0,NaN,399042,-1246.70592967|4384.88501138|47.1238890688
96,ADVERSARIAL_PROBES,NON_FINITE_TARGET,7807730209230661774,3,AUTO,NaN,-0.0800000000000,0.160000000000,GUARDED_PRODUCTION,false,false,INVALID_INPUT,INVALID_TARGET,0,true,true,NaN,false,false,false,false,0,NaN,51625,0.00000000000|0.00000000000|0.00000000000
96,ADVERSARIAL_PROBES,NON_FINITE_TARGET,7807730209230661774,3,AUTO,NaN,-0.0800000000000,0.160000000000,UNGUARDED_REFERENCE,false,false,MAX_ITERATIONS_UNCERTIFIED,NO_GUARDS_OR_FINAL_CERTIFICATION,800,false,false,NaN,true,false,false,true,0,NaN,302500,NaN|NaN|NaN
97,ADVERSARIAL_PROBES,INFINITE_TARGET,777349383137884313,3,AUTO,1.20360000000,-0.0800000000000,Infinity,GUARDED_PRODUCTION,false,false,INVALID_INPUT,INVALID_TARGET,0,true,true,Infinity,false,false,false,false,0,NaN,2458,0.00000000000|0.00000000000|0.00000000000
97,ADVERSARIAL_PROBES,INFINITE_TARGET,777349383137884313,3,AUTO,1.20360000000,-0.0800000000000,Infinity,UNGUARDED_REFERENCE,false,false,MAX_ITERATIONS_UNCERTIFIED,NO_GUARDS_OR_FINAL_CERTIFICATION,800,false,false,NaN,true,false,false,true,0,NaN,314375,NaN|NaN|NaN
98,ADVERSARIAL_PROBES,NON_FINITE_INITIAL_STATE,9156127813620669166,3,AUTO,1.20360000000,-0.0800000000000,0.160000000000,GUARDED_PRODUCTION,false,false,INVALID_INPUT,INVALID_INITIAL_STATE,0,true,true,0.00000000000,false,false,false,false,0,NaN,52125,0.00000000000|0.00000000000|0.00000000000
98,ADVERSARIAL_PROBES,NON_FINITE_INITIAL_STATE,9156127813620669166,3,AUTO,1.20360000000,-0.0800000000000,0.160000000000,UNGUARDED_REFERENCE,false,false,MAX_ITERATIONS_UNCERTIFIED,NO_GUARDS_OR_FINAL_CERTIFICATION,800,false,false,NaN,true,false,false,true,0,NaN,295042,NaN|NaN|NaN
99,ADVERSARIAL_PROBES,OVERFLOWING_GEOMETRY,-6916212355924505133,3,AUTO,0.00000000000,0.00000000000,0.00000000000,GUARDED_PRODUCTION,false,false,NUMERICAL_FAILURE,OUTPUT_VALIDATION_FAILED,1,true,true,Infinity,false,false,false,false,0,NaN,26875,0.00000000000|0.00000000000|0.00000000000
99,ADVERSARIAL_PROBES,OVERFLOWING_GEOMETRY,-6916212355924505133,3,AUTO,0.00000000000,0.00000000000,0.00000000000,UNGUARDED_REFERENCE,false,false,MAX_ITERATIONS_UNCERTIFIED,NO_GUARDS_OR_FINAL_CERTIFICATION,800,false,false,NaN,true,false,false,true,0,NaN,288625,NaN|NaN|NaN
100,VALID_CAMPAIGN,UNIFORM,864383797006487872,3,REVOLUTE_ONLY,-1.08940421236,-0.426789207808,0.145613227318,GUARDED_PRODUCTION,true,true,SUCCESS,NONE,97,true,true,3.84867397515e-07,false,false,false,false,0,58.1726278853,221500,-2.46662087717|-0.397223150406|-0.0469101995879
100,VALID_CAMPAIGN,UNIFORM,864383797006487872,3,REVOLUTE_ONLY,-1.08940421236,-0.426789207808,0.145613227318,UNGUARDED_REFERENCE,true,false,CONVERGED_UNCERTIFIED,NO_GUARDS_OR_FINAL_CERTIFICATION,8,true,false,1.02523174487e-08,false,true,false,true,0,NaN,3875,40.9125065317|-68.4926771312|-0.0469102024319
101,VALID_CAMPAIGN,NEAR_JOINT_LIMIT,809272853904871224,3,REVOLUTE_ONLY,-0.348352552625,0.0303650801085,0.298209743404,GUARDED_PRODUCTION,false,false,NO_CONVERGENCE,STAGNATION_WINDOW_EXCEEDED,53,true,true,0.0866572541511,false,false,false,false,6,12.6693517220,121958,-1.38694700113|-2.37713844122|0.454100799976
101,VALID_CAMPAIGN,NEAR_JOINT_LIMIT,809272853904871224,3,REVOLUTE_ONLY,-0.348352552625,0.0303650801085,0.298209743404,UNGUARDED_REFERENCE,false,false,MAX_ITERATIONS_UNCERTIFIED,NO_GUARDS_OR_FINAL_CERTIFICATION,800,true,true,0.782375941718,false,false,false,false,0,NaN,334333,2.08557603874|-2.26075182416|0.467476559335
102,VALID_CAMPAIGN,NEAR_SINGULARITY,8240360300230645154,3,REVOLUTE_ONLY,1.20360000122,-0.0799999580359,0.160000016409,GUARDED_PRODUCTION,true,true,SUCCESS,NONE,97,true,true,7.34963431812e-09,false,false,false,false,0,3.17393891446,213792,1.94793327410e-07|-2.71146817727e-07|5.34856260372e-08
102,VALID_CAMPAIGN,NEAR_SINGULARITY,8240360300230645154,3,REVOLUTE_ONLY,1.20360000122,-0.0799999580359,0.160000016409,UNGUARDED_REFERENCE,true,true,CONVERGED_UNCERTIFIED,NO_GUARDS_OR_FINAL_CERTIFICATION,10,true,true,4.63431885718e-07,false,false,false,false,0,NaN,4500,8.38320709750e-06|-1.41460416235e-05|5.34848849050e-08
103,VALID_CAMPAIGN,MICRO_MOTION,8531791816583641385,3,REVOLUTE_ONLY,1.20360001345,-0.0799995383945,0.160000180503,GUARDED_PRODUCTION,true,true,SUCCESS,NONE,1,true,true,4.50527021415e-07,false,false,false,false,0,NaN,4625,1.94793327410e-07|-2.71146817727e-07|5.34856260372e-08
103,VALID_CAMPAIGN,MICRO_MOTION,8531791816583641385,3,REVOLUTE_ONLY,1.20360001345,-0.0799995383945,0.160000180503,UNGUARDED_REFERENCE,true,true,CONVERGED_UNCERTIFIED,NO_GUARDS_OR_FINAL_CERTIFICATION,1,true,true,6.33904815762e-07,false,false,false,false,0,NaN,458,8.38320709750e-06|-1.41460416235e-05|5.34848849050e-08
104,VALID_CAMPAIGN,UNIFORM,-7826417474305056351,3,REVOLUTE_ONLY,0.292629313833,0.849541774129,0.0232186845938,GUARDED_PRODUCTION,true,true,SUCCESS,NONE,48,true,true,7.19978006645e-07,false,false,false,false,0,58.1724875479,107458,2.08601346105|-1.30627695458|-0.462103714730
104,VALID_CAMPAIGN,UNIFORM,-7826417474305056351,3,REVOLUTE_ONLY,0.292629313833,0.849541774129,0.0232186845938,UNGUARDED_REFERENCE,true,false,CONVERGED_UNCERTIFIED,NO_GUARDS_OR_FINAL_CERTIFICATION,7,true,false,9.71432213286e-07,false,true,false,true,0,NaN,3000,19.2416813700|-29.8739969641|-0.462103536802
105,VALID_CAMPAIGN,NEAR_JOINT_LIMIT,-2093896563005306453,3,REVOLUTE_ONLY,-0.459095473190,-0.145846704381,0.298209743404,GUARDED_PRODUCTION,false,false,NO_CONVERGENCE,STAGNATION_WINDOW_EXCEEDED,502,true,true,0.258122571373,false,false,false,false,0,5.21306498665,1050917,3.14159265359|-1.92590447886|2.62962508232
105,VALID_CAMPAIGN,NEAR_JOINT_LIMIT,-2093896563005306453,3,REVOLUTE_ONLY,-0.459095473190,-0.145846704381,0.298209743404,UNGUARDED_REFERENCE,true,false,CONVERGED_UNCERTIFIED,NO_GUARDS_OR_FINAL_CERTIFICATION,7,true,false,2.49266808006e-09,false,true,false,true,0,NaN,3458,17.5539079146|-27.3694456107|0.467311956429
106,VALID_CAMPAIGN,NEAR_SINGULARITY,1856629245981149774,3,REVOLUTE_ONLY,1.20360000122,-0.0799999580359,0.160000016409,GUARDED_PRODUCTION,true,true,SUCCESS,NONE,107,true,true,2.42229270417e-08,false,false,false,false,0,4.54615867971,241542,4.97664884284e-07|-7.84501402041e-07|5.34856119438e-08
106,VALID_CAMPAIGN,NEAR_SINGULARITY,1856629245981149774,3,REVOLUTE_ONLY,1.20360000122,-0.0799999580359,0.160000016409,UNGUARDED_REFERENCE,true,false,CONVERGED_UNCERTIFIED,NO_GUARDS_OR_FINAL_CERTIFICATION,16,true,false,2.06373021645e-08,false,true,false,true,0,NaN,8167,-0.132739647194|-18.6245210313|5.34855782051e-08
107,VALID_CAMPAIGN,MICRO_MOTION,-6571101156497290832,3,REVOLUTE_ONLY,1.20360001345,-0.0799995383945,0.160000180503,GUARDED_PRODUCTION,true,true,SUCCESS,NONE,1,true,true,4.50568353979e-07,false,false,false,false,0,NaN,3458,4.97664884284e-07|-7.84501402041e-07|5.34856119438e-08
107,VALID_CAMPAIGN,MICRO_MOTION,-6571101156497290832,3,REVOLUTE_ONLY,1.20360001345,-0.0799995383945,0.160000180503,UNGUARDED_REFERENCE,true,false,CONVERGED_UNCERTIFIED,NO_GUARDS_OR_FINAL_CERTIFICATION,1,true,false,4.50650794260e-07,false,true,false,true,0,NaN,458,-0.132739647194|-18.6245210313|5.34855782051e-08
108,VALID_CAMPAIGN,UNIFORM,-5831771761557861029,3,REVOLUTE_ONLY,-0.179153683368,0.424812834670,0.379371447816,GUARDED_PRODUCTION,false,false,NO_CONVERGENCE,STAGNATION_WINDOW_EXCEEDED,118,true,true,0.121171056912,false,false,false,false,0,58.1722215770,266625,3.14159265359|-2.22173385907|0.798033411599
108,VALID_CAMPAIGN,UNIFORM,-5831771761557861029,3,REVOLUTE_ONLY,-0.179153683368,0.424812834670,0.379371447816,UNGUARDED_REFERENCE,false,false,MAX_ITERATIONS_UNCERTIFIED,NO_GUARDS_OR_FINAL_CERTIFICATION,800,true,false,0.864497267856,false,false,false,true,0,NaN,326875,-47.2835656831|46.4259628140|0.797137921869
109,VALID_CAMPAIGN,NEAR_JOINT_LIMIT,1615694651812935492,3,REVOLUTE_ONLY,-0.348352552625,0.0303650801085,0.0217902565965,GUARDED_PRODUCTION,false,false,NO_CONVERGENCE,STAGNATION_WINDOW_EXCEEDED,14,true,true,0.613480996247,false,false,false,false,0,3.98485962936,32750,3.14159265359|-2.37713844122|0.506704155851
109,VALID_CAMPAIGN,NEAR_JOINT_LIMIT,1615694651812935492,3,REVOLUTE_ONLY,-0.348352552625,0.0303650801085,0.0217902565965,UNGUARDED_REFERENCE,true,false,CONVERGED_UNCERTIFIED,NO_GUARDS_OR_FINAL_CERTIFICATION,6,true,false,2.21887906767e-08,false,true,false,true,0,NaN,2625,-49.0571124217|46.7240494862|-0.467311990108
110,VALID_CAMPAIGN,NEAR_SINGULARITY,-6820404409042502050,3,REVOLUTE_ONLY,1.20360000122,-0.0799999580359,0.160000016409,GUARDED_PRODUCTION,true,true,SUCCESS,NONE,81,true,true,4.12162776860e-09,false,false,false,false,0,3.26289806607,182875,1.36839193611e-07|-1.72937737546e-07|5.34856142113e-08
110,VALID_CAMPAIGN,NEAR_SINGULARITY,-6820404409042502050,3,REVOLUTE_ONLY,1.20360000122,-0.0799999580359,0.160000016409,UNGUARDED_REFERENCE,true,false,CONVERGED_UNCERTIFIED,NO_GUARDS_OR_FINAL_CERTIFICATION,20,true,false,5.36871915629e-07,false,true,false,true,0,NaN,9334,-25.2654901440|56.7737183596|5.34847898239e-08
111,VALID_CAMPAIGN,MICRO_MOTION,-8181214879121332569,3,REVOLUTE_ONLY,1.20360001345,-0.0799995383945,0.160000180503,GUARDED_PRODUCTION,true,true,SUCCESS,NONE,1,true,true,4.50604869153e-07,false,false,false,false,0,NaN,3333,1.36839193611e-07|-1.72937737546e-07|5.34856142113e-08
111,VALID_CAMPAIGN,MICRO_MOTION,-8181214879121332569,3,REVOLUTE_ONLY,1.20360001345,-0.0799995383945,0.160000180503,UNGUARDED_REFERENCE,true,false,CONVERGED_UNCERTIFIED,NO_GUARDS_OR_FINAL_CERTIFICATION,1,true,false,6.90176654769e-07,false,true,false,true,0,NaN,417,-25.2654901440|56.7737183596|5.34847898239e-08
112,VALID_CAMPAIGN,UNIFORM,6129660591687159592,3,REVOLUTE_ONLY,0.155309400730,0.591055194066,-0.144420591662,GUARDED_PRODUCTION,true,true,SUCCESS,NONE,59,true,true,3.42648469180e-09,false,false,false,false,0,58.1725383407,128958,2.11924154519|-1.55307791334|-1.44617189668
112,VALID_CAMPAIGN,UNIFORM,6129660591687159592,3,REVOLUTE_ONLY,0.155309400730,0.591055194066,-0.144420591662,UNGUARDED_REFERENCE,true,false,CONVERGED_UNCERTIFIED,NO_GUARDS_OR_FINAL_CERTIFICATION,7,true,false,3.58968280584e-07,false,true,false,true,0,NaN,3833,-43.4738665748|89.8779149696|-1.44616296035
113,VALID_CAMPAIGN,NEAR_JOINT_LIMIT,-6126185794025693262,3,REVOLUTE_ONLY,-0.348352552625,0.0303650801085,0.0217902565965,GUARDED_PRODUCTION,true,true,SUCCESS,NONE,60,true,true,4.71383839593e-08,false,false,false,false,0,27.4161460883,136125,3.14159256065|-2.37713844122|-2.67428069798
113,VALID_CAMPAIGN,NEAR_JOINT_LIMIT,-6126185794025693262,3,REVOLUTE_ONLY,-0.348352552625,0.0303650801085,0.0217902565965,UNGUARDED_REFERENCE,true,false,CONVERGED_UNCERTIFIED,NO_GUARDS_OR_FINAL_CERTIFICATION,8,true,false,7.74258877835e-08,false,true,false,true,0,NaN,3958,-47.2977864808|91.4639044682|3.60890473452
114,VALID_CAMPAIGN,NEAR_SINGULARITY,3172434907249493073,3,REVOLUTE_ONLY,1.20360000122,-0.0799999580359,0.160000016409,GUARDED_PRODUCTION,true,true,SUCCESS,NONE,108,true,true,1.28833346520e-08,false,false,false,false,0,13.0508138416,227458,2.94131786390e-07|-4.39505136363e-07|5.34856130872e-08
114,VALID_CAMPAIGN,NEAR_SINGULARITY,3172434907249493073,3,REVOLUTE_ONLY,1.20360000122,-0.0799999580359,0.160000016409,UNGUARDED_REFERENCE,false,false,MAX_ITERATIONS_UNCERTIFIED,NO_GUARDS_OR_FINAL_CERTIFICATION,800,true,false,0.896059824486,false,false,false,true,0,NaN,373625,-233.083751773|3.71627316120|3.14159260087
115,VALID_CAMPAIGN,MICRO_MOTION,-1655133383519207528,3,REVOLUTE_ONLY,1.20360001345,-0.0799995383945,0.160000180503,GUARDED_PRODUCTION,true,true,SUCCESS,NONE,1,true,true,4.50460194879e-07,false,false,false,false,0,NaN,3250,2.94131786390e-07|-4.39505136363e-07|5.34856130872e-08
115,VALID_CAMPAIGN,MICRO_MOTION,-1655133383519207528,3,REVOLUTE_ONLY,1.20360001345,-0.0799995383945,0.160000180503,UNGUARDED_REFERENCE,false,false,MAX_ITERATIONS_UNCERTIFIED,NO_GUARDS_OR_FINAL_CERTIFICATION,800,true,false,1.49341394910,false,false,false,true,0,NaN,373792,-570.036956410|-1180.33883067|3.14159206463
116,VALID_CAMPAIGN,UNIFORM,5118546764640994865,3,REVOLUTE_ONLY,0.410326453252,-0.653190297059,0.451038234532,GUARDED_PRODUCTION,true,true,SUCCESS,NONE,44,true,true,2.22809341249e-07,false,false,false,false,0,58.1724003257,98959,-0.312302582879|-1.22106947579|1.24886107640
116,VALID_CAMPAIGN,UNIFORM,5118546764640994865,3,REVOLUTE_ONLY,0.410326453252,-0.653190297059,0.451038234532,UNGUARDED_REFERENCE,true,false,CONVERGED_UNCERTIFIED,NO_GUARDS_OR_FINAL_CERTIFICATION,12,true,false,7.06912305379e-07,false,true,false,true,0,NaN,6375,-585.591186330|-1130.07877758|1.89272448034
117,VALID_CAMPAIGN,NEAR_JOINT_LIMIT,-6661154349211565230,3,REVOLUTE_ONLY,-0.459095454863,-0.145846762073,0.0217902565965,GUARDED_PRODUCTION,true,true,SUCCESS,NONE,62,true,true,3.95535156759e-10,false,false,false,false,0,14.7498437583,142791,-1.29564788703|-2.23670437750|-0.467311960197
117,VALID_CAMPAIGN,NEAR_JOINT_LIMIT,-6661154349211565230,3,REVOLUTE_ONLY,-0.459095454863,-0.145846762073,0.0217902565965,UNGUARDED_REFERENCE,true,false,CONVERGED_UNCERTIFIED,NO_GUARDS_OR_FINAL_CERTIFICATION,8,true,false,1.07221851209e-08,false,true,false,true,0,NaN,4084,-576.142201114|-1147.35030696|5.81587336082
118,VALID_CAMPAIGN,NEAR_SINGULARITY,-8424541609760239914,3,REVOLUTE_ONLY,1.20360000122,-0.0799999580359,0.160000016409,GUARDED_PRODUCTION,true,true,SUCCESS,NONE,93,true,true,1.51644756521e-08,false,false,false,false,0,3.22653599766,204042,3.35078558453e-07|-5.08906939656e-07|5.34856127955e-08
118,VALID_CAMPAIGN,NEAR_SINGULARITY,-8424541609760239914,3,REVOLUTE_ONLY,1.20360000122,-0.0799999580359,0.160000016409,UNGUARDED_REFERENCE,true,false,CONVERGED_UNCERTIFIED,NO_GUARDS_OR_FINAL_CERTIFICATION,10,true,false,2.06942310520e-07,false,true,false,true,0,NaN,4875,-578.053044482|-1143.53973225|6.28318536066
119,VALID_CAMPAIGN,MICRO_MOTION,3871075037136066992,3,REVOLUTE_ONLY,1.20360001345,-0.0799995383945,0.160000180503,GUARDED_PRODUCTION,true,true,SUCCESS,NONE,1,true,true,4.50456025108e-07,false,false,false,false,0,NaN,3208,3.35078558453e-07|-5.08906939656e-07|5.34856127955e-08
119,VALID_CAMPAIGN,MICRO_MOTION,3871075037136066992,3,REVOLUTE_ONLY,1.20360001345,-0.0799995383945,0.160000180503,UNGUARDED_REFERENCE,true,false,CONVERGED_UNCERTIFIED,NO_GUARDS_OR_FINAL_CERTIFICATION,1,true,false,4.88396857796e-07,false,true,false,true,0,NaN,459,-578.053044482|-1143.53973225|6.28318536066
120,VALID_CAMPAIGN,UNIFORM,5281607025488853902,3,REVOLUTE_ONLY,-0.689196789700,-0.353043289511,-0.143566413630,GUARDED_PRODUCTION,true,true,SUCCESS,NONE,96,true,true,6.63359022157e-07,false,false,false,false,0,58.1723643220,209083,-2.08402845628|-1.05465918677|-1.42547244829
120,VALID_CAMPAIGN,UNIFORM,5281607025488853902,3,REVOLUTE_ONLY,-0.689196789700,-0.353043289511,-0.143566413630,UNGUARDED_REFERENCE,true,false,CONVERGED_UNCERTIFIED,NO_GUARDS_OR_FINAL_CERTIFICATION,15,true,false,1.07476588594e-07,false,true,false,true,0,NaN,7917,-562.255975194|-1211.51683784|4.56707593395
121,VALID_CAMPAIGN,NEAR_JOINT_LIMIT,-2951263617064307905,3,REVOLUTE_ONLY,-0.348352552625,0.0303650801085,0.0217902565965,GUARDED_PRODUCTION,true,true,SUCCESS_WITH_WARNING,NEAR_SINGULARITY_WARNING,47,true,true,1.74836529851e-07,false,false,false,false,0,35.1224217799,109000,-3.14159077263|-2.37713432198|-2.67428062038
121,VALID_CAMPAIGN,NEAR_JOINT_LIMIT,-2951263617064307905,3,REVOLUTE_ONLY,-0.348352552625,0.0303650801085,0.0217902565965,UNGUARDED_REFERENCE,false,false,MAX_ITERATIONS_UNCERTIFIED,NO_GUARDS_OR_FINAL_CERTIFICATION,800,true,false,0.782375658768,false,false,false,true,0,NaN,332250,-574.029360952|-1191.30856194|-0.467493777235
122,VALID_CAMPAIGN,NEAR_SINGULARITY,-6813492548591896288,3,REVOLUTE_ONLY,1.20360000122,-0.0799999580359,0.160000016409,GUARDED_PRODUCTION,false,false,NO_CONVERGENCE,STAGNATION_WINDOW_EXCEEDED,382,true,true,1.24327554849,false,false,false,false,0,13.0505972191,798125,-3.14159265359|-2.37713844122|-9.08023263404e-05
122,VALID_CAMPAIGN,NEAR_SINGULARITY,-6813492548591896288,3,REVOLUTE_ONLY,1.20360000122,-0.0799999580359,0.160000016409,UNGUARDED_REFERENCE,true,false,CONVERGED_UNCERTIFIED,NO_GUARDS_OR_FINAL_CERTIFICATION,10,true,false,6.84953259195e-07,false,true,false,true,0,NaN,5125,-571.902614526|-1193.58015326|5.34845979493e-08
123,VALID_CAMPAIGN,MICRO_MOTION,-5650958772401314651,3,REVOLUTE_ONLY,1.20360001345,-0.0799995383945,0.160000180503,GUARDED_PRODUCTION,false,false,NO_CONVERGENCE,STAGNATION_WINDOW_EXCEEDED,13,true,true,1.24327538632,false,false,false,false,0,2.59062078846,39584,-3.14159265359|-2.37713844122|-6.28205852665e-05
123,VALID_CAMPAIGN,MICRO_MOTION,-5650958772401314651,3,REVOLUTE_ONLY,1.20360001345,-0.0799995383945,0.160000180503,UNGUARDED_REFERENCE,true,false,CONVERGED_UNCERTIFIED,NO_GUARDS_OR_FINAL_CERTIFICATION,1,true,false,8.07843726700e-07,false,true,false,true,0,NaN,542,-571.902614526|-1193.58015326|5.34845979493e-08
124,VALID_CAMPAIGN,UNIFORM,7330011984007896278,3,REVOLUTE_ONLY,1.14890559427,0.106393854898,0.201998074428,GUARDED_PRODUCTION,false,false,NO_CONVERGENCE,STAGNATION_WINDOW_EXCEEDED,28,true,true,1.12682087105,false,false,false,false,0,2.59062072645,58209,-3.14159265359|-2.37713844122|0.0571857045728
124,VALID_CAMPAIGN,UNIFORM,7330011984007896278,3,REVOLUTE_ONLY,1.14890559427,0.106393854898,0.201998074428,UNGUARDED_REFERENCE,true,false,CONVERGED_UNCERTIFIED,NO_GUARDS_OR_FINAL_CERTIFICATION,7,true,false,4.63015528177e-09,false,true,false,true,0,NaN,2708,-572.030037291|-1193.09619415|0.137321903144
125,VALID_CAMPAIGN,NEAR_JOINT_LIMIT,3401656565724811312,3,REVOLUTE_ONLY,-0.348352552625,0.0303650801085,0.298209743404,GUARDED_PRODUCTION,false,false,NO_CONVERGENCE,STAGNATION_WINDOW_EXCEEDED,37,true,true,0.0740627943460,false,false,false,false,7,2.62648839247,84833,-1.44252465620|-2.37713844122|0.454735791767
125,VALID_CAMPAIGN,NEAR_JOINT_LIMIT,3401656565724811312,3,REVOLUTE_ONLY,-0.348352552625,0.0303650801085,0.298209743404,UNGUARDED_REFERENCE,true,false,CONVERGED_UNCERTIFIED,NO_GUARDS_OR_FINAL_CERTIFICATION,6,true,false,2.88967391387e-08,false,true,false,true,0,NaN,2458,-576.844678268|-1184.78027070|0.467311921793
126,VALID_CAMPAIGN,NEAR_SINGULARITY,-3972228076755911802,3,REVOLUTE_ONLY,1.20360000122,-0.0799999580359,0.160000016409,GUARDED_PRODUCTION,true,true,SUCCESS,NONE,97,true,true,3.38950374040e-08,false,false,false,false,0,3.17498215975,209875,6.71246752245e-07|-1.07876269935e-06|5.34856110483e-08
126,VALID_CAMPAIGN,NEAR_SINGULARITY,-3972228076755911802,3,REVOLUTE_ONLY,1.20360000122,-0.0799999580359,0.160000016409,UNGUARDED_REFERENCE,true,false,CONVERGED_UNCERTIFIED,NO_GUARDS_OR_FINAL_CERTIFICATION,14,true,false,2.18371373391e-07,false,true,false,true,0,NaN,6625,-590.752162072|-1155.88105562|5.34852502339e-08
127,VALID_CAMPAIGN,MICRO_MOTION,6061983538396117399,3,REVOLUTE_ONLY,1.20360001345,-0.0799995383945,0.160000180503,GUARDED_PRODUCTION,true,true,SUCCESS,NONE,1,true,true,4.50908189519e-07,false,false,false,false,0,NaN,3458,6.71246752245e-07|-1.07876269935e-06|5.34856110483e-08
127,VALID_CAMPAIGN,MICRO_MOTION,6061983538396117399,3,REVOLUTE_ONLY,1.20360001345,-0.0799995383945,0.160000180503,UNGUARDED_REFERENCE,true,false,CONVERGED_UNCERTIFIED,NO_GUARDS_OR_FINAL_CERTIFICATION,1,true,false,4.95062252826e-07,false,true,false,true,0,NaN,417,-590.752162072|-1155.88105562|5.34852502339e-08
128,VALID_CAMPAIGN,UNIFORM,8017945833705205430,3,REVOLUTE_ONLY,0.649342584634,-0.130210482140,0.409534638117,GUARDED_PRODUCTION,true,true,SUCCESS,NONE,45,true,true,3.55472208353e-08,false,false,false,false,0,58.1720691691,106875,0.825276719896|-1.69427121256|0.949880896154
128,VALID_CAMPAIGN,UNIFORM,8017945833705205430,3,REVOLUTE_ONLY,0.649342584634,-0.130210482140,0.409534638117,UNGUARDED_REFERENCE,true,false,CONVERGED_UNCERTIFIED,NO_GUARDS_OR_FINAL_CERTIFICATION,9,true,false,2.50109891527e-07,false,true,false,true,0,NaN,4500,-604.406870508|-1141.57117704|0.949880622072
129,VALID_CAMPAIGN,NEAR_JOINT_LIMIT,-4597904632696292196,3,REVOLUTE_ONLY,-0.348352548809,0.0303651238838,0.298209743404,GUARDED_PRODUCTION,false,false,NO_CONVERGENCE,STAGNATION_WINDOW_EXCEEDED,23,true,true,0.694482575492,false,false,false,false,0,6.17573484047,51333,1.37405364791|-2.37713844122|1.01319065061
129,VALID_CAMPAIGN,NEAR_JOINT_LIMIT,-4597904632696292196,3,REVOLUTE_ONLY,-0.348352548809,0.0303651238838,0.298209743404,UNGUARDED_REFERENCE,true,false,CONVERGED_UNCERTIFIED,NO_GUARDS_OR_FINAL_CERTIFICATION,8,true,false,3.92039100307e-08,false,true,false,true,0,NaN,4125,-601.977419552|-1140.79797356|0.467311910721
130,VALID_CAMPAIGN,NEAR_SINGULARITY,-5745141333373914662,3,REVOLUTE_ONLY,1.20360000122,-0.0799999580359,0.160000016409,GUARDED_PRODUCTION,true,true,SUCCESS,NONE,62,true,true,2.11962005913e-08,false,false,false,false,0,4.72157107948,136500,4.43341649245e-07|-6.92416517385e-07|5.34856122269e-08
130,VALID_CAMPAIGN,NEAR_SINGULARITY,-5745141333373914662,3,REVOLUTE_ONLY,1.20360000122,-0.0799999580359,0.160000016409,UNGUARDED_REFERENCE,true,false,CONVERGED_UNCERTIFIED,NO_GUARDS_OR_FINAL_CERTIFICATION,14,true,false,1.95387542304e-07,false,true,false,true,0,NaN,5750,-615.884902889|-1111.89875916|5.34852868254e-08
131,VALID_CAMPAIGN,MICRO_MOTION,-8506486305708080329,3,REVOLUTE_ONLY,1.20360001345,-0.0799995383945,0.160000180503,GUARDED_PRODUCTION,true,true,SUCCESS,NONE,1,true,true,4.50508278882e-07,false,false,false,false,0,NaN,3291,4.43341649245e-07|-6.92416517385e-07|5.34856122269e-08
131,VALID_CAMPAIGN,MICRO_MOTION,-8506486305708080329,3,REVOLUTE_ONLY,1.20360001345,-0.0799995383945,0.160000180503,UNGUARDED_REFERENCE,true,false,CONVERGED_UNCERTIFIED,NO_GUARDS_OR_FINAL_CERTIFICATION,1,true,false,4.86017345421e-07,false,true,false,true,0,NaN,375,-615.884902889|-1111.89875916|5.34852868254e-08
132,VALID_CAMPAIGN,UNIFORM,8669337442429100736,3,REVOLUTE_ONLY,0.977054519325,-0.523070373606,0.357414546068,GUARDED_PRODUCTION,true,true,SUCCESS,NONE,22,true,true,2.11495290276e-07,false,false,false,false,0,58.1722696398,49417,-0.236224480401|-0.326685324622|0.699014010637
132,VALID_CAMPAIGN,UNIFORM,8669337442429100736,3,REVOLUTE_ONLY,0.977054519325,-0.523070373606,0.357414546068,UNGUARDED_REFERENCE,true,false,CONVERGED_UNCERTIFIED,NO_GUARDS_OR_FINAL_CERTIFICATION,11,true,false,1.02522438789e-07,false,true,false,true,0,NaN,5542,-635.348550032|-1080.13094913|0.699013873744
133,VALID_CAMPAIGN,NEAR_JOINT_LIMIT,2627383172439677524,3,REVOLUTE_ONLY,-0.459095454863,-0.145846762073,0.0217902565965,GUARDED_PRODUCTION,true,true,SUCCESS,NONE,93,true,true,1.80508082910e-11,false,false,false,false,0,18.5545349029,210833,-1.29564788816|-2.23670437675|-0.467311960659
133,VALID_CAMPAIGN,NEAR_JOINT_LIMIT,2627383172439677524,3,REVOLUTE_ONLY,-0.459095454863,-0.145846762073,0.0217902565965,UNGUARDED_REFERENCE,true,false,CONVERGED_UNCERTIFIED,NO_GUARDS_OR_FINAL_CERTIFICATION,11,true,false,7.61649603426e-10,false,true,false,true,0,NaN,5458,-638.974054169|-1065.66889798|-0.467311961598
134,VALID_CAMPAIGN,NEAR_SINGULARITY,-934757954961779486,3,REVOLUTE_ONLY,1.20360000122,-0.0799999580359,0.160000016409,GUARDED_PRODUCTION,true,true,SUCCESS,NONE,93,true,true,1.51644756813e-08,false,false,false,false,0,3.22653599964,248084,3.35078562947e-07|-5.08906946690e-07|5.34856127847e-08
134,VALID_CAMPAIGN,NEAR_SINGULARITY,-934757954961779486,3,REVOLUTE_ONLY,1.20360000122,-0.0799999580359,0.160000016409,UNGUARDED_REFERENCE,true,false,CONVERGED_UNCERTIFIED,NO_GUARDS_OR_FINAL_CERTIFICATION,10,true,false,2.06942185774e-07,false,true,false,true,0,NaN,5042,-640.884897554|-1061.85832326|5.34852652545e-08
135,VALID_CAMPAIGN,MICRO_MOTION,877101833050792917,3,REVOLUTE_ONLY,1.20360001345,-0.0799995383945,0.160000180503,GUARDED_PRODUCTION,true,true,SUCCESS,NONE,1,true,true,4.50456024708e-07,false,false,false,false,0,NaN,5792,3.35078562947e-07|-5.08906946690e-07|5.34856127847e-08
135,VALID_CAMPAIGN,MICRO_MOTION,877101833050792917,3,REVOLUTE_ONLY,1.20360001345,-0.0799995383945,0.160000180503,UNGUARDED_REFERENCE,true,false,CONVERGED_UNCERTIFIED,NO_GUARDS_OR_FINAL_CERTIFICATION,1,true,false,4.88396728401e-07,false,true,false,true,0,NaN,459,-640.884897554|-1061.85832326|5.34852652545e-08
136,VALID_CAMPAIGN,UNIFORM,-7605120310456698181,3,REVOLUTE_ONLY,0.127513276750,0.826387527739,0.464718695662,GUARDED_PRODUCTION,true,true,SUCCESS,NONE,49,true,true,5.73687419275e-08,false,false,false,false,0,58.1723641261,109250,1.86426160563|-0.768273070189|1.45424791189
136,VALID_CAMPAIGN,UNIFORM,-7605120310456698181,3,REVOLUTE_ONLY,0.127513276750,0.826387527739,0.464718695662,UNGUARDED_REFERENCE,true,false,CONVERGED_UNCERTIFIED,NO_GUARDS_OR_FINAL_CERTIFICATION,17,true,false,6.18503955278e-08,false,true,false,true,0,NaN,8416,-620.171083627|-1094.04251681|1.45424764413
137,VALID_CAMPAIGN,NEAR_JOINT_LIMIT,-9021030328245113418,3,REVOLUTE_ONLY,-0.348352548809,0.0303651238838,0.298209743404,GUARDED_PRODUCTION,true,true,SUCCESS,NONE,65,true,true,9.24787759039e-11,false,false,false,false,0,56.7227400483,147959,3.14159258975|-2.37713839587|2.67428069301
137,VALID_CAMPAIGN,NEAR_JOINT_LIMIT,-9021030328245113418,3,REVOLUTE_ONLY,-0.348352548809,0.0303651238838,0.298209743404,UNGUARDED_REFERENCE,true,false,CONVERGED_UNCERTIFIED,NO_GUARDS_OR_FINAL_CERTIFICATION,15,true,false,3.75229383952e-07,false,true,false,true,0,NaN,7625,-612.784467430|-1083.49175563|-3.60890514591
138,VALID_CAMPAIGN,NEAR_SINGULARITY,3911594474112801772,3,REVOLUTE_ONLY,1.20360000122,-0.0799999580359,0.160000016409,GUARDED_PRODUCTION,true,true,SUCCESS,NONE,108,true,true,1.28833715074e-08,false,false,false,false,0,13.0508111654,243333,2.94132447779e-07|-4.39506259001e-07|5.34856131423e-08
138,VALID_CAMPAIGN,NEAR_SINGULARITY,3911594474112801772,3,REVOLUTE_ONLY,1.20360000122,-0.0799999580359,0.160000016409,UNGUARDED_REFERENCE,false,false,MAX_ITERATIONS_UNCERTIFIED,NO_GUARDS_OR_FINAL_CERTIFICATION,800,true,false,1.23143172060,false,false,false,true,0,NaN,402083,-447.776795750|-1768.41912556|-3.14159270695
139,VALID_CAMPAIGN,MICRO_MOTION,-5705915531249640867,3,REVOLUTE_ONLY,1.20360001345,-0.0799995383945,0.160000180503,GUARDED_PRODUCTION,true,true,SUCCESS,NONE,1,true,true,4.50460195799e-07,false,false,false,false,0,NaN,3958,2.94132447779e-07|-4.39506259001e-07|5.34856131423e-08
139,VALID_CAMPAIGN,MICRO_MOTION,-5705915531249640867,3,REVOLUTE_ONLY,1.20360001345,-0.0799995383945,0.160000180503,UNGUARDED_REFERENCE,false,false,MAX_ITERATIONS_UNCERTIFIED,NO_GUARDS_OR_FINAL_CERTIFICATION,800,true,false,0.839722463819,false,false,false,true,0,NaN,372209,-508.586008658|-990.712043281|-3.14159324211
140,VALID_CAMPAIGN,UNIFORM,4319433775096416758,3,REVOLUTE_ONLY,0.710906227006,0.342450667982,-0.146173135799,GUARDED_PRODUCTION,true,true,SUCCESS,NONE,50,true,true,9.41051093169e-08,false,false,false,false,0,58.1724002097,116709,0.953139142053|-0.909535144791|-1.50685533708
140,VALID_CAMPAIGN,UNIFORM,4319433775096416758,3,REVOLUTE_ONLY,0.710906227006,0.342450667982,-0.146173135799,UNGUARDED_REFERENCE,true,false,CONVERGED_UNCERTIFIED,NO_GUARDS_OR_FINAL_CERTIFICATION,9,true,false,2.46993864111e-07,false,true,false,true,0,NaN,5125,-508.075729931|-993.485890839|-1.63474529212
141,VALID_CAMPAIGN,NEAR_JOINT_LIMIT,-1008233220287400353,3,REVOLUTE_ONLY,-0.459095473190,-0.145846704381,0.0217902565965,GUARDED_PRODUCTION,true,true,SUCCESS,NONE,126,true,true,7.50741473592e-10,false,false,false,false,0,88.5474138965,281708,-1.29564801170|-2.23670437810|-0.467311960342
141,VALID_CAMPAIGN,NEAR_JOINT_LIMIT,-1008233220287400353,3,REVOLUTE_ONLY,-0.459095473190,-0.145846704381,0.0217902565965,UNGUARDED_REFERENCE,true,false,CONVERGED_UNCERTIFIED,NO_GUARDS_OR_FINAL_CERTIFICATION,6,true,false,7.61779798692e-08,false,true,false,true,0,NaN,2958,-511.464403370|-987.715058348|-8.95746592730
142,VALID_CAMPAIGN,NEAR_SINGULARITY,-4581186231013409230,3,REVOLUTE_ONLY,1.20360000122,-0.0799999580359,0.160000016409,GUARDED_PRODUCTION,true,true,SUCCESS,NONE,93,true,true,1.51646679199e-08,false,false,false,false,0,3.22653599747,199750,3.35082013577e-07|-5.08912795407e-07|5.34856127792e-08
142,VALID_CAMPAIGN,NEAR_SINGULARITY,-4581186231013409230,3,REVOLUTE_ONLY,1.20360000122,-0.0799999580359,0.160000016409,UNGUARDED_REFERENCE,false,false,MAX_ITERATIONS_UNCERTIFIED,NO_GUARDS_OR_FINAL_CERTIFICATION,800,true,false,0.883685632810,false,false,false,true,0,NaN,365500,-476.649013958|-1809.82783022|-9.42477805011
143,VALID_CAMPAIGN,MICRO_MOTION,2356179962066186163,3,REVOLUTE_ONLY,1.20360001345,-0.0799995383945,0.160000180503,GUARDED_PRODUCTION,true,true,SUCCESS,NONE,1,true,true,4.50456024934e-07,false,false,false,false,0,NaN,3292,3.35082013577e-07|-5.08912795407e-07|5.34856127792e-08
143,VALID_CAMPAIGN,MICRO_MOTION,2356179962066186163,3,REVOLUTE_ONLY,1.20360001345,-0.0799995383945,0.160000180503,UNGUARDED_REFERENCE,false,false,MAX_ITERATIONS_UNCERTIFIED,NO_GUARDS_OR_FINAL_CERTIFICATION,800,true,false,0.785150168102,false,false,false,true,0,NaN,364000,-547.149182368|-1771.89981489|-9.42477853487
144,VALID_CAMPAIGN,UNIFORM,-4154619041662127800,3,REVOLUTE_ONLY,-0.125230726114,-0.577549433925,0.456388930480,GUARDED_PRODUCTION,true,true,SUCCESS,NONE,62,true,true,8.65399817982e-08,false,false,false,false,0,58.1723641261,133416,-0.870271063586|-1.68619454217|1.30953682975
144,VALID_CAMPAIGN,UNIFORM,-4154619041662127800,3,REVOLUTE_ONLY,-0.125230726114,-0.577549433925,0.456388930480,UNGUARDED_REFERENCE,true,false,CONVERGED_UNCERTIFIED,NO_GUARDS_OR_FINAL_CERTIFICATION,13,true,false,5.81352887407e-09,false,true,false,true,0,NaN,7125,-549.017338007|-1776.30754624|-10.7343156128
145,VALID_CAMPAIGN,NEAR_JOINT_LIMIT,-7692805793267552398,3,REVOLUTE_ONLY,-0.348352552625,0.0303650801085,0.0217902565965,GUARDED_PRODUCTION,false,false,NO_CONVERGENCE,STAGNATION_WINDOW_EXCEEDED,150,true,true,0.0947489564275,false,false,false,false,0,12.5717137563,311125,-1.35565096823|-2.37713844122|-0.467471365197
145,VALID_CAMPAIGN,NEAR_JOINT_LIMIT,-7692805793267552398,3,REVOLUTE_ONLY,-0.348352552625,0.0303650801085,0.0217902565965,UNGUARDED_REFERENCE,true,false,CONVERGED_UNCERTIFIED,NO_GUARDS_OR_FINAL_CERTIFICATION,24,true,false,3.05790682362e-07,false,true,false,true,0,NaN,12333,-543.495532170|-1793.08495840|-2.67428111666
146,VALID_CAMPAIGN,NEAR_SINGULARITY,-6864759429032272689,3,REVOLUTE_ONLY,1.20360000122,-0.0799999580359,0.160000016409,GUARDED_PRODUCTION,true,true,SUCCESS,NONE,95,true,true,4.44300615821e-09,false,false,false,false,0,3.19605673057,224875,1.42609328572e-07|-1.82715339944e-07|5.34856142058e-08
146,VALID_CAMPAIGN,NEAR_SINGULARITY,-6864759429032272689,3,REVOLUTE_ONLY,1.20360000122,-0.0799999580359,0.160000016409,UNGUARDED_REFERENCE,false,false,MAX_ITERATIONS_UNCERTIFIED,NO_GUARDS_OR_FINAL_CERTIFICATION,800,true,false,1.66693110883,false,false,false,true,0,NaN,372708,-775.964895708|-1553.18063284|-3.14159270933
147,VALID_CAMPAIGN,MICRO_MOTION,-1147231091447693049,3,REVOLUTE_ONLY,1.20360001345,-0.0799995383945,0.160000180503,GUARDED_PRODUCTION,true,true,SUCCESS,NONE,1,true,true,4.50595772230e-07,false,false,false,false,0,NaN,3458,1.42609328572e-07|-1.82715339944e-07|5.34856142058e-08
147,VALID_CAMPAIGN,MICRO_MOTION,-1147231091447693049,3,REVOLUTE_ONLY,1.20360001345,-0.0799995383945,0.160000180503,UNGUARDED_REFERENCE,false,false,MAX_ITERATIONS_UNCERTIFIED,NO_GUARDS_OR_FINAL_CERTIFICATION,800,true,false,0.870045745845,false,false,false,true,0,NaN,363292,-918.328327024|-1725.52528289|-3.14159323998
148,VALID_CAMPAIGN,UNIFORM,-6384222156720684552,3,REVOLUTE_ONLY,0.867878336144,0.612027273227,-0.0564419901033,GUARDED_PRODUCTION,true,true,SUCCESS,NONE,29,true,true,1.52434702298e-09,false,false,false,false,0,58.1725331342,63458,0.976506565362|-0.519148597331|-0.783103521075
148,VALID_CAMPAIGN,UNIFORM,-6384222156720684552,3,REVOLUTE_ONLY,0.867878336144,0.612027273227,-0.0564419901033,UNGUARDED_REFERENCE,false,false,MAX_ITERATIONS_UNCERTIFIED,NO_GUARDS_OR_FINAL_CERTIFICATION,800,true,false,0.573102955179,false,false,false,true,0,NaN,330417,-954.543359762|-1609.27217452|-2.35815914699
149,VALID_CAMPAIGN,NEAR_JOINT_LIMIT,1938265217421009619,3,REVOLUTE_ONLY,-0.348352548809,0.0303651238838,0.298209743404,GUARDED_PRODUCTION,false,false,NO_CONVERGENCE,STAGNATION_WINDOW_EXCEEDED,69,true,true,0.606259873042,false,false,false,false,0,14.0946291888,153292,3.14159265359|-2.37713844122|-0.776973665493
149,VALID_CAMPAIGN,NEAR_JOINT_LIMIT,1938265217421009619,3,REVOLUTE_ONLY,-0.348352548809,0.0303651238838,0.298209743404,UNGUARDED_REFERENCE,true,false,CONVERGED_UNCERTIFIED,NO_GUARDS_OR_FINAL_CERTIFICATION,12,true,false,1.14261483431e-07,false,true,false,true,0,NaN,6917,-964.468945910|-1579.45665329|-3.60890447251
150,VALID_CAMPAIGN,NEAR_SINGULARITY,-6256892734473746196,3,REVOLUTE_ONLY,1.20360000122,-0.0799999580359,0.160000016409,GUARDED_PRODUCTION,true,true,SUCCESS,NONE,83,true,true,5.97545958397e-09,false,false,false,false,0,3.84248787596,188333,1.70122707467e-07|-2.29338761374e-07|5.34856107224e-08
150,VALID_CAMPAIGN,NEAR_SINGULARITY,-6256892734473746196,3,REVOLUTE_ONLY,1.20360000122,-0.0799999580359,0.160000016409,UNGUARDED_REFERENCE,false,false,MAX_ITERATIONS_UNCERTIFIED,NO_GUARDS_OR_FINAL_CERTIFICATION,800,true,false,0.850906094246,false,false,false,true,0,NaN,395875,-747.252858112|-394.131735879|-3.14159270839
151,VALID_CAMPAIGN,MICRO_MOTION,7412279525609162684,3,REVOLUTE_ONLY,1.20360001345,-0.0799995383945,0.160000180503,GUARDED_PRODUCTION,true,true,SUCCESS,NONE,1,true,true,4.50556527634e-07,false,false,false,false,0,NaN,3333,1.70122707467e-07|-2.29338761374e-07|5.34856107224e-08
151,VALID_CAMPAIGN,MICRO_MOTION,7412279525609162684,3,REVOLUTE_ONLY,1.20360001345,-0.0799995383945,0.160000180503,UNGUARDED_REFERENCE,false,false,MAX_ITERATIONS_UNCERTIFIED,NO_GUARDS_OR_FINAL_CERTIFICATION,800,true,false,1.34834123067,false,false,false,true,0,NaN,386708,-586.174968524|-2226.53830819|-3.14159324206
152,VALID_CAMPAIGN,UNIFORM,2440308447320060124,3,REVOLUTE_ONLY,-0.677306242136,-0.485013068471,0.446089889327,GUARDED_PRODUCTION,true,true,SUCCESS,NONE,84,true,true,1.27869001301e-08,false,false,false,false,0,58.1725091592,184708,-1.89808243044|-1.05817656727|1.20126398721
152,VALID_CAMPAIGN,UNIFORM,2440308447320060124,3,REVOLUTE_ONLY,-0.677306242136,-0.485013068471,0.446089889327,UNGUARDED_REFERENCE,false,false,MAX_ITERATIONS_UNCERTIFIED,NO_GUARDS_OR_FINAL_CERTIFICATION,800,true,false,0.0686364843183,false,false,false,true,0,NaN,351250,-561.948993564|-2204.56504201|-4.33558965385
153,VALID_CAMPAIGN,NEAR_JOINT_LIMIT,-1547755824717592086,3,REVOLUTE_ONLY,-0.459095454863,-0.145846762073,0.298209743404,GUARDED_PRODUCTION,true,true,SUCCESS,NONE,33,true,true,2.35643479364e-10,false,false,false,false,0,14.8640754610,74250,-1.29564788786|-2.23670437717|0.467311960217
153,VALID_CAMPAIGN,NEAR_JOINT_LIMIT,-1547755824717592086,3,REVOLUTE_ONLY,-0.459095454863,-0.145846762073,0.298209743404,UNGUARDED_REFERENCE,true,false,CONVERGED_UNCERTIFIED,NO_GUARDS_OR_FINAL_CERTIFICATION,8,true,false,6.23462318901e-07,false,true,false,true,0,NaN,3791,-562.345085996|-2196.73771680|-3.60890435129
154,VALID_CAMPAIGN,NEAR_SINGULARITY,4372179932704503123,3,REVOLUTE_ONLY,1.20360000122,-0.0799999580359,0.160000016409,GUARDED_PRODUCTION,true,true,SUCCESS,NONE,93,true,true,1.51644191954e-08,false,false,false,false,0,3.22653599811,201833,3.35077545499e-07|-5.08905221533e-07|5.34856128174e-08
154,VALID_CAMPAIGN,NEAR_SINGULARITY,4372179932704503123,3,REVOLUTE_ONLY,1.20360000122,-0.0799999580359,0.160000016409,UNGUARDED_REFERENCE,false,false,MAX_ITERATIONS_UNCERTIFIED,NO_GUARDS_OR_FINAL_CERTIFICATION,800,true,false,1.53670555362,false,false,false,true,0,NaN,383375,-605.263594584|-1092.20151509|-3.14159270921
155,VALID_CAMPAIGN,MICRO_MOTION,3607075656794495273,3,REVOLUTE_ONLY,1.20360001345,-0.0799995383945,0.160000180503,GUARDED_PRODUCTION,true,true,SUCCESS,NONE,1,true,true,4.50456024249e-07,false,false,false,false,0,NaN,5708,3.35077545499e-07|-5.08905221533e-07|5.34856128174e-08
155,VALID_CAMPAIGN,MICRO_MOTION,3607075656794495273,3,REVOLUTE_ONLY,1.20360001345,-0.0799995383945,0.160000180503,UNGUARDED_REFERENCE,false,false,MAX_ITERATIONS_UNCERTIFIED,NO_GUARDS_OR_FINAL_CERTIFICATION,800,true,false,0.939306458044,false,false,false,true,0,NaN,373417,-208.251365792|-2292.83988802|-3.14159324199
156,VALID_CAMPAIGN,UNIFORM,-6016951001343929971,3,REVOLUTE_ONLY,-0.610222845549,0.360732604385,0.393332620146,GUARDED_PRODUCTION,true,true,SUCCESS_WITH_WARNING,NEAR_SINGULARITY_WARNING,126,true,true,6.56006671224e-09,false,false,false,false,0,58.1723644372,269333,2.67763892099|0.147084817732|2.27745352315
156,VALID_CAMPAIGN,UNIFORM,-6016951001343929971,3,REVOLUTE_ONLY,-0.610222845549,0.360732604385,0.393332620146,UNGUARDED_REFERENCE,true,false,CONVERGED_UNCERTIFIED,NO_GUARDS_OR_FINAL_CERTIFICATION,13,true,false,3.94956556419e-07,false,true,false,true,0,NaN,6958,-198.384285854|-2337.19786649|-4.00573321481
157,VALID_CAMPAIGN,NEAR_JOINT_LIMIT,-5484446951781020754,3,REVOLUTE_ONLY,-0.348352548809,0.0303651238838,0.298209743404,GUARDED_PRODUCTION,true,true,SUCCESS,NONE,59,true,true,1.38502924754e-09,false,false,false,false,0,43.4281060485,132750,3.14159260523|-2.37713835976|2.67428069133
157,VALID_CAMPAIGN,NEAR_JOINT_LIMIT,-5484446951781020754,3,REVOLUTE_ONLY,-0.348352548809,0.0303651238838,0.298209743404,UNGUARDED_REFERENCE,true,false,CONVERGED_UNCERTIFIED,NO_GUARDS_OR_FINAL_CERTIFICATION,10,true,false,8.13776210679e-07,false,true,false,true,0,NaN,4917,-191.811041322|-2377.82790107|-3.60890244574
158,VALID_CAMPAIGN,NEAR_SINGULARITY,1738028808613547628,3,REVOLUTE_ONLY,1.20360000122,-0.0799999580359,0.160000016409,GUARDED_PRODUCTION,true,true,SUCCESS,NONE,108,true,true,1.28834265231e-08,false,false,false,false,0,13.0508093010,236625,2.94133436360e-07|-4.39507933410e-07|5.34856131147e-08
158,VALID_CAMPAIGN,NEAR_SINGULARITY,1738028808613547628,3,REVOLUTE_ONLY,1.20360000122,-0.0799999580359,0.160000016409,UNGUARDED_REFERENCE,false,false,MAX_ITERATIONS_UNCERTIFIED,NO_GUARDS_OR_FINAL_CERTIFICATION,800,true,false,0.900139932453,false,false,false,true,0,NaN,402333,-220.736025405|-1680.64613932|-3.14159270630
159,VALID_CAMPAIGN,MICRO_MOTION,433995358099715823,3,REVOLUTE_ONLY,1.20360001345,-0.0799995383945,0.160000180503,GUARDED_PRODUCTION,true,true,SUCCESS,NONE,1,true,true,4.50460194799e-07,false,false,false,false,0,NaN,8209,2.94133436360e-07|-4.39507933410e-07|5.34856131147e-08
159,VALID_CAMPAIGN,MICRO_MOTION,433995358099715823,3,REVOLUTE_ONLY,1.20360001345,-0.0799995383945,0.160000180503,UNGUARDED_REFERENCE,false,false,MAX_ITERATIONS_UNCERTIFIED,NO_GUARDS_OR_FINAL_CERTIFICATION,800,true,false,0.878421962695,false,false,false,true,0,NaN,382542,-264.685067057|-1388.12793685|-3.14159313780
160,VALID_CAMPAIGN,UNIFORM,8619908505002774176,3,REVOLUTE_ONLY,-0.329972618183,0.677432597814,-0.145942982437,GUARDED_PRODUCTION,true,true,SUCCESS_WITH_WARNING,NEAR_SINGULARITY_WARNING,70,true,true,5.44584867369e-08,false,false,false,false,0,58.1724003257,159208,2.49990692023|-0.894984420005|-1.64556108963
160,VALID_CAMPAIGN,UNIFORM,8619908505002774176,3,REVOLUTE_ONLY,-0.329972618183,0.677432597814,-0.145942982437,UNGUARDED_REFERENCE,true,false,CONVERGED_UNCERTIFIED,NO_GUARDS_OR_FINAL_CERTIFICATION,8,true,false,2.32461141504e-07,false,true,false,true,0,NaN,4208,-267.677052827|-1452.31080577|-1.64554862198
161,VALID_CAMPAIGN,NEAR_JOINT_LIMIT,6618996357297132449,3,REVOLUTE_ONLY,-0.459095473190,-0.145846704381,0.298209743404,GUARDED_PRODUCTION,false,false,MAX_ITERATIONS_REACHED,MAX_ITERATIONS_LIMIT_REACHED,800,true,true,0.389781478028,false,false,false,false,0,73.7779943776,2823833,3.14159265359|-1.60029563008|-2.67428074637
161,VALID_CAMPAIGN,NEAR_JOINT_LIMIT,6618996357297132449,3,REVOLUTE_ONLY,-0.459095473190,-0.145846704381,0.298209743404,UNGUARDED_REFERENCE,true,false,CONVERGED_UNCERTIFIED,NO_GUARDS_OR_FINAL_CERTIFICATION,11,true,false,3.69188950399e-08,false,true,false,true,0,NaN,6583,-287.115677186|-1417.52727512|-18.3822439534
162,VALID_CAMPAIGN,NEAR_SINGULARITY,6989736690446451793,3,REVOLUTE_ONLY,1.20360000122,-0.0799999580359,0.160000016409,GUARDED_PRODUCTION,true,true,SUCCESS_WITH_WARNING,NEAR_SINGULARITY_WARNING,147,true,true,8.99358469245e-07,false,false,false,false,0,4.20702900794,344000,-0.132755406585|0.225061618191|5.34805000578e-08
162,VALID_CAMPAIGN,NEAR_SINGULARITY,6989736690446451793,3,REVOLUTE_ONLY,1.20360000122,-0.0799999580359,0.160000016409,UNGUARDED_REFERENCE,true,false,CONVERGED_UNCERTIFIED,NO_GUARDS_OR_FINAL_CERTIFICATION,10,true,false,2.06944276279e-07,false,true,false,true,0,NaN,4917,-289.026520352|-1413.71670046|-18.8495558681
163,VALID_CAMPAIGN,MICRO_MOTION,6669071589964120929,3,REVOLUTE_ONLY,1.20360001345,-0.0799995383945,0.160000180503,GUARDED_PRODUCTION,true,true,SUCCESS,NONE,1,true,true,9.86195806308e-07,false,false,false,false,0,NaN,4584,-0.132755406585|0.225061618191|5.34805000578e-08
163,VALID_CAMPAIGN,MICRO_MOTION,6669071589964120929,3,REVOLUTE_ONLY,1.20360001345,-0.0799995383945,0.160000180503,UNGUARDED_REFERENCE,true,false,CONVERGED_UNCERTIFIED,NO_GUARDS_OR_FINAL_CERTIFICATION,1,true,false,4.88397509516e-07,false,true,false,true,0,NaN,542,-289.026520352|-1413.71670046|-18.8495558681
164,VALID_CAMPAIGN,UNIFORM,-424374848213579811,3,REVOLUTE_ONLY,0.450141872518,0.411208986436,-0.0639437906992,GUARDED_PRODUCTION,true,true,SUCCESS,NONE,47,true,true,7.99111741092e-07,false,false,false,false,0,58.1584425249,100958,-0.426246473605|2.12906458200|-0.818225480545
164,VALID_CAMPAIGN,UNIFORM,-424374848213579811,3,REVOLUTE_ONLY,0.450141872518,0.411208986436,-0.0639437906992,UNGUARDED_REFERENCE,false,false,MAX_ITERATIONS_UNCERTIFIED,NO_GUARDS_OR_FINAL_CERTIFICATION,800,true,false,1.09916628122,false,false,false,true,0,NaN,320709,-276.853427710|-1434.48893407|-19.6682828055
165,VALID_CAMPAIGN,NEAR_JOINT_LIMIT,-623764215004437569,3,REVOLUTE_ONLY,-0.348352552625,0.0303650801085,0.0217902565965,GUARDED_PRODUCTION,false,false,NO_CONVERGENCE,STAGNATION_WINDOW_EXCEEDED,13,true,true,0.782990646402,false,false,false,false,0,4.70831923427,30625,-0.630246044365|2.37713844122|-0.797759510344
165,VALID_CAMPAIGN,NEAR_JOINT_LIMIT,-623764215004437569,3,REVOLUTE_ONLY,-0.348352552625,0.0303650801085,0.0217902565965,UNGUARDED_REFERENCE,true,false,CONVERGED_UNCERTIFIED,NO_GUARDS_OR_FINAL_CERTIFICATION,7,true,false,2.22624414456e-09,false,true,false,true,0,NaN,3708,-275.251783487|-1436.10768304|-19.3168678786
166,VALID_CAMPAIGN,NEAR_SINGULARITY,5773981020750313872,3,REVOLUTE_ONLY,1.20360000122,-0.0799999580359,0.160000016409,GUARDED_PRODUCTION,true,true,SUCCESS,NONE,55,true,true,2.96754811391e-08,false,false,false,false,0,4.07251698066,115167,-0.132739809294|0.225035165261|5.34856113899e-08
166,VALID_CAMPAIGN,NEAR_SINGULARITY,5773981020750313872,3,REVOLUTE_ONLY,1.20360000122,-0.0799999580359,0.160000016409,UNGUARDED_REFERENCE,true,false,CONVERGED_UNCERTIFIED,NO_GUARDS_OR_FINAL_CERTIFICATION,15,true,false,8.34343291517e-08,false,true,false,true,0,NaN,7459,-289.026522569|-1407.43351139|-18.8495558681
167,VALID_CAMPAIGN,MICRO_MOTION,8356332735405376435,3,REVOLUTE_ONLY,1.20360001345,-0.0799995383945,0.160000180503,GUARDED_PRODUCTION,true,true,SUCCESS,NONE,1,true,true,4.50662990397e-07,false,false,false,false,0,NaN,3250,-0.132739809294|0.225035165261|5.34856113899e-08
167,VALID_CAMPAIGN,MICRO_MOTION,8356332735405376435,3,REVOLUTE_ONLY,1.20360001345,-0.0799995383945,0.160000180503,UNGUARDED_REFERENCE,true,false,CONVERGED_UNCERTIFIED,NO_GUARDS_OR_FINAL_CERTIFICATION,1,true,false,4.55033699028e-07,false,true,false,true,0,NaN,459,-289.026522569|-1407.43351139|-18.8495558681
168,VALID_CAMPAIGN,UNIFORM,-4267706844469432608,3,REVOLUTE_ONLY,-0.140965498874,-0.582799772537,0.441786501834,GUARDED_PRODUCTION,true,true,SUCCESS,NONE,68,true,true,5.42295547337e-09,false,false,false,false,0,58.1721357667,149042,-2.31213608430|1.74789791701|1.97739908889
168,VALID_CAMPAIGN,UNIFORM,-4267706844469432608,3,REVOLUTE_ONLY,-0.140965498874,-0.582799772537,0.441786501834,UNGUARDED_REFERENCE,false,false,MAX_ITERATIONS_UNCERTIFIED,NO_GUARDS_OR_FINAL_CERTIFICATION,800,true,false,0.938203318970,false,false,false,true,0,NaN,319625,-264.651361011|-1449.00414860|-17.6835038645
169,VALID_CAMPAIGN,NEAR_JOINT_LIMIT,2736280476501673386,3,REVOLUTE_ONLY,-0.348352548809,0.0303651238838,0.298209743404,GUARDED_PRODUCTION,false,false,NO_CONVERGENCE,STAGNATION_WINDOW_EXCEEDED,360,true,true,0.208425070943,false,false,false,false,0,7.71433490984,739958,-3.14159265359|2.37713844122|2.66430630609
169,VALID_CAMPAIGN,NEAR_JOINT_LIMIT,2736280476501673386,3,REVOLUTE_ONLY,-0.348352548809,0.0303651238838,0.298209743404,UNGUARDED_REFERENCE,true,false,CONVERGED_UNCERTIFIED,NO_GUARDS_OR_FINAL_CERTIFICATION,6,true,false,3.35253158322e-07,false,true,false,true,0,NaN,2750,-265.276047841|-1447.63847377|-18.3822438710
170,VALID_CAMPAIGN,NEAR_SINGULARITY,-4529061067064114637,3,REVOLUTE_ONLY,1.20360000122,-0.0799999580359,0.160000016409,GUARDED_PRODUCTION,true,true,SUCCESS_WITH_WARNING,NEAR_SINGULARITY_WARNING,149,true,true,3.09457689235e-09,false,false,false,false,0,4.50097085664,326500,-0.132739332170|0.225034356563|5.34856144951e-08
170,VALID_CAMPAIGN,NEAR_SINGULARITY,-4529061067064114637,3,REVOLUTE_ONLY,1.20360000122,-0.0799999580359,0.160000016409,UNGUARDED_REFERENCE,true,false,CONVERGED_UNCERTIFIED,NO_GUARDS_OR_FINAL_CERTIFICATION,13,true,false,7.26451893796e-07,false,true,false,true,0,NaN,6125,-282.743325719|-1419.99990157|-18.8495558681
171,VALID_CAMPAIGN,MICRO_MOTION,-2555438216929639672,3,REVOLUTE_ONLY,1.20360001345,-0.0799995383945,0.160000180503,GUARDED_PRODUCTION,true,true,SUCCESS,NONE,1,true,true,4.50670040607e-07,false,false,false,false,0,NaN,3209,-0.132739332170|0.225034356563|5.34856144951e-08
171,VALID_CAMPAIGN,MICRO_MOTION,-2555438216929639672,3,REVOLUTE_ONLY,1.20360001345,-0.0799995383945,0.160000180503,UNGUARDED_REFERENCE,true,false,CONVERGED_UNCERTIFIED,NO_GUARDS_OR_FINAL_CERTIFICATION,1,true,false,8.40576039779e-07,false,true,false,true,0,NaN,542,-282.743325719|-1419.99990157|-18.8495558681
172,VALID_CAMPAIGN,UNIFORM,-2032877407909481691,3,REVOLUTE_ONLY,-0.224815302446,0.749673454996,-0.121954710911,GUARDED_PRODUCTION,true,true,SUCCESS,NONE,63,true,true,1.63874052201e-09,false,false,false,false,0,58.1725543948,140334,1.13418280953|1.55415555380|-1.16558207888
172,VALID_CAMPAIGN,UNIFORM,-2032877407909481691,3,REVOLUTE_ONLY,-0.224815302446,0.749673454996,-0.121954710911,UNGUARDED_REFERENCE,true,false,CONVERGED_UNCERTIFIED,NO_GUARDS_OR_FINAL_CERTIFICATION,7,true,false,5.64746333849e-08,false,true,false,true,0,NaN,3834,-255.020486196|-1465.23226896|-20.0151376213
173,VALID_CAMPAIGN,NEAR_JOINT_LIMIT,-4734556880290327093,3,REVOLUTE_ONLY,-0.348352552625,0.0303650801085,0.298209743404,GUARDED_PRODUCTION,false,false,NO_CONVERGENCE,STAGNATION_WINDOW_EXCEEDED,45,true,true,0.479682609853,false,false,false,false,0,11.0682294508,100209,0.544075805146|2.37713844122|0.131142285644
173,VALID_CAMPAIGN,NEAR_JOINT_LIMIT,-4734556880290327093,3,REVOLUTE_ONLY,-0.348352552625,0.0303650801085,0.298209743404,UNGUARDED_REFERENCE,true,false,CONVERGED_UNCERTIFIED,NO_GUARDS_OR_FINAL_CERTIFICATION,11,true,false,4.39901597485e-08,false,true,false,true,0,NaN,5416,-260.926085645|-1441.63330735|-16.1752751543
174,VALID_CAMPAIGN,NEAR_SINGULARITY,-6493865467285861074,3,REVOLUTE_ONLY,1.20360000122,-0.0799999580359,0.160000016409,GUARDED_PRODUCTION,true,true,SUCCESS,NONE,73,true,true,2.86108364606e-08,false,false,false,false,0,2.81127301405,157041,-0.132739790187|0.225035132870|5.34856168180e-08
174,VALID_CAMPAIGN,NEAR_SINGULARITY,-6493865467285861074,3,REVOLUTE_ONLY,1.20360000122,-0.0799999580359,0.160000016409,UNGUARDED_REFERENCE,false,false,MAX_ITERATIONS_UNCERTIFIED,NO_GUARDS_OR_FINAL_CERTIFICATION,800,true,false,1.01086502723,false,false,false,true,0,NaN,376708,-212.477368193|-1081.58490900|-15.7079633208
175,VALID_CAMPAIGN,MICRO_MOTION,1922686307230485546,3,REVOLUTE_ONLY,1.20360001345,-0.0799995383945,0.160000180503,GUARDED_PRODUCTION,true,true,SUCCESS,NONE,1,true,true,4.50636730789e-07,false,false,false,false,0,NaN,3416,-0.132739790187|0.225035132870|5.34856168180e-08
175,VALID_CAMPAIGN,MICRO_MOTION,1922686307230485546,3,REVOLUTE_ONLY,1.20360001345,-0.0799995383945,0.160000180503,UNGUARDED_REFERENCE,false,false,MAX_ITERATIONS_UNCERTIFIED,NO_GUARDS_OR_FINAL_CERTIFICATION,800,true,false,1.23252746790,false,false,false,true,0,NaN,368709,-328.326127378|-1265.50161294|-15.7079638557
176,VALID_CAMPAIGN,UNIFORM,-1076398626647846196,3,REVOLUTE_ONLY,0.429829210069,0.304009731213,-0.0571746310454,GUARDED_PRODUCTION,true,true,SUCCESS,NONE,51,true,true,9.36958534066e-09,false,false,false,false,0,58.1721526520,121500,-0.694345058602|2.31521156988|-0.786478626761
176,VALID_CAMPAIGN,UNIFORM,-1076398626647846196,3,REVOLUTE_ONLY,0.429829210069,0.304009731213,-0.0571746310454,UNGUARDED_REFERENCE,true,false,CONVERGED_UNCERTIFIED,NO_GUARDS_OR_FINAL_CERTIFICATION,14,true,false,5.20382332382e-10,false,true,false,true,0,NaN,8583,-319.435349292|-1264.12647320|-14.9214846343
177,VALID_CAMPAIGN,NEAR_JOINT_LIMIT,-6717857873374811719,3,REVOLUTE_ONLY,-0.348352552625,0.0303650801085,0.0217902565965,GUARDED_PRODUCTION,false,false,NO_CONVERGENCE,STAGNATION_WINDOW_EXCEEDED,9,true,true,0.815226616885,false,false,false,false,0,4.14931176438,22791,-0.856619405364|2.37713844122|-0.780211282487
177,VALID_CAMPAIGN,NEAR_JOINT_LIMIT,-6717857873374811719,3,REVOLUTE_ONLY,-0.348352552625,0.0303650801085,0.0217902565965,UNGUARDED_REFERENCE,true,false,CONVERGED_UNCERTIFIED,NO_GUARDS_OR_FINAL_CERTIFICATION,14,true,false,2.24942991377e-08,false,true,false,true,0,NaN,7833,-304.734487099|-1321.84605235|-15.2406512806
178,VALID_CAMPAIGN,NEAR_SINGULARITY,-8987698216637030363,3,REVOLUTE_ONLY,1.20360000122,-0.0799999580359,0.160000016409,GUARDED_PRODUCTION,true,true,SUCCESS,NONE,54,true,true,2.28490392532e-08,false,false,false,false,0,4.01432822958,114667,-0.132739686779|0.225034957574|5.34856120299e-08
178,VALID_CAMPAIGN,NEAR_SINGULARITY,-8987698216637030363,3,REVOLUTE_ONLY,1.20360000122,-0.0799999580359,0.160000016409,UNGUARDED_REFERENCE,false,false,MAX_ITERATIONS_UNCERTIFIED,NO_GUARDS_OR_FINAL_CERTIFICATION,800,true,false,0.783550269304,false,false,false,true,0,NaN,380042,-515.796175973|-2246.58752445|-15.7079633226
179,VALID_CAMPAIGN,MICRO_MOTION,1518515158652144754,3,REVOLUTE_ONLY,1.20360001345,-0.0799995383945,0.160000180503,GUARDED_PRODUCTION,true,true,SUCCESS,NONE,1,true,true,4.50534930602e-07,false,false,false,false,0,NaN,3333,-0.132739686779|0.225034957574|5.34856120299e-08
179,VALID_CAMPAIGN,MICRO_MOTION,1518515158652144754,3,REVOLUTE_ONLY,1.20360001345,-0.0799995383945,0.160000180503,UNGUARDED_REFERENCE,false,false,MAX_ITERATIONS_UNCERTIFIED,NO_GUARDS_OR_FINAL_CERTIFICATION,800,true,false,1.73384566549,false,false,false,true,0,NaN,381542,-624.575355601|-2236.08217498|-15.7079638564
180,VALID_CAMPAIGN,UNIFORM,520776080210072534,3,REVOLUTE_ONLY,0.366838543557,-0.837984817271,0.283035709875,GUARDED_PRODUCTION,true,true,SUCCESS,NONE,45,true,true,3.47674284120e-11,false,false,false,false,0,58.1722432499,147708,-1.99021534363|1.51138926331|0.412639897605
180,VALID_CAMPAIGN,UNIFORM,520776080210072534,3,REVOLUTE_ONLY,0.366838543557,-0.837984817271,0.283035709875,UNGUARDED_REFERENCE,false,false,MAX_ITERATIONS_UNCERTIFIED,NO_GUARDS_OR_FINAL_CERTIFICATION,800,true,false,0.434993024407,false,false,false,true,0,NaN,374833,-598.169098976|-2030.11461645|-16.1205937542
181,VALID_CAMPAIGN,NEAR_JOINT_LIMIT,1088429125055991225,3,REVOLUTE_ONLY,-0.348352548809,0.0303651238838,0.0217902565965,GUARDED_PRODUCTION,false,false,NO_CONVERGENCE,STAGNATION_WINDOW_EXCEEDED,782,true,true,0.605820671355,false,false,false,false,0,5.04976699295,1593500,-3.14159265359|2.37713844122|-0.598273609740
181,VALID_CAMPAIGN,NEAR_JOINT_LIMIT,1088429125055991225,3,REVOLUTE_ONLY,-0.348352548809,0.0303651238838,0.0217902565965,UNGUARDED_REFERENCE,true,false,CONVERGED_UNCERTIFIED,NO_GUARDS_OR_FINAL_CERTIFICATION,8,true,false,2.64591557994e-08,false,true,false,true,0,NaN,4459,-600.218093099|-2025.96954274|-15.2406512653
182,VALID_CAMPAIGN,NEAR_SINGULARITY,5943475997160337377,3,REVOLUTE_ONLY,1.20360000122,-0.0799999580359,0.160000016409,GUARDED_PRODUCTION,true,true,SUCCESS,NONE,78,true,true,1.63742023026e-08,false,false,false,false,0,3.53264528011,166250,-0.132739570564|0.225034760584|5.34856127217e-08
182,VALID_CAMPAIGN,NEAR_SINGULARITY,5943475997160337377,3,REVOLUTE_ONLY,1.20360000122,-0.0799999580359,0.160000016409,UNGUARDED_REFERENCE,false,false,MAX_ITERATIONS_UNCERTIFIED,NO_GUARDS_OR_FINAL_CERTIFICATION,800,true,false,0.725675995156,false,false,false,true,0,NaN,367625,-748.366467246|-2190.95121186|-15.7079633215
183,VALID_CAMPAIGN,MICRO_MOTION,8742546557581233302,3,REVOLUTE_ONLY,1.20360001345,-0.0799995383945,0.160000180503,GUARDED_PRODUCTION,true,true,SUCCESS,NONE,1,true,true,4.50499503907e-07,false,false,false,false,0,NaN,3208,-0.132739570564|0.225034760584|5.34856127217e-08
183,VALID_CAMPAIGN,MICRO_MOTION,8742546557581233302,3,REVOLUTE_ONLY,1.20360001345,-0.0799995383945,0.160000180503,UNGUARDED_REFERENCE,false,false,MAX_ITERATIONS_UNCERTIFIED,NO_GUARDS_OR_FINAL_CERTIFICATION,800,true,false,1.37543182080,false,false,false,true,0,NaN,366625,-582.800118191|-1645.47187686|-15.7079638565
184,VALID_CAMPAIGN,UNIFORM,8332401273789499064,3,REVOLUTE_ONLY,0.873120760517,-0.510690236756,-0.0521769237373,GUARDED_PRODUCTION,true,true,SUCCESS,NONE,30,true,true,4.09877363968e-08,false,false,false,false,0,58.1723450812,67917,-1.04033764168|1.03520107763|-0.763674999983
184,VALID_CAMPAIGN,UNIFORM,8332401273789499064,3,REVOLUTE_ONLY,0.873120760517,-0.510690236756,-0.0521769237373,UNGUARDED_REFERENCE,false,false,MAX_ITERATIONS_UNCERTIFIED,NO_GUARDS_OR_FINAL_CERTIFICATION,800,true,false,0.489403509413,false,false,false,true,0,NaN,323583,-660.235657492|-1474.94372002|-14.9432045256
185,VALID_CAMPAIGN,NEAR_JOINT_LIMIT,5332609540733577389,3,REVOLUTE_ONLY,-0.459095473190,-0.145846704381,0.0217902565965,GUARDED_PRODUCTION,false,false,NO_CONVERGENCE,STAGNATION_WINDOW_EXCEEDED,63,true,true,0.384771410322,false,false,false,false,0,9.71331105430,137875,-3.14159265359|2.37713844122|-1.31870338504
185,VALID_CAMPAIGN,NEAR_JOINT_LIMIT,5332609540733577389,3,REVOLUTE_ONLY,-0.459095473190,-0.145846704381,0.0217902565965,UNGUARDED_REFERENCE,true,false,CONVERGED_UNCERTIFIED,NO_GUARDS_OR_FINAL_CERTIFICATION,8,true,false,5.67169588027e-08,false,true,false,true,0,NaN,3958,-662.260850804|-1465.23714159|-15.2406512624
186,VALID_CAMPAIGN,NEAR_SINGULARITY,5296623031795457417,3,REVOLUTE_ONLY,1.20360000122,-0.0799999580359,0.160000016409,GUARDED_PRODUCTION,true,true,SUCCESS,NONE,85,true,true,2.21652507517e-08,false,false,false,false,0,9.86755080934,184000,-0.132739674506|0.225034936771|5.34856120927e-08
186,VALID_CAMPAIGN,NEAR_SINGULARITY,5296623031795457417,3,REVOLUTE_ONLY,1.20360000122,-0.0799999580359,0.160000016409,UNGUARDED_REFERENCE,false,false,MAX_ITERATIONS_UNCERTIFIED,NO_GUARDS_OR_FINAL_CERTIFICATION,800,true,false,1.24054389053,false,false,false,true,0,NaN,365459,-573.488979277|-675.256340370|-15.7079633215
187,VALID_CAMPAIGN,MICRO_MOTION,-4361872310777793459,3,REVOLUTE_ONLY,1.20360001345,-0.0799995383945,0.160000180503,GUARDED_PRODUCTION,true,true,SUCCESS,NONE,1,true,true,4.50527279744e-07,false,false,false,false,0,NaN,4958,-0.132739674506|0.225034936771|5.34856120927e-08
187,VALID_CAMPAIGN,MICRO_MOTION,-4361872310777793459,3,REVOLUTE_ONLY,1.20360001345,-0.0799995383945,0.160000180503,UNGUARDED_REFERENCE,false,false,MAX_ITERATIONS_UNCERTIFIED,NO_GUARDS_OR_FINAL_CERTIFICATION,800,true,false,0.926006765020,false,false,false,true,0,NaN,367209,-451.621239957|101.333182120|-15.7079638561
188,VALID_CAMPAIGN,UNIFORM,2588750775163471715,3,REVOLUTE_ONLY,0.691993223092,0.271948663905,-0.123171097706,GUARDED_PRODUCTION,true,true,SUCCESS,NONE,43,true,true,1.29813209062e-09,false,false,false,false,0,58.1722540095,94500,-0.408500287761|1.66380505886|-1.17576033392
188,VALID_CAMPAIGN,UNIFORM,2588750775163471715,3,REVOLUTE_ONLY,0.691993223092,0.271948663905,-0.123171097706,UNGUARDED_REFERENCE,true,false,CONVERGED_UNCERTIFIED,NO_GUARDS_OR_FINAL_CERTIFICATION,17,true,false,1.72075594902e-08,false,true,false,true,0,NaN,8375,-451.753139409|112.659926706|-14.5322027880
189,VALID_CAMPAIGN,NEAR_JOINT_LIMIT,5601696741416835416,3,REVOLUTE_ONLY,-0.459095473190,-0.145846704381,0.0217902565965,GUARDED_PRODUCTION,true,true,SUCCESS_WITH_WARNING,NEAR_SINGULARITY_WARNING,136,true,true,2.85338190992e-08,false,false,false,false,0,10.4767562027,293667,-3.14159265359|2.37713844122|-2.67428074637
189,VALID_CAMPAIGN,NEAR_JOINT_LIMIT,5601696741416835416,3,REVOLUTE_ONLY,-0.459095473190,-0.145846704381,0.0217902565965,UNGUARDED_REFERENCE,true,false,CONVERGED_UNCERTIFIED,NO_GUARDS_OR_FINAL_CERTIFICATION,7,true,false,1.85353287512e-08,false,true,false,true,0,NaN,3333,-448.632550366|105.559185473|-15.2406512868
190,VALID_CAMPAIGN,NEAR_SINGULARITY,-5531682653475591921,3,REVOLUTE_ONLY,1.20360000122,-0.0799999580359,0.160000016409,GUARDED_PRODUCTION,true,true,SUCCESS_WITH_WARNING,NEAR_SINGULARITY_WARNING,149,true,true,4.38601987978e-09,false,false,false,false,0,4.53004331245,333334,-0.132739355358|0.225034395854|5.34856141198e-08
190,VALID_CAMPAIGN,NEAR_SINGULARITY,-5531682653475591921,3,REVOLUTE_ONLY,1.20360000122,-0.0799999580359,0.160000016409,UNGUARDED_REFERENCE,false,false,MAX_ITERATIONS_UNCERTIFIED,NO_GUARDS_OR_FINAL_CERTIFICATION,800,true,false,1.06492881466,false,false,false,true,0,NaN,362333,-547.855827602|308.943900908|-15.7079633206
191,VALID_CAMPAIGN,MICRO_MOTION,-7417270980911416435,3,REVOLUTE_ONLY,1.20360001345,-0.0799995383945,0.160000180503,GUARDED_PRODUCTION,true,true,SUCCESS,NONE,1,true,true,4.50640552977e-07,false,false,false,false,0,NaN,3083,-0.132739355358|0.225034395854|5.34856141198e-08
191,VALID_CAMPAIGN,MICRO_MOTION,-7417270980911416435,3,REVOLUTE_ONLY,1.20360001345,-0.0799995383945,0.160000180503,UNGUARDED_REFERENCE,false,false,MAX_ITERATIONS_UNCERTIFIED,NO_GUARDS_OR_FINAL_CERTIFICATION,800,true,false,0.593917312041,false,false,false,true,0,NaN,362208,-716.475874908|1822.97458920|-15.7079638539
192,VALID_CAMPAIGN,UNIFORM,6523652715008527370,3,REVOLUTE_ONLY,0.335372740931,0.883445732968,-0.100764324706,GUARDED_PRODUCTION,true,true,SUCCESS,NONE,43,true,true,8.17268184021e-10,false,false,false,false,0,58.1725340657,94209,0.693467291010|1.09910004318|-1.01588830714
192,VALID_CAMPAIGN,UNIFORM,6523652715008527370,3,REVOLUTE_ONLY,0.335372740931,0.883445732968,-0.100764324706,UNGUARDED_REFERENCE,false,false,MAX_ITERATIONS_UNCERTIFIED,NO_GUARDS_OR_FINAL_CERTIFICATION,800,true,false,1.32230299535,false,false,false,true,0,NaN,359000,-730.743538826|1912.18202308|-7.29974545538
193,VALID_CAMPAIGN,NEAR_JOINT_LIMIT,-515181567244229729,3,REVOLUTE_ONLY,-0.459095454863,-0.145846762073,0.298209743404,GUARDED_PRODUCTION,false,false,NO_CONVERGENCE,STAGNATION_WINDOW_EXCEEDED,48,true,true,0.819989488532,false,false,false,false,0,12.3255659701,103625,0.266277879973|2.37713844122|-0.480218200973
193,VALID_CAMPAIGN,NEAR_JOINT_LIMIT,-515181567244229729,3,REVOLUTE_ONLY,-0.459095454863,-0.145846762073,0.298209743404,UNGUARDED_REFERENCE,true,false,CONVERGED_UNCERTIFIED,NO_GUARDS_OR_FINAL_CERTIFICATION,12,true,false,1.10492768910e-08,false,true,false,true,0,NaN,5833,-731.375889068|1908.83336869|-9.89208993294
194,VALID_CAMPAIGN,NEAR_SINGULARITY,8746597473859046546,3,REVOLUTE_ONLY,1.20360000122,-0.0799999580359,0.160000016409,GUARDED_PRODUCTION,true,true,SUCCESS,NONE,67,true,true,1.57708612095e-08,false,false,false,false,0,3.30020065919,148375,-0.132739559735|0.225034742228|5.34856127496e-08
194,VALID_CAMPAIGN,NEAR_SINGULARITY,8746597473859046546,3,REVOLUTE_ONLY,1.20360000122,-0.0799999580359,0.160000016409,UNGUARDED_REFERENCE,false,false,MAX_ITERATIONS_UNCERTIFIED,NO_GUARDS_OR_FINAL_CERTIFICATION,800,true,false,1.36464219823,false,false,false,true,0,NaN,400333,-959.385828911|1757.47394677|-9.42477801934
195,VALID_CAMPAIGN,MICRO_MOTION,-81487572878611968,3,REVOLUTE_ONLY,1.20360001345,-0.0799995383945,0.160000180503,GUARDED_PRODUCTION,true,true,SUCCESS,NONE,1,true,true,4.50500359367e-07,false,false,false,false,0,NaN,11458,-0.132739559735|0.225034742228|5.34856127496e-08
195,VALID_CAMPAIGN,MICRO_MOTION,-81487572878611968,3,REVOLUTE_ONLY,1.20360001345,-0.0799995383945,0.160000180503,UNGUARDED_REFERENCE,false,false,MAX_ITERATIONS_UNCERTIFIED,NO_GUARDS_OR_FINAL_CERTIFICATION,800,true,false,1.37357820767,false,false,false,true,0,NaN,368542,-1044.55388711|1489.01032150|-9.42477854904
196,ADVERSARIAL_PROBES,NON_FINITE_TARGET,3107146493917028654,3,REVOLUTE_ONLY,NaN,-0.0800000000000,0.160000000000,GUARDED_PRODUCTION,false,false,INVALID_INPUT,INVALID_TARGET,0,true,true,NaN,false,false,false,false,0,NaN,3875,0.00000000000|0.00000000000|0.00000000000
196,ADVERSARIAL_PROBES,NON_FINITE_TARGET,3107146493917028654,3,REVOLUTE_ONLY,NaN,-0.0800000000000,0.160000000000,UNGUARDED_REFERENCE,false,false,MAX_ITERATIONS_UNCERTIFIED,NO_GUARDS_OR_FINAL_CERTIFICATION,800,false,false,NaN,true,false,false,true,0,NaN,297833,NaN|NaN|NaN
197,ADVERSARIAL_PROBES,INFINITE_TARGET,-5368610690645854464,3,REVOLUTE_ONLY,1.20360000000,-0.0800000000000,Infinity,GUARDED_PRODUCTION,false,false,INVALID_INPUT,INVALID_TARGET,0,true,true,Infinity,false,false,false,false,0,NaN,2292,0.00000000000|0.00000000000|0.00000000000
197,ADVERSARIAL_PROBES,INFINITE_TARGET,-5368610690645854464,3,REVOLUTE_ONLY,1.20360000000,-0.0800000000000,Infinity,UNGUARDED_REFERENCE,false,false,MAX_ITERATIONS_UNCERTIFIED,NO_GUARDS_OR_FINAL_CERTIFICATION,800,false,false,NaN,true,false,false,true,0,NaN,311416,NaN|NaN|NaN
198,ADVERSARIAL_PROBES,NON_FINITE_INITIAL_STATE,-5405005869169223775,3,REVOLUTE_ONLY,1.20360000000,-0.0800000000000,0.160000000000,GUARDED_PRODUCTION,false,false,INVALID_INPUT,INVALID_INITIAL_STATE,0,true,true,0.00000000000,false,false,false,false,0,NaN,5542,0.00000000000|0.00000000000|0.00000000000
198,ADVERSARIAL_PROBES,NON_FINITE_INITIAL_STATE,-5405005869169223775,3,REVOLUTE_ONLY,1.20360000000,-0.0800000000000,0.160000000000,UNGUARDED_REFERENCE,false,false,MAX_ITERATIONS_UNCERTIFIED,NO_GUARDS_OR_FINAL_CERTIFICATION,800,false,false,NaN,true,false,false,true,0,NaN,304375,NaN|NaN|NaN
199,ADVERSARIAL_PROBES,OVERFLOWING_GEOMETRY,-6689048613130792037,3,REVOLUTE_ONLY,0.00000000000,0.00000000000,0.00000000000,GUARDED_PRODUCTION,false,false,NUMERICAL_FAILURE,OUTPUT_VALIDATION_FAILED,1,true,true,Infinity,false,false,false,false,0,NaN,6625,0.00000000000|0.00000000000|0.00000000000
199,ADVERSARIAL_PROBES,OVERFLOWING_GEOMETRY,-6689048613130792037,3,REVOLUTE_ONLY,0.00000000000,0.00000000000,0.00000000000,UNGUARDED_REFERENCE,false,false,MAX_ITERATIONS_UNCERTIFIED,NO_GUARDS_OR_FINAL_CERTIFICATION,800,false,false,NaN,true,false,false,true,0,NaN,344333,NaN|NaN|NaN
200,VALID_CAMPAIGN,UNIFORM,1297779776731561606,3,PRISMATIC_ONLY,0.180000000000,-0.526540229152,0.678080695870,GUARDED_PRODUCTION,true,true,SUCCESS_WITH_WARNING,CRITICAL_SINGULARITY_DAMPED,47,true,true,5.80441347177e-07,false,false,false,false,0,Infinity,122166,0.339040341932|0.339040341932|0.526539648835
200,VALID_CAMPAIGN,UNIFORM,1297779776731561606,3,PRISMATIC_ONLY,0.180000000000,-0.526540229152,0.678080695870,UNGUARDED_REFERENCE,true,true,CONVERGED_UNCERTIFIED,NO_GUARDS_OR_FINAL_CERTIFICATION,3,true,true,3.86825962344e-07,false,false,false,false,0,NaN,1333,0.339040330445|0.339040330445|0.526539843911
201,VALID_CAMPAIGN,NEAR_JOINT_LIMIT,-3622592371055721043,3,PRISMATIC_ONLY,0.180000000000,-0.0200000055500,0.0400000111000,GUARDED_PRODUCTION,true,true,SUCCESS_WITH_WARNING,CRITICAL_SINGULARITY_DAMPED,127,true,true,9.19025879308e-07,false,false,false,false,0,Infinity,218541,0.0200000326075|0.0200000326075|0.0200009229813
201,VALID_CAMPAIGN,NEAR_JOINT_LIMIT,-3622592371055721043,3,PRISMATIC_ONLY,0.180000000000,-0.0200000055500,0.0400000111000,UNGUARDED_REFERENCE,true,true,CONVERGED_UNCERTIFIED,NO_GUARDS_OR_FINAL_CERTIFICATION,3,true,true,8.93344243454e-07,false,false,false,false,0,NaN,1167,0.0200001398790|0.0200001398790|0.0200008575399
202,VALID_CAMPAIGN,NEAR_SINGULARITY,1967035114817101116,3,PRISMATIC_ONLY,0.180000000000,-0.297500005550,0.595000000000,GUARDED_PRODUCTION,true,true,SUCCESS_WITH_WARNING,CRITICAL_SINGULARITY_DAMPED,91,true,true,6.36585166921e-07,false,false,false,false,0,Infinity,160083,0.297499967261|0.297499967261|0.297499372341
202,VALID_CAMPAIGN,NEAR_SINGULARITY,1967035114817101116,3,PRISMATIC_ONLY,0.180000000000,-0.297500005550,0.595000000000,UNGUARDED_REFERENCE,true,true,CONVERGED_UNCERTIFIED,NO_GUARDS_OR_FINAL_CERTIFICATION,3,true,true,5.21975962650e-07,false,false,false,false,0,NaN,1333,0.297499883161|0.297499883161|0.297499538802
203,VALID_CAMPAIGN,MICRO_MOTION,6552224865646829888,3,PRISMATIC_ONLY,0.180000000000,-0.297500061050,0.595000000000,GUARDED_PRODUCTION,true,true,SUCCESS,NONE,1,true,true,6.91814356001e-07,false,false,false,false,0,NaN,3125,0.297499967261|0.297499967261|0.297499372341
203,VALID_CAMPAIGN,MICRO_MOTION,6552224865646829888,3,PRISMATIC_ONLY,0.180000000000,-0.297500061050,0.595000000000,UNGUARDED_REFERENCE,true,true,CONVERGED_UNCERTIFIED,NO_GUARDS_OR_FINAL_CERTIFICATION,1,true,true,5.72143500734e-07,false,false,false,false,0,NaN,333,0.297499883161|0.297499883161|0.297499538802
204,VALID_CAMPAIGN,UNIFORM,1558782408801015882,3,PRISMATIC_ONLY,0.180000000000,-0.0703979227384,0.673370252134,GUARDED_PRODUCTION,true,true,SUCCESS_WITH_WARNING,CRITICAL_SINGULARITY_DAMPED,47,true,true,1.22959344771e-07,false,false,false,false,0,Infinity,81459,0.336685125377|0.336685125377|0.0703980456899
204,VALID_CAMPAIGN,UNIFORM,1558782408801015882,3,PRISMATIC_ONLY,0.180000000000,-0.0703979227384,0.673370252134,UNGUARDED_REFERENCE,true,true,CONVERGED_UNCERTIFIED,NO_GUARDS_OR_FINAL_CERTIFICATION,3,true,true,3.83402949004e-07,false,false,false,false,0,NaN,1209,0.336685109569|0.336685109569|0.0703983047187
205,VALID_CAMPAIGN,NEAR_JOINT_LIMIT,-5014488382422103499,3,PRISMATIC_ONLY,0.180000000000,-0.0200000055500,0.595000000000,GUARDED_PRODUCTION,true,true,SUCCESS_WITH_WARNING,CRITICAL_SINGULARITY_DAMPED,18,true,true,3.75281272356e-07,false,false,false,false,0,Infinity,32709,0.297500017606|0.297500017606|0.0200003791757
205,VALID_CAMPAIGN,NEAR_JOINT_LIMIT,-5014488382422103499,3,PRISMATIC_ONLY,0.180000000000,-0.0200000055500,0.595000000000,UNGUARDED_REFERENCE,true,true,CONVERGED_UNCERTIFIED,NO_GUARDS_OR_FINAL_CERTIFICATION,3,true,true,9.09647065569e-08,false,false,false,false,0,NaN,1042,0.297500016499|0.297500016499|0.0200000903189
206,VALID_CAMPAIGN,NEAR_SINGULARITY,-7251160351590640148,3,PRISMATIC_ONLY,0.180000000000,-0.297500005550,0.595000000000,GUARDED_PRODUCTION,true,true,SUCCESS_WITH_WARNING,CRITICAL_SINGULARITY_DAMPED,54,true,true,9.68415968861e-07,false,false,false,false,0,Infinity,95750,0.297500000000|0.297500000000|0.297499037134
206,VALID_CAMPAIGN,NEAR_SINGULARITY,-7251160351590640148,3,PRISMATIC_ONLY,0.180000000000,-0.297500005550,0.595000000000,UNGUARDED_REFERENCE,true,true,CONVERGED_UNCERTIFIED,NO_GUARDS_OR_FINAL_CERTIFICATION,3,true,true,4.66749307260e-07,false,false,false,false,0,NaN,1000,0.297500000000|0.297500000000|0.297499538801
207,VALID_CAMPAIGN,MICRO_MOTION,-6836712494642455281,3,PRISMATIC_ONLY,0.180000000000,-0.297500061050,0.595000000000,GUARDED_PRODUCTION,true,true,SUCCESS_WITH_WARNING,CRITICAL_SINGULARITY_DAMPED,2,true,true,1.17683036427e-07,false,false,false,false,0,Infinity,6083,0.297500000000|0.297500000000|0.297499943367
207,VALID_CAMPAIGN,MICRO_MOTION,-6836712494642455281,3,PRISMATIC_ONLY,0.180000000000,-0.297500061050,0.595000000000,UNGUARDED_REFERENCE,true,true,CONVERGED_UNCERTIFIED,NO_GUARDS_OR_FINAL_CERTIFICATION,1,true,true,5.22249307244e-07,false,false,false,false,0,NaN,375,0.297500000000|0.297500000000|0.297499538801
208,VALID_CAMPAIGN,UNIFORM,5027513706896835904,3,PRISMATIC_ONLY,0.180000000000,-0.219946409570,0.249398142336,GUARDED_PRODUCTION,true,true,SUCCESS_WITH_WARNING,CRITICAL_SINGULARITY_DAMPED,50,true,true,8.99423871903e-07,false,false,false,false,0,Infinity,86875,0.124699237883|0.124699237883|0.219947244907
208,VALID_CAMPAIGN,UNIFORM,5027513706896835904,3,PRISMATIC_ONLY,0.180000000000,-0.219946409570,0.249398142336,UNGUARDED_REFERENCE,true,true,CONVERGED_UNCERTIFIED,NO_GUARDS_OR_FINAL_CERTIFICATION,3,true,true,1.95420623918e-07,false,false,false,false,0,NaN,1000,0.124699143924|0.124699143924|0.219946540013
209,VALID_CAMPAIGN,NEAR_JOINT_LIMIT,-82191687767400430,3,PRISMATIC_ONLY,0.180000000000,-0.574999994450,1.14999998890,GUARDED_PRODUCTION,true,true,SUCCESS_WITH_WARNING,CRITICAL_SINGULARITY_DAMPED,137,true,true,1.80064493288e-07,false,false,false,false,0,Infinity,236959,0.574999986343|0.574999986343|0.574999815117
209,VALID_CAMPAIGN,NEAR_JOINT_LIMIT,-82191687767400430,3,PRISMATIC_ONLY,0.180000000000,-0.574999994450,1.14999998890,UNGUARDED_REFERENCE,true,true,CONVERGED_UNCERTIFIED,NO_GUARDS_OR_FINAL_CERTIFICATION,3,true,true,7.07406886650e-07,false,false,false,false,0,NaN,1042,0.574999804855|0.574999804855|0.574999397257
210,VALID_CAMPAIGN,NEAR_SINGULARITY,-1187609564718830006,3,PRISMATIC_ONLY,0.180000000000,-0.297500005550,0.595000000000,GUARDED_PRODUCTION,true,true,SUCCESS_WITH_WARNING,CRITICAL_SINGULARITY_DAMPED,91,true,true,6.36640981274e-07,false,false,false,false,0,Infinity,155917,0.297500032742|0.297500032742|0.297500638814
210,VALID_CAMPAIGN,NEAR_SINGULARITY,-1187609564718830006,3,PRISMATIC_ONLY,0.180000000000,-0.297500005550,0.595000000000,UNGUARDED_REFERENCE,true,true,CONVERGED_UNCERTIFIED,NO_GUARDS_OR_FINAL_CERTIFICATION,3,true,true,5.21976339552e-07,false,false,false,false,0,NaN,958,0.297500116839|0.297500116839|0.297500472298
211,VALID_CAMPAIGN,MICRO_MOTION,-7332692859779604602,3,PRISMATIC_ONLY,0.180000000000,-0.297500061050,0.595000000000,GUARDED_PRODUCTION,true,true,SUCCESS,NONE,1,true,true,5.81463371977e-07,false,false,false,false,0,NaN,3041,0.297500032742|0.297500032742|0.297500638814
211,VALID_CAMPAIGN,MICRO_MOTION,-7332692859779604602,3,PRISMATIC_ONLY,0.180000000000,-0.297500061050,0.595000000000,UNGUARDED_REFERENCE,true,true,CONVERGED_UNCERTIFIED,NO_GUARDS_OR_FINAL_CERTIFICATION,1,true,true,4.73001556656e-07,false,false,false,false,0,NaN,333,0.297500116839|0.297500116839|0.297500472298
212,VALID_CAMPAIGN,UNIFORM,2700705030682437128,3,PRISMATIC_ONLY,0.180000000000,-0.428016696268,0.665646978503,GUARDED_PRODUCTION,true,true,SUCCESS_WITH_WARNING,CRITICAL_SINGULARITY_DAMPED,30,true,true,1.76510241748e-07,false,false,false,false,0,Infinity,51958,0.332823487171|0.332823487171|0.428016519806
212,VALID_CAMPAIGN,UNIFORM,2700705030682437128,3,PRISMATIC_ONLY,0.180000000000,-0.428016696268,0.665646978503,UNGUARDED_REFERENCE,true,true,CONVERGED_UNCERTIFIED,NO_GUARDS_OR_FINAL_CERTIFICATION,3,true,true,2.21531705536e-07,false,false,false,false,0,NaN,958,0.332823474379|0.332823474379|0.428016476742
213,VALID_CAMPAIGN,NEAR_JOINT_LIMIT,-6188127226692961269,3,PRISMATIC_ONLY,0.180000000000,-0.0200000055500,0.595000000000,GUARDED_PRODUCTION,true,true,SUCCESS_WITH_WARNING,CRITICAL_SINGULARITY_DAMPED,79,true,true,1.18850470666e-07,false,false,false,false,0,Infinity,137583,0.297500000307|0.297500000307|0.0200001243989
213,VALID_CAMPAIGN,NEAR_JOINT_LIMIT,-6188127226692961269,3,PRISMATIC_ONLY,0.180000000000,-0.0200000055500,0.595000000000,UNGUARDED_REFERENCE,true,true,CONVERGED_UNCERTIFIED,NO_GUARDS_OR_FINAL_CERTIFICATION,3,true,true,6.86919866165e-07,false,false,false,false,0,NaN,917,0.297500014873|0.297500014873|0.0200006918255
214,VALID_CAMPAIGN,NEAR_SINGULARITY,2584044790578578160,3,PRISMATIC_ONLY,0.180000000000,-0.297500005550,0.595000000000,GUARDED_PRODUCTION,true,true,SUCCESS_WITH_WARNING,CRITICAL_SINGULARITY_DAMPED,54,true,true,9.68460427686e-07,false,false,false,false,0,Infinity,94250,0.297500000000|0.297500000000|0.297499037090
214,VALID_CAMPAIGN,NEAR_SINGULARITY,2584044790578578160,3,PRISMATIC_ONLY,0.180000000000,-0.297500005550,0.595000000000,UNGUARDED_REFERENCE,true,true,CONVERGED_UNCERTIFIED,NO_GUARDS_OR_FINAL_CERTIFICATION,3,true,true,4.66748295513e-07,false,false,false,false,0,NaN,875,0.297500000000|0.297500000000|0.297499538802
215,VALID_CAMPAIGN,MICRO_MOTION,-8330199295380151215,3,PRISMATIC_ONLY,0.180000000000,-0.297500061050,0.595000000000,GUARDED_PRODUCTION,true,true,SUCCESS_WITH_WARNING,CRITICAL_SINGULARITY_DAMPED,2,true,true,1.17688146284e-07,false,false,false,false,0,Infinity,4917,0.297500000000|0.297500000000|0.297499943362
215,VALID_CAMPAIGN,MICRO_MOTION,-8330199295380151215,3,PRISMATIC_ONLY,0.180000000000,-0.297500061050,0.595000000000,UNGUARDED_REFERENCE,true,true,CONVERGED_UNCERTIFIED,NO_GUARDS_OR_FINAL_CERTIFICATION,1,true,true,5.22248295498e-07,false,false,false,false,0,NaN,375,0.297500000000|0.297500000000|0.297499538802
216,VALID_CAMPAIGN,UNIFORM,-6029219655465468109,3,PRISMATIC_ONLY,0.180000000000,-0.0759518981661,0.541998713174,GUARDED_PRODUCTION,true,true,SUCCESS_WITH_WARNING,CRITICAL_SINGULARITY_DAMPED,45,true,true,4.69206921322e-07,false,false,false,false,0,Infinity,78750,0.270999359691|0.270999359691|0.0759523673320
216,VALID_CAMPAIGN,UNIFORM,-6029219655465468109,3,PRISMATIC_ONLY,0.180000000000,-0.0759518981661,0.541998713174,UNGUARDED_REFERENCE,true,true,CONVERGED_UNCERTIFIED,NO_GUARDS_OR_FINAL_CERTIFICATION,3,true,true,3.73306297639e-07,false,false,false,false,0,NaN,875,0.270999367745|0.270999367745|0.0759522708048
217,VALID_CAMPAIGN,NEAR_JOINT_LIMIT,5471572887151651246,3,PRISMATIC_ONLY,0.180000000000,-0.0200000055500,0.0400000111000,GUARDED_PRODUCTION,true,true,SUCCESS_WITH_WARNING,CRITICAL_SINGULARITY_DAMPED,69,true,true,1.82332453736e-07,false,false,false,false,0,Infinity,121416,0.0200000458152|0.0200000458152|0.0200001691348
217,VALID_CAMPAIGN,NEAR_JOINT_LIMIT,5471572887151651246,3,PRISMATIC_ONLY,0.180000000000,-0.0200000055500,0.0400000111000,UNGUARDED_REFERENCE,true,true,CONVERGED_UNCERTIFIED,NO_GUARDS_OR_FINAL_CERTIFICATION,3,true,true,2.31366985487e-07,false,false,false,false,0,NaN,958,0.0200001112310|0.0200001112310|0.0200000996606
218,VALID_CAMPAIGN,NEAR_SINGULARITY,-4807014579220948631,3,PRISMATIC_ONLY,0.180000000000,-0.297500005550,0.595000000000,GUARDED_PRODUCTION,true,true,SUCCESS_WITH_WARNING,CRITICAL_SINGULARITY_DAMPED,91,true,true,6.36638370259e-07,false,false,false,false,0,Infinity,181167,0.297499967258|0.297499967258|0.297499372288
218,VALID_CAMPAIGN,NEAR_SINGULARITY,-4807014579220948631,3,PRISMATIC_ONLY,0.180000000000,-0.297500005550,0.595000000000,UNGUARDED_REFERENCE,true,true,CONVERGED_UNCERTIFIED,NO_GUARDS_OR_FINAL_CERTIFICATION,3,true,true,5.21977113318e-07,false,false,false,false,0,NaN,958,0.297499883161|0.297499883161|0.297499538801
219,VALID_CAMPAIGN,MICRO_MOTION,-2244999513335882946,3,PRISMATIC_ONLY,0.180000000000,-0.297500061050,0.595000000000,GUARDED_PRODUCTION,true,true,SUCCESS,NONE,1,true,true,6.91867554354e-07,false,false,false,false,0,NaN,3500,0.297499967258|0.297499967258|0.297499372288
219,VALID_CAMPAIGN,MICRO_MOTION,-2244999513335882946,3,PRISMATIC_ONLY,0.180000000000,-0.297500061050,0.595000000000,UNGUARDED_REFERENCE,true,true,CONVERGED_UNCERTIFIED,NO_GUARDS_OR_FINAL_CERTIFICATION,1,true,true,5.72144674163e-07,false,false,false,false,0,NaN,334,0.297499883161|0.297499883161|0.297499538801
220,VALID_CAMPAIGN,UNIFORM,1659747021347567573,3,PRISMATIC_ONLY,0.180000000000,-0.0716968306158,0.575598377295,GUARDED_PRODUCTION,true,true,SUCCESS_WITH_WARNING,CRITICAL_SINGULARITY_DAMPED,45,true,true,7.35736183498e-07,false,false,false,false,0,Infinity,75583,0.287799190510|0.287799190510|0.0716975663426
220,VALID_CAMPAIGN,UNIFORM,1659747021347567573,3,PRISMATIC_ONLY,0.180000000000,-0.0716968306158,0.575598377295,UNGUARDED_REFERENCE,true,true,CONVERGED_UNCERTIFIED,NO_GUARDS_OR_FINAL_CERTIFICATION,3,true,true,3.79883477281e-07,false,false,false,false,0,NaN,959,0.287799192732|0.287799192732|0.0716972104115
221,VALID_CAMPAIGN,NEAR_JOINT_LIMIT,7226997502785713850,3,PRISMATIC_ONLY,0.180000000000,-0.574999994450,0.0400000111000,GUARDED_PRODUCTION,true,true,SUCCESS_WITH_WARNING,CRITICAL_SINGULARITY_DAMPED,118,true,true,9.66373017082e-07,false,false,false,false,0,Infinity,199833,0.0200000304703|0.0200000304703|0.574999029363
221,VALID_CAMPAIGN,NEAR_JOINT_LIMIT,7226997502785713850,3,PRISMATIC_ONLY,0.180000000000,-0.574999994450,0.0400000111000,UNGUARDED_REFERENCE,true,true,CONVERGED_UNCERTIFIED,NO_GUARDS_OR_FINAL_CERTIFICATION,3,true,true,8.76066821925e-07,false,false,false,false,0,NaN,917,0.0200001183044|0.0200001183044|0.574999147905
222,VALID_CAMPAIGN,NEAR_SINGULARITY,-1847371033704759370,3,PRISMATIC_ONLY,0.180000000000,-0.297500005550,0.595000000000,GUARDED_PRODUCTION,true,true,SUCCESS_WITH_WARNING,CRITICAL_SINGULARITY_DAMPED,91,true,true,6.36581177729e-07,false,false,false,false,0,Infinity,156416,0.297499967262|0.297499967262|0.297500638755
222,VALID_CAMPAIGN,NEAR_SINGULARITY,-1847371033704759370,3,PRISMATIC_ONLY,0.180000000000,-0.297500005550,0.595000000000,UNGUARDED_REFERENCE,true,true,CONVERGED_UNCERTIFIED,NO_GUARDS_OR_FINAL_CERTIFICATION,3,true,true,5.21975971149e-07,false,false,false,false,0,NaN,958,0.297499883161|0.297499883161|0.297500472298
223,VALID_CAMPAIGN,MICRO_MOTION,-4466737936363830960,3,PRISMATIC_ONLY,0.180000000000,-0.297500061050,0.595000000000,GUARDED_PRODUCTION,true,true,SUCCESS,NONE,1,true,true,5.81403566848e-07,false,false,false,false,0,NaN,3000,0.297499967262|0.297499967262|0.297500638755
223,VALID_CAMPAIGN,MICRO_MOTION,-4466737936363830960,3,PRISMATIC_ONLY,0.180000000000,-0.297500061050,0.595000000000,UNGUARDED_REFERENCE,true,true,CONVERGED_UNCERTIFIED,NO_GUARDS_OR_FINAL_CERTIFICATION,1,true,true,4.73001199318e-07,false,false,false,false,0,NaN,334,0.297499883161|0.297499883161|0.297500472298
224,VALID_CAMPAIGN,UNIFORM,-8857215951034453939,3,PRISMATIC_ONLY,0.180000000000,-0.436687736395,0.678967572212,GUARDED_PRODUCTION,true,true,SUCCESS_WITH_WARNING,CRITICAL_SINGULARITY_DAMPED,32,true,true,2.54937195236e-07,false,false,false,false,0,Infinity,55083,0.339483782256|0.339483782256|0.436687481574
224,VALID_CAMPAIGN,UNIFORM,-8857215951034453939,3,PRISMATIC_ONLY,0.180000000000,-0.436687736395,0.678967572212,UNGUARDED_REFERENCE,true,true,CONVERGED_UNCERTIFIED,NO_GUARDS_OR_FINAL_CERTIFICATION,3,true,true,2.36764602348e-07,false,false,false,false,0,NaN,958,0.339483768429|0.339483768429|0.436687502284
225,VALID_CAMPAIGN,NEAR_JOINT_LIMIT,-4780156921324744782,3,PRISMATIC_ONLY,0.180000000000,-0.574999994450,0.595000000000,GUARDED_PRODUCTION,true,true,SUCCESS_WITH_WARNING,CRITICAL_SINGULARITY_DAMPED,32,true,true,1.22290260362e-07,false,false,false,false,0,Infinity,56375,0.297500001283|0.297500001283|0.574999872187
225,VALID_CAMPAIGN,NEAR_JOINT_LIMIT,-4780156921324744782,3,PRISMATIC_ONLY,0.180000000000,-0.574999994450,0.595000000000,UNGUARDED_REFERENCE,true,true,CONVERGED_UNCERTIFIED,NO_GUARDS_OR_FINAL_CERTIFICATION,3,true,true,2.35309845265e-07,false,false,false,false,0,NaN,916,0.297500017677|0.297500017677|0.574999761811
226,VALID_CAMPAIGN,NEAR_SINGULARITY,2471389041647564316,3,PRISMATIC_ONLY,0.180000000000,-0.297500005550,0.595000000000,GUARDED_PRODUCTION,true,true,SUCCESS_WITH_WARNING,CRITICAL_SINGULARITY_DAMPED,54,true,true,9.68457894934e-07,false,false,false,false,0,Infinity,92083,0.297500000000|0.297500000000|0.297500974008
226,VALID_CAMPAIGN,NEAR_SINGULARITY,2471389041647564316,3,PRISMATIC_ONLY,0.180000000000,-0.297500005550,0.595000000000,UNGUARDED_REFERENCE,true,true,CONVERGED_UNCERTIFIED,NO_GUARDS_OR_FINAL_CERTIFICATION,3,true,true,4.66749049799e-07,false,false,false,false,0,NaN,1292,0.297500000000|0.297500000000|0.297500472299
227,VALID_CAMPAIGN,MICRO_MOTION,6486626218776093092,3,PRISMATIC_ONLY,0.180000000000,-0.297500061050,0.595000000000,GUARDED_PRODUCTION,true,true,SUCCESS,NONE,1,true,true,9.12957894950e-07,false,false,false,false,0,NaN,2875,0.297500000000|0.297500000000|0.297500974008
227,VALID_CAMPAIGN,MICRO_MOTION,6486626218776093092,3,PRISMATIC_ONLY,0.180000000000,-0.297500061050,0.595000000000,UNGUARDED_REFERENCE,true,true,CONVERGED_UNCERTIFIED,NO_GUARDS_OR_FINAL_CERTIFICATION,1,true,true,4.11249049814e-07,false,false,false,false,0,NaN,333,0.297500000000|0.297500000000|0.297500472299
228,VALID_CAMPAIGN,UNIFORM,-3652817092158378567,3,PRISMATIC_ONLY,0.180000000000,-0.125014263118,0.376646493048,GUARDED_PRODUCTION,true,true,SUCCESS_WITH_WARNING,CRITICAL_SINGULARITY_DAMPED,46,true,true,5.95453786923e-07,false,false,false,false,0,Infinity,80625,0.188323268625|0.188323268625|0.125014856929
228,VALID_CAMPAIGN,UNIFORM,-3652817092158378567,3,PRISMATIC_ONLY,0.180000000000,-0.125014263118,0.376646493048,UNGUARDED_REFERENCE,true,true,CONVERGED_UNCERTIFIED,NO_GUARDS_OR_FINAL_CERTIFICATION,3,true,true,3.04336722607e-07,false,false,false,false,0,NaN,958,0.188323292492|0.188323292492|0.125014553236
229,VALID_CAMPAIGN,NEAR_JOINT_LIMIT,-8785615457948100853,3,PRISMATIC_ONLY,0.180000000000,-0.0200000055500,0.595000000000,GUARDED_PRODUCTION,true,true,SUCCESS_WITH_WARNING,CRITICAL_SINGULARITY_DAMPED,38,true,true,4.32536102109e-07,false,false,false,false,0,Infinity,67084,0.297499973444|0.297499973444|0.0200004348128
229,VALID_CAMPAIGN,NEAR_JOINT_LIMIT,-8785615457948100853,3,PRISMATIC_ONLY,0.180000000000,-0.0200000055500,0.595000000000,UNGUARDED_REFERENCE,true,true,CONVERGED_UNCERTIFIED,NO_GUARDS_OR_FINAL_CERTIFICATION,3,true,true,1.99126020970e-07,false,false,false,false,0,NaN,1084,0.297499954032|0.297499954032|0.0200001821824
230,VALID_CAMPAIGN,NEAR_SINGULARITY,-1021480427328573338,3,PRISMATIC_ONLY,0.180000000000,-0.297500005550,0.595000000000,GUARDED_PRODUCTION,true,true,SUCCESS_WITH_WARNING,CRITICAL_SINGULARITY_DAMPED,54,true,true,9.68406260127e-07,false,false,false,false,0,Infinity,91750,0.297500000000|0.297500000000|0.297499037144
230,VALID_CAMPAIGN,NEAR_SINGULARITY,-1021480427328573338,3,PRISMATIC_ONLY,0.180000000000,-0.297500005550,0.595000000000,UNGUARDED_REFERENCE,true,true,CONVERGED_UNCERTIFIED,NO_GUARDS_OR_FINAL_CERTIFICATION,3,true,true,4.66749152717e-07,false,false,false,false,0,NaN,1000,0.297500000000|0.297500000000|0.297499538801
231,VALID_CAMPAIGN,MICRO_MOTION,-7432031979674763785,3,PRISMATIC_ONLY,0.180000000000,-0.297500061050,0.595000000000,GUARDED_PRODUCTION,true,true,SUCCESS_WITH_WARNING,CRITICAL_SINGULARITY_DAMPED,2,true,true,1.17681920542e-07,false,false,false,false,0,Infinity,4709,0.297500000000|0.297500000000|0.297499943368
231,VALID_CAMPAIGN,MICRO_MOTION,-7432031979674763785,3,PRISMATIC_ONLY,0.180000000000,-0.297500061050,0.595000000000,UNGUARDED_REFERENCE,true,true,CONVERGED_UNCERTIFIED,NO_GUARDS_OR_FINAL_CERTIFICATION,1,true,true,5.22249152701e-07,false,false,false,false,0,NaN,333,0.297500000000|0.297500000000|0.297499538801
232,VALID_CAMPAIGN,UNIFORM,-5179980142746753018,3,PRISMATIC_ONLY,0.180000000000,-0.504506318307,0.539674957247,GUARDED_PRODUCTION,true,true,SUCCESS_WITH_WARNING,CRITICAL_SINGULARITY_DAMPED,42,true,true,9.21134337751e-07,false,false,false,false,0,Infinity,73958,0.269837486115|0.269837486115|0.504505397295
232,VALID_CAMPAIGN,UNIFORM,-5179980142746753018,3,PRISMATIC_ONLY,0.180000000000,-0.504506318307,0.539674957247,UNGUARDED_REFERENCE,true,true,CONVERGED_UNCERTIFIED,NO_GUARDS_OR_FINAL_CERTIFICATION,3,true,true,3.48959614253e-07,false,false,false,false,0,NaN,916,0.269837490271|0.269837490271|0.504505970126
233,VALID_CAMPAIGN,NEAR_JOINT_LIMIT,6159075602626689724,3,PRISMATIC_ONLY,0.180000000000,-0.0200000055500,1.14999998890,GUARDED_PRODUCTION,true,true,SUCCESS_WITH_WARNING,CRITICAL_SINGULARITY_DAMPED,122,true,true,5.60572556300e-07,false,false,false,false,0,Infinity,207917,0.574999978564|0.574999978564|0.0200005652214
233,VALID_CAMPAIGN,NEAR_JOINT_LIMIT,6159075602626689724,3,PRISMATIC_ONLY,0.180000000000,-0.0200000055500,1.14999998890,UNGUARDED_REFERENCE,true,true,CONVERGED_UNCERTIFIED,NO_GUARDS_OR_FINAL_CERTIFICATION,3,true,true,8.54484885498e-07,false,false,false,false,0,NaN,917,0.574999865964|0.574999865964|0.0200008204794
234,VALID_CAMPAIGN,NEAR_SINGULARITY,686287470307199771,3,PRISMATIC_ONLY,0.180000000000,-0.297500005550,0.595000000000,GUARDED_PRODUCTION,true,true,SUCCESS_WITH_WARNING,CRITICAL_SINGULARITY_DAMPED,91,true,true,6.36612895967e-07,false,false,false,false,0,Infinity,157709,0.297500032740|0.297500032740|0.297499372314
234,VALID_CAMPAIGN,NEAR_SINGULARITY,686287470307199771,3,PRISMATIC_ONLY,0.180000000000,-0.297500005550,0.595000000000,UNGUARDED_REFERENCE,true,true,CONVERGED_UNCERTIFIED,NO_GUARDS_OR_FINAL_CERTIFICATION,3,true,true,5.21976007161e-07,false,false,false,false,0,NaN,917,0.297500116839|0.297500116839|0.297499538802
235,VALID_CAMPAIGN,MICRO_MOTION,3716288928927587550,3,PRISMATIC_ONLY,0.180000000000,-0.297500061050,0.595000000000,GUARDED_PRODUCTION,true,true,SUCCESS,NONE,1,true,true,6.91842082341e-07,false,false,false,false,0,NaN,3083,0.297500032740|0.297500032740|0.297499372314
235,VALID_CAMPAIGN,MICRO_MOTION,3716288928927587550,3,PRISMATIC_ONLY,0.180000000000,-0.297500061050,0.595000000000,UNGUARDED_REFERENCE,true,true,CONVERGED_UNCERTIFIED,NO_GUARDS_OR_FINAL_CERTIFICATION,1,true,true,5.72143547389e-07,false,false,false,false,0,NaN,334,0.297500116839|0.297500116839|0.297499538802
236,VALID_CAMPAIGN,UNIFORM,1673186714814965220,3,PRISMATIC_ONLY,0.180000000000,-0.154594390122,0.256246122066,GUARDED_PRODUCTION,true,true,SUCCESS_WITH_WARNING,CRITICAL_SINGULARITY_DAMPED,55,true,true,2.00131138419e-07,false,false,false,false,0,Infinity,95708,0.128123072814|0.128123072814|0.154594588861
236,VALID_CAMPAIGN,UNIFORM,1673186714814965220,3,PRISMATIC_ONLY,0.180000000000,-0.154594390122,0.256246122066,UNGUARDED_REFERENCE,true,true,CONVERGED_UNCERTIFIED,NO_GUARDS_OR_FINAL_CERTIFICATION,3,true,true,2.79495594225e-07,false,false,false,false,0,NaN,917,0.128123132347|0.128123132347|0.154594630486
237,VALID_CAMPAIGN,NEAR_JOINT_LIMIT,5518461923204544508,3,PRISMATIC_ONLY,0.180000000000,-0.0200000055500,0.0400000111000,GUARDED_PRODUCTION,true,true,SUCCESS_WITH_WARNING,CRITICAL_SINGULARITY_DAMPED,41,true,true,5.35691911838e-07,false,false,false,false,0,Infinity,70792,0.0200000310596|0.0200000310596|0.0200005388068
237,VALID_CAMPAIGN,NEAR_JOINT_LIMIT,5518461923204544508,3,PRISMATIC_ONLY,0.180000000000,-0.0200000055500,0.0400000111000,UNGUARDED_REFERENCE,true,true,CONVERGED_UNCERTIFIED,NO_GUARDS_OR_FINAL_CERTIFICATION,3,true,true,2.44008636218e-07,false,false,false,false,0,NaN,916,0.0200000510743|0.0200000510743|0.0200002319355
238,VALID_CAMPAIGN,NEAR_SINGULARITY,-1075997433037362064,3,PRISMATIC_ONLY,0.180000000000,-0.297500005550,0.595000000000,GUARDED_PRODUCTION,true,true,SUCCESS_WITH_WARNING,CRITICAL_SINGULARITY_DAMPED,91,true,true,6.36613457531e-07,false,false,false,false,0,Infinity,168292,0.297499967260|0.297499967260|0.297499372313
238,VALID_CAMPAIGN,NEAR_SINGULARITY,-1075997433037362064,3,PRISMATIC_ONLY,0.180000000000,-0.297500005550,0.595000000000,UNGUARDED_REFERENCE,true,true,CONVERGED_UNCERTIFIED,NO_GUARDS_OR_FINAL_CERTIFICATION,3,true,true,5.21976937034e-07,false,false,false,false,0,NaN,1333,0.297499883161|0.297499883161|0.297499538801
239,VALID_CAMPAIGN,MICRO_MOTION,3197655817558272233,3,PRISMATIC_ONLY,0.180000000000,-0.297500061050,0.595000000000,GUARDED_PRODUCTION,true,true,SUCCESS,NONE,1,true,true,6.91842643909e-07,false,false,false,false,0,NaN,3167,0.297499967260|0.297499967260|0.297499372313
239,VALID_CAMPAIGN,MICRO_MOTION,3197655817558272233,3,PRISMATIC_ONLY,0.180000000000,-0.297500061050,0.595000000000,UNGUARDED_REFERENCE,true,true,CONVERGED_UNCERTIFIED,NO_GUARDS_OR_FINAL_CERTIFICATION,1,true,true,5.72144491754e-07,false,false,false,false,0,NaN,333,0.297499883161|0.297499883161|0.297499538801
240,VALID_CAMPAIGN,UNIFORM,-7641307064080169830,3,PRISMATIC_ONLY,0.180000000000,-0.207550247496,0.190086239479,GUARDED_PRODUCTION,true,true,SUCCESS_WITH_WARNING,CRITICAL_SINGULARITY_DAMPED,58,true,true,5.08457062152e-07,false,false,false,false,0,Infinity,101125,0.0950431939832|0.0950431939832|0.207550733788
240,VALID_CAMPAIGN,UNIFORM,-7641307064080169830,3,PRISMATIC_ONLY,0.180000000000,-0.207550247496,0.190086239479,UNGUARDED_REFERENCE,true,true,CONVERGED_UNCERTIFIED,NO_GUARDS_OR_FINAL_CERTIFICATION,3,true,true,2.27935787330e-07,false,false,false,false,0,NaN,958,0.0950432049820|0.0950432049820|0.207550398789
241,VALID_CAMPAIGN,NEAR_JOINT_LIMIT,-3067308598205944404,3,PRISMATIC_ONLY,0.180000000000,-0.0200000055500,0.595000000000,GUARDED_PRODUCTION,true,true,SUCCESS_WITH_WARNING,CRITICAL_SINGULARITY_DAMPED,66,true,true,5.05052982790e-07,false,false,false,false,0,Infinity,114125,0.297499969981|0.297499969981|0.0200005070218
241,VALID_CAMPAIGN,NEAR_JOINT_LIMIT,-3067308598205944404,3,PRISMATIC_ONLY,0.180000000000,-0.0200000055500,0.595000000000,UNGUARDED_REFERENCE,true,true,CONVERGED_UNCERTIFIED,NO_GUARDS_OR_FINAL_CERTIFICATION,3,true,true,3.58577309104e-07,false,false,false,false,0,NaN,917,0.297499914757|0.297499914757|0.0200003210060
242,VALID_CAMPAIGN,NEAR_SINGULARITY,-4544181991786942105,3,PRISMATIC_ONLY,0.180000000000,-0.297500005550,0.595000000000,GUARDED_PRODUCTION,true,true,SUCCESS_WITH_WARNING,CRITICAL_SINGULARITY_DAMPED,54,true,true,9.68393659595e-07,false,false,false,false,0,Infinity,90791,0.297500000000|0.297500000000|0.297499037156
242,VALID_CAMPAIGN,NEAR_SINGULARITY,-4544181991786942105,3,PRISMATIC_ONLY,0.180000000000,-0.297500005550,0.595000000000,UNGUARDED_REFERENCE,true,true,CONVERGED_UNCERTIFIED,NO_GUARDS_OR_FINAL_CERTIFICATION,3,true,true,4.66748919237e-07,false,false,false,false,0,NaN,1125,0.297500000000|0.297500000000|0.297499538801
243,VALID_CAMPAIGN,MICRO_MOTION,-3496918318423626950,3,PRISMATIC_ONLY,0.180000000000,-0.297500061050,0.595000000000,GUARDED_PRODUCTION,true,true,SUCCESS_WITH_WARNING,CRITICAL_SINGULARITY_DAMPED,2,true,true,1.17680472311e-07,false,false,false,false,0,Infinity,5542,0.297500000000|0.297500000000|0.297499943370
243,VALID_CAMPAIGN,MICRO_MOTION,-3496918318423626950,3,PRISMATIC_ONLY,0.180000000000,-0.297500061050,0.595000000000,UNGUARDED_REFERENCE,true,true,CONVERGED_UNCERTIFIED,NO_GUARDS_OR_FINAL_CERTIFICATION,1,true,true,5.22248919221e-07,false,false,false,false,0,NaN,375,0.297500000000|0.297500000000|0.297499538801
244,VALID_CAMPAIGN,UNIFORM,1189893604177220370,3,PRISMATIC_ONLY,0.180000000000,-0.505026216512,0.364557885315,GUARDED_PRODUCTION,true,true,SUCCESS_WITH_WARNING,CRITICAL_SINGULARITY_DAMPED,52,true,true,4.86930432745e-07,false,false,false,false,0,Infinity,91083,0.182278957774|0.182278957774|0.505025730521
244,VALID_CAMPAIGN,UNIFORM,1189893604177220370,3,PRISMATIC_ONLY,0.180000000000,-0.505026216512,0.364557885315,UNGUARDED_REFERENCE,true,true,CONVERGED_UNCERTIFIED,NO_GUARDS_OR_FINAL_CERTIFICATION,3,true,true,3.62289745154e-07,false,false,false,false,0,NaN,1084,0.182278991170|0.182278991170|0.505025867456
245,VALID_CAMPAIGN,NEAR_JOINT_LIMIT,-3325644273437791872,3,PRISMATIC_ONLY,0.180000000000,-0.574999994450,0.595000000000,GUARDED_PRODUCTION,true,true,SUCCESS_WITH_WARNING,CRITICAL_SINGULARITY_DAMPED,36,true,true,4.54972794530e-07,false,false,false,false,0,Infinity,71792,0.297499954211|0.297499954211|0.574999548789
245,VALID_CAMPAIGN,NEAR_JOINT_LIMIT,-3325644273437791872,3,PRISMATIC_ONLY,0.180000000000,-0.574999994450,0.595000000000,UNGUARDED_REFERENCE,true,true,CONVERGED_UNCERTIFIED,NO_GUARDS_OR_FINAL_CERTIFICATION,3,true,true,1.52532228383e-07,false,false,false,false,0,NaN,917,0.297499951487|0.297499951487|0.574999876755
246,VALID_CAMPAIGN,NEAR_SINGULARITY,-2388269599031986782,3,PRISMATIC_ONLY,0.180000000000,-0.297500005550,0.595000000000,GUARDED_PRODUCTION,true,true,SUCCESS_WITH_WARNING,CRITICAL_SINGULARITY_DAMPED,54,true,true,9.68401461632e-07,false,false,false,false,0,Infinity,93250,0.297500000000|0.297500000000|0.297500973951
246,VALID_CAMPAIGN,NEAR_SINGULARITY,-2388269599031986782,3,PRISMATIC_ONLY,0.180000000000,-0.297500005550,0.595000000000,UNGUARDED_REFERENCE,true,true,CONVERGED_UNCERTIFIED,NO_GUARDS_OR_FINAL_CERTIFICATION,3,true,true,4.66749243144e-07,false,false,false,false,0,NaN,1000,0.297500000000|0.297500000000|0.297500472299
247,VALID_CAMPAIGN,MICRO_MOTION,-5132541596867333773,3,PRISMATIC_ONLY,0.180000000000,-0.297500061050,0.595000000000,GUARDED_PRODUCTION,true,true,SUCCESS,NONE,1,true,true,9.12901461647e-07,false,false,false,false,0,NaN,3000,0.297500000000|0.297500000000|0.297500973951
247,VALID_CAMPAIGN,MICRO_MOTION,-5132541596867333773,3,PRISMATIC_ONLY,0.180000000000,-0.297500061050,0.595000000000,UNGUARDED_REFERENCE,true,true,CONVERGED_UNCERTIFIED,NO_GUARDS_OR_FINAL_CERTIFICATION,1,true,true,4.11249243160e-07,false,false,false,false,0,NaN,333,0.297500000000|0.297500000000|0.297500472299
248,VALID_CAMPAIGN,UNIFORM,-5480287193745298068,3,PRISMATIC_ONLY,0.180000000000,-0.299923437536,0.928011106139,GUARDED_PRODUCTION,true,true,SUCCESS_WITH_WARNING,CRITICAL_SINGULARITY_DAMPED,46,true,true,7.66895825647e-07,false,false,false,false,0,Infinity,79542,0.464005170551|0.464005170551|0.299923384172
248,VALID_CAMPAIGN,UNIFORM,-5480287193745298068,3,PRISMATIC_ONLY,0.180000000000,-0.299923437536,0.928011106139,UNGUARDED_REFERENCE,true,true,CONVERGED_UNCERTIFIED,NO_GUARDS_OR_FINAL_CERTIFICATION,3,true,true,1.40270470010e-07,false,false,false,false,0,NaN,958,0.464005482964|0.464005482964|0.299923433461
249,VALID_CAMPAIGN,NEAR_JOINT_LIMIT,2082264675456266209,3,PRISMATIC_ONLY,0.180000000000,-0.574999994450,0.595000000000,GUARDED_PRODUCTION,true,true,SUCCESS_WITH_WARNING,CRITICAL_SINGULARITY_DAMPED,70,true,true,2.94901053152e-07,false,false,false,false,0,Infinity,119666,0.297500008648|0.297500008648|0.574999700057
249,VALID_CAMPAIGN,NEAR_JOINT_LIMIT,2082264675456266209,3,PRISMATIC_ONLY,0.180000000000,-0.574999994450,0.595000000000,UNGUARDED_REFERENCE,true,true,CONVERGED_UNCERTIFIED,NO_GUARDS_OR_FINAL_CERTIFICATION,3,true,true,4.83451907659e-07,false,false,false,false,0,NaN,916,0.297500070106|0.297500070106|0.574999531777
250,VALID_CAMPAIGN,NEAR_SINGULARITY,-6478891386752743167,3,PRISMATIC_ONLY,0.180000000000,-0.297500005550,0.595000000000,GUARDED_PRODUCTION,true,true,SUCCESS_WITH_WARNING,CRITICAL_SINGULARITY_DAMPED,54,true,true,9.68427858017e-07,false,false,false,false,0,Infinity,93583,0.297500000000|0.297500000000|0.297500973978
250,VALID_CAMPAIGN,NEAR_SINGULARITY,-6478891386752743167,3,PRISMATIC_ONLY,0.180000000000,-0.297500005550,0.595000000000,UNGUARDED_REFERENCE,true,true,CONVERGED_UNCERTIFIED,NO_GUARDS_OR_FINAL_CERTIFICATION,3,true,true,4.66748662886e-07,false,false,false,false,0,NaN,916,0.297500000000|0.297500000000|0.297500472299
251,VALID_CAMPAIGN,MICRO_MOTION,4562733814038191260,3,PRISMATIC_ONLY,0.180000000000,-0.297500061050,0.595000000000,GUARDED_PRODUCTION,true,true,SUCCESS,NONE,1,true,true,9.12927858032e-07,false,false,false,false,0,NaN,12958,0.297500000000|0.297500000000|0.297500973978
251,VALID_CAMPAIGN,MICRO_MOTION,4562733814038191260,3,PRISMATIC_ONLY,0.180000000000,-0.297500061050,0.595000000000,UNGUARDED_REFERENCE,true,true,CONVERGED_UNCERTIFIED,NO_GUARDS_OR_FINAL_CERTIFICATION,1,true,true,4.11248662902e-07,false,false,false,false,0,NaN,458,0.297500000000|0.297500000000|0.297500472299
252,VALID_CAMPAIGN,UNIFORM,-5115416093675581809,3,PRISMATIC_ONLY,0.180000000000,-0.382510525985,0.510591110546,GUARDED_PRODUCTION,true,true,SUCCESS_WITH_WARNING,CRITICAL_SINGULARITY_DAMPED,23,true,true,6.15501529741e-07,false,false,false,false,0,Infinity,42083,0.255295574170|0.255295574170|0.382509911645
252,VALID_CAMPAIGN,UNIFORM,-5115416093675581809,3,PRISMATIC_ONLY,0.180000000000,-0.382510525985,0.510591110546,UNGUARDED_REFERENCE,true,true,CONVERGED_UNCERTIFIED,NO_GUARDS_OR_FINAL_CERTIFICATION,3,true,true,1.47335778009e-07,false,false,false,false,0,NaN,958,0.255295573043|0.255295573043|0.382510383000
253,VALID_CAMPAIGN,NEAR_JOINT_LIMIT,-6425143311492984919,3,PRISMATIC_ONLY,0.180000000000,-0.0200000055500,0.595000000000,GUARDED_PRODUCTION,true,true,SUCCESS_WITH_WARNING,CRITICAL_SINGULARITY_DAMPED,71,true,true,1.96974354781e-07,false,false,false,false,0,Infinity,122667,0.297499999062|0.297499999062|0.0200002025154
253,VALID_CAMPAIGN,NEAR_JOINT_LIMIT,-6425143311492984919,3,PRISMATIC_ONLY,0.180000000000,-0.0200000055500,0.595000000000,UNGUARDED_REFERENCE,true,true,CONVERGED_UNCERTIFIED,NO_GUARDS_OR_FINAL_CERTIFICATION,3,true,true,6.10770072098e-07,false,false,false,false,0,NaN,1292,0.297499982230|0.297499982230|0.0200006152852
254,VALID_CAMPAIGN,NEAR_SINGULARITY,-5981380545404989718,3,PRISMATIC_ONLY,0.180000000000,-0.297500005550,0.595000000000,GUARDED_PRODUCTION,true,true,SUCCESS_WITH_WARNING,CRITICAL_SINGULARITY_DAMPED,54,true,true,9.68446796257e-07,false,false,false,false,0,Infinity,93625,0.297500000000|0.297500000000|0.297499037103
254,VALID_CAMPAIGN,NEAR_SINGULARITY,-5981380545404989718,3,PRISMATIC_ONLY,0.180000000000,-0.297500005550,0.595000000000,UNGUARDED_REFERENCE,true,true,CONVERGED_UNCERTIFIED,NO_GUARDS_OR_FINAL_CERTIFICATION,3,true,true,4.66748424299e-07,false,false,false,false,0,NaN,1291,0.297500000000|0.297500000000|0.297499538802
255,VALID_CAMPAIGN,MICRO_MOTION,2865508916215376627,3,PRISMATIC_ONLY,0.180000000000,-0.297500061050,0.595000000000,GUARDED_PRODUCTION,true,true,SUCCESS_WITH_WARNING,CRITICAL_SINGULARITY_DAMPED,2,true,true,1.17686579537e-07,false,false,false,false,0,Infinity,4833,0.297500000000|0.297500000000|0.297499943363
255,VALID_CAMPAIGN,MICRO_MOTION,2865508916215376627,3,PRISMATIC_ONLY,0.180000000000,-0.297500061050,0.595000000000,UNGUARDED_REFERENCE,true,true,CONVERGED_UNCERTIFIED,NO_GUARDS_OR_FINAL_CERTIFICATION,1,true,true,5.22248424284e-07,false,false,false,false,0,NaN,333,0.297500000000|0.297500000000|0.297499538802
256,VALID_CAMPAIGN,UNIFORM,2602972329273059024,3,PRISMATIC_ONLY,0.180000000000,-0.263954117747,0.734296046767,GUARDED_PRODUCTION,true,true,SUCCESS_WITH_WARNING,CRITICAL_SINGULARITY_DAMPED,23,true,true,2.96054342094e-07,false,false,false,false,0,Infinity,41500,0.367147985884|0.367147985884|0.263954404144
256,VALID_CAMPAIGN,UNIFORM,2602972329273059024,3,PRISMATIC_ONLY,0.180000000000,-0.263954117747,0.734296046767,UNGUARDED_REFERENCE,true,true,CONVERGED_UNCERTIFIED,NO_GUARDS_OR_FINAL_CERTIFICATION,3,true,true,8.13834592675e-08,false,false,false,false,0,NaN,1167,0.367147994059|0.367147994059|0.263954174169
257,VALID_CAMPAIGN,NEAR_JOINT_LIMIT,3981794095050521181,3,PRISMATIC_ONLY,0.180000000000,-0.0200000055500,1.14999998890,GUARDED_PRODUCTION,true,true,SUCCESS_WITH_WARNING,CRITICAL_SINGULARITY_DAMPED,73,true,true,7.15248526989e-07,false,false,false,false,0,Infinity,125334,0.574999960740|0.574999960740|0.0200007176139
257,VALID_CAMPAIGN,NEAR_JOINT_LIMIT,3981794095050521181,3,PRISMATIC_ONLY,0.180000000000,-0.0200000055500,1.14999998890,UNGUARDED_REFERENCE,true,true,CONVERGED_UNCERTIFIED,NO_GUARDS_OR_FINAL_CERTIFICATION,3,true,true,4.46096841623e-07,false,false,false,false,0,NaN,1042,0.574999906936|0.574999906936|0.0200004158760
258,VALID_CAMPAIGN,NEAR_SINGULARITY,-169278708130656952,3,PRISMATIC_ONLY,0.180000000000,-0.297500005550,0.595000000000,GUARDED_PRODUCTION,true,true,SUCCESS_WITH_WARNING,CRITICAL_SINGULARITY_DAMPED,91,true,true,6.36599226602e-07,false,false,false,false,0,Infinity,155916,0.297500032739|0.297500032739|0.297499372327
258,VALID_CAMPAIGN,NEAR_SINGULARITY,-169278708130656952,3,PRISMATIC_ONLY,0.180000000000,-0.297500005550,0.595000000000,UNGUARDED_REFERENCE,true,true,CONVERGED_UNCERTIFIED,NO_GUARDS_OR_FINAL_CERTIFICATION,3,true,true,5.21976631177e-07,false,false,false,false,0,NaN,1333,0.297500116839|0.297500116839|0.297499538801
259,VALID_CAMPAIGN,MICRO_MOTION,455958522289691099,3,PRISMATIC_ONLY,0.180000000000,-0.297500061050,0.595000000000,GUARDED_PRODUCTION,true,true,SUCCESS,NONE,1,true,true,6.91828414381e-07,false,false,false,false,0,NaN,2959,0.297500032739|0.297500032739|0.297499372327
259,VALID_CAMPAIGN,MICRO_MOTION,455958522289691099,3,PRISMATIC_ONLY,0.180000000000,-0.297500061050,0.595000000000,UNGUARDED_REFERENCE,true,true,CONVERGED_UNCERTIFIED,NO_GUARDS_OR_FINAL_CERTIFICATION,1,true,true,5.72144182707e-07,false,false,false,false,0,NaN,333,0.297500116839|0.297500116839|0.297499538801
260,VALID_CAMPAIGN,UNIFORM,-7659454697561096698,3,PRISMATIC_ONLY,0.180000000000,-0.211891761169,0.175517809424,GUARDED_PRODUCTION,true,true,SUCCESS_WITH_WARNING,CRITICAL_SINGULARITY_DAMPED,60,true,true,2.47833076610e-07,false,false,false,false,0,Infinity,102125,0.0877589373277|0.0877589373277|0.211892000263
260,VALID_CAMPAIGN,UNIFORM,-7659454697561096698,3,PRISMATIC_ONLY,0.180000000000,-0.211891761169,0.175517809424,UNGUARDED_REFERENCE,true,true,CONVERGED_UNCERTIFIED,NO_GUARDS_OR_FINAL_CERTIFICATION,3,true,true,2.27876361468e-07,false,false,false,false,0,NaN,1000,0.0877589930218|0.0877589930218|0.211891905159
261,VALID_CAMPAIGN,NEAR_JOINT_LIMIT,3804097945375788684,3,PRISMATIC_ONLY,0.180000000000,-0.574999994450,0.595000000000,GUARDED_PRODUCTION,true,true,SUCCESS_WITH_WARNING,CRITICAL_SINGULARITY_DAMPED,89,true,true,6.17804719123e-07,false,false,false,false,0,Infinity,151625,0.297499981751|0.297499981751|0.574999377724
261,VALID_CAMPAIGN,NEAR_JOINT_LIMIT,3804097945375788684,3,PRISMATIC_ONLY,0.180000000000,-0.574999994450,0.595000000000,UNGUARDED_REFERENCE,true,true,CONVERGED_UNCERTIFIED,NO_GUARDS_OR_FINAL_CERTIFICATION,3,true,true,6.35765951639e-07,false,false,false,false,0,NaN,917,0.297499911690|0.297499911690|0.574999383709
262,VALID_CAMPAIGN,NEAR_SINGULARITY,-590738955257144681,3,PRISMATIC_ONLY,0.180000000000,-0.297500005550,0.595000000000,GUARDED_PRODUCTION,true,true,SUCCESS_WITH_WARNING,CRITICAL_SINGULARITY_DAMPED,54,true,true,9.68371610677e-07,false,false,false,false,0,Infinity,96084,0.297500000000|0.297500000000|0.297500973922
262,VALID_CAMPAIGN,NEAR_SINGULARITY,-590738955257144681,3,PRISMATIC_ONLY,0.180000000000,-0.297500005550,0.595000000000,UNGUARDED_REFERENCE,true,true,CONVERGED_UNCERTIFIED,NO_GUARDS_OR_FINAL_CERTIFICATION,3,true,true,4.66748413863e-07,false,false,false,false,0,NaN,1208,0.297500000000|0.297500000000|0.297500472298
263,VALID_CAMPAIGN,MICRO_MOTION,768936064626000099,3,PRISMATIC_ONLY,0.180000000000,-0.297500061050,0.595000000000,GUARDED_PRODUCTION,true,true,SUCCESS,NONE,1,true,true,9.12871610692e-07,false,false,false,false,0,NaN,3000,0.297500000000|0.297500000000|0.297500973922
263,VALID_CAMPAIGN,MICRO_MOTION,768936064626000099,3,PRISMATIC_ONLY,0.180000000000,-0.297500061050,0.595000000000,UNGUARDED_REFERENCE,true,true,CONVERGED_UNCERTIFIED,NO_GUARDS_OR_FINAL_CERTIFICATION,1,true,true,4.11248413879e-07,false,false,false,false,0,NaN,333,0.297500000000|0.297500000000|0.297500472298
264,VALID_CAMPAIGN,UNIFORM,-3423770392008889986,3,PRISMATIC_ONLY,0.180000000000,-0.195397622956,0.264360210246,GUARDED_PRODUCTION,true,true,SUCCESS_WITH_WARNING,CRITICAL_SINGULARITY_DAMPED,50,true,true,4.87711875984e-07,false,false,false,false,0,Infinity,90000,0.132180151665|0.132180151665|0.195398101702
264,VALID_CAMPAIGN,UNIFORM,-3423770392008889986,3,PRISMATIC_ONLY,0.180000000000,-0.195397622956,0.264360210246,UNGUARDED_REFERENCE,true,true,CONVERGED_UNCERTIFIED,NO_GUARDS_OR_FINAL_CERTIFICATION,3,true,true,2.21072634482e-07,false,false,false,false,0,NaN,1166,0.132180174729|0.132180174729|0.195397794691
265,VALID_CAMPAIGN,NEAR_JOINT_LIMIT,1851229530030008853,3,PRISMATIC_ONLY,0.180000000000,-0.0200000055500,0.0400000111000,GUARDED_PRODUCTION,true,true,SUCCESS_WITH_WARNING,CRITICAL_SINGULARITY_DAMPED,47,true,true,5.18845209841e-07,false,false,false,false,0,Infinity,82000,0.0200000246306|0.0200000246306|0.0200005229899
265,VALID_CAMPAIGN,NEAR_JOINT_LIMIT,1851229530030008853,3,PRISMATIC_ONLY,0.180000000000,-0.0200000055500,0.0400000111000,UNGUARDED_REFERENCE,true,true,CONVERGED_UNCERTIFIED,NO_GUARDS_OR_FINAL_CERTIFICATION,3,true,true,3.09770569368e-07,false,false,false,false,0,NaN,1042,0.0200000527824|0.0200000527824|0.0200003005656
266,VALID_CAMPAIGN,NEAR_SINGULARITY,-8264008674144854122,3,PRISMATIC_ONLY,0.180000000000,-0.297500005550,0.595000000000,GUARDED_PRODUCTION,true,true,SUCCESS_WITH_WARNING,CRITICAL_SINGULARITY_DAMPED,91,true,true,6.36615527356e-07,false,false,false,false,0,Infinity,156542,0.297499967260|0.297499967260|0.297499372311
266,VALID_CAMPAIGN,NEAR_SINGULARITY,-8264008674144854122,3,PRISMATIC_ONLY,0.180000000000,-0.297500005550,0.595000000000,UNGUARDED_REFERENCE,true,true,CONVERGED_UNCERTIFIED,NO_GUARDS_OR_FINAL_CERTIFICATION,3,true,true,5.21976833141e-07,false,false,false,false,0,NaN,1125,0.297499883161|0.297499883161|0.297499538801
267,VALID_CAMPAIGN,MICRO_MOTION,-8174165609988696868,3,PRISMATIC_ONLY,0.180000000000,-0.297500061050,0.595000000000,GUARDED_PRODUCTION,true,true,SUCCESS,NONE,1,true,true,6.91844713500e-07,false,false,false,false,0,NaN,2917,0.297499967260|0.297499967260|0.297499372311
267,VALID_CAMPAIGN,MICRO_MOTION,-8174165609988696868,3,PRISMATIC_ONLY,0.180000000000,-0.297500061050,0.595000000000,UNGUARDED_REFERENCE,true,true,CONVERGED_UNCERTIFIED,NO_GUARDS_OR_FINAL_CERTIFICATION,1,true,true,5.72144385771e-07,false,false,false,false,0,NaN,333,0.297499883161|0.297499883161|0.297499538801
268,VALID_CAMPAIGN,UNIFORM,-2047730686753492471,3,PRISMATIC_ONLY,0.180000000000,-0.325558950686,0.645374632026,GUARDED_PRODUCTION,true,true,SUCCESS_WITH_WARNING,CRITICAL_SINGULARITY_DAMPED,13,true,true,1.35012267259e-07,false,false,false,false,0,Infinity,23458,0.322687310062|0.322687310062|0.325558816200
268,VALID_CAMPAIGN,UNIFORM,-2047730686753492471,3,PRISMATIC_ONLY,0.180000000000,-0.325558950686,0.645374632026,UNGUARDED_REFERENCE,true,true,CONVERGED_UNCERTIFIED,NO_GUARDS_OR_FINAL_CERTIFICATION,3,true,true,5.17422618489e-08,false,false,false,false,0,NaN,916,0.322687305408|0.322687305408|0.325558903491
269,VALID_CAMPAIGN,NEAR_JOINT_LIMIT,4600825157839459400,3,PRISMATIC_ONLY,0.180000000000,-0.574999994450,0.0400000111000,GUARDED_PRODUCTION,true,true,SUCCESS_WITH_WARNING,CRITICAL_SINGULARITY_DAMPED,94,true,true,3.71184286769e-07,false,false,false,false,0,Infinity,161000,0.0200000271851|0.0200000271851|0.574999625796
269,VALID_CAMPAIGN,NEAR_JOINT_LIMIT,4600825157839459400,3,PRISMATIC_ONLY,0.180000000000,-0.574999994450,0.0400000111000,UNGUARDED_REFERENCE,true,true,CONVERGED_UNCERTIFIED,NO_GUARDS_OR_FINAL_CERTIFICATION,3,true,true,4.90911361630e-07,false,false,false,false,0,NaN,1000,0.0200001329937|0.0200001329937|0.574999574895
270,VALID_CAMPAIGN,NEAR_SINGULARITY,3702960049352617694,3,PRISMATIC_ONLY,0.180000000000,-0.297500005550,0.595000000000,GUARDED_PRODUCTION,true,true,SUCCESS_WITH_WARNING,CRITICAL_SINGULARITY_DAMPED,91,true,true,6.36625224478e-07,false,false,false,false,0,Infinity,157250,0.297499967259|0.297499967259|0.297500638799
270,VALID_CAMPAIGN,NEAR_SINGULARITY,3702960049352617694,3,PRISMATIC_ONLY,0.180000000000,-0.297500005550,0.595000000000,UNGUARDED_REFERENCE,true,true,CONVERGED_UNCERTIFIED,NO_GUARDS_OR_FINAL_CERTIFICATION,3,true,true,5.21976607845e-07,false,false,false,false,0,NaN,917,0.297499883161|0.297499883161|0.297500472299
271,VALID_CAMPAIGN,MICRO_MOTION,-5412552308839275612,3,PRISMATIC_ONLY,0.180000000000,-0.297500061050,0.595000000000,GUARDED_PRODUCTION,true,true,SUCCESS,NONE,1,true,true,5.81447614702e-07,false,false,false,false,0,NaN,2875,0.297499967259|0.297499967259|0.297500638799
271,VALID_CAMPAIGN,MICRO_MOTION,-5412552308839275612,3,PRISMATIC_ONLY,0.180000000000,-0.297500061050,0.595000000000,UNGUARDED_REFERENCE,true,true,CONVERGED_UNCERTIFIED,NO_GUARDS_OR_FINAL_CERTIFICATION,1,true,true,4.73001817667e-07,false,false,false,false,0,NaN,333,0.297499883161|0.297499883161|0.297500472299
272,VALID_CAMPAIGN,UNIFORM,6240362360525337657,3,PRISMATIC_ONLY,0.180000000000,-0.514447886561,0.982915635837,GUARDED_PRODUCTION,true,true,SUCCESS_WITH_WARNING,CRITICAL_SINGULARITY_DAMPED,67,true,true,8.69085405142e-07,false,false,false,false,0,Infinity,116958,0.491457769939|0.491457769939|0.514447022789
272,VALID_CAMPAIGN,UNIFORM,6240362360525337657,3,PRISMATIC_ONLY,0.180000000000,-0.514447886561,0.982915635837,UNGUARDED_REFERENCE,true,true,CONVERGED_UNCERTIFIED,NO_GUARDS_OR_FINAL_CERTIFICATION,3,true,true,3.99786286746e-07,false,false,false,false,0,NaN,958,0.491457736254|0.491457736254|0.514447521660
273,VALID_CAMPAIGN,NEAR_JOINT_LIMIT,6374427212351974773,3,PRISMATIC_ONLY,0.180000000000,-0.574999994450,0.595000000000,GUARDED_PRODUCTION,true,true,SUCCESS_WITH_WARNING,CRITICAL_SINGULARITY_DAMPED,55,true,true,1.90265041410e-07,false,false,false,false,0,Infinity,98334,0.297500032329|0.297500032329|0.574999815508
273,VALID_CAMPAIGN,NEAR_JOINT_LIMIT,6374427212351974773,3,PRISMATIC_ONLY,0.180000000000,-0.574999994450,0.595000000000,UNGUARDED_REFERENCE,true,true,CONVERGED_UNCERTIFIED,NO_GUARDS_OR_FINAL_CERTIFICATION,3,true,true,1.92481525498e-07,false,false,false,false,0,NaN,1250,0.297500081664|0.297500081664|0.574999892602
274,VALID_CAMPAIGN,NEAR_SINGULARITY,3988692748278867008,3,PRISMATIC_ONLY,0.180000000000,-0.297500005550,0.595000000000,GUARDED_PRODUCTION,true,true,SUCCESS_WITH_WARNING,CRITICAL_SINGULARITY_DAMPED,54,true,true,9.68448004401e-07,false,false,false,false,0,Infinity,92834,0.297500000000|0.297500000000|0.297500973998
274,VALID_CAMPAIGN,NEAR_SINGULARITY,3988692748278867008,3,PRISMATIC_ONLY,0.180000000000,-0.297500005550,0.595000000000,UNGUARDED_REFERENCE,true,true,CONVERGED_UNCERTIFIED,NO_GUARDS_OR_FINAL_CERTIFICATION,3,true,true,4.66749269790e-07,false,false,false,false,0,NaN,1291,0.297500000000|0.297500000000|0.297500472299
275,VALID_CAMPAIGN,MICRO_MOTION,7386703007501502741,3,PRISMATIC_ONLY,0.180000000000,-0.297500061050,0.595000000000,GUARDED_PRODUCTION,true,true,SUCCESS,NONE,1,true,true,9.12948004417e-07,false,false,false,false,0,NaN,2959,0.297500000000|0.297500000000|0.297500973998
275,VALID_CAMPAIGN,MICRO_MOTION,7386703007501502741,3,PRISMATIC_ONLY,0.180000000000,-0.297500061050,0.595000000000,UNGUARDED_REFERENCE,true,true,CONVERGED_UNCERTIFIED,NO_GUARDS_OR_FINAL_CERTIFICATION,1,true,true,4.11249269805e-07,false,false,false,false,0,NaN,334,0.297500000000|0.297500000000|0.297500472299
276,VALID_CAMPAIGN,UNIFORM,5067482109488541874,3,PRISMATIC_ONLY,0.180000000000,-0.0774287150289,0.814327717476,GUARDED_PRODUCTION,true,true,SUCCESS_WITH_WARNING,CRITICAL_SINGULARITY_DAMPED,53,true,true,4.70832175771e-07,false,false,false,false,0,Infinity,89167,0.407163845764|0.407163845764|0.0774291851455
276,VALID_CAMPAIGN,UNIFORM,5067482109488541874,3,PRISMATIC_ONLY,0.180000000000,-0.0774287150289,0.814327717476,UNGUARDED_REFERENCE,true,true,CONVERGED_UNCERTIFIED,NO_GUARDS_OR_FINAL_CERTIFICATION,3,true,true,3.81501579970e-07,false,false,false,false,0,NaN,1166,0.407163812565|0.407163812565|0.0774290851852
277,VALID_CAMPAIGN,NEAR_JOINT_LIMIT,3309691662751000281,3,PRISMATIC_ONLY,0.180000000000,-0.574999994450,0.595000000000,GUARDED_PRODUCTION,true,true,SUCCESS_WITH_WARNING,CRITICAL_SINGULARITY_DAMPED,98,true,true,9.47017152818e-07,false,false,false,false,0,Infinity,168375,0.297500010895|0.297500010895|0.574999047684
277,VALID_CAMPAIGN,NEAR_JOINT_LIMIT,3309691662751000281,3,PRISMATIC_ONLY,0.180000000000,-0.574999994450,0.595000000000,UNGUARDED_REFERENCE,true,true,CONVERGED_UNCERTIFIED,NO_GUARDS_OR_FINAL_CERTIFICATION,3,true,true,8.41983764703e-07,false,false,false,false,0,NaN,917,0.297500046173|0.297500046173|0.574999157546
278,VALID_CAMPAIGN,NEAR_SINGULARITY,-2945281275372102344,3,PRISMATIC_ONLY,0.180000000000,-0.297500005550,0.595000000000,GUARDED_PRODUCTION,true,true,SUCCESS_WITH_WARNING,CRITICAL_SINGULARITY_DAMPED,54,true,true,9.68314018190e-07,false,false,false,false,0,Infinity,93542,0.297500000000|0.297500000000|0.297500973864
278,VALID_CAMPAIGN,NEAR_SINGULARITY,-2945281275372102344,3,PRISMATIC_ONLY,0.180000000000,-0.297500005550,0.595000000000,UNGUARDED_REFERENCE,true,true,CONVERGED_UNCERTIFIED,NO_GUARDS_OR_FINAL_CERTIFICATION,3,true,true,4.66748033445e-07,false,false,false,false,0,NaN,1000,0.297500000000|0.297500000000|0.297500472298
279,VALID_CAMPAIGN,MICRO_MOTION,2681013903720311184,3,PRISMATIC_ONLY,0.180000000000,-0.297500061050,0.595000000000,GUARDED_PRODUCTION,true,true,SUCCESS,NONE,1,true,true,9.12814018206e-07,false,false,false,false,0,NaN,3084,0.297500000000|0.297500000000|0.297500973864
279,VALID_CAMPAIGN,MICRO_MOTION,2681013903720311184,3,PRISMATIC_ONLY,0.180000000000,-0.297500061050,0.595000000000,UNGUARDED_REFERENCE,true,true,CONVERGED_UNCERTIFIED,NO_GUARDS_OR_FINAL_CERTIFICATION,1,true,true,4.11248033461e-07,false,false,false,false,0,NaN,375,0.297500000000|0.297500000000|0.297500472298
280,VALID_CAMPAIGN,UNIFORM,-7193285431090786260,3,PRISMATIC_ONLY,0.180000000000,-0.477991157177,0.730145060547,GUARDED_PRODUCTION,true,true,SUCCESS_WITH_WARNING,CRITICAL_SINGULARITY_DAMPED,41,true,true,7.28651263026e-07,false,false,false,false,0,Infinity,71084,0.365072513920|0.365072513920|0.477990429261
280,VALID_CAMPAIGN,UNIFORM,-7193285431090786260,3,PRISMATIC_ONLY,0.180000000000,-0.477991157177,0.730145060547,UNGUARDED_REFERENCE,true,true,CONVERGED_UNCERTIFIED,NO_GUARDS_OR_FINAL_CERTIFICATION,3,true,true,3.08868334416e-07,false,false,false,false,0,NaN,1333,0.365072501823|0.365072501823|0.477990853596
281,VALID_CAMPAIGN,NEAR_JOINT_LIMIT,7771368034065773760,3,PRISMATIC_ONLY,0.180000000000,-0.574999994450,1.14999998890,GUARDED_PRODUCTION,true,true,SUCCESS_WITH_WARNING,CRITICAL_SINGULARITY_DAMPED,61,true,true,1.40128535163e-07,false,false,false,false,0,Infinity,104542,0.574999979713|0.574999979713|0.574999857456
281,VALID_CAMPAIGN,NEAR_JOINT_LIMIT,7771368034065773760,3,PRISMATIC_ONLY,0.180000000000,-0.574999994450,1.14999998890,UNGUARDED_REFERENCE,true,true,CONVERGED_UNCERTIFIED,NO_GUARDS_OR_FINAL_CERTIFICATION,3,true,true,2.40568913679e-07,false,false,false,false,0,NaN,958,0.574999906062|0.574999906062|0.574999831283
282,VALID_CAMPAIGN,NEAR_SINGULARITY,8521965548904739179,3,PRISMATIC_ONLY,0.180000000000,-0.297500005550,0.595000000000,GUARDED_PRODUCTION,true,true,SUCCESS_WITH_WARNING,CRITICAL_SINGULARITY_DAMPED,91,true,true,6.36643132091e-07,false,false,false,false,0,Infinity,153792,0.297500032742|0.297500032742|0.297500638816
282,VALID_CAMPAIGN,NEAR_SINGULARITY,8521965548904739179,3,PRISMATIC_ONLY,0.180000000000,-0.297500005550,0.595000000000,UNGUARDED_REFERENCE,true,true,CONVERGED_UNCERTIFIED,NO_GUARDS_OR_FINAL_CERTIFICATION,3,true,true,5.21977030460e-07,false,false,false,false,0,NaN,875,0.297500116839|0.297500116839|0.297500472299
283,VALID_CAMPAIGN,MICRO_MOTION,8957811752018252409,3,PRISMATIC_ONLY,0.180000000000,-0.297500061050,0.595000000000,GUARDED_PRODUCTION,true,true,SUCCESS,NONE,1,true,true,5.81465522802e-07,false,false,false,false,0,NaN,2875,0.297500032742|0.297500032742|0.297500638816
283,VALID_CAMPAIGN,MICRO_MOTION,8957811752018252409,3,PRISMATIC_ONLY,0.180000000000,-0.297500061050,0.595000000000,UNGUARDED_REFERENCE,true,true,CONVERGED_UNCERTIFIED,NO_GUARDS_OR_FINAL_CERTIFICATION,1,true,true,4.73002233443e-07,false,false,false,false,0,NaN,375,0.297500116839|0.297500116839|0.297500472299
284,VALID_CAMPAIGN,UNIFORM,155099267157223980,3,PRISMATIC_ONLY,0.180000000000,-0.462848371448,0.561939730659,GUARDED_PRODUCTION,true,true,SUCCESS_WITH_WARNING,CRITICAL_SINGULARITY_DAMPED,35,true,true,1.20551395262e-07,false,false,false,false,0,Infinity,62041,0.280969865729|0.280969865729|0.462848250900
284,VALID_CAMPAIGN,UNIFORM,155099267157223980,3,PRISMATIC_ONLY,0.180000000000,-0.462848371448,0.561939730659,UNGUARDED_REFERENCE,true,true,CONVERGED_UNCERTIFIED,NO_GUARDS_OR_FINAL_CERTIFICATION,3,true,true,2.78459987027e-07,false,false,false,false,0,NaN,875,0.280969872289|0.280969872289|0.462848093336
285,VALID_CAMPAIGN,NEAR_JOINT_LIMIT,-700260662697790786,3,PRISMATIC_ONLY,0.180000000000,-0.574999994450,0.595000000000,GUARDED_PRODUCTION,true,true,SUCCESS_WITH_WARNING,CRITICAL_SINGULARITY_DAMPED,25,true,true,6.15576100158e-07,false,false,false,false,0,Infinity,43125,0.297499994534|0.297499994534|0.574999378971
285,VALID_CAMPAIGN,NEAR_JOINT_LIMIT,-700260662697790786,3,PRISMATIC_ONLY,0.180000000000,-0.574999994450,0.595000000000,UNGUARDED_REFERENCE,true,true,CONVERGED_UNCERTIFIED,NO_GUARDS_OR_FINAL_CERTIFICATION,3,true,true,1.89150135988e-07,false,false,false,false,0,NaN,917,0.297499993040|0.297499993040|0.574999805813
286,VALID_CAMPAIGN,NEAR_SINGULARITY,4009375068397072949,3,PRISMATIC_ONLY,0.180000000000,-0.297500005550,0.595000000000,GUARDED_PRODUCTION,true,true,SUCCESS_WITH_WARNING,CRITICAL_SINGULARITY_DAMPED,54,true,true,9.68371828225e-07,false,false,false,false,0,Infinity,94875,0.297500000000|0.297500000000|0.297500973922
286,VALID_CAMPAIGN,NEAR_SINGULARITY,4009375068397072949,3,PRISMATIC_ONLY,0.180000000000,-0.297500005550,0.595000000000,UNGUARDED_REFERENCE,true,true,CONVERGED_UNCERTIFIED,NO_GUARDS_OR_FINAL_CERTIFICATION,3,true,true,4.66749123851e-07,false,false,false,false,0,NaN,917,0.297500000000|0.297500000000|0.297500472299
287,VALID_CAMPAIGN,MICRO_MOTION,8761691256235318394,3,PRISMATIC_ONLY,0.180000000000,-0.297500061050,0.595000000000,GUARDED_PRODUCTION,true,true,SUCCESS,NONE,1,true,true,9.12871828240e-07,false,false,false,false,0,NaN,2917,0.297500000000|0.297500000000|0.297500973922
287,VALID_CAMPAIGN,MICRO_MOTION,8761691256235318394,3,PRISMATIC_ONLY,0.180000000000,-0.297500061050,0.595000000000,UNGUARDED_REFERENCE,true,true,CONVERGED_UNCERTIFIED,NO_GUARDS_OR_FINAL_CERTIFICATION,1,true,true,4.11249123866e-07,false,false,false,false,0,NaN,333,0.297500000000|0.297500000000|0.297500472299
288,VALID_CAMPAIGN,UNIFORM,-5724700809209802151,3,PRISMATIC_ONLY,0.180000000000,-0.0675065489579,0.880601492385,GUARDED_PRODUCTION,true,true,SUCCESS_WITH_WARNING,CRITICAL_SINGULARITY_DAMPED,60,true,true,1.80527641250e-07,false,false,false,false,0,Infinity,109500,0.440300741317|0.440300741317|0.0675067292220
288,VALID_CAMPAIGN,UNIFORM,-5724700809209802151,3,PRISMATIC_ONLY,0.180000000000,-0.0675065489579,0.880601492385,UNGUARDED_REFERENCE,true,true,CONVERGED_UNCERTIFIED,NO_GUARDS_OR_FINAL_CERTIFICATION,3,true,true,4.05103980132e-07,false,false,false,false,0,NaN,1291,0.440300686068|0.440300686068|0.0675069358031
289,VALID_CAMPAIGN,NEAR_JOINT_LIMIT,-6720047332103366672,3,PRISMATIC_ONLY,0.180000000000,-0.0200000055500,0.0400000111000,GUARDED_PRODUCTION,true,true,SUCCESS_WITH_WARNING,CRITICAL_SINGULARITY_DAMPED,111,true,true,9.73394163503e-07,false,false,false,false,0,Infinity,202375,0.0200004093275|0.0200004093275|0.0200005490121
289,VALID_CAMPAIGN,NEAR_JOINT_LIMIT,-6720047332103366672,3,PRISMATIC_ONLY,0.180000000000,-0.0200000055500,0.0400000111000,UNGUARDED_REFERENCE,true,true,CONVERGED_UNCERTIFIED,NO_GUARDS_OR_FINAL_CERTIFICATION,3,true,true,3.62835492409e-07,false,false,false,false,0,NaN,958,0.0200001825137|0.0200001825137|0.0200000854557
290,VALID_CAMPAIGN,NEAR_SINGULARITY,8764201771434689501,3,PRISMATIC_ONLY,0.180000000000,-0.297500005550,0.595000000000,GUARDED_PRODUCTION,true,true,SUCCESS_WITH_WARNING,CRITICAL_SINGULARITY_DAMPED,91,true,true,6.36558924137e-07,false,false,false,false,0,Infinity,208125,0.297499967263|0.297499967263|0.297499372367
290,VALID_CAMPAIGN,NEAR_SINGULARITY,8764201771434689501,3,PRISMATIC_ONLY,0.180000000000,-0.297500005550,0.595000000000,UNGUARDED_REFERENCE,true,true,CONVERGED_UNCERTIFIED,NO_GUARDS_OR_FINAL_CERTIFICATION,3,true,true,5.21977125666e-07,false,false,false,false,0,NaN,1500,0.297499883161|0.297499883161|0.297499538801
291,VALID_CAMPAIGN,MICRO_MOTION,158115426433869731,3,PRISMATIC_ONLY,0.180000000000,-0.297500061050,0.595000000000,GUARDED_PRODUCTION,true,true,SUCCESS,NONE,1,true,true,6.91788117942e-07,false,false,false,false,0,NaN,5834,0.297499967263|0.297499967263|0.297499372367
291,VALID_CAMPAIGN,MICRO_MOTION,158115426433869731,3,PRISMATIC_ONLY,0.180000000000,-0.297500061050,0.595000000000,UNGUARDED_REFERENCE,true,true,CONVERGED_UNCERTIFIED,NO_GUARDS_OR_FINAL_CERTIFICATION,1,true,true,5.72144687744e-07,false,false,false,false,0,NaN,334,0.297499883161|0.297499883161|0.297499538801
292,VALID_CAMPAIGN,UNIFORM,-5482977580360900217,3,PRISMATIC_ONLY,0.180000000000,-0.207938552994,0.681140195922,GUARDED_PRODUCTION,true,true,SUCCESS_WITH_WARNING,CRITICAL_SINGULARITY_DAMPED,24,true,true,4.53383793353e-07,false,false,false,false,0,Infinity,44917,0.340570085088|0.340570085088|0.207939005647
292,VALID_CAMPAIGN,UNIFORM,-5482977580360900217,3,PRISMATIC_ONLY,0.180000000000,-0.207938552994,0.681140195922,UNGUARDED_REFERENCE,true,true,CONVERGED_UNCERTIFIED,NO_GUARDS_OR_FINAL_CERTIFICATION,3,true,true,1.54944375855e-07,false,false,false,false,0,NaN,1458,0.340570079827|0.340570079827|0.207938703634
293,VALID_CAMPAIGN,NEAR_JOINT_LIMIT,-5908036757355168789,3,PRISMATIC_ONLY,0.180000000000,-0.0200000055500,0.0400000111000,GUARDED_PRODUCTION,true,true,SUCCESS_WITH_WARNING,CRITICAL_SINGULARITY_DAMPED,93,true,true,3.36816094461e-07,false,false,false,false,0,Infinity,171625,0.0200000334454|0.0200000334454|0.0200003377133
293,VALID_CAMPAIGN,NEAR_JOINT_LIMIT,-5908036757355168789,3,PRISMATIC_ONLY,0.180000000000,-0.0200000055500,0.0400000111000,UNGUARDED_REFERENCE,true,true,CONVERGED_UNCERTIFIED,NO_GUARDS_OR_FINAL_CERTIFICATION,3,true,true,4.15687295778e-07,false,false,false,false,0,NaN,1000,0.0200001405231|0.0200001405231|0.0200003216591
294,VALID_CAMPAIGN,NEAR_SINGULARITY,8648152792602041736,3,PRISMATIC_ONLY,0.180000000000,-0.297500005550,0.595000000000,GUARDED_PRODUCTION,true,true,SUCCESS_WITH_WARNING,CRITICAL_SINGULARITY_DAMPED,91,true,true,6.36627811625e-07,false,false,false,false,0,Infinity,167875,0.297499967259|0.297499967259|0.297499372299
294,VALID_CAMPAIGN,NEAR_SINGULARITY,8648152792602041736,3,PRISMATIC_ONLY,0.180000000000,-0.297500005550,0.595000000000,UNGUARDED_REFERENCE,true,true,CONVERGED_UNCERTIFIED,NO_GUARDS_OR_FINAL_CERTIFICATION,3,true,true,5.21976768370e-07,false,false,false,false,0,NaN,1292,0.297499883161|0.297499883161|0.297499538801
295,VALID_CAMPAIGN,MICRO_MOTION,-4679568672424392842,3,PRISMATIC_ONLY,0.180000000000,-0.297500061050,0.595000000000,GUARDED_PRODUCTION,true,true,SUCCESS,NONE,1,true,true,6.91856996651e-07,false,false,false,false,0,NaN,4791,0.297499967259|0.297499967259|0.297499372299
295,VALID_CAMPAIGN,MICRO_MOTION,-4679568672424392842,3,PRISMATIC_ONLY,0.180000000000,-0.297500061050,0.595000000000,UNGUARDED_REFERENCE,true,true,CONVERGED_UNCERTIFIED,NO_GUARDS_OR_FINAL_CERTIFICATION,1,true,true,5.72144323239e-07,false,false,false,false,0,NaN,500,0.297499883161|0.297499883161|0.297499538801
296,ADVERSARIAL_PROBES,NON_FINITE_TARGET,-3624096621232481308,3,PRISMATIC_ONLY,NaN,-0.297500000000,0.595000000000,GUARDED_PRODUCTION,false,false,INVALID_INPUT,INVALID_TARGET,0,true,true,NaN,false,false,false,false,0,NaN,3416,0.297500000000|0.297500000000|0.297500000000
296,ADVERSARIAL_PROBES,NON_FINITE_TARGET,-3624096621232481308,3,PRISMATIC_ONLY,NaN,-0.297500000000,0.595000000000,UNGUARDED_REFERENCE,false,false,MAX_ITERATIONS_UNCERTIFIED,NO_GUARDS_OR_FINAL_CERTIFICATION,800,false,false,NaN,true,false,false,true,0,NaN,272917,NaN|NaN|NaN
297,ADVERSARIAL_PROBES,INFINITE_TARGET,608855407681633519,3,PRISMATIC_ONLY,0.180000000000,-0.297500000000,Infinity,GUARDED_PRODUCTION,false,false,INVALID_INPUT,INVALID_TARGET,0,true,true,Infinity,false,false,false,false,0,NaN,1958,0.297500000000|0.297500000000|0.297500000000
297,ADVERSARIAL_PROBES,INFINITE_TARGET,608855407681633519,3,PRISMATIC_ONLY,0.180000000000,-0.297500000000,Infinity,UNGUARDED_REFERENCE,false,false,MAX_ITERATIONS_UNCERTIFIED,NO_GUARDS_OR_FINAL_CERTIFICATION,800,false,false,NaN,true,false,false,true,0,NaN,271084,NaN|NaN|NaN
298,ADVERSARIAL_PROBES,NON_FINITE_INITIAL_STATE,4069322230061887762,3,PRISMATIC_ONLY,0.180000000000,-0.297500000000,0.595000000000,GUARDED_PRODUCTION,false,false,INVALID_INPUT,INVALID_INITIAL_STATE,0,true,true,0.00000000000,false,false,false,false,0,NaN,4166,0.297500000000|0.297500000000|0.297500000000
298,ADVERSARIAL_PROBES,NON_FINITE_INITIAL_STATE,4069322230061887762,3,PRISMATIC_ONLY,0.180000000000,-0.297500000000,0.595000000000,UNGUARDED_REFERENCE,false,false,MAX_ITERATIONS_UNCERTIFIED,NO_GUARDS_OR_FINAL_CERTIFICATION,800,false,false,NaN,true,false,false,true,0,NaN,272959,NaN|NaN|NaN
299,ADVERSARIAL_PROBES,OVERFLOWING_GEOMETRY,-2045388527324849063,3,PRISMATIC_ONLY,0.00000000000,0.00000000000,0.00000000000,GUARDED_PRODUCTION,false,false,NUMERICAL_FAILURE,OUTPUT_VALIDATION_FAILED,1,true,true,Infinity,false,false,false,false,0,NaN,3875,0.297500000000|0.297500000000|0.297500000000
299,ADVERSARIAL_PROBES,OVERFLOWING_GEOMETRY,-2045388527324849063,3,PRISMATIC_ONLY,0.00000000000,0.00000000000,0.00000000000,UNGUARDED_REFERENCE,false,false,MAX_ITERATIONS_UNCERTIFIED,NO_GUARDS_OR_FINAL_CERTIFICATION,800,false,false,NaN,true,false,false,true,0,NaN,276583,NaN|NaN|NaN
300,VALID_CAMPAIGN,UNIFORM,2451698051160873939,3,MIXED,-1.03785226861,0.514340447618,0.160000000000,GUARDED_PRODUCTION,true,true,SUCCESS_WITH_WARNING,CRITICAL_SINGULARITY_DAMPED,474,true,true,2.53896786513e-07,false,false,false,false,0,Infinity,813625,3.02880913235|-0.473137918554|0.0804874086194
300,VALID_CAMPAIGN,UNIFORM,2451698051160873939,3,MIXED,-1.03785226861,0.514340447618,0.160000000000,UNGUARDED_REFERENCE,true,false,CONVERGED_UNCERTIFIED,NO_GUARDS_OR_FINAL_CERTIFICATION,9,true,false,7.89980600422e-07,false,true,false,true,0,NaN,3792,6.14212943616|-10.7720120701|-1.47520078521
301,VALID_CAMPAIGN,NEAR_JOINT_LIMIT,2306201754018242112,3,MIXED,0.00156338188776,-0.504472599206,0.160000000000,GUARDED_PRODUCTION,false,false,MAX_ITERATIONS_REACHED,CRITICAL_SINGULARITY_DAMPED,800,true,true,0.856053115317,false,false,false,false,0,Infinity,1262583,3.14159265359|-2.37713844122|0.213084346942
301,VALID_CAMPAIGN,NEAR_JOINT_LIMIT,2306201754018242112,3,MIXED,0.00156338188776,-0.504472599206,0.160000000000,UNGUARDED_REFERENCE,true,false,CONVERGED_UNCERTIFIED,NO_GUARDS_OR_FINAL_CERTIFICATION,10,true,false,5.65143096318e-10,false,true,false,true,0,NaN,4291,0.0446819096493|-8.45625583238|0.140133281222
302,VALID_CAMPAIGN,NEAR_SINGULARITY,-1145796767853478323,3,MIXED,1.20360000455,-0.297499963586,0.160000000000,GUARDED_PRODUCTION,true,true,SUCCESS_WITH_WARNING,CRITICAL_SINGULARITY_DAMPED,92,true,true,5.49383803656e-07,false,false,false,false,0,Infinity,175000,-0.169206878576|0.200628274753|0.236399864520
302,VALID_CAMPAIGN,NEAR_SINGULARITY,-1145796767853478323,3,MIXED,1.20360000455,-0.297499963586,0.160000000000,UNGUARDED_REFERENCE,true,false,CONVERGED_UNCERTIFIED,NO_GUARDS_OR_FINAL_CERTIFICATION,12,true,false,5.95423629809e-10,false,true,false,true,0,NaN,4917,0.273764520739|-20.2366062865|-0.461148046605
303,VALID_CAMPAIGN,MICRO_MOTION,4229280917556332338,3,MIXED,1.20360005003,-0.297499599444,0.160000000000,GUARDED_PRODUCTION,true,true,SUCCESS,NONE,1,true,true,6.21380139629e-07,false,false,false,false,0,NaN,3125,-0.169206878576|0.200628274753|0.236399864520
303,VALID_CAMPAIGN,MICRO_MOTION,4229280917556332338,3,MIXED,1.20360005003,-0.297499599444,0.160000000000,UNGUARDED_REFERENCE,true,false,CONVERGED_UNCERTIFIED,NO_GUARDS_OR_FINAL_CERTIFICATION,1,true,false,3.66869741590e-07,false,true,false,true,0,NaN,416,0.273764520739|-20.2366062865|-0.461148046605
304,VALID_CAMPAIGN,UNIFORM,2039303911865696391,3,MIXED,0.700660176023,0.120853353153,0.160000000000,GUARDED_PRODUCTION,true,true,SUCCESS_WITH_WARNING,CRITICAL_SINGULARITY_DAMPED,51,true,true,7.50370406002e-07,false,false,false,false,0,Infinity,97750,1.44873989365|-1.67850231892|0.215478106301
304,VALID_CAMPAIGN,UNIFORM,2039303911865696391,3,MIXED,0.700660176023,0.120853353153,0.160000000000,UNGUARDED_REFERENCE,true,false,CONVERGED_UNCERTIFIED,NO_GUARDS_OR_FINAL_CERTIFICATION,8,true,false,2.53768328718e-09,false,true,false,true,0,NaN,3083,1.56769311682|-21.3771034232|-0.357688616981
305,VALID_CAMPAIGN,NEAR_JOINT_LIMIT,3735717498669443941,3,MIXED,0.413388554347,0.0750253091393,0.160000000000,GUARDED_PRODUCTION,true,true,SUCCESS_WITH_WARNING,CRITICAL_SINGULARITY_DAMPED,19,true,true,1.65747444384e-07,false,false,false,false,0,Infinity,36333,2.05976638775|-2.27181609347|0.218381693586
305,VALID_CAMPAIGN,NEAR_JOINT_LIMIT,3735717498669443941,3,MIXED,0.413388554347,0.0750253091393,0.160000000000,UNGUARDED_REFERENCE,true,false,CONVERGED_UNCERTIFIED,NO_GUARDS_OR_FINAL_CERTIFICATION,5,true,false,7.51175535988e-09,false,true,false,true,0,NaN,2166,2.23168901129|-21.9407582707|-0.337166267742
306,VALID_CAMPAIGN,NEAR_SINGULARITY,4099558930179196825,3,MIXED,1.20360000455,-0.297499963586,0.160000000000,GUARDED_PRODUCTION,true,true,SUCCESS_WITH_WARNING,CRITICAL_SINGULARITY_DAMPED,77,true,true,5.32267460194e-07,false,false,false,false,0,Infinity,141625,-0.182852765281|0.220280499054|0.234038705992
306,VALID_CAMPAIGN,NEAR_SINGULARITY,4099558930179196825,3,MIXED,1.20360000455,-0.297499963586,0.160000000000,UNGUARDED_REFERENCE,true,false,CONVERGED_UNCERTIFIED,NO_GUARDS_OR_FINAL_CERTIFICATION,12,true,false,4.82042589287e-09,false,true,false,true,0,NaN,5083,-0.374558491449|-18.9717602110|-0.251659274242
307,VALID_CAMPAIGN,MICRO_MOTION,-8846173743344364832,3,MIXED,1.20360005003,-0.297499599444,0.160000000000,GUARDED_PRODUCTION,true,true,SUCCESS,NONE,1,true,true,6.08094123785e-07,false,false,false,false,0,NaN,2958,-0.182852765281|0.220280499054|0.234038705992
307,VALID_CAMPAIGN,MICRO_MOTION,-8846173743344364832,3,MIXED,1.20360005003,-0.297499599444,0.160000000000,UNGUARDED_REFERENCE,true,false,CONVERGED_UNCERTIFIED,NO_GUARDS_OR_FINAL_CERTIFICATION,1,true,false,3.66502913677e-07,false,true,false,true,0,NaN,417,-0.374558491449|-18.9717602110|-0.251659274242
308,VALID_CAMPAIGN,UNIFORM,3238311584422495138,3,MIXED,0.604601011887,-0.987600343899,0.160000000000,GUARDED_PRODUCTION,true,true,SUCCESS_WITH_WARNING,CRITICAL_SINGULARITY_DAMPED,24,true,true,5.39492041221e-08,false,false,false,false,0,Infinity,44542,-0.578925489638|-0.432741162121|0.219175852630
308,VALID_CAMPAIGN,UNIFORM,3238311584422495138,3,MIXED,0.604601011887,-0.987600343899,0.160000000000,UNGUARDED_REFERENCE,true,false,CONVERGED_UNCERTIFIED,NO_GUARDS_OR_FINAL_CERTIFICATION,9,true,false,6.01826289031e-10,false,true,false,true,0,NaN,4125,-1.41922495405|-18.4128819701|-0.164558544033
309,VALID_CAMPAIGN,NEAR_JOINT_LIMIT,-1061641788189424144,3,MIXED,-0.382576065803,-0.905049523662,0.160000000000,GUARDED_PRODUCTION,true,true,SUCCESS_WITH_WARNING,CRITICAL_SINGULARITY_DAMPED,26,true,true,1.12398589727e-07,false,false,false,false,0,Infinity,48708,-1.14383600411|-1.03334403042|0.224309057716
309,VALID_CAMPAIGN,NEAR_JOINT_LIMIT,-1061641788189424144,3,MIXED,-0.382576065803,-0.905049523662,0.160000000000,UNGUARDED_REFERENCE,true,false,CONVERGED_UNCERTIFIED,NO_GUARDS_OR_FINAL_CERTIFICATION,7,true,false,2.13062785764e-08,false,true,false,true,0,NaN,2917,-2.73762534026|-17.7098471484|-0.0923652491849
310,VALID_CAMPAIGN,NEAR_SINGULARITY,176192826193301638,3,MIXED,1.20360000455,-0.297499963586,0.160000000000,GUARDED_PRODUCTION,true,true,SUCCESS_WITH_WARNING,CRITICAL_SINGULARITY_DAMPED,74,true,true,5.16347321417e-07,false,false,false,false,0,Infinity,124292,-0.178594819250|0.214082582469|0.234725875746
310,VALID_CAMPAIGN,NEAR_SINGULARITY,176192826193301638,3,MIXED,1.20360000455,-0.297499963586,0.160000000000,UNGUARDED_REFERENCE,false,false,MAX_ITERATIONS_UNCERTIFIED,NO_GUARDS_OR_FINAL_CERTIFICATION,800,true,false,1.54455405080,false,false,false,true,0,NaN,305042,-3.48379407890|-16.7052868754|0.0196988488103
311,VALID_CAMPAIGN,MICRO_MOTION,7488096528476223505,3,MIXED,1.20360005003,-0.297499599444,0.160000000000,GUARDED_PRODUCTION,true,true,SUCCESS,NONE,1,true,true,5.95265854623e-07,false,false,false,false,0,NaN,3250,-0.178594819250|0.214082582469|0.234725875746
311,VALID_CAMPAIGN,MICRO_MOTION,7488096528476223505,3,MIXED,1.20360005003,-0.297499599444,0.160000000000,UNGUARDED_REFERENCE,false,false,MAX_ITERATIONS_UNCERTIFIED,NO_GUARDS_OR_FINAL_CERTIFICATION,800,true,false,1.54455397869,false,false,false,true,0,NaN,290417,-3.48379384416|-16.7052867928|0.0196988470424
312,VALID_CAMPAIGN,UNIFORM,-195921291939052455,3,MIXED,0.915578197693,-0.872198274491,0.160000000000,GUARDED_PRODUCTION,true,true,SUCCESS_WITH_WARNING,CRITICAL_SINGULARITY_DAMPED,34,true,true,9.47826024679e-07,false,false,false,false,0,Infinity,63500,-0.746201679724|0.376458129898|0.300189611320
312,VALID_CAMPAIGN,UNIFORM,-195921291939052455,3,MIXED,0.915578197693,-0.872198274491,0.160000000000,UNGUARDED_REFERENCE,true,false,CONVERGED_UNCERTIFIED,NO_GUARDS_OR_FINAL_CERTIFICATION,14,true,false,2.79879102969e-07,false,true,false,true,0,NaN,5834,-13.0024003679|-13.5964167376|-0.394503018159
313,VALID_CAMPAIGN,NEAR_JOINT_LIMIT,4078170412329792060,3,MIXED,0.00156338188776,-0.504472599206,0.160000000000,GUARDED_PRODUCTION,true,true,SUCCESS_WITH_WARNING,CRITICAL_SINGULARITY_DAMPED,63,true,true,6.17584066419e-08,false,false,false,false,0,Infinity,133333,0.126848492180|-2.07567989575|0.246113073949
313,VALID_CAMPAIGN,NEAR_JOINT_LIMIT,4078170412329792060,3,MIXED,0.00156338188776,-0.504472599206,0.160000000000,UNGUARDED_REFERENCE,false,false,MAX_ITERATIONS_UNCERTIFIED,NO_GUARDS_OR_FINAL_CERTIFICATION,800,true,false,1.07579788264,false,false,false,true,0,NaN,324875,-50.7138838075|20.9556439563|0.0211583113845
314,VALID_CAMPAIGN,NEAR_SINGULARITY,8765274635680991501,3,MIXED,1.20360000455,-0.297499963586,0.160000000000,GUARDED_PRODUCTION,true,true,SUCCESS_WITH_WARNING,CRITICAL_SINGULARITY_DAMPED,64,true,true,4.20302985752e-07,false,false,false,false,0,Infinity,116542,-0.129825974504|0.147236784528|0.245702167516
314,VALID_CAMPAIGN,NEAR_SINGULARITY,8765274635680991501,3,MIXED,1.20360000455,-0.297499963586,0.160000000000,UNGUARDED_REFERENCE,true,false,CONVERGED_UNCERTIFIED,NO_GUARDS_OR_FINAL_CERTIFICATION,13,true,false,1.19325677918e-08,false,true,false,true,0,NaN,4833,-50.7353413407|19.6128553989|0.290308494198
315,VALID_CAMPAIGN,MICRO_MOTION,4289921454794783591,3,MIXED,1.20360005003,-0.297499599444,0.160000000000,GUARDED_PRODUCTION,true,true,SUCCESS,NONE,1,true,true,5.20956066195e-07,false,false,false,false,0,NaN,2875,-0.129825974504|0.147236784528|0.245702167516
315,VALID_CAMPAIGN,MICRO_MOTION,4289921454794783591,3,MIXED,1.20360005003,-0.297499599444,0.160000000000,UNGUARDED_REFERENCE,true,false,CONVERGED_UNCERTIFIED,NO_GUARDS_OR_FINAL_CERTIFICATION,1,true,false,3.66057040370e-07,false,true,false,true,0,NaN,375,-50.7353413407|19.6128553989|0.290308494198
316,VALID_CAMPAIGN,UNIFORM,-3878495668263634906,3,MIXED,0.990314167321,0.821367749447,0.160000000000,GUARDED_PRODUCTION,true,true,SUCCESS_WITH_WARNING,CRITICAL_SINGULARITY_DAMPED,50,true,true,7.19298981789e-07,false,false,false,false,0,Infinity,84583,0.704635212471|0.442508366191|0.352885336768
316,VALID_CAMPAIGN,UNIFORM,-3878495668263634906,3,MIXED,0.990314167321,0.821367749447,0.160000000000,UNGUARDED_REFERENCE,true,false,CONVERGED_UNCERTIFIED,NO_GUARDS_OR_FINAL_CERTIFICATION,13,true,false,2.87466332279e-07,false,true,false,true,0,NaN,5250,-49.4956437457|19.1920957296|0.358125787236
317,VALID_CAMPAIGN,NEAR_JOINT_LIMIT,1543487353743942826,3,MIXED,-0.382576065803,-0.905049523662,0.160000000000,GUARDED_PRODUCTION,true,true,SUCCESS_WITH_WARNING,CRITICAL_SINGULARITY_DAMPED,85,true,true,2.03529024460e-08,false,false,false,false,0,Infinity,149958,-1.08246427408|-0.997772325635|0.309048717830
317,VALID_CAMPAIGN,NEAR_JOINT_LIMIT,1543487353743942826,3,MIXED,-0.382576065803,-0.905049523662,0.160000000000,UNGUARDED_REFERENCE,true,false,CONVERGED_UNCERTIFIED,NO_GUARDS_OR_FINAL_CERTIFICATION,14,true,false,2.59240838142e-08,false,true,false,true,0,NaN,5583,-42.3462996930|1.77327792946|-1.25710225486
318,VALID_CAMPAIGN,NEAR_SINGULARITY,1804056368441094106,3,MIXED,1.20360000455,-0.297499963586,0.160000000000,GUARDED_PRODUCTION,true,true,SUCCESS_WITH_WARNING,CRITICAL_SINGULARITY_DAMPED,60,true,true,7.44697105761e-07,false,false,false,false,0,Infinity,101583,0.0188944636780|-0.0186086025549|0.307065705380
318,VALID_CAMPAIGN,NEAR_SINGULARITY,1804056368441094106,3,MIXED,1.20360000455,-0.297499963586,0.160000000000,UNGUARDED_REFERENCE,true,false,CONVERGED_UNCERTIFIED,NO_GUARDS_OR_FINAL_CERTIFICATION,11,true,false,1.38896739117e-09,false,true,false,true,0,NaN,4791,-51.0217675069|13.9490670528|0.459757314351
319,VALID_CAMPAIGN,MICRO_MOTION,-2611252564390791074,3,MIXED,1.20360005003,-0.297499599444,0.160000000000,GUARDED_PRODUCTION,true,true,SUCCESS,NONE,1,true,true,7.80539295970e-07,false,false,false,false,0,NaN,2917,0.0188944636780|-0.0186086025549|0.307065705380
319,VALID_CAMPAIGN,MICRO_MOTION,-2611252564390791074,3,MIXED,1.20360005003,-0.297499599444,0.160000000000,UNGUARDED_REFERENCE,true,false,CONVERGED_UNCERTIFIED,NO_GUARDS_OR_FINAL_CERTIFICATION,1,true,false,3.66885612110e-07,false,true,false,true,0,NaN,375,-51.0217675069|13.9490670528|0.459757314351
320,VALID_CAMPAIGN,UNIFORM,-4326553067061240176,3,MIXED,-0.589327975155,-0.260354631071,0.160000000000,GUARDED_PRODUCTION,true,true,SUCCESS_WITH_WARNING,CRITICAL_SINGULARITY_DAMPED,87,true,true,2.09364305627e-08,false,false,false,false,0,Infinity,152709,-1.23627306401|-1.74122872483|0.327832102004
320,VALID_CAMPAIGN,UNIFORM,-4326553067061240176,3,MIXED,-0.589327975155,-0.260354631071,0.160000000000,UNGUARDED_REFERENCE,true,false,CONVERGED_UNCERTIFIED,NO_GUARDS_OR_FINAL_CERTIFICATION,16,true,false,1.62400682899e-09,false,true,false,true,0,NaN,6708,-42.9427733638|-15.2011611335|0.823337421581
321,VALID_CAMPAIGN,NEAR_JOINT_LIMIT,1607069661700642916,3,MIXED,0.0292490563180,0.475602185323,0.160000000000,GUARDED_PRODUCTION,false,false,NO_CONVERGENCE,STAGNATION_WINDOW_EXCEEDED,21,true,true,0.567447447563,false,false,false,false,0,Infinity,39041,-0.951090379902|-2.37713844122|0.328518409995
321,VALID_CAMPAIGN,NEAR_JOINT_LIMIT,1607069661700642916,3,MIXED,0.0292490563180,0.475602185323,0.160000000000,UNGUARDED_REFERENCE,true,false,CONVERGED_UNCERTIFIED,NO_GUARDS_OR_FINAL_CERTIFICATION,7,true,false,2.67986771734e-07,false,true,false,true,0,NaN,2833,-46.5051224159|-14.6402692871|0.518132154546
322,VALID_CAMPAIGN,NEAR_SINGULARITY,-4345523150995235013,3,MIXED,1.20360000455,-0.297499963586,0.160000000000,GUARDED_PRODUCTION,true,true,SUCCESS_WITH_WARNING,CRITICAL_SINGULARITY_DAMPED,88,true,true,9.71064297247e-07,false,false,false,false,0,Infinity,161166,-0.00202406094560|0.00202434268223|0.296496781293
322,VALID_CAMPAIGN,NEAR_SINGULARITY,-4345523150995235013,3,MIXED,1.20360000455,-0.297499963586,0.160000000000,UNGUARDED_REFERENCE,true,false,CONVERGED_UNCERTIFIED,NO_GUARDS_OR_FINAL_CERTIFICATION,7,true,false,3.78163125748e-09,false,true,false,true,0,NaN,3042,-44.8494550588|-17.2456944662|0.533663911042
323,VALID_CAMPAIGN,MICRO_MOTION,954574497799097012,3,MIXED,1.20360005003,-0.297499599444,0.160000000000,GUARDED_PRODUCTION,true,true,SUCCESS,NONE,1,true,true,9.87430107915e-07,false,false,false,false,0,NaN,3833,-0.00202406094560|0.00202434268223|0.296496781293
323,VALID_CAMPAIGN,MICRO_MOTION,954574497799097012,3,MIXED,1.20360005003,-0.297499599444,0.160000000000,UNGUARDED_REFERENCE,true,false,CONVERGED_UNCERTIFIED,NO_GUARDS_OR_FINAL_CERTIFICATION,1,true,false,3.66704456125e-07,false,true,false,true,0,NaN,375,-44.8494550588|-17.2456944662|0.533663911042
324,VALID_CAMPAIGN,UNIFORM,1415412248273184079,3,MIXED,-0.482680991392,0.900414914317,0.160000000000,GUARDED_PRODUCTION,true,true,SUCCESS_WITH_WARNING,CRITICAL_SINGULARITY_DAMPED,79,true,true,6.66666312784e-08,false,false,false,false,0,Infinity,146959,2.84929124956|-0.903774974976|0.269751764507
324,VALID_CAMPAIGN,UNIFORM,1415412248273184079,3,MIXED,-0.482680991392,0.900414914317,0.160000000000,UNGUARDED_REFERENCE,true,false,CONVERGED_UNCERTIFIED,NO_GUARDS_OR_FINAL_CERTIFICATION,6,true,false,7.57657379722e-08,false,true,false,true,0,NaN,2708,-48.9688793438|-10.9936851606|0.241821157760
325,VALID_CAMPAIGN,NEAR_JOINT_LIMIT,9124517064801445177,3,MIXED,0.413388554347,0.0750253091393,0.160000000000,GUARDED_PRODUCTION,true,true,SUCCESS_WITH_WARNING,CRITICAL_SINGULARITY_DAMPED,49,true,true,6.30604560942e-07,false,false,false,false,0,Infinity,88500,2.15481552281|-2.22260533522|0.291140743790
325,VALID_CAMPAIGN,NEAR_JOINT_LIMIT,9124517064801445177,3,MIXED,0.413388554347,0.0750253091393,0.160000000000,UNGUARDED_REFERENCE,false,false,MAX_ITERATIONS_UNCERTIFIED,NO_GUARDS_OR_FINAL_CERTIFICATION,800,true,false,0.936676536139,false,false,false,true,0,NaN,306250,-49.0403281906|-10.3149214063|0.0181059560237
326,VALID_CAMPAIGN,NEAR_SINGULARITY,-6657769439665876005,3,MIXED,1.20360000455,-0.297499963586,0.160000000000,GUARDED_PRODUCTION,true,true,SUCCESS_WITH_WARNING,CRITICAL_SINGULARITY_DAMPED,63,true,true,8.19503114500e-07,false,false,false,false,0,Infinity,115833,0.0123544470832|-0.0122324818719|0.303708806523
326,VALID_CAMPAIGN,NEAR_SINGULARITY,-6657769439665876005,3,MIXED,1.20360000455,-0.297499963586,0.160000000000,UNGUARDED_REFERENCE,true,false,CONVERGED_UNCERTIFIED,NO_GUARDS_OR_FINAL_CERTIFICATION,13,true,false,1.34933336320e-07,false,true,false,true,0,NaN,5458,-37.9458096812|-31.7219398319|-0.229378149057
327,VALID_CAMPAIGN,MICRO_MOTION,7260988934676786765,3,MIXED,1.20360005003,-0.297499599444,0.160000000000,GUARDED_PRODUCTION,true,true,SUCCESS,NONE,1,true,true,8.47742121371e-07,false,false,false,false,0,NaN,2833,0.0123544470832|-0.0122324818719|0.303708806523
327,VALID_CAMPAIGN,MICRO_MOTION,7260988934676786765,3,MIXED,1.20360005003,-0.297499599444,0.160000000000,UNGUARDED_REFERENCE,true,false,CONVERGED_UNCERTIFIED,NO_GUARDS_OR_FINAL_CERTIFICATION,1,true,false,3.75940391583e-07,false,true,false,true,0,NaN,416,-37.9458096812|-31.7219398319|-0.229378149057
328,VALID_CAMPAIGN,UNIFORM,8992655570473533624,3,MIXED,0.674555347715,-0.896295660244,0.160000000000,GUARDED_PRODUCTION,true,true,SUCCESS_WITH_WARNING,CRITICAL_SINGULARITY_DAMPED,21,true,true,2.13385581186e-07,false,false,false,false,0,Infinity,36583,-0.318107881334|-0.584001466671|0.299640744732
328,VALID_CAMPAIGN,UNIFORM,8992655570473533624,3,MIXED,0.674555347715,-0.896295660244,0.160000000000,UNGUARDED_REFERENCE,true,false,CONVERGED_UNCERTIFIED,NO_GUARDS_OR_FINAL_CERTIFICATION,7,true,false,1.16325822975e-09,false,true,false,true,0,NaN,2458,-37.2688982943|-32.3259926305|0.874961494184
329,VALID_CAMPAIGN,NEAR_JOINT_LIMIT,-2768218534115703545,3,MIXED,0.0292490563180,0.475602185323,0.160000000000,GUARDED_PRODUCTION,false,false,MAX_ITERATIONS_REACHED,CRITICAL_SINGULARITY_DAMPED,800,true,true,0.00941521708152,false,false,false,false,0,Infinity,1410875,3.14159265359|-2.27701892561|0.0982755209770
329,VALID_CAMPAIGN,NEAR_JOINT_LIMIT,-2768218534115703545,3,MIXED,0.0292490563180,0.475602185323,0.160000000000,UNGUARDED_REFERENCE,false,false,MAX_ITERATIONS_UNCERTIFIED,NO_GUARDS_OR_FINAL_CERTIFICATION,800,true,false,1.02862819572,false,false,false,true,0,NaN,351708,-37.2834438811|-33.5737300981|-0.0200640371199
330,VALID_CAMPAIGN,NEAR_SINGULARITY,-2389475520013469092,3,MIXED,1.20360000455,-0.297499963586,0.160000000000,GUARDED_PRODUCTION,true,true,SUCCESS_WITH_WARNING,CRITICAL_SINGULARITY_DAMPED,123,true,true,7.43168506495e-07,false,false,false,false,0,Infinity,224458,-0.232251282618|0.296677251080|0.229486195098
330,VALID_CAMPAIGN,NEAR_SINGULARITY,-2389475520013469092,3,MIXED,1.20360000455,-0.297499963586,0.160000000000,UNGUARDED_REFERENCE,true,false,CONVERGED_UNCERTIFIED,NO_GUARDS_OR_FINAL_CERTIFICATION,9,true,false,5.23085896429e-07,false,true,false,true,0,NaN,3417,-37.6228048438|-32.3794878945|-0.338314609942
331,VALID_CAMPAIGN,MICRO_MOTION,357351997175363418,3,MIXED,1.20360005003,-0.297499599444,0.160000000000,GUARDED_PRODUCTION,true,true,SUCCESS,NONE,1,true,true,7.89151656532e-07,false,false,false,false,0,NaN,4625,-0.232251282618|0.296677251080|0.229486195098
331,VALID_CAMPAIGN,MICRO_MOTION,357351997175363418,3,MIXED,1.20360005003,-0.297499599444,0.160000000000,UNGUARDED_REFERENCE,true,false,CONVERGED_UNCERTIFIED,NO_GUARDS_OR_FINAL_CERTIFICATION,1,true,false,6.08917456863e-07,false,true,false,true,0,NaN,375,-37.6228048438|-32.3794878945|-0.338314609942
332,VALID_CAMPAIGN,UNIFORM,-2648431377174754062,3,MIXED,-0.720202929635,0.488337609504,0.160000000000,GUARDED_PRODUCTION,true,true,SUCCESS_WITH_WARNING,CRITICAL_SINGULARITY_DAMPED,94,true,true,2.02284774776e-08,false,false,false,false,0,Infinity,174917,1.56813949524|1.77766280795|0.139209559408
332,VALID_CAMPAIGN,UNIFORM,-2648431377174754062,3,MIXED,-0.720202929635,0.488337609504,0.160000000000,UNGUARDED_REFERENCE,true,false,CONVERGED_UNCERTIFIED,NO_GUARDS_OR_FINAL_CERTIFICATION,14,true,false,2.41640224848e-11,false,true,false,true,0,NaN,6916,-36.6083510406|-41.2525349496|0.633923101400
333,VALID_CAMPAIGN,NEAR_JOINT_LIMIT,5879663410778469723,3,MIXED,0.413388554347,0.0750253091393,0.160000000000,GUARDED_PRODUCTION,false,false,NO_CONVERGENCE,STAGNATION_WINDOW_EXCEEDED,71,true,true,0.144472974398,false,false,false,false,5,Infinity,133041,-1.44090163566|2.37713844122|0.0827609352025
333,VALID_CAMPAIGN,NEAR_JOINT_LIMIT,5879663410778469723,3,MIXED,0.413388554347,0.0750253091393,0.160000000000,UNGUARDED_REFERENCE,false,false,MAX_ITERATIONS_UNCERTIFIED,NO_GUARDS_OR_FINAL_CERTIFICATION,800,true,false,0.936676537349,false,false,false,true,0,NaN,344791,-36.4739575772|-41.7308479460|0.0181059561330
334,VALID_CAMPAIGN,NEAR_SINGULARITY,764537137815666608,3,MIXED,1.20360000455,-0.297499963586,0.160000000000,GUARDED_PRODUCTION,true,true,SUCCESS_WITH_WARNING,CRITICAL_SINGULARITY_DAMPED,79,true,true,6.98933669042e-07,false,false,false,false,0,Infinity,204750,-0.232285262996|0.296732870669|0.229485424196
334,VALID_CAMPAIGN,NEAR_SINGULARITY,764537137815666608,3,MIXED,1.20360000455,-0.297499963586,0.160000000000,UNGUARDED_REFERENCE,true,false,CONVERGED_UNCERTIFIED,NO_GUARDS_OR_FINAL_CERTIFICATION,13,true,false,1.35093612532e-07,false,true,false,true,0,NaN,7042,-25.3794364088|-63.1378707553|-0.229378117362
335,VALID_CAMPAIGN,MICRO_MOTION,1209475793308727971,3,MIXED,1.20360005003,-0.297499599444,0.160000000000,GUARDED_PRODUCTION,true,true,SUCCESS,NONE,1,true,true,7.50195276396e-07,false,false,false,false,0,NaN,19917,-0.232285262996|0.296732870669|0.229485424196
335,VALID_CAMPAIGN,MICRO_MOTION,1209475793308727971,3,MIXED,1.20360005003,-0.297499599444,0.160000000000,UNGUARDED_REFERENCE,true,false,CONVERGED_UNCERTIFIED,NO_GUARDS_OR_FINAL_CERTIFICATION,1,true,false,3.75979971858e-07,false,true,false,true,0,NaN,500,-25.3794364088|-63.1378707553|-0.229378117362
336,VALID_CAMPAIGN,UNIFORM,-3977814963627501111,3,MIXED,0.890892015955,0.614156158808,0.160000000000,GUARDED_PRODUCTION,true,true,SUCCESS_WITH_WARNING,CRITICAL_SINGULARITY_DAMPED,30,true,true,2.97841591795e-08,false,false,false,false,0,Infinity,58584,0.00782762131192|1.21801760166|0.165654908639
336,VALID_CAMPAIGN,UNIFORM,-3977814963627501111,3,MIXED,0.890892015955,0.614156158808,0.160000000000,UNGUARDED_REFERENCE,true,false,CONVERGED_UNCERTIFIED,NO_GUARDS_OR_FINAL_CERTIFICATION,11,true,false,1.08143267609e-09,false,true,false,true,0,NaN,5375,-17.2617574794|-77.5301980695|-0.567081264836
337,VALID_CAMPAIGN,NEAR_JOINT_LIMIT,-214865811226710531,3,MIXED,-0.382576179535,-0.905049475587,0.160000000000,GUARDED_PRODUCTION,true,true,SUCCESS_WITH_WARNING,CRITICAL_SINGULARITY_DAMPED,81,true,true,1.17454862638e-07,false,false,false,false,0,Infinity,150208,-2.75357742626|1.48280730190|0.139286267019
337,VALID_CAMPAIGN,NEAR_JOINT_LIMIT,-214865811226710531,3,MIXED,-0.382576179535,-0.905049475587,0.160000000000,UNGUARDED_REFERENCE,true,false,CONVERGED_UNCERTIFIED,NO_GUARDS_OR_FINAL_CERTIFICATION,7,true,false,4.06067152549e-09,false,true,false,true,0,NaN,3166,-15.3980327367|-80.6717780142|-0.274022389779
338,VALID_CAMPAIGN,NEAR_SINGULARITY,-8145022611012681542,3,MIXED,1.20360000455,-0.297499963586,0.160000000000,GUARDED_PRODUCTION,true,true,SUCCESS_WITH_WARNING,CRITICAL_SINGULARITY_DAMPED,88,true,true,9.26187470306e-07,false,false,false,false,0,Infinity,192833,-0.237572900885|0.305406629130|0.229380050391
338,VALID_CAMPAIGN,NEAR_SINGULARITY,-8145022611012681542,3,MIXED,1.20360000455,-0.297499963586,0.160000000000,UNGUARDED_REFERENCE,true,false,CONVERGED_UNCERTIFIED,NO_GUARDS_OR_FINAL_CERTIFICATION,11,true,false,6.26880880214e-07,false,true,false,true,0,NaN,4625,-13.9801695085|-81.0010803035|-0.896508281166
339,VALID_CAMPAIGN,MICRO_MOTION,-4843587894127841277,3,MIXED,1.20360005003,-0.297499599444,0.160000000000,GUARDED_PRODUCTION,true,true,SUCCESS,NONE,1,true,true,9.55451521582e-07,false,false,false,false,0,NaN,6083,-0.237572900885|0.305406629130|0.229380050391
339,VALID_CAMPAIGN,MICRO_MOTION,-4843587894127841277,3,MIXED,1.20360005003,-0.297499599444,0.160000000000,UNGUARDED_REFERENCE,true,false,CONVERGED_UNCERTIFIED,NO_GUARDS_OR_FINAL_CERTIFICATION,1,true,false,8.09741766035e-07,false,true,false,true,0,NaN,417,-13.9801695085|-81.0010803035|-0.896508281166
340,VALID_CAMPAIGN,UNIFORM,3361141357935236411,3,MIXED,0.653239296127,0.260259878144,0.160000000000,GUARDED_PRODUCTION,true,true,SUCCESS_WITH_WARNING,CRITICAL_SINGULARITY_DAMPED,50,true,true,7.56721833194e-07,false,false,false,false,0,Infinity,99084,-0.867229642001|2.13775639769|0.128974632428
340,VALID_CAMPAIGN,UNIFORM,3361141357935236411,3,MIXED,0.653239296127,0.260259878144,0.160000000000,UNGUARDED_REFERENCE,true,false,CONVERGED_UNCERTIFIED,NO_GUARDS_OR_FINAL_CERTIFICATION,4,true,false,1.39935374827e-07,false,true,false,true,0,NaN,2000,-14.6998502881|-79.8125213653|-0.895778439813
341,VALID_CAMPAIGN,NEAR_JOINT_LIMIT,-7667761599439955582,3,MIXED,0.0292490563180,0.475602185323,0.160000000000,GUARDED_PRODUCTION,false,false,NO_CONVERGENCE,STAGNATION_WINDOW_EXCEEDED,135,true,true,0.0410835348164,false,false,false,false,0,Infinity,234583,-0.125898587585|2.37713844122|0.0200000000000
341,VALID_CAMPAIGN,NEAR_JOINT_LIMIT,-7667761599439955582,3,MIXED,0.0292490563180,0.475602185323,0.160000000000,UNGUARDED_REFERENCE,true,false,CONVERGED_UNCERTIFIED,NO_GUARDS_OR_FINAL_CERTIFICATION,8,true,false,8.14463943995e-09,false,true,false,true,0,NaN,3333,-13.3802050444|-79.5942035749|-0.542387606217
342,VALID_CAMPAIGN,NEAR_SINGULARITY,8331567661321729826,3,MIXED,1.20360000455,-0.297499963586,0.160000000000,GUARDED_PRODUCTION,true,true,SUCCESS_WITH_WARNING,CRITICAL_SINGULARITY_DAMPED,106,true,true,6.57438469214e-07,false,false,false,false,0,Infinity,190375,-0.232251138691|0.296677372427|0.229486477008
342,VALID_CAMPAIGN,NEAR_SINGULARITY,8331567661321729826,3,MIXED,1.20360000455,-0.297499963586,0.160000000000,UNGUARDED_REFERENCE,true,false,CONVERGED_UNCERTIFIED,NO_GUARDS_OR_FINAL_CERTIFICATION,8,true,false,2.40066828310e-08,false,true,false,true,0,NaN,3000,-18.6318849606|-76.6682447090|-0.424663515436
343,VALID_CAMPAIGN,MICRO_MOTION,5864289889918165369,3,MIXED,1.20360005003,-0.297499599444,0.160000000000,GUARDED_PRODUCTION,true,true,SUCCESS,NONE,1,true,true,7.14208004750e-07,false,false,false,false,0,NaN,3500,-0.232251138691|0.296677372427|0.229486477008
343,VALID_CAMPAIGN,MICRO_MOTION,5864289889918165369,3,MIXED,1.20360005003,-0.297499599444,0.160000000000,UNGUARDED_REFERENCE,true,false,CONVERGED_UNCERTIFIED,NO_GUARDS_OR_FINAL_CERTIFICATION,1,true,false,3.64798607553e-07,false,true,false,true,0,NaN,375,-18.6318849606|-76.6682447090|-0.424663515436
344,VALID_CAMPAIGN,UNIFORM,-2265823753859796215,3,MIXED,0.130613893294,-1.18153638729,0.160000000000,GUARDED_PRODUCTION,true,true,SUCCESS_WITH_WARNING,CRITICAL_SINGULARITY_DAMPED,32,true,true,3.47912811409e-07,false,false,false,false,0,Infinity,58792,-1.12578910443|-0.267216035986|0.211268626817
344,VALID_CAMPAIGN,UNIFORM,-2265823753859796215,3,MIXED,0.130613893294,-1.18153638729,0.160000000000,UNGUARDED_REFERENCE,true,false,CONVERGED_UNCERTIFIED,NO_GUARDS_OR_FINAL_CERTIFICATION,10,true,false,1.31946130212e-10,false,true,false,true,0,NaN,3667,-15.4372800157|-80.8031863908|-0.984400018070
345,VALID_CAMPAIGN,NEAR_JOINT_LIMIT,-9094119963775934901,3,MIXED,0.0292491160840,0.475602181648,0.160000000000,GUARDED_PRODUCTION,false,false,MAX_ITERATIONS_REACHED,CRITICAL_SINGULARITY_DAMPED,800,true,true,0.00811104792462,false,false,false,false,0,Infinity,1422750,3.14159265359|-2.28496520761|0.0915854488929
345,VALID_CAMPAIGN,NEAR_JOINT_LIMIT,-9094119963775934901,3,MIXED,0.0292491160840,0.475602181648,0.160000000000,UNGUARDED_REFERENCE,true,false,CONVERGED_UNCERTIFIED,NO_GUARDS_OR_FINAL_CERTIFICATION,16,true,false,2.56013377049e-09,false,true,false,true,0,NaN,6917,-25.3571912853|-60.0771670441|0.219242240620
346,VALID_CAMPAIGN,NEAR_SINGULARITY,-4042097067871279023,3,MIXED,1.20360000455,-0.297499963586,0.160000000000,GUARDED_PRODUCTION,true,true,SUCCESS_WITH_WARNING,CRITICAL_SINGULARITY_DAMPED,125,true,true,6.06150384992e-07,false,false,false,false,0,Infinity,226875,-0.232251425503|0.296678053379|0.229486635610
346,VALID_CAMPAIGN,NEAR_SINGULARITY,-4042097067871279023,3,MIXED,1.20360000455,-0.297499963586,0.160000000000,UNGUARDED_REFERENCE,true,false,CONVERGED_UNCERTIFIED,NO_GUARDS_OR_FINAL_CERTIFICATION,12,true,false,1.96431922736e-07,false,true,false,true,0,NaN,4542,-31.5652471084|-56.3755998161|0.240650749964
347,VALID_CAMPAIGN,MICRO_MOTION,-1648663357959305092,3,MIXED,1.20360005003,-0.297499599444,0.160000000000,GUARDED_PRODUCTION,true,true,SUCCESS,NONE,1,true,true,6.70609553133e-07,false,false,false,false,0,NaN,4333,-0.232251425503|0.296678053379|0.229486635610
347,VALID_CAMPAIGN,MICRO_MOTION,-1648663357959305092,3,MIXED,1.20360005003,-0.297499599444,0.160000000000,UNGUARDED_REFERENCE,true,false,CONVERGED_UNCERTIFIED,NO_GUARDS_OR_FINAL_CERTIFICATION,1,true,false,3.92254071614e-07,false,true,false,true,0,NaN,375,-31.5652471084|-56.3755998161|0.240650749964
348,VALID_CAMPAIGN,UNIFORM,5659952243733710842,3,MIXED,0.399740971136,-1.01374186538,0.160000000000,GUARDED_PRODUCTION,true,true,SUCCESS_WITH_WARNING,CRITICAL_SINGULARITY_DAMPED,30,true,true,5.58145367283e-08,false,false,false,false,0,Infinity,54416,-0.594603196408|-0.713207680068|0.201792505604
348,VALID_CAMPAIGN,UNIFORM,5659952243733710842,3,MIXED,0.399740971136,-1.01374186538,0.160000000000,UNGUARDED_REFERENCE,true,false,CONVERGED_UNCERTIFIED,NO_GUARDS_OR_FINAL_CERTIFICATION,9,true,false,4.08122281187e-08,false,true,false,true,0,NaN,3500,-33.1597711431|-55.4883350171|0.101150225732
349,VALID_CAMPAIGN,NEAR_JOINT_LIMIT,8540675375510942816,3,MIXED,0.00156331849387,-0.504472599403,0.160000000000,GUARDED_PRODUCTION,true,true,SUCCESS_WITH_WARNING,CRITICAL_SINGULARITY_DAMPED,34,true,true,4.81131618670e-07,false,false,false,false,0,Infinity,66459,0.0956223558423|-2.10310455822|0.212250101502
349,VALID_CAMPAIGN,NEAR_JOINT_LIMIT,8540675375510942816,3,MIXED,0.00156331849387,-0.504472599403,0.160000000000,UNGUARDED_REFERENCE,false,false,MAX_ITERATIONS_UNCERTIFIED,NO_GUARDS_OR_FINAL_CERTIFICATION,800,true,false,1.07579788149,false,false,false,true,0,NaN,353417,-31.8643279543|-54.4425796897|0.0211583115411
350,VALID_CAMPAIGN,NEAR_SINGULARITY,289351333618444338,3,MIXED,1.20360000455,-0.297499963586,0.160000000000,GUARDED_PRODUCTION,true,true,SUCCESS_WITH_WARNING,CRITICAL_SINGULARITY_DAMPED,76,true,true,7.53936378186e-07,false,false,false,false,0,Infinity,146416,-0.218836766109|0.275103519399|0.230087828395
350,VALID_CAMPAIGN,NEAR_SINGULARITY,289351333618444338,3,MIXED,1.20360000455,-0.297499963586,0.160000000000,UNGUARDED_REFERENCE,true,false,CONVERGED_UNCERTIFIED,NO_GUARDS_OR_FINAL_CERTIFICATION,13,true,false,1.19415570990e-08,false,true,false,true,0,NaN,5208,-31.8857840936|-55.7853711773|0.290307861264
351,VALID_CAMPAIGN,MICRO_MOTION,2070991107305565666,3,MIXED,1.20360005003,-0.297499599444,0.160000000000,GUARDED_PRODUCTION,true,true,SUCCESS,NONE,1,true,true,7.98184305785e-07,false,false,false,false,0,NaN,3208,-0.218836766109|0.275103519399|0.230087828395
351,VALID_CAMPAIGN,MICRO_MOTION,2070991107305565666,3,MIXED,1.20360005003,-0.297499599444,0.160000000000,UNGUARDED_REFERENCE,true,false,CONVERGED_UNCERTIFIED,NO_GUARDS_OR_FINAL_CERTIFICATION,1,true,false,3.66056804753e-07,false,true,false,true,0,NaN,416,-31.8857840936|-55.7853711773|0.290307861264
352,VALID_CAMPAIGN,UNIFORM,2543972364658193616,3,MIXED,0.924886264263,-0.772903681202,0.160000000000,GUARDED_PRODUCTION,true,true,SUCCESS_WITH_WARNING,CRITICAL_SINGULARITY_DAMPED,18,true,true,1.42149197591e-07,false,false,false,false,0,Infinity,35292,-0.438411710843|-0.148531808262|0.204671125498
352,VALID_CAMPAIGN,UNIFORM,2543972364658193616,3,MIXED,0.924886264263,-0.772903681202,0.160000000000,UNGUARDED_REFERENCE,true,false,CONVERGED_UNCERTIFIED,NO_GUARDS_OR_FINAL_CERTIFICATION,6,true,false,7.08301152332e-07,false,true,false,true,0,NaN,2292,-32.4159510117|-55.7192474486|0.239132614822
353,VALID_CAMPAIGN,NEAR_JOINT_LIMIT,8842630047371178431,3,MIXED,0.00156331849387,-0.504472599403,0.160000000000,GUARDED_PRODUCTION,true,true,SUCCESS_WITH_WARNING,CRITICAL_SINGULARITY_DAMPED,47,true,true,1.74531532063e-08,false,false,false,false,0,Infinity,85209,0.0976425489283|-2.10108264603|0.214604699555
353,VALID_CAMPAIGN,NEAR_JOINT_LIMIT,8842630047371178431,3,MIXED,0.00156331849387,-0.504472599403,0.160000000000,UNGUARDED_REFERENCE,true,false,CONVERGED_UNCERTIFIED,NO_GUARDS_OR_FINAL_CERTIFICATION,8,true,false,1.73796910112e-09,false,true,false,true,0,NaN,3334,-25.0208188914|-64.9196803428|0.230561624848
354,VALID_CAMPAIGN,NEAR_SINGULARITY,7673333295577770416,3,MIXED,1.20360000455,-0.297499963586,0.160000000000,GUARDED_PRODUCTION,true,true,SUCCESS_WITH_WARNING,CRITICAL_SINGULARITY_DAMPED,75,true,true,8.17341635210e-07,false,false,false,false,0,Infinity,142958,-0.215501383070|0.269835446728|0.230311499602
354,VALID_CAMPAIGN,NEAR_SINGULARITY,7673333295577770416,3,MIXED,1.20360000455,-0.297499963586,0.160000000000,UNGUARDED_REFERENCE,true,false,CONVERGED_UNCERTIFIED,NO_GUARDS_OR_FINAL_CERTIFICATION,21,true,false,6.23287357488e-08,false,true,false,true,0,NaN,9541,-42.1440694307|-51.5358263390|1.37155851603
355,VALID_CAMPAIGN,MICRO_MOTION,5104837195935659713,3,MIXED,1.20360005003,-0.297499599444,0.160000000000,GUARDED_PRODUCTION,true,true,SUCCESS,NONE,1,true,true,8.54953848083e-07,false,false,false,false,0,NaN,3083,-0.215501383070|0.269835446728|0.230311499602
355,VALID_CAMPAIGN,MICRO_MOTION,5104837195935659713,3,MIXED,1.20360005003,-0.297499599444,0.160000000000,UNGUARDED_REFERENCE,true,false,CONVERGED_UNCERTIFIED,NO_GUARDS_OR_FINAL_CERTIFICATION,1,true,false,4.27504467757e-07,false,true,false,true,0,NaN,375,-42.1440694307|-51.5358263390|1.37155851603
356,VALID_CAMPAIGN,UNIFORM,-8009781394800759720,3,MIXED,0.837484445087,0.684539820842,0.160000000000,GUARDED_PRODUCTION,true,true,SUCCESS_WITH_WARNING,CRITICAL_SINGULARITY_DAMPED,32,true,true,6.44929258306e-08,false,false,false,false,0,Infinity,62375,0.0937181334240|1.19959666219|0.156084182009
356,VALID_CAMPAIGN,UNIFORM,-8009781394800759720,3,MIXED,0.837484445087,0.684539820842,0.160000000000,UNGUARDED_REFERENCE,true,false,CONVERGED_UNCERTIFIED,NO_GUARDS_OR_FINAL_CERTIFICATION,7,true,false,1.78300572881e-09,false,true,false,true,0,NaN,3292,-39.6360221805|-52.6748966610|1.35832631936
357,VALID_CAMPAIGN,NEAR_JOINT_LIMIT,-4745153779379821960,3,MIXED,0.413388554347,0.0750253091393,0.160000000000,GUARDED_PRODUCTION,false,false,NO_CONVERGENCE,STAGNATION_WINDOW_EXCEEDED,45,true,true,0.170510731255,false,false,false,false,4,Infinity,86958,-1.42382418941|2.37713844122|0.113669764356
357,VALID_CAMPAIGN,NEAR_JOINT_LIMIT,-4745153779379821960,3,MIXED,0.413388554347,0.0750253091393,0.160000000000,UNGUARDED_REFERENCE,true,false,CONVERGED_UNCERTIFIED,NO_GUARDS_OR_FINAL_CERTIFICATION,12,true,false,2.18489340943e-08,false,true,false,true,0,NaN,5084,-41.2424307378|-52.5089059319|0.518581051368
358,VALID_CAMPAIGN,NEAR_SINGULARITY,-7999712084728465127,3,MIXED,1.20360000455,-0.297499963586,0.160000000000,GUARDED_PRODUCTION,true,true,SUCCESS_WITH_WARNING,CRITICAL_SINGULARITY_DAMPED,72,true,true,5.93764535539e-07,false,false,false,false,0,Infinity,137000,-0.234213004287|0.299884747528|0.229438950441
358,VALID_CAMPAIGN,NEAR_SINGULARITY,-7999712084728465127,3,MIXED,1.20360000455,-0.297499963586,0.160000000000,UNGUARDED_REFERENCE,true,false,CONVERGED_UNCERTIFIED,NO_GUARDS_OR_FINAL_CERTIFICATION,8,true,false,2.37964653383e-07,false,true,false,true,0,NaN,3583,-38.2339699186|-61.9257945269|0.323748857590
359,VALID_CAMPAIGN,MICRO_MOTION,5397269374191252393,3,MIXED,1.20360005003,-0.297499599444,0.160000000000,GUARDED_PRODUCTION,true,true,SUCCESS,NONE,1,true,true,6.60320786317e-07,false,false,false,false,0,NaN,3125,-0.234213004287|0.299884747528|0.229438950441
359,VALID_CAMPAIGN,MICRO_MOTION,5397269374191252393,3,MIXED,1.20360005003,-0.297499599444,0.160000000000,UNGUARDED_REFERENCE,true,false,CONVERGED_UNCERTIFIED,NO_GUARDS_OR_FINAL_CERTIFICATION,1,true,false,4.11309302307e-07,false,true,false,true,0,NaN,375,-38.2339699186|-61.9257945269|0.323748857590
360,VALID_CAMPAIGN,UNIFORM,-1510087714274741390,3,MIXED,-1.10438961586,0.491846748463,0.160000000000,GUARDED_PRODUCTION,true,true,SUCCESS_WITH_WARNING,CRITICAL_SINGULARITY_DAMPED,116,true,true,7.33561141021e-07,false,false,false,false,0,Infinity,211791,2.50775044611|0.618580136619|0.187546555973
360,VALID_CAMPAIGN,UNIFORM,-1510087714274741390,3,MIXED,-1.10438961586,0.491846748463,0.160000000000,UNGUARDED_REFERENCE,true,false,CONVERGED_UNCERTIFIED,NO_GUARDS_OR_FINAL_CERTIFICATION,13,true,false,1.09772500560e-08,false,true,false,true,0,NaN,5125,-53.4681404196|-44.9568837752|-0.289071616918
361,VALID_CAMPAIGN,NEAR_JOINT_LIMIT,2117015740568645801,3,MIXED,0.0292491160840,0.475602181648,0.160000000000,GUARDED_PRODUCTION,false,false,NO_CONVERGENCE,STAGNATION_WINDOW_EXCEEDED,68,true,true,0.113051981810,false,false,false,false,6,Infinity,128791,-0.0433795611833|2.37713844122|0.116629566950
361,VALID_CAMPAIGN,NEAR_JOINT_LIMIT,2117015740568645801,3,MIXED,0.0292491160840,0.475602181648,0.160000000000,UNGUARDED_REFERENCE,true,false,CONVERGED_UNCERTIFIED,NO_GUARDS_OR_FINAL_CERTIFICATION,17,true,false,2.10392031305e-09,false,true,false,true,0,NaN,7375,-57.0451691584|-34.5848861336|0.412889475122
362,VALID_CAMPAIGN,NEAR_SINGULARITY,-4610039760381472831,3,MIXED,1.20360000455,-0.297499963586,0.160000000000,GUARDED_PRODUCTION,true,true,SUCCESS_WITH_WARNING,CRITICAL_SINGULARITY_DAMPED,84,true,true,7.21801066462e-07,false,false,false,false,0,Infinity,161500,-0.233615985484|0.298906851833|0.229451970943
362,VALID_CAMPAIGN,NEAR_SINGULARITY,-4610039760381472831,3,MIXED,1.20360000455,-0.297499963586,0.160000000000,UNGUARDED_REFERENCE,true,false,CONVERGED_UNCERTIFIED,NO_GUARDS_OR_FINAL_CERTIFICATION,7,true,false,3.00261015434e-07,false,true,false,true,0,NaN,3292,-62.8064478227|-31.4408172664|0.310453701812
363,VALID_CAMPAIGN,MICRO_MOTION,-1176473370637392812,3,MIXED,1.20360005003,-0.297499599444,0.160000000000,GUARDED_PRODUCTION,true,true,SUCCESS,NONE,1,true,true,7.70316079182e-07,false,false,false,false,0,NaN,3125,-0.233615985484|0.298906851833|0.229451970943
363,VALID_CAMPAIGN,MICRO_MOTION,-1176473370637392812,3,MIXED,1.20360005003,-0.297499599444,0.160000000000,UNGUARDED_REFERENCE,true,false,CONVERGED_UNCERTIFIED,NO_GUARDS_OR_FINAL_CERTIFICATION,1,true,false,4.48429578137e-07,false,true,false,true,0,NaN,375,-62.8064478227|-31.4408172664|0.310453701812
364,VALID_CAMPAIGN,UNIFORM,-7517146201125164237,3,MIXED,1.20838074300,0.114641890725,0.160000000000,GUARDED_PRODUCTION,true,true,SUCCESS_WITH_WARNING,CRITICAL_SINGULARITY_DAMPED,17,true,true,2.79658024500e-07,false,false,false,false,0,Infinity,32084,-0.0855486722233|0.556668527426|0.184456701162
364,VALID_CAMPAIGN,UNIFORM,-7517146201125164237,3,MIXED,1.20838074300,0.114641890725,0.160000000000,UNGUARDED_REFERENCE,true,false,CONVERGED_UNCERTIFIED,NO_GUARDS_OR_FINAL_CERTIFICATION,6,true,false,1.20481146597e-08,false,true,false,true,0,NaN,2125,-62.4015291144|-31.5834050170|0.285883170295
365,VALID_CAMPAIGN,NEAR_JOINT_LIMIT,-1753919141362894675,3,MIXED,-0.382576065803,-0.905049523662,0.160000000000,GUARDED_PRODUCTION,true,true,SUCCESS_WITH_WARNING,CRITICAL_SINGULARITY_DAMPED,67,true,true,3.97198881493e-08,false,false,false,false,0,Infinity,134541,-2.75418629144|1.48556398753|0.140780770837
365,VALID_CAMPAIGN,NEAR_JOINT_LIMIT,-1753919141362894675,3,MIXED,-0.382576065803,-0.905049523662,0.160000000000,UNGUARDED_REFERENCE,true,false,CONVERGED_UNCERTIFIED,NO_GUARDS_OR_FINAL_CERTIFICATION,14,true,false,3.69780725789e-08,false,true,false,true,0,NaN,6750,-49.0671224407|-60.7798128916|-1.29746190256
366,VALID_CAMPAIGN,NEAR_SINGULARITY,-8425351405533094105,3,MIXED,1.20360000455,-0.297499963586,0.160000000000,GUARDED_PRODUCTION,true,true,SUCCESS_WITH_WARNING,CRITICAL_SINGULARITY_DAMPED,88,true,true,7.86552349584e-07,false,false,false,false,0,Infinity,163083,-0.238450636837|0.306856491896|0.229370377817
366,VALID_CAMPAIGN,NEAR_SINGULARITY,-8425351405533094105,3,MIXED,1.20360000455,-0.297499963586,0.160000000000,UNGUARDED_REFERENCE,true,false,CONVERGED_UNCERTIFIED,NO_GUARDS_OR_FINAL_CERTIFICATION,15,true,false,3.41050158327e-07,false,true,false,true,0,NaN,6542,-44.2752492521|-62.4299300137|0.232760055777
367,VALID_CAMPAIGN,MICRO_MOTION,7620905903396607685,3,MIXED,1.20360005003,-0.297499599444,0.160000000000,GUARDED_PRODUCTION,true,true,SUCCESS,NONE,1,true,true,8.28123577036e-07,false,false,false,false,0,NaN,3083,-0.238450636837|0.306856491896|0.229370377817
367,VALID_CAMPAIGN,MICRO_MOTION,7620905903396607685,3,MIXED,1.20360005003,-0.297499599444,0.160000000000,UNGUARDED_REFERENCE,true,false,CONVERGED_UNCERTIFIED,NO_GUARDS_OR_FINAL_CERTIFICATION,1,true,false,4.73359115946e-07,false,true,false,true,0,NaN,375,-44.2752492521|-62.4299300137|0.232760055777
368,VALID_CAMPAIGN,UNIFORM,4661557251647053402,3,MIXED,0.831178437474,-0.415977467071,0.160000000000,GUARDED_PRODUCTION,true,true,SUCCESS_WITH_WARNING,CRITICAL_SINGULARITY_DAMPED,45,true,true,9.95438255156e-07,false,false,false,false,0,Infinity,108416,-1.33505235419|1.59772431774|0.122114747881
368,VALID_CAMPAIGN,UNIFORM,4661557251647053402,3,MIXED,0.831178437474,-0.415977467071,0.160000000000,UNGUARDED_REFERENCE,true,false,CONVERGED_UNCERTIFIED,NO_GUARDS_OR_FINAL_CERTIFICATION,6,true,false,9.49265939050e-08,false,true,false,true,0,NaN,3084,-45.5224391712|-61.7231893727|-0.413371482674
369,VALID_CAMPAIGN,NEAR_JOINT_LIMIT,-3265348914408580674,3,MIXED,0.413388563775,0.0750252571913,0.160000000000,GUARDED_PRODUCTION,false,false,NO_CONVERGENCE,STAGNATION_WINDOW_EXCEEDED,25,true,true,0.233378025106,false,false,false,false,0,Infinity,56834,-1.68220854881|2.37713844122|0.0969308267311
369,VALID_CAMPAIGN,NEAR_JOINT_LIMIT,-3265348914408580674,3,MIXED,0.413388563775,0.0750252571913,0.160000000000,UNGUARDED_REFERENCE,true,false,CONVERGED_UNCERTIFIED,NO_GUARDS_OR_FINAL_CERTIFICATION,6,true,false,6.23480778193e-10,false,true,false,true,0,NaN,2458,-46.0611806772|-60.6390669757|-0.430339219326
370,VALID_CAMPAIGN,NEAR_SINGULARITY,3269030898597808347,3,MIXED,1.20360000455,-0.297499963586,0.160000000000,GUARDED_PRODUCTION,true,true,SUCCESS_WITH_WARNING,CRITICAL_SINGULARITY_DAMPED,77,true,true,7.36069052156e-07,false,false,false,false,0,Infinity,147792,-0.232549081113|0.297163246395|0.229478309866
370,VALID_CAMPAIGN,NEAR_SINGULARITY,3269030898597808347,3,MIXED,1.20360000455,-0.297499963586,0.160000000000,UNGUARDED_REFERENCE,true,false,CONVERGED_UNCERTIFIED,NO_GUARDS_OR_FINAL_CERTIFICATION,7,true,false,3.19977601122e-08,false,true,false,true,0,NaN,3125,-44.7358492126|-62.6030882854|-0.457962367771
371,VALID_CAMPAIGN,MICRO_MOTION,-2089938849381442721,3,MIXED,1.20360005003,-0.297499599444,0.160000000000,GUARDED_PRODUCTION,true,true,SUCCESS,NONE,1,true,true,7.82873182226e-07,false,false,false,false,0,NaN,3666,-0.232549081113|0.297163246395|0.229478309866
371,VALID_CAMPAIGN,MICRO_MOTION,-2089938849381442721,3,MIXED,1.20360005003,-0.297499599444,0.160000000000,UNGUARDED_REFERENCE,true,false,CONVERGED_UNCERTIFIED,NO_GUARDS_OR_FINAL_CERTIFICATION,1,true,false,3.64629355760e-07,false,true,false,true,0,NaN,417,-44.7358492126|-62.6030882854|-0.457962367771
372,VALID_CAMPAIGN,UNIFORM,4506257325584937645,3,MIXED,-0.445334896697,0.621920238480,0.160000000000,GUARDED_PRODUCTION,true,true,SUCCESS_WITH_WARNING,CRITICAL_SINGULARITY_DAMPED,75,true,true,1.27207368954e-08,false,false,false,false,0,Infinity,133792,1.04009244095|2.03202490089|0.145692018362
372,VALID_CAMPAIGN,UNIFORM,4506257325584937645,3,MIXED,-0.445334896697,0.621920238480,0.160000000000,UNGUARDED_REFERENCE,true,false,CONVERGED_UNCERTIFIED,NO_GUARDS_OR_FINAL_CERTIFICATION,5,true,false,3.30845182289e-07,false,true,false,true,0,NaN,1875,-49.3164596982|-55.0378064370|-0.292405790525
373,VALID_CAMPAIGN,NEAR_JOINT_LIMIT,6366758131173909058,3,MIXED,0.413388554347,0.0750253091393,0.160000000000,GUARDED_PRODUCTION,false,false,NO_CONVERGENCE,STAGNATION_WINDOW_EXCEEDED,57,true,true,0.157588438596,false,false,false,false,4,Infinity,112542,-1.42409721530|2.37713844122|0.100051468252
373,VALID_CAMPAIGN,NEAR_JOINT_LIMIT,6366758131173909058,3,MIXED,0.413388554347,0.0750253091393,0.160000000000,UNGUARDED_REFERENCE,false,false,MAX_ITERATIONS_UNCERTIFIED,NO_GUARDS_OR_FINAL_CERTIFICATION,800,true,false,0.936676537141,false,false,false,true,0,NaN,343500,-49.0403281919|-54.2972185599|0.0181059561311
374,VALID_CAMPAIGN,NEAR_SINGULARITY,-1484365464948092900,3,MIXED,1.20360000455,-0.297499963586,0.160000000000,GUARDED_PRODUCTION,true,true,SUCCESS_WITH_WARNING,CRITICAL_SINGULARITY_DAMPED,75,true,true,6.50963895482e-07,false,false,false,false,0,Infinity,144625,-0.232642398544|0.297315943867|0.229476156575
374,VALID_CAMPAIGN,NEAR_SINGULARITY,-1484365464948092900,3,MIXED,1.20360000455,-0.297499963586,0.160000000000,UNGUARDED_REFERENCE,true,false,CONVERGED_UNCERTIFIED,NO_GUARDS_OR_FINAL_CERTIFICATION,13,true,false,1.35117068528e-07,false,true,false,true,0,NaN,5958,-37.9458066246|-75.7042420276|-0.229378112613
375,VALID_CAMPAIGN,MICRO_MOTION,-3036244462750935280,3,MIXED,1.20360005003,-0.297499599444,0.160000000000,GUARDED_PRODUCTION,true,true,SUCCESS,NONE,1,true,true,7.08662537022e-07,false,false,false,false,0,NaN,3542,-0.232642398544|0.297315943867|0.229476156575
375,VALID_CAMPAIGN,MICRO_MOTION,-3036244462750935280,3,MIXED,1.20360005003,-0.297499599444,0.160000000000,UNGUARDED_REFERENCE,true,false,CONVERGED_UNCERTIFIED,NO_GUARDS_OR_FINAL_CERTIFICATION,1,true,false,3.75985769713e-07,false,true,false,true,0,NaN,416,-37.9458066246|-75.7042420276|-0.229378112613
376,VALID_CAMPAIGN,UNIFORM,-2132466086489818696,3,MIXED,0.208716448248,0.713045373832,0.160000000000,GUARDED_PRODUCTION,true,true,SUCCESS_WITH_WARNING,CRITICAL_SINGULARITY_DAMPED,51,true,true,3.39267565620e-07,false,false,false,false,0,Infinity,87667,0.0991510839043|2.07604682138|0.143266247607
376,VALID_CAMPAIGN,UNIFORM,-2132466086489818696,3,MIXED,0.208716448248,0.713045373832,0.160000000000,UNGUARDED_REFERENCE,true,false,CONVERGED_UNCERTIFIED,NO_GUARDS_OR_FINAL_CERTIFICATION,12,true,false,1.14439414015e-09,false,true,false,true,0,NaN,4666,-25.0039195120|-86.0840271954|0.0197561761139
377,VALID_CAMPAIGN,NEAR_JOINT_LIMIT,4980889395561748291,3,MIXED,0.00156338188776,-0.504472599206,0.160000000000,GUARDED_PRODUCTION,false,false,NO_CONVERGENCE,STAGNATION_WINDOW_EXCEEDED,74,true,true,0.0584854149682,false,false,false,false,10,Infinity,151083,-3.11084033492|2.37713844122|0.0879770017116
377,VALID_CAMPAIGN,NEAR_JOINT_LIMIT,4980889395561748291,3,MIXED,0.00156338188776,-0.504472599206,0.160000000000,UNGUARDED_REFERENCE,false,false,MAX_ITERATIONS_UNCERTIFIED,NO_GUARDS_OR_FINAL_CERTIFICATION,800,true,false,1.07579788332,false,false,false,true,0,NaN,415584,-25.5811425789|-85.8585062678|0.0211583115706
378,VALID_CAMPAIGN,NEAR_SINGULARITY,7980598145169934223,3,MIXED,1.20360000455,-0.297499963586,0.160000000000,GUARDED_PRODUCTION,true,true,SUCCESS_WITH_WARNING,CRITICAL_SINGULARITY_DAMPED,97,true,true,7.30262034733e-07,false,false,false,false,0,Infinity,184041,-0.232383889558|0.296893663109|0.229482686190
378,VALID_CAMPAIGN,NEAR_SINGULARITY,7980598145169934223,3,MIXED,1.20360000455,-0.297499963586,0.160000000000,UNGUARDED_REFERENCE,true,false,CONVERGED_UNCERTIFIED,NO_GUARDS_OR_FINAL_CERTIFICATION,13,true,false,1.19349966894e-08,false,true,false,true,0,NaN,5542,-25.6025997555|-87.2012956003|0.290308323993
379,VALID_CAMPAIGN,MICRO_MOTION,-3037459976676679639,3,MIXED,1.20360005003,-0.297499599444,0.160000000000,GUARDED_PRODUCTION,true,true,SUCCESS,NONE,1,true,true,7.77731829817e-07,false,false,false,false,0,NaN,3292,-0.232383889558|0.296893663109|0.229482686190
379,VALID_CAMPAIGN,MICRO_MOTION,-3037459976676679639,3,MIXED,1.20360005003,-0.297499599444,0.160000000000,UNGUARDED_REFERENCE,true,false,CONVERGED_UNCERTIFIED,NO_GUARDS_OR_FINAL_CERTIFICATION,1,true,false,3.66057218898e-07,false,true,false,true,0,NaN,375,-25.6025997555|-87.2012956003|0.290308323993
380,VALID_CAMPAIGN,UNIFORM,-5745536398558098075,3,MIXED,1.10828644840,-0.0447018715898,0.160000000000,GUARDED_PRODUCTION,true,true,SUCCESS_WITH_WARNING,CRITICAL_SINGULARITY_DAMPED,31,true,true,5.82447678310e-08,false,false,false,false,0,Infinity,61000,-0.556827610134|1.05339011052|0.136568918654
380,VALID_CAMPAIGN,UNIFORM,-5745536398558098075,3,MIXED,1.10828644840,-0.0447018715898,0.160000000000,UNGUARDED_REFERENCE,true,false,CONVERGED_UNCERTIFIED,NO_GUARDS_OR_FINAL_CERTIFICATION,6,true,false,3.92599042903e-10,false,true,false,true,0,NaN,2292,-25.7521738531|-86.6946018349|0.233438135667
381,VALID_CAMPAIGN,NEAR_JOINT_LIMIT,-4781714808515631836,3,MIXED,0.413388563775,0.0750252571913,0.160000000000,GUARDED_PRODUCTION,false,false,NO_CONVERGENCE,STAGNATION_WINDOW_EXCEEDED,39,true,true,0.167029108999,false,false,false,false,6,Infinity,72333,-1.47194339059|2.37713844122|0.0988948036949
381,VALID_CAMPAIGN,NEAR_JOINT_LIMIT,-4781714808515631836,3,MIXED,0.413388563775,0.0750252571913,0.160000000000,UNGUARDED_REFERENCE,true,false,CONVERGED_UNCERTIFIED,NO_GUARDS_OR_FINAL_CERTIFICATION,6,true,false,2.96306829983e-09,false,true,false,true,0,NaN,2334,-26.7711575078|-85.2107925142|0.150849427296
382,VALID_CAMPAIGN,NEAR_SINGULARITY,2998919819840856884,3,MIXED,1.20360000455,-0.297499963586,0.160000000000,GUARDED_PRODUCTION,true,true,SUCCESS_WITH_WARNING,CRITICAL_SINGULARITY_DAMPED,75,true,true,9.11705527176e-07,false,false,false,false,0,Infinity,139125,-0.232595350906|0.297238050059|0.229476532798
382,VALID_CAMPAIGN,NEAR_SINGULARITY,2998919819840856884,3,MIXED,1.20360000455,-0.297499963586,0.160000000000,UNGUARDED_REFERENCE,true,false,CONVERGED_UNCERTIFIED,NO_GUARDS_OR_FINAL_CERTIFICATION,8,true,false,1.36361483860e-08,false,true,false,true,0,NaN,3125,-25.4194312089|-87.5740865231|0.231974797666
383,VALID_CAMPAIGN,MICRO_MOTION,6325537242087138572,3,MIXED,1.20360005003,-0.297499599444,0.160000000000,GUARDED_PRODUCTION,true,true,SUCCESS,NONE,1,true,true,9.41877459627e-07,false,false,false,false,0,NaN,3875,-0.232595350906|0.297238050059|0.229476532798
383,VALID_CAMPAIGN,MICRO_MOTION,6325537242087138572,3,MIXED,1.20360005003,-0.297499599444,0.160000000000,UNGUARDED_REFERENCE,true,false,CONVERGED_UNCERTIFIED,NO_GUARDS_OR_FINAL_CERTIFICATION,1,true,false,3.65704621717e-07,false,true,false,true,0,NaN,417,-25.4194312089|-87.5740865231|0.231974797666
384,VALID_CAMPAIGN,UNIFORM,3385925775372763972,3,MIXED,-1.16167608309,0.149669086832,0.160000000000,GUARDED_PRODUCTION,true,true,SUCCESS_WITH_WARNING,CRITICAL_SINGULARITY_DAMPED,122,true,true,7.13406084583e-08,false,false,false,false,0,Infinity,224209,-2.88850085832|-0.364123262786|0.196527838274
384,VALID_CAMPAIGN,UNIFORM,3385925775372763972,3,MIXED,-1.16167608309,0.149669086832,0.160000000000,UNGUARDED_REFERENCE,true,false,CONVERGED_UNCERTIFIED,NO_GUARDS_OR_FINAL_CERTIFICATION,10,true,false,1.64623046870e-09,false,true,false,true,0,NaN,4458,0.396588110186|-111.444834010|-1.45637410405
385,VALID_CAMPAIGN,NEAR_JOINT_LIMIT,-9212365756406078864,3,MIXED,0.413388554347,0.0750253091393,0.160000000000,GUARDED_PRODUCTION,false,false,NO_CONVERGENCE,STAGNATION_WINDOW_EXCEEDED,54,true,true,0.773142940697,false,false,false,false,0,Infinity,103583,-1.42745788145|-2.37713844122|0.208330399585
385,VALID_CAMPAIGN,NEAR_JOINT_LIMIT,-9212365756406078864,3,MIXED,0.413388554347,0.0750253091393,0.160000000000,UNGUARDED_REFERENCE,false,false,MAX_ITERATIONS_UNCERTIFIED,NO_GUARDS_OR_FINAL_CERTIFICATION,800,true,false,0.936677107424,false,false,false,true,0,NaN,347042,-7.14926672188|-102.782409635|-0.0181052605138
386,VALID_CAMPAIGN,NEAR_SINGULARITY,-7582691097132161136,3,MIXED,1.20360000455,-0.297499963586,0.160000000000,GUARDED_PRODUCTION,true,true,SUCCESS_WITH_WARNING,CRITICAL_SINGULARITY_DAMPED,117,true,true,9.36105046503e-07,false,false,false,false,0,Infinity,218125,-0.229799525708|0.292687131013|0.229559689087
386,VALID_CAMPAIGN,NEAR_SINGULARITY,-7582691097132161136,3,MIXED,1.20360000455,-0.297499963586,0.160000000000,UNGUARDED_REFERENCE,false,false,MAX_ITERATIONS_UNCERTIFIED,NO_GUARDS_OR_FINAL_CERTIFICATION,800,true,false,1.54455304579,false,false,false,true,0,NaN,334542,-3.28401316213|-102.675244148|-0.0196982170895
387,VALID_CAMPAIGN,MICRO_MOTION,8450300919807309130,3,MIXED,1.20360005003,-0.297499599444,0.160000000000,GUARDED_PRODUCTION,true,true,SUCCESS,NONE,1,true,true,9.64308423325e-07,false,false,false,false,0,NaN,3500,-0.229799525708|0.292687131013|0.229559689087
387,VALID_CAMPAIGN,MICRO_MOTION,8450300919807309130,3,MIXED,1.20360005003,-0.297499599444,0.160000000000,UNGUARDED_REFERENCE,false,false,MAX_ITERATIONS_UNCERTIFIED,NO_GUARDS_OR_FINAL_CERTIFICATION,800,true,false,1.54455297389,false,false,false,true,0,NaN,337167,-3.28401280998|-102.675244229|-0.0196982153262
388,VALID_CAMPAIGN,UNIFORM,-6432922675451879350,3,MIXED,0.884516646459,0.395761565274,0.160000000000,GUARDED_PRODUCTION,true,true,SUCCESS_WITH_WARNING,CRITICAL_SINGULARITY_DAMPED,37,true,true,2.95089264476e-07,false,false,false,false,0,Infinity,72083,-0.388547586914|1.52881970973|0.143468345627
388,VALID_CAMPAIGN,UNIFORM,-6432922675451879350,3,MIXED,0.884516646459,0.395761565274,0.160000000000,UNGUARDED_REFERENCE,true,false,CONVERGED_UNCERTIFIED,NO_GUARDS_OR_FINAL_CERTIFICATION,6,true,false,4.00125427073e-08,false,true,false,true,0,NaN,2416,-5.08130787269|-101.877861703|-0.0362008388105
389,VALID_CAMPAIGN,NEAR_JOINT_LIMIT,2158618148582616824,3,MIXED,-0.382576065803,-0.905049523662,0.160000000000,GUARDED_PRODUCTION,true,true,SUCCESS_WITH_WARNING,CRITICAL_SINGULARITY_DAMPED,70,true,true,8.66404704614e-08,false,false,false,false,0,Infinity,157458,-2.75034135147|1.46776203377|0.131078134224
389,VALID_CAMPAIGN,NEAR_JOINT_LIMIT,2158618148582616824,3,MIXED,-0.382576065803,-0.905049523662,0.160000000000,UNGUARDED_REFERENCE,true,false,CONVERGED_UNCERTIFIED,NO_GUARDS_OR_FINAL_CERTIFICATION,23,true,false,6.29621847541e-08,false,true,false,true,0,NaN,10458,3.02917618498|-123.117382829|0.658523645921
390,VALID_CAMPAIGN,NEAR_SINGULARITY,-2849928547685686495,3,MIXED,1.20360000455,-0.297499963586,0.160000000000,GUARDED_PRODUCTION,true,true,SUCCESS_WITH_WARNING,CRITICAL_SINGULARITY_DAMPED,90,true,true,8.07568864069e-07,false,false,false,false,0,Infinity,159333,-0.234406455880|0.300200817081|0.229434107906
390,VALID_CAMPAIGN,NEAR_SINGULARITY,-2849928547685686495,3,MIXED,1.20360000455,-0.297499963586,0.160000000000,UNGUARDED_REFERENCE,true,false,CONVERGED_UNCERTIFIED,NO_GUARDS_OR_FINAL_CERTIFICATION,7,true,false,1.13019066534e-08,false,true,false,true,0,NaN,2541,0.499956417504|-119.774913205|0.613097853154
391,VALID_CAMPAIGN,MICRO_MOTION,207883446835887722,3,MIXED,1.20360005003,-0.297499599444,0.160000000000,GUARDED_PRODUCTION,true,true,SUCCESS,NONE,1,true,true,8.46883209514e-07,false,false,false,false,0,NaN,3000,-0.234406455880|0.300200817081|0.229434107906
391,VALID_CAMPAIGN,MICRO_MOTION,207883446835887722,3,MIXED,1.20360005003,-0.297499599444,0.160000000000,UNGUARDED_REFERENCE,true,false,CONVERGED_UNCERTIFIED,NO_GUARDS_OR_FINAL_CERTIFICATION,1,true,false,3.66350409753e-07,false,true,false,true,0,NaN,500,0.499956417504|-119.774913205|0.613097853154
392,VALID_CAMPAIGN,UNIFORM,4122708245513140995,3,MIXED,0.704926672775,0.703483023137,0.160000000000,GUARDED_PRODUCTION,true,true,SUCCESS_WITH_WARNING,CRITICAL_SINGULARITY_DAMPED,35,true,true,3.35000514888e-07,false,false,false,false,0,Infinity,65667,0.0171500379279|1.48319406938|0.159957237448
392,VALID_CAMPAIGN,UNIFORM,4122708245513140995,3,MIXED,0.704926672775,0.703483023137,0.160000000000,UNGUARDED_REFERENCE,true,false,CONVERGED_UNCERTIFIED,NO_GUARDS_OR_FINAL_CERTIFICATION,7,true,false,6.18339391409e-07,false,true,false,true,0,NaN,3166,1.64378289282|-120.345037195|0.302788036083
393,VALID_CAMPAIGN,NEAR_JOINT_LIMIT,-7075973756062828391,3,MIXED,0.413388554347,0.0750253091393,0.160000000000,GUARDED_PRODUCTION,false,false,NO_CONVERGENCE,STAGNATION_WINDOW_EXCEEDED,40,true,true,0.178457826332,false,false,false,false,3,Infinity,77084,-1.41785123899|2.37713844122|0.123230607177
393,VALID_CAMPAIGN,NEAR_JOINT_LIMIT,-7075973756062828391,3,MIXED,0.413388554347,0.0750253091393,0.160000000000,UNGUARDED_REFERENCE,true,false,CONVERGED_UNCERTIFIED,NO_GUARDS_OR_FINAL_CERTIFICATION,6,true,false,6.32399412350e-10,false,true,false,true,0,NaN,2250,2.35449656283|-121.571191459|0.396794834403
394,VALID_CAMPAIGN,NEAR_SINGULARITY,-6961918034890571147,3,MIXED,1.20360000455,-0.297499963586,0.160000000000,GUARDED_PRODUCTION,true,true,SUCCESS_WITH_WARNING,CRITICAL_SINGULARITY_DAMPED,69,true,true,9.69071901183e-07,false,false,false,false,0,Infinity,130125,-0.237673815256|0.305572942260|0.229378642120
394,VALID_CAMPAIGN,NEAR_SINGULARITY,-6961918034890571147,3,MIXED,1.20360000455,-0.297499963586,0.160000000000,UNGUARDED_REFERENCE,true,false,CONVERGED_UNCERTIFIED,NO_GUARDS_OR_FINAL_CERTIFICATION,11,true,false,5.25084236955e-07,false,true,false,true,0,NaN,4875,15.4971450664|-148.827881219|-1.58424067319
395,VALID_CAMPAIGN,MICRO_MOTION,5235860532636237483,3,MIXED,1.20360005003,-0.297499599444,0.160000000000,GUARDED_PRODUCTION,true,true,SUCCESS,NONE,1,true,true,9.95232196653e-07,false,false,false,false,0,NaN,3084,-0.237673815256|0.305572942260|0.229378642120
395,VALID_CAMPAIGN,MICRO_MOTION,5235860532636237483,3,MIXED,1.20360005003,-0.297499599444,0.160000000000,UNGUARDED_REFERENCE,true,false,CONVERGED_UNCERTIFIED,NO_GUARDS_OR_FINAL_CERTIFICATION,1,true,false,6.11581801879e-07,false,true,false,true,0,NaN,416,15.4971450664|-148.827881219|-1.58424067319
396,ADVERSARIAL_PROBES,NON_FINITE_TARGET,-6982914726331382419,3,MIXED,NaN,-0.297500000000,0.160000000000,GUARDED_PRODUCTION,false,false,INVALID_INPUT,INVALID_TARGET,0,true,true,NaN,false,false,false,false,0,NaN,2834,0.00000000000|0.00000000000|0.297500000000
396,ADVERSARIAL_PROBES,NON_FINITE_TARGET,-6982914726331382419,3,MIXED,NaN,-0.297500000000,0.160000000000,UNGUARDED_REFERENCE,false,false,MAX_ITERATIONS_UNCERTIFIED,NO_GUARDS_OR_FINAL_CERTIFICATION,800,false,false,NaN,true,false,false,true,0,NaN,294459,NaN|NaN|NaN
397,ADVERSARIAL_PROBES,INFINITE_TARGET,-5263480274998575178,3,MIXED,1.20360000000,-0.297500000000,Infinity,GUARDED_PRODUCTION,false,false,INVALID_INPUT,INVALID_TARGET,0,true,true,Infinity,false,false,false,false,0,NaN,2125,0.00000000000|0.00000000000|0.297500000000
397,ADVERSARIAL_PROBES,INFINITE_TARGET,-5263480274998575178,3,MIXED,1.20360000000,-0.297500000000,Infinity,UNGUARDED_REFERENCE,false,false,MAX_ITERATIONS_UNCERTIFIED,NO_GUARDS_OR_FINAL_CERTIFICATION,800,false,false,NaN,true,false,false,true,0,NaN,319125,NaN|NaN|NaN
398,ADVERSARIAL_PROBES,NON_FINITE_INITIAL_STATE,8727367313602851088,3,MIXED,1.20360000000,-0.297500000000,0.160000000000,GUARDED_PRODUCTION,false,false,INVALID_INPUT,INVALID_INITIAL_STATE,0,true,true,0.00000000000,false,false,false,false,0,NaN,12250,0.00000000000|0.00000000000|0.297500000000
398,ADVERSARIAL_PROBES,NON_FINITE_INITIAL_STATE,8727367313602851088,3,MIXED,1.20360000000,-0.297500000000,0.160000000000,UNGUARDED_REFERENCE,false,false,MAX_ITERATIONS_UNCERTIFIED,NO_GUARDS_OR_FINAL_CERTIFICATION,800,false,false,NaN,true,false,false,true,0,NaN,294833,NaN|NaN|NaN
399,ADVERSARIAL_PROBES,OVERFLOWING_GEOMETRY,-4806269846574366420,3,MIXED,0.00000000000,0.00000000000,0.00000000000,GUARDED_PRODUCTION,false,false,NUMERICAL_FAILURE,OUTPUT_VALIDATION_FAILED,1,true,true,Infinity,false,false,false,false,0,NaN,9958,0.00000000000|0.00000000000|0.297500000000
399,ADVERSARIAL_PROBES,OVERFLOWING_GEOMETRY,-4806269846574366420,3,MIXED,0.00000000000,0.00000000000,0.00000000000,UNGUARDED_REFERENCE,false,false,MAX_ITERATIONS_UNCERTIFIED,NO_GUARDS_OR_FINAL_CERTIFICATION,800,false,false,NaN,true,false,false,true,0,NaN,279833,NaN|NaN|NaN
400,VALID_CAMPAIGN,UNIFORM,1558114902909431057,5,AUTO,-0.777893120795,1.00015965589,-0.608723596405,GUARDED_PRODUCTION,true,true,SUCCESS,NONE,151,true,true,1.27266785085e-09,false,false,false,false,0,21.6707746410,529916,2.24668717731|0.556687841795|-1.83208587103|0.369711092828|0.513429981849
400,VALID_CAMPAIGN,UNIFORM,1558114902909431057,5,AUTO,-0.777893120795,1.00015965589,-0.608723596405,UNGUARDED_REFERENCE,true,false,CONVERGED_UNCERTIFIED,NO_GUARDS_OR_FINAL_CERTIFICATION,8,true,false,1.73111988079e-07,false,true,false,true,0,NaN,6417,14.7884091069|-19.2415779169|-0.395042318980|-0.405122971189|-0.558326792819
401,VALID_CAMPAIGN,NEAR_JOINT_LIMIT,-8374269136252709636,5,AUTO,-0.727452700876,-0.408415213766,-0.0567305267123,GUARDED_PRODUCTION,false,false,NO_CONVERGENCE,STAGNATION_WINDOW_EXCEEDED,338,true,true,0.613846189234,false,false,false,false,0,25.9077347135,1136000,3.14159265359|1.65050916121|-2.67428074637|0.0398041822550|0.174862024282
401,VALID_CAMPAIGN,NEAR_JOINT_LIMIT,-8374269136252709636,5,AUTO,-0.727452700876,-0.408415213766,-0.0567305267123,UNGUARDED_REFERENCE,true,false,CONVERGED_UNCERTIFIED,NO_GUARDS_OR_FINAL_CERTIFICATION,10,true,false,1.71720268175e-08,false,true,false,true,0,NaN,7584,16.1776337634|-16.3947032312|-2.59675287587|0.192703380621|-0.145609169397
402,VALID_CAMPAIGN,NEAR_SINGULARITY,285692581647738582,5,AUTO,1.46555998986,-0.377499950837,0.457500040767,GUARDED_PRODUCTION,false,false,NO_CONVERGENCE,STAGNATION_WINDOW_EXCEEDED,626,true,true,0.760365542217,false,false,false,false,0,6.99863371203,2314250,-0.0628141686600|1.89175053454|-2.67428074637|0.575000000000|0.0200000000000
402,VALID_CAMPAIGN,NEAR_SINGULARITY,285692581647738582,5,AUTO,1.46555998986,-0.377499950837,0.457500040767,UNGUARDED_REFERENCE,true,false,CONVERGED_UNCERTIFIED,NO_GUARDS_OR_FINAL_CERTIFICATION,23,true,false,2.70457700565e-08,false,true,false,true,0,NaN,20458,12.7737234574|-5.12570400585|-3.35033328354|1.02330610564|-0.164626414826
403,VALID_CAMPAIGN,MICRO_MOTION,4182896238575600390,5,AUTO,1.46555988846,-0.377499459207,0.457500448438,GUARDED_PRODUCTION,false,false,NO_CONVERGENCE,STAGNATION_WINDOW_EXCEEDED,7,true,true,0.760365682909,false,false,false,false,0,15.5247548248,88916,-0.0628140598127|1.89175056717|-2.67428074637|0.575000000000|0.0200000000000
403,VALID_CAMPAIGN,MICRO_MOTION,4182896238575600390,5,AUTO,1.46555988846,-0.377499459207,0.457500448438,UNGUARDED_REFERENCE,true,false,CONVERGED_UNCERTIFIED,NO_GUARDS_OR_FINAL_CERTIFICATION,1,true,false,6.38223694585e-07,false,true,false,true,0,NaN,958,12.7737234574|-5.12570400585|-3.35033328354|1.02330610564|-0.164626414826
404,VALID_CAMPAIGN,UNIFORM,-398467939595052513,5,AUTO,-0.690670167476,-0.544840781194,-0.470323321868,GUARDED_PRODUCTION,true,true,SUCCESS,NONE,82,true,true,4.40419044117e-10,false,false,false,false,0,15.5247548869,308917,-2.82218835496|1.88503769217|-1.91701967201|0.374988363605|0.0322809976707
404,VALID_CAMPAIGN,UNIFORM,-398467939595052513,5,AUTO,-0.690670167476,-0.544840781194,-0.470323321868,UNGUARDED_REFERENCE,true,false,CONVERGED_UNCERTIFIED,NO_GUARDS_OR_FINAL_CERTIFICATION,7,true,false,6.62034636940e-08,false,true,false,true,0,NaN,5583,16.7542188322|-12.0059167118|-1.74189288061|0.392685721887|-0.108670212736
405,VALID_CAMPAIGN,NEAR_JOINT_LIMIT,5727476422945761534,5,AUTO,-0.672420431917,0.0785408219174,-0.154475026173,GUARDED_PRODUCTION,true,true,SUCCESS,NONE,81,true,true,2.95776437293e-08,false,false,false,false,0,8.83838232534,282250,-3.09626481686|2.19107736193|-2.67428063872|0.0374347395311|0.0200000000000
405,VALID_CAMPAIGN,NEAR_JOINT_LIMIT,5727476422945761534,5,AUTO,-0.672420431917,0.0785408219174,-0.154475026173,UNGUARDED_REFERENCE,true,false,CONVERGED_UNCERTIFIED,NO_GUARDS_OR_FINAL_CERTIFICATION,7,true,false,9.47910018228e-07,false,true,false,true,0,NaN,5583,16.4443808283|-12.1112262628|-2.51026022493|0.377643949932|-0.0918559878877
406,VALID_CAMPAIGN,NEAR_SINGULARITY,2926146639722409400,5,AUTO,1.46555998986,-0.377499950837,0.457500040767,GUARDED_PRODUCTION,false,false,NO_CONVERGENCE,STAGNATION_WINDOW_EXCEEDED,522,true,true,0.760365542186,false,false,false,false,0,10.0371803039,1706917,-0.0628141689439|1.89175053488|-2.67428074637|0.575000000000|0.0200000000000
406,VALID_CAMPAIGN,NEAR_SINGULARITY,2926146639722409400,5,AUTO,1.46555998986,-0.377499950837,0.457500040767,UNGUARDED_REFERENCE,true,false,CONVERGED_UNCERTIFIED,NO_GUARDS_OR_FINAL_CERTIFICATION,27,true,false,1.05316956119e-07,false,true,false,true,0,NaN,22625,50.0370799748|-13.0638762521|-5.94816049556|-0.557663546576|0.0857789205100
407,VALID_CAMPAIGN,MICRO_MOTION,-8682231170861451841,5,AUTO,1.46555988846,-0.377499459207,0.457500448438,GUARDED_PRODUCTION,false,false,NO_CONVERGENCE,STAGNATION_WINDOW_EXCEEDED,7,true,true,0.760365682883,false,false,false,false,0,15.5247548192,28792,-0.0628140600159|1.89175056740|-2.67428074637|0.575000000000|0.0200000000000
407,VALID_CAMPAIGN,MICRO_MOTION,-8682231170861451841,5,AUTO,1.46555988846,-0.377499459207,0.457500448438,UNGUARDED_REFERENCE,true,false,CONVERGED_UNCERTIFIED,NO_GUARDS_OR_FINAL_CERTIFICATION,1,true,false,6.49162021072e-07,false,true,false,true,0,NaN,667,50.0370799748|-13.0638762521|-5.94816049556|-0.557663546576|0.0857789205100
408,VALID_CAMPAIGN,UNIFORM,-9117789047685307152,5,AUTO,-0.670473663941,-0.582028534124,0.783081326701,GUARDED_PRODUCTION,false,false,NO_CONVERGENCE,STAGNATION_WINDOW_EXCEEDED,444,true,true,1.04334261013,false,false,false,false,0,15.5247548923,1421042,-1.21810918786|0.776369438309|-2.67428074637|0.420254424307|0.0200000000000
408,VALID_CAMPAIGN,UNIFORM,-9117789047685307152,5,AUTO,-0.670473663941,-0.582028534124,0.783081326701,UNGUARDED_REFERENCE,true,false,CONVERGED_UNCERTIFIED,NO_GUARDS_OR_FINAL_CERTIFICATION,11,true,false,5.90271327555e-09,false,true,false,true,0,NaN,8625,66.6846077819|-29.7484094306|7.94952208286|0.360067555389|0.339177002408
409,VALID_CAMPAIGN,NEAR_JOINT_LIMIT,-3930447512430548597,5,AUTO,-0.533991791667,-0.222892877665,-0.154475026173,GUARDED_PRODUCTION,true,true,SUCCESS,NONE,252,true,true,9.88027816581e-07,false,false,false,false,40,4.50829111379,1832042,-1.69077044373|0.115428484901|-2.67428074637|0.401601622093|0.0200010126634
409,VALID_CAMPAIGN,NEAR_JOINT_LIMIT,-3930447512430548597,5,AUTO,-0.533991791667,-0.222892877665,-0.154475026173,UNGUARDED_REFERENCE,true,false,CONVERGED_UNCERTIFIED,NO_GUARDS_OR_FINAL_CERTIFICATION,13,true,false,1.00643533460e-07,false,true,false,true,0,NaN,11500,73.4820565985|-35.6602216962|10.4099150538|-0.322211655673|-0.423763071668
410,VALID_CAMPAIGN,NEAR_SINGULARITY,8630370157347296383,5,AUTO,1.46555998986,-0.377499950837,0.457500040767,GUARDED_PRODUCTION,false,false,NO_CONVERGENCE,STAGNATION_WINDOW_EXCEEDED,401,true,true,0.760365542216,false,false,false,false,0,2.74068528279,2280125,-0.0628141686172|1.89175053446|-2.67428074637|0.575000000000|0.0200000000000
410,VALID_CAMPAIGN,NEAR_SINGULARITY,8630370157347296383,5,AUTO,1.46555998986,-0.377499950837,0.457500040767,UNGUARDED_REFERENCE,true,false,CONVERGED_UNCERTIFIED,NO_GUARDS_OR_FINAL_CERTIFICATION,12,true,false,6.47000728448e-08,false,true,false,true,0,NaN,11125,86.8824482667|-66.1681335613|8.48424288857|1.12702173195|0.397783850760
411,VALID_CAMPAIGN,MICRO_MOTION,2367515191773569213,5,AUTO,1.46555988846,-0.377499459207,0.457500448438,GUARDED_PRODUCTION,false,false,NO_CONVERGENCE,STAGNATION_WINDOW_EXCEEDED,7,true,true,0.760365682906,false,false,false,false,0,15.5247548225,50666,-0.0628140597715|1.89175056709|-2.67428074637|0.575000000000|0.0200000000000
411,VALID_CAMPAIGN,MICRO_MOTION,2367515191773569213,5,AUTO,1.46555988846,-0.377499459207,0.457500448438,UNGUARDED_REFERENCE,true,false,CONVERGED_UNCERTIFIED,NO_GUARDS_OR_FINAL_CERTIFICATION,1,true,false,6.32240611968e-07,false,true,false,true,0,NaN,667,86.8824482667|-66.1681335613|8.48424288857|1.12702173195|0.397783850760
412,VALID_CAMPAIGN,UNIFORM,7662831208415660400,5,AUTO,1.10408032316,0.596446845713,-0.372986056836,GUARDED_PRODUCTION,false,false,MAX_ITERATIONS_REACHED,MAX_ITERATIONS_LIMIT_REACHED,800,true,true,0.153310349853,false,false,false,false,0,15.5247548900,4004834,0.490283934240|1.61539464236|-2.27461789065|0.575000000000|0.0468997163269
412,VALID_CAMPAIGN,UNIFORM,7662831208415660400,5,AUTO,1.10408032316,0.596446845713,-0.372986056836,UNGUARDED_REFERENCE,true,false,CONVERGED_UNCERTIFIED,NO_GUARDS_OR_FINAL_CERTIFICATION,8,true,false,6.66172889758e-09,false,true,false,true,0,NaN,5834,86.3752830288|-65.0585166192|9.58916733419|1.42877986346|0.431043497576
413,VALID_CAMPAIGN,NEAR_JOINT_LIMIT,1239669697367614232,5,AUTO,-0.876104811632,-0.495086235262,-0.649969271475,GUARDED_PRODUCTION,true,true,SUCCESS,NONE,193,true,true,1.46043204774e-09,false,false,false,false,0,14.7376481859,539125,-2.88428024274|1.26651087400|-2.14369735707|0.346341791388|0.473481438610
413,VALID_CAMPAIGN,NEAR_JOINT_LIMIT,1239669697367614232,5,AUTO,-0.876104811632,-0.495086235262,-0.649969271475,UNGUARDED_REFERENCE,true,false,CONVERGED_UNCERTIFIED,NO_GUARDS_OR_FINAL_CERTIFICATION,17,true,false,2.90190973372e-08,false,true,false,true,0,NaN,13791,60.2076354316|-34.3568010125|-1.41441890305|-0.194674220555|-1.02454532049
414,VALID_CAMPAIGN,NEAR_SINGULARITY,7821781455768956291,5,AUTO,1.46555998986,-0.377499950837,0.457500040767,GUARDED_PRODUCTION,false,false,NO_CONVERGENCE,STAGNATION_WINDOW_EXCEEDED,65,true,true,1.19708802691,false,false,false,false,0,24.1947236913,196917,-0.192955076351|2.01282633495|-2.67428074637|0.321085015730|0.406880173747
414,VALID_CAMPAIGN,NEAR_SINGULARITY,7821781455768956291,5,AUTO,1.46555998986,-0.377499950837,0.457500040767,UNGUARDED_REFERENCE,true,false,CONVERGED_UNCERTIFIED,NO_GUARDS_OR_FINAL_CERTIFICATION,14,true,false,1.15100182272e-07,false,true,false,true,0,NaN,11458,43.8118274335|-17.1744984581|-3.46866872931|0.963706451501|-0.0907715809462
415,VALID_CAMPAIGN,MICRO_MOTION,2918299248083970375,5,AUTO,1.46555988846,-0.377499459207,0.457500448438,GUARDED_PRODUCTION,false,false,NO_CONVERGENCE,STAGNATION_WINDOW_EXCEEDED,7,true,true,1.22722242402,false,false,false,false,0,11.4129549217,21875,-0.0604281551308|2.01016149119|-2.67428074637|0.328663578430|0.401030282102
415,VALID_CAMPAIGN,MICRO_MOTION,2918299248083970375,5,AUTO,1.46555988846,-0.377499459207,0.457500448438,UNGUARDED_REFERENCE,true,false,CONVERGED_UNCERTIFIED,NO_GUARDS_OR_FINAL_CERTIFICATION,1,true,false,6.21782538673e-07,false,true,false,true,0,NaN,541,43.8118274335|-17.1744984581|-3.46866872931|0.963706451501|-0.0907715809462
416,VALID_CAMPAIGN,UNIFORM,8857239101398782052,5,AUTO,0.801927690411,0.259174251576,0.622238191630,GUARDED_PRODUCTION,false,false,NO_CONVERGENCE,STAGNATION_WINDOW_EXCEEDED,17,true,true,1.11121033602,false,false,false,false,0,11.4895265007,49125,0.292532544470|2.27698297756|-2.67428074637|0.305815841231|0.374306982717
416,VALID_CAMPAIGN,UNIFORM,8857239101398782052,5,AUTO,0.801927690411,0.259174251576,0.622238191630,UNGUARDED_REFERENCE,true,false,CONVERGED_UNCERTIFIED,NO_GUARDS_OR_FINAL_CERTIFICATION,6,true,false,2.57555372060e-07,false,true,false,true,0,NaN,4292,44.4369525938|-17.2948027063|-3.80782934305|0.310102902174|-0.0703441670687
417,VALID_CAMPAIGN,NEAR_JOINT_LIMIT,6103180752715955583,5,AUTO,-0.533991763657,-0.222892944768,-0.154475026173,GUARDED_PRODUCTION,true,true,SUCCESS,NONE,684,true,true,9.82697134584e-07,false,false,false,false,0,9.99465988960,1906917,-2.34682773362|1.49509698667|-2.67428074637|0.0238398325758|0.0200010074168
417,VALID_CAMPAIGN,NEAR_JOINT_LIMIT,6103180752715955583,5,AUTO,-0.533991763657,-0.222892944768,-0.154475026173,UNGUARDED_REFERENCE,true,false,CONVERGED_UNCERTIFIED,NO_GUARDS_OR_FINAL_CERTIFICATION,9,true,false,4.34601960924e-09,false,true,false,true,0,NaN,6833,49.2699190330|-23.0376653722|-2.61327931606|-0.840709077504|-0.0201812070227
418,VALID_CAMPAIGN,NEAR_SINGULARITY,1515731247673341112,5,AUTO,1.46555998986,-0.377499950837,0.457500040767,GUARDED_PRODUCTION,false,false,NO_CONVERGENCE,STAGNATION_WINDOW_EXCEEDED,496,true,true,0.760365542174,false,false,false,false,0,4.69495786704,1457333,-0.0628141689966|1.89175053492|-2.67428074637|0.575000000000|0.0200000000000
418,VALID_CAMPAIGN,NEAR_SINGULARITY,1515731247673341112,5,AUTO,1.46555998986,-0.377499950837,0.457500040767,UNGUARDED_REFERENCE,true,false,CONVERGED_UNCERTIFIED,NO_GUARDS_OR_FINAL_CERTIFICATION,18,true,false,1.37032993390e-07,false,true,false,true,0,NaN,14541,56.1903695592|-26.7661197821|-3.60653038088|-1.12672597082|-0.00254759871935
419,VALID_CAMPAIGN,MICRO_MOTION,7233150111177117680,5,AUTO,1.46555988846,-0.377499459207,0.457500448438,GUARDED_PRODUCTION,false,false,NO_CONVERGENCE,STAGNATION_WINDOW_EXCEEDED,7,true,true,0.760365682874,false,false,false,false,0,15.5247548244,36916,-0.0628140600632|1.89175056744|-2.67428074637|0.575000000000|0.0200000000000
419,VALID_CAMPAIGN,MICRO_MOTION,7233150111177117680,5,AUTO,1.46555988846,-0.377499459207,0.457500448438,UNGUARDED_REFERENCE,true,false,CONVERGED_UNCERTIFIED,NO_GUARDS_OR_FINAL_CERTIFICATION,1,true,false,6.24749308190e-07,false,true,false,true,0,NaN,750,56.1903695592|-26.7661197821|-3.60653038088|-1.12672597082|-0.00254759871935
420,VALID_CAMPAIGN,UNIFORM,-6218485782522678558,5,AUTO,-0.880944053255,-1.31079759631,-0.0334791208830,GUARDED_PRODUCTION,false,false,NO_CONVERGENCE,STAGNATION_WINDOW_EXCEEDED,219,true,true,0.459258222272,false,false,false,false,0,15.5247548883,596750,-2.16268001364|1.89159283190|-2.67428074637|0.575000000000|0.0200000000000
420,VALID_CAMPAIGN,UNIFORM,-6218485782522678558,5,AUTO,-0.880944053255,-1.31079759631,-0.0334791208830,UNGUARDED_REFERENCE,true,false,CONVERGED_UNCERTIFIED,NO_GUARDS_OR_FINAL_CERTIFICATION,11,true,false,7.95848323016e-08,false,true,false,true,0,NaN,8417,48.0409686168|-16.9535750350|-2.86031387067|1.02226873709|0.0111444011285
421,VALID_CAMPAIGN,NEAR_JOINT_LIMIT,-8886507715395932877,5,AUTO,-0.685426199498,0.0910130013335,0.438763718590,GUARDED_PRODUCTION,false,false,NO_CONVERGENCE,STAGNATION_WINDOW_EXCEEDED,358,true,true,0.668310899139,false,false,false,false,0,15.5244300080,910334,-2.02535614758|0.526105714971|-2.67428074637|0.373178903939|0.0200000000000
421,VALID_CAMPAIGN,NEAR_JOINT_LIMIT,-8886507715395932877,5,AUTO,-0.685426199498,0.0910130013335,0.438763718590,UNGUARDED_REFERENCE,true,false,CONVERGED_UNCERTIFIED,NO_GUARDS_OR_FINAL_CERTIFICATION,8,true,false,4.15416866354e-08,false,true,false,true,0,NaN,5625,46.9348357273|-15.2355532100|-3.57088851219|-0.156051417139|-0.00516990984917
422,VALID_CAMPAIGN,NEAR_SINGULARITY,-4207663435519181685,5,AUTO,1.46555998986,-0.377499950837,0.457500040767,GUARDED_PRODUCTION,false,false,NO_CONVERGENCE,STAGNATION_WINDOW_EXCEEDED,408,true,true,0.760365542207,false,false,false,false,0,3.50569731255,1006333,-0.0628141688485|1.89175053481|-2.67428074637|0.575000000000|0.0200000000000
422,VALID_CAMPAIGN,NEAR_SINGULARITY,-4207663435519181685,5,AUTO,1.46555998986,-0.377499950837,0.457500040767,UNGUARDED_REFERENCE,true,false,CONVERGED_UNCERTIFIED,NO_GUARDS_OR_FINAL_CERTIFICATION,10,true,false,8.34411248951e-10,false,true,false,true,0,NaN,8083,21.4466350447|17.6229356452|-3.69071447333|1.85125198370|0.0541218757757
423,VALID_CAMPAIGN,MICRO_MOTION,7048031093128962919,5,AUTO,1.46555988846,-0.377499459207,0.457500448438,GUARDED_PRODUCTION,false,false,NO_CONVERGENCE,STAGNATION_WINDOW_EXCEEDED,7,true,true,0.760365682898,false,false,false,false,0,15.5247548218,21208,-0.0628140599750|1.89175056739|-2.67428074637|0.575000000000|0.0200000000000
423,VALID_CAMPAIGN,MICRO_MOTION,7048031093128962919,5,AUTO,1.46555988846,-0.377499459207,0.457500448438,UNGUARDED_REFERENCE,true,false,CONVERGED_UNCERTIFIED,NO_GUARDS_OR_FINAL_CERTIFICATION,1,true,false,6.46949816643e-07,false,true,false,true,0,NaN,542,21.4466350447|17.6229356452|-3.69071447333|1.85125198370|0.0541218757757
424,VALID_CAMPAIGN,UNIFORM,-6626849966515204546,5,AUTO,0.273233739663,-0.151908046494,-0.382209889522,GUARDED_PRODUCTION,false,false,NO_CONVERGENCE,STAGNATION_WINDOW_EXCEEDED,245,true,true,0.194697894027,false,false,false,false,0,15.5247548862,639125,-0.700897282201|2.37713844122|-2.13819571599|0.0200000000000|0.0200000000000
424,VALID_CAMPAIGN,UNIFORM,-6626849966515204546,5,AUTO,0.273233739663,-0.151908046494,-0.382209889522,UNGUARDED_REFERENCE,true,false,CONVERGED_UNCERTIFIED,NO_GUARDS_OR_FINAL_CERTIFICATION,9,true,false,4.51745505945e-09,false,true,false,true,0,NaN,6750,30.7355905881|10.8556818711|-2.39343623188|0.0642318162354|0.128632712989
425,VALID_CAMPAIGN,NEAR_JOINT_LIMIT,-1311191741892658741,5,AUTO,-0.672420422047,0.0785409064162,-0.154475026173,GUARDED_PRODUCTION,true,true,SUCCESS,NONE,145,true,true,9.98203828054e-07,false,false,false,false,0,10.9031705787,383834,-3.12328021388|2.30201153923|-2.67428074637|0.0266937277899|0.0200010226787
425,VALID_CAMPAIGN,NEAR_JOINT_LIMIT,-1311191741892658741,5,AUTO,-0.672420422047,0.0785409064162,-0.154475026173,UNGUARDED_REFERENCE,true,false,CONVERGED_UNCERTIFIED,NO_GUARDS_OR_FINAL_CERTIFICATION,8,true,false,2.48123474610e-07,false,true,false,true,0,NaN,6000,22.5724648102|27.9245840685|-2.64620104181|-0.463607718749|0.00166890428609
426,VALID_CAMPAIGN,NEAR_SINGULARITY,-2842661113231974030,5,AUTO,1.46555998986,-0.377499950837,0.457500040767,GUARDED_PRODUCTION,false,false,NO_CONVERGENCE,STAGNATION_WINDOW_EXCEEDED,514,true,true,0.760365542184,false,false,false,false,0,11.4119662335,1282292,-0.0628141688648|1.89175053475|-2.67428074637|0.575000000000|0.0200000000000
426,VALID_CAMPAIGN,NEAR_SINGULARITY,-2842661113231974030,5,AUTO,1.46555998986,-0.377499950837,0.457500040767,UNGUARDED_REFERENCE,true,false,CONVERGED_UNCERTIFIED,NO_GUARDS_OR_FINAL_CERTIFICATION,11,true,false,1.82905244824e-09,false,true,false,true,0,NaN,8291,18.6033172997|26.9090510129|-3.63214930206|0.963060627587|0.0144004475067
427,VALID_CAMPAIGN,MICRO_MOTION,-3958323831659793651,5,AUTO,1.46555988846,-0.377499459207,0.457500448438,GUARDED_PRODUCTION,false,false,NO_CONVERGENCE,STAGNATION_WINDOW_EXCEEDED,7,true,true,0.760365682882,false,false,false,false,0,15.5247548192,19541,-0.0628140599835|1.89175056734|-2.67428074637|0.575000000000|0.0200000000000
427,VALID_CAMPAIGN,MICRO_MOTION,-3958323831659793651,5,AUTO,1.46555988846,-0.377499459207,0.457500448438,UNGUARDED_REFERENCE,true,false,CONVERGED_UNCERTIFIED,NO_GUARDS_OR_FINAL_CERTIFICATION,1,true,false,6.46173086765e-07,false,true,false,true,0,NaN,542,18.6033172997|26.9090510129|-3.63214930206|0.963060627587|0.0144004475067
428,VALID_CAMPAIGN,UNIFORM,-7701896046279506919,5,AUTO,-0.158891027767,0.894479959079,0.792394207925,GUARDED_PRODUCTION,false,false,NO_CONVERGENCE,STAGNATION_WINDOW_EXCEEDED,116,true,true,0.947517478385,false,false,false,false,0,15.5247548883,284916,1.62511062022|2.37713844122|-2.67428074637|0.316981347389|0.0200000000000
428,VALID_CAMPAIGN,UNIFORM,-7701896046279506919,5,AUTO,-0.158891027767,0.894479959079,0.792394207925,UNGUARDED_REFERENCE,true,false,CONVERGED_UNCERTIFIED,NO_GUARDS_OR_FINAL_CERTIFICATION,9,true,false,4.19634472936e-07,false,true,false,true,0,NaN,7042,20.7100735498|26.0927150854|-4.40964517895|0.353228109197|-0.0130779194694
429,VALID_CAMPAIGN,NEAR_JOINT_LIMIT,542829892191789284,5,AUTO,-0.727452700876,-0.408415213766,-0.0567305267123,GUARDED_PRODUCTION,false,false,NO_CONVERGENCE,STAGNATION_WINDOW_EXCEEDED,61,true,true,0.435075760674,false,false,false,false,0,12.0831097150,160416,3.14159265359|2.37713844122|-2.67428074637|0.107337551220|0.0200000000000
429,VALID_CAMPAIGN,NEAR_JOINT_LIMIT,542829892191789284,5,AUTO,-0.727452700876,-0.408415213766,-0.0567305267123,UNGUARDED_REFERENCE,true,false,CONVERGED_UNCERTIFIED,NO_GUARDS_OR_FINAL_CERTIFICATION,18,true,false,3.50532089916e-07,false,true,false,true,0,NaN,12791,50.8591421996|-2.52418690733|-0.558378195934|0.715340818153|0.155778809342
430,VALID_CAMPAIGN,NEAR_SINGULARITY,-1921654791785418543,5,AUTO,1.46555998986,-0.377499950837,0.457500040767,GUARDED_PRODUCTION,false,false,NO_CONVERGENCE,STAGNATION_WINDOW_EXCEEDED,114,true,true,1.32347363844,false,false,false,false,0,14.5223067518,281625,3.14159265359|2.37713844122|0.177478123397|0.0200000000000|0.0609895924410
430,VALID_CAMPAIGN,NEAR_SINGULARITY,-1921654791785418543,5,AUTO,1.46555998986,-0.377499950837,0.457500040767,UNGUARDED_REFERENCE,true,false,CONVERGED_UNCERTIFIED,NO_GUARDS_OR_FINAL_CERTIFICATION,11,true,false,6.23351271329e-07,false,true,false,true,0,NaN,7541,37.5350360889|5.91009146430|-0.0552069467490|-0.343022293340|0.334341203499
431,VALID_CAMPAIGN,MICRO_MOTION,6126818766527679412,5,AUTO,1.46555988846,-0.377499459207,0.457500448438,GUARDED_PRODUCTION,false,false,NO_CONVERGENCE,STAGNATION_WINDOW_EXCEEDED,7,true,true,1.32455732042,false,false,false,false,0,4.60219103011,20916,3.14159265359|2.37713844122|0.206328376133|0.0200000000000|0.0620497971018
431,VALID_CAMPAIGN,MICRO_MOTION,6126818766527679412,5,AUTO,1.46555988846,-0.377499459207,0.457500448438,UNGUARDED_REFERENCE,true,false,CONVERGED_UNCERTIFIED,NO_GUARDS_OR_FINAL_CERTIFICATION,1,true,false,8.43130409314e-07,false,true,false,true,0,NaN,417,37.5350360889|5.91009146430|-0.0552069467490|-0.343022293340|0.334341203499
432,VALID_CAMPAIGN,UNIFORM,-5622054804166000291,5,AUTO,0.570770976105,0.955318981587,-0.247122160096,GUARDED_PRODUCTION,false,false,NO_CONVERGENCE,STAGNATION_WINDOW_EXCEEDED,7,true,true,1.89407757337,false,false,false,false,0,4.61425978803,19791,2.99440861507|2.37713844122|0.147723959214|0.0200000000000|0.0600897243861
432,VALID_CAMPAIGN,UNIFORM,-5622054804166000291,5,AUTO,0.570770976105,0.955318981587,-0.247122160096,UNGUARDED_REFERENCE,true,false,CONVERGED_UNCERTIFIED,NO_GUARDS_OR_FINAL_CERTIFICATION,20,true,false,3.33701477508e-08,false,true,false,true,0,NaN,16000,62.6155778854|-30.3472397381|-0.727915248222|-0.670030436508|0.0414535020795
433,VALID_CAMPAIGN,NEAR_JOINT_LIMIT,8548484426130799553,5,AUTO,-0.685426199498,0.0910130013335,0.438763718590,GUARDED_PRODUCTION,false,false,NO_CONVERGENCE,STAGNATION_WINDOW_EXCEEDED,42,true,true,0.0777244112434,false,false,false,false,17,4.59134822138,114666,1.15175278937|2.37713844122|0.337870263016|0.0200000000000|0.0570010875637
433,VALID_CAMPAIGN,NEAR_JOINT_LIMIT,8548484426130799553,5,AUTO,-0.685426199498,0.0910130013335,0.438763718590,UNGUARDED_REFERENCE,true,false,CONVERGED_UNCERTIFIED,NO_GUARDS_OR_FINAL_CERTIFICATION,9,true,false,1.71175007946e-09,false,true,false,true,0,NaN,6584,74.1001342823|-46.3439964854|0.425342351375|-0.0267798952271|0.00776143932528
434,VALID_CAMPAIGN,NEAR_SINGULARITY,207547633622104193,5,AUTO,1.46555998986,-0.377499950837,0.457500040767,GUARDED_PRODUCTION,true,true,SUCCESS,NONE,147,true,true,2.85934942186e-09,false,false,false,false,0,4.67540855849,392250,-0.243864486127|0.345306699166|0.0707582905690|0.292996099564|0.251578348853
434,VALID_CAMPAIGN,NEAR_SINGULARITY,207547633622104193,5,AUTO,1.46555998986,-0.377499950837,0.457500040767,UNGUARDED_REFERENCE,true,false,CONVERGED_UNCERTIFIED,NO_GUARDS_OR_FINAL_CERTIFICATION,13,true,false,9.44585957114e-09,false,true,false,true,0,NaN,9041,94.2741446614|-57.4538666342|0.538319256048|-0.616778799544|-0.0466798432876
435,VALID_CAMPAIGN,MICRO_MOTION,3027276530677997796,5,AUTO,1.46555988846,-0.377499459207,0.457500448438,GUARDED_PRODUCTION,true,true,SUCCESS,NONE,1,true,true,6.46504893375e-07,false,false,false,false,0,NaN,4000,-0.243864486127|0.345306699166|0.0707582905690|0.292996099564|0.251578348853
435,VALID_CAMPAIGN,MICRO_MOTION,3027276530677997796,5,AUTO,1.46555988846,-0.377499459207,0.457500448438,UNGUARDED_REFERENCE,true,false,CONVERGED_UNCERTIFIED,NO_GUARDS_OR_FINAL_CERTIFICATION,1,true,false,6.45850063213e-07,false,true,false,true,0,NaN,458,94.2741446614|-57.4538666342|0.538319256048|-0.616778799544|-0.0466798432876
436,VALID_CAMPAIGN,UNIFORM,-5518670655930526868,5,AUTO,-1.06081565227,-0.402824335024,0.650254217276,GUARDED_PRODUCTION,true,true,SUCCESS,NONE,439,true,true,9.60753966748e-07,false,false,false,false,0,42.0500996913,1397750,-2.77378057015|1.87680771630|1.92386950771|0.575000000000|0.368929529930
436,VALID_CAMPAIGN,UNIFORM,-5518670655930526868,5,AUTO,-1.06081565227,-0.402824335024,0.650254217276,UNGUARDED_REFERENCE,true,false,CONVERGED_UNCERTIFIED,NO_GUARDS_OR_FINAL_CERTIFICATION,13,true,false,2.68001122192e-08,false,true,false,true,0,NaN,9917,117.184791157|-82.5486280386|0.839964397543|-0.0581184149551|-4.93929271141e-05
437,VALID_CAMPAIGN,NEAR_JOINT_LIMIT,-6447431434556711015,5,AUTO,0.0306027862144,-0.450419559303,-0.649969271475,GUARDED_PRODUCTION,false,false,NO_CONVERGENCE,STAGNATION_WINDOW_EXCEEDED,551,true,true,0.610442543767,false,false,false,false,0,15.9612589917,1540666,-0.116196999931|-0.0476042631630|2.67428074637|0.380625389524|0.575000000000
437,VALID_CAMPAIGN,NEAR_JOINT_LIMIT,-6447431434556711015,5,AUTO,0.0306027862144,-0.450419559303,-0.649969271475,UNGUARDED_REFERENCE,true,false,CONVERGED_UNCERTIFIED,NO_GUARDS_OR_FINAL_CERTIFICATION,13,true,false,7.02578196116e-08,false,true,false,true,0,NaN,12834,122.951564493|-93.1774670202|-1.08897197777|-0.533826693238|-0.488764786318
438,VALID_CAMPAIGN,NEAR_SINGULARITY,7440822353534664437,5,AUTO,1.46555998986,-0.377499950837,0.457500040767,GUARDED_PRODUCTION,false,false,NO_CONVERGENCE,STAGNATION_WINDOW_EXCEEDED,87,true,true,0.262738239950,false,false,false,false,0,3.16248090332,277750,-0.260803706907|2.19553537324|2.10789706958|0.575000000000|0.575000000000
438,VALID_CAMPAIGN,NEAR_SINGULARITY,7440822353534664437,5,AUTO,1.46555998986,-0.377499950837,0.457500040767,UNGUARDED_REFERENCE,true,false,CONVERGED_UNCERTIFIED,NO_GUARDS_OR_FINAL_CERTIFICATION,17,true,false,1.60812050540e-07,false,true,false,true,0,NaN,16416,144.152217113|-107.088488882|-5.57050640088|-0.525124254131|-0.175822500579
439,VALID_CAMPAIGN,MICRO_MOTION,-7194483553410640478,5,AUTO,1.46555988846,-0.377499459207,0.457500448438,GUARDED_PRODUCTION,false,false,NO_CONVERGENCE,STAGNATION_WINDOW_EXCEEDED,7,true,true,0.264013280396,false,false,false,false,0,17.9708585095,24250,-0.264705807754|2.19225710685|2.09695833813|0.575000000000|0.575000000000
439,VALID_CAMPAIGN,MICRO_MOTION,-7194483553410640478,5,AUTO,1.46555988846,-0.377499459207,0.457500448438,UNGUARDED_REFERENCE,true,false,CONVERGED_UNCERTIFIED,NO_GUARDS_OR_FINAL_CERTIFICATION,1,true,false,6.57361164247e-07,false,true,false,true,0,NaN,708,144.152217113|-107.088488882|-5.57050640088|-0.525124254131|-0.175822500579
440,VALID_CAMPAIGN,UNIFORM,1040015427878203311,5,AUTO,-0.498047870177,-1.21179655088,0.656679329899,GUARDED_PRODUCTION,false,false,NO_CONVERGENCE,STAGNATION_WINDOW_EXCEEDED,92,true,true,0.120158060113,false,false,false,false,0,17.9509013353,250542,-1.95753018578|2.06231758724|1.80939979758|0.575000000000|0.575000000000
440,VALID_CAMPAIGN,UNIFORM,1040015427878203311,5,AUTO,-0.498047870177,-1.21179655088,0.656679329899,UNGUARDED_REFERENCE,true,false,CONVERGED_UNCERTIFIED,NO_GUARDS_OR_FINAL_CERTIFICATION,13,true,false,4.13812079437e-09,false,true,false,true,0,NaN,9916,167.241744947|-119.257010236|0.722435092192|-0.547079688927|0.0817250489166
441,VALID_CAMPAIGN,NEAR_JOINT_LIMIT,7026903569411647477,5,AUTO,-0.672420431917,0.0785408219174,-0.154475026173,GUARDED_PRODUCTION,false,false,NO_CONVERGENCE,STAGNATION_WINDOW_EXCEEDED,148,true,true,0.100677368497,false,false,false,false,0,17.2803538473,403791,-1.98775767606|0.367915090288|2.67428074637|0.435034841078|0.575000000000
441,VALID_CAMPAIGN,NEAR_JOINT_LIMIT,7026903569411647477,5,AUTO,-0.672420431917,0.0785408219174,-0.154475026173,UNGUARDED_REFERENCE,true,false,CONVERGED_UNCERTIFIED,NO_GUARDS_OR_FINAL_CERTIFICATION,6,true,false,6.35070485050e-07,false,true,false,true,0,NaN,4500,164.411749299|-110.771670381|-0.420341135250|-0.173197830418|-0.0501497533502
442,VALID_CAMPAIGN,NEAR_SINGULARITY,2991927844688007510,5,AUTO,1.46555998986,-0.377499950837,0.457500040767,GUARDED_PRODUCTION,false,false,NO_CONVERGENCE,STAGNATION_WINDOW_EXCEEDED,75,true,true,0.731046344761,false,false,false,false,0,3.12221189241,209208,-0.988257799452|-2.37713844122|2.20073243930|0.371357630025|0.575000000000
442,VALID_CAMPAIGN,NEAR_SINGULARITY,2991927844688007510,5,AUTO,1.46555998986,-0.377499950837,0.457500040767,UNGUARDED_REFERENCE,true,false,CONVERGED_UNCERTIFIED,NO_GUARDS_OR_FINAL_CERTIFICATION,15,true,false,1.84434436682e-08,false,true,false,true,0,NaN,11542,150.522559622|-100.976714505|0.480017358388|-0.569768094467|-0.00740031784971
443,VALID_CAMPAIGN,MICRO_MOTION,-4779092885559293162,5,AUTO,1.46555988846,-0.377499459207,0.457500448438,GUARDED_PRODUCTION,false,false,NO_CONVERGENCE,STAGNATION_WINDOW_EXCEEDED,7,true,true,0.772162470199,false,false,false,false,0,3.92004326905,21708,-0.894620886774|-2.37713844122|2.18069672764|0.374235000938|0.575000000000
443,VALID_CAMPAIGN,MICRO_MOTION,-4779092885559293162,5,AUTO,1.46555988846,-0.377499459207,0.457500448438,UNGUARDED_REFERENCE,true,false,CONVERGED_UNCERTIFIED,NO_GUARDS_OR_FINAL_CERTIFICATION,1,true,false,6.46032775335e-07,false,true,false,true,0,NaN,500,150.522559622|-100.976714505|0.480017358388|-0.569768094467|-0.00740031784971
444,VALID_CAMPAIGN,UNIFORM,-2574065212556021574,5,AUTO,-0.257579185001,-1.35957293386,0.454829600719,GUARDED_PRODUCTION,false,false,NO_CONVERGENCE,STAGNATION_WINDOW_EXCEEDED,660,true,true,0.696141544706,false,false,false,false,0,3.91584231604,1905334,-2.51528568096|-2.37713844122|2.08608493661|0.575000000000|0.575000000000
444,VALID_CAMPAIGN,UNIFORM,-2574065212556021574,5,AUTO,-0.257579185001,-1.35957293386,0.454829600719,UNGUARDED_REFERENCE,true,false,CONVERGED_UNCERTIFIED,NO_GUARDS_OR_FINAL_CERTIFICATION,10,true,false,5.80355239723e-08,false,true,false,true,0,NaN,7500,139.442059696|-89.9535492600|0.415137610926|1.47763289005|0.0319872976627
445,VALID_CAMPAIGN,NEAR_JOINT_LIMIT,-7011081150361528096,5,AUTO,-1.05655992008,-0.322035969768,-0.154475026173,GUARDED_PRODUCTION,false,false,NO_CONVERGENCE,STAGNATION_WINDOW_EXCEEDED,21,true,true,1.10673631276,false,false,false,false,0,4.00848089796,63625,-3.14159265359|-2.00989855143|2.40084798628|0.555207696661|0.562222701321
445,VALID_CAMPAIGN,NEAR_JOINT_LIMIT,-7011081150361528096,5,AUTO,-1.05655992008,-0.322035969768,-0.154475026173,UNGUARDED_REFERENCE,true,false,CONVERGED_UNCERTIFIED,NO_GUARDS_OR_FINAL_CERTIFICATION,9,true,false,2.02872050679e-08,false,true,false,true,0,NaN,7250,123.939262795|-70.9881541756|-0.486486056219|-0.408559346618|-0.00751089886051
446,VALID_CAMPAIGN,NEAR_SINGULARITY,-3613798027628903476,5,AUTO,1.46555998986,-0.377499950837,0.457500040767,GUARDED_PRODUCTION,false,false,NO_CONVERGENCE,STAGNATION_WINDOW_EXCEEDED,43,true,true,0.667874964481,false,false,false,false,0,3.33964529151,117959,-1.25647603341|-2.37713844122|2.16880357460|0.575000000000|0.575000000000
446,VALID_CAMPAIGN,NEAR_SINGULARITY,-3613798027628903476,5,AUTO,1.46555998986,-0.377499950837,0.457500040767,UNGUARDED_REFERENCE,true,false,CONVERGED_UNCERTIFIED,NO_GUARDS_OR_FINAL_CERTIFICATION,14,true,false,6.45933896698e-08,false,true,false,true,0,NaN,10125,150.504920024|-93.7147261435|0.452799017316|0.410420047330|0.0105011651710
447,VALID_CAMPAIGN,MICRO_MOTION,-2893474822804794070,5,AUTO,1.46555988846,-0.377499459207,0.457500448438,GUARDED_PRODUCTION,false,false,NO_CONVERGENCE,STAGNATION_WINDOW_EXCEEDED,7,true,true,0.722557364685,false,false,false,false,0,3.99518202746,19833,-1.13459846668|-2.37713844122|2.15196447542|0.575000000000|0.575000000000
447,VALID_CAMPAIGN,MICRO_MOTION,-2893474822804794070,5,AUTO,1.46555988846,-0.377499459207,0.457500448438,UNGUARDED_REFERENCE,true,false,CONVERGED_UNCERTIFIED,NO_GUARDS_OR_FINAL_CERTIFICATION,1,true,false,6.46483532600e-07,false,true,false,true,0,NaN,458,150.504920024|-93.7147261435|0.452799017316|0.410420047330|0.0105011651710
448,VALID_CAMPAIGN,UNIFORM,-5418561483066747307,5,AUTO,0.689573914758,0.0901225314932,0.570153430550,GUARDED_PRODUCTION,true,true,SUCCESS,NONE,10,true,true,3.46962940968e-09,false,false,false,false,0,3.99732924470,31584,-1.28493589309|-2.12657063662|1.93890466400|0.569640834609|0.567394338194
448,VALID_CAMPAIGN,UNIFORM,-5418561483066747307,5,AUTO,0.689573914758,0.0901225314932,0.570153430550,UNGUARDED_REFERENCE,true,false,CONVERGED_UNCERTIFIED,NO_GUARDS_OR_FINAL_CERTIFICATION,7,true,false,3.78988704474e-09,false,true,false,true,0,NaN,5166,148.566235248|-92.1838261110|0.690591614152|-0.675891022774|-0.0120233991718
449,VALID_CAMPAIGN,NEAR_JOINT_LIMIT,14827188276904369,5,AUTO,-0.149852265629,-0.623469820952,-0.154475026173,GUARDED_PRODUCTION,false,false,NO_CONVERGENCE,STAGNATION_WINDOW_EXCEEDED,364,true,true,0.100614823032,false,false,false,false,0,3.69227652665,934792,-3.14159265359|-1.96445569024|2.67428074637|0.436052036791|0.575000000000
449,VALID_CAMPAIGN,NEAR_JOINT_LIMIT,14827188276904369,5,AUTO,-0.149852265629,-0.623469820952,-0.154475026173,UNGUARDED_REFERENCE,true,false,CONVERGED_UNCERTIFIED,NO_GUARDS_OR_FINAL_CERTIFICATION,8,true,false,1.70692417038e-10,false,true,false,true,0,NaN,5875,140.506675077|-85.6477731128|-0.490837911646|-0.332774511187|-0.00465954348117
450,VALID_CAMPAIGN,NEAR_SINGULARITY,5268526518199010846,5,AUTO,1.46555998986,-0.377499950837,0.457500040767,GUARDED_PRODUCTION,false,false,NO_CONVERGENCE,STAGNATION_WINDOW_EXCEEDED,48,true,true,0.702170899382,false,false,false,false,0,3.08930413769,132584,-1.12600370740|-2.37713844122|2.22662130561|0.472482708690|0.575000000000
450,VALID_CAMPAIGN,NEAR_SINGULARITY,5268526518199010846,5,AUTO,1.46555998986,-0.377499950837,0.457500040767,UNGUARDED_REFERENCE,true,false,CONVERGED_UNCERTIFIED,NO_GUARDS_OR_FINAL_CERTIFICATION,9,true,false,2.62518823883e-07,false,true,false,true,0,NaN,6167,138.130737029|-82.3853313548|0.422027940005|-0.583848735607|0.0304688212707
451,VALID_CAMPAIGN,MICRO_MOTION,-271230007101117183,5,AUTO,1.46555988846,-0.377499459207,0.457500448438,GUARDED_PRODUCTION,false,false,NO_CONVERGENCE,STAGNATION_WINDOW_EXCEEDED,7,true,true,0.749522746647,false,false,false,false,0,3.89516685715,20666,-1.01734793887|-2.37713844122|2.20000405376|0.476567578441|0.575000000000
451,VALID_CAMPAIGN,MICRO_MOTION,-271230007101117183,5,AUTO,1.46555988846,-0.377499459207,0.457500448438,UNGUARDED_REFERENCE,true,false,CONVERGED_UNCERTIFIED,NO_GUARDS_OR_FINAL_CERTIFICATION,1,true,false,6.65869631654e-07,false,true,false,true,0,NaN,459,138.130737029|-82.3853313548|0.422027940005|-0.583848735607|0.0304688212707
452,VALID_CAMPAIGN,UNIFORM,-6884629017651943978,5,AUTO,-0.116972978329,-0.385348220245,0.855172668064,GUARDED_PRODUCTION,true,true,SUCCESS,NONE,204,true,true,9.43658820528e-07,false,false,false,false,0,3.89730066931,555959,-3.14159265359|-2.16751025385|1.50003353968|0.408738427055|0.542835556774
452,VALID_CAMPAIGN,UNIFORM,-6884629017651943978,5,AUTO,-0.116972978329,-0.385348220245,0.855172668064,UNGUARDED_REFERENCE,true,false,CONVERGED_UNCERTIFIED,NO_GUARDS_OR_FINAL_CERTIFICATION,16,true,false,6.62784155876e-08,false,true,false,true,0,NaN,12708,144.261501683|-89.4480043042|1.89835636832|0.416677914855|-0.222985214067
453,VALID_CAMPAIGN,NEAR_JOINT_LIMIT,4960657838591760302,5,AUTO,-0.491965313603,-0.0945093590783,-0.649969271475,GUARDED_PRODUCTION,false,false,NO_CONVERGENCE,STAGNATION_WINDOW_EXCEEDED,47,true,true,0.919848337780,false,false,false,false,0,4.52254273883,131250,-3.14159265359|-1.21555334317|2.67428074637|0.365337630853|0.506481722813
453,VALID_CAMPAIGN,NEAR_JOINT_LIMIT,4960657838591760302,5,AUTO,-0.491965313603,-0.0945093590783,-0.649969271475,UNGUARDED_REFERENCE,true,false,CONVERGED_UNCERTIFIED,NO_GUARDS_OR_FINAL_CERTIFICATION,10,true,false,2.62938726941e-10,false,true,false,true,0,NaN,7542,140.563434795|-84.1548768173|-2.90913762165|0.358615599076|0.676481072467
454,VALID_CAMPAIGN,NEAR_SINGULARITY,-8641922389907398254,5,AUTO,1.46555998986,-0.377499950837,0.457500040767,GUARDED_PRODUCTION,false,false,NO_CONVERGENCE,STAGNATION_WINDOW_EXCEEDED,52,true,true,0.720915317434,false,false,false,false,0,3.98435849074,147459,-1.07277245249|-2.37713844122|2.25662119815|0.410068837843|0.559524599603
454,VALID_CAMPAIGN,NEAR_SINGULARITY,-8641922389907398254,5,AUTO,1.46555998986,-0.377499950837,0.457500040767,UNGUARDED_REFERENCE,true,false,CONVERGED_UNCERTIFIED,NO_GUARDS_OR_FINAL_CERTIFICATION,19,true,false,4.50012547580e-08,false,true,false,true,0,NaN,14750,128.751510562|-42.6817771750|-3.67489136638|-2.01932800867|0.0432400804690
455,VALID_CAMPAIGN,MICRO_MOTION,-4128872988123940945,5,AUTO,1.46555988846,-0.377499459207,0.457500448438,GUARDED_PRODUCTION,false,false,NO_CONVERGENCE,STAGNATION_WINDOW_EXCEEDED,7,true,true,0.757695749635,false,false,false,false,0,3.84450503067,20792,-0.964583294279|-2.37713844122|2.22764859957|0.413535228965|0.566414196849
455,VALID_CAMPAIGN,MICRO_MOTION,-4128872988123940945,5,AUTO,1.46555988846,-0.377499459207,0.457500448438,UNGUARDED_REFERENCE,true,false,CONVERGED_UNCERTIFIED,NO_GUARDS_OR_FINAL_CERTIFICATION,1,true,false,6.59774074910e-07,false,true,false,true,0,NaN,500,128.751510562|-42.6817771750|-3.67489136638|-2.01932800867|0.0432400804690
456,VALID_CAMPAIGN,UNIFORM,8537005677676513868,5,AUTO,0.201667809001,0.0186939059982,0.910944296491,GUARDED_PRODUCTION,true,true,SUCCESS,NONE,26,true,true,7.37923403455e-08,false,false,false,false,0,3.86525959190,79916,-1.45439373795|-1.89382365384|1.37899782352|0.402640207416|0.548607234385
456,VALID_CAMPAIGN,UNIFORM,8537005677676513868,5,AUTO,0.201667809001,0.0186939059982,0.910944296491,UNGUARDED_REFERENCE,true,false,CONVERGED_UNCERTIFIED,NO_GUARDS_OR_FINAL_CERTIFICATION,16,true,false,7.34468423340e-09,false,true,false,true,0,NaN,13083,120.868444871|-41.1078199714|-5.19109383282|-0.380764594190|0.361500689162
457,VALID_CAMPAIGN,NEAR_JOINT_LIMIT,-7416237130206092193,5,AUTO,-1.25002078882,-0.136513766438,-0.0567305267123,GUARDED_PRODUCTION,false,false,MAX_ITERATIONS_REACHED,MAX_ITERATIONS_LIMIT_REACHED,800,true,true,8.91079741282e-06,false,false,false,false,0,5.19228343983,2306000,-2.97002299381|2.11417933376|2.67428074637|0.571622579203|0.574990274385
457,VALID_CAMPAIGN,NEAR_JOINT_LIMIT,-7416237130206092193,5,AUTO,-1.25002078882,-0.136513766438,-0.0567305267123,UNGUARDED_REFERENCE,true,false,CONVERGED_UNCERTIFIED,NO_GUARDS_OR_FINAL_CERTIFICATION,6,true,false,3.69396828991e-08,false,true,false,true,0,NaN,5208,120.912583097|-44.9322250667|-1.83186604434|-0.290445497689|-1.62485406343
458,VALID_CAMPAIGN,NEAR_SINGULARITY,8090116985332732505,5,AUTO,1.46555998986,-0.377499950837,0.457500040767,GUARDED_PRODUCTION,false,false,NO_CONVERGENCE,STAGNATION_WINDOW_EXCEEDED,177,true,true,0.276859476218,false,false,false,false,0,17.3507738892,476291,-0.287345491476|2.17596576996|2.04655079342|0.575000000000|0.575000000000
458,VALID_CAMPAIGN,NEAR_SINGULARITY,8090116985332732505,5,AUTO,1.46555998986,-0.377499950837,0.457500040767,UNGUARDED_REFERENCE,true,false,CONVERGED_UNCERTIFIED,NO_GUARDS_OR_FINAL_CERTIFICATION,9,true,false,2.46800539212e-08,false,true,false,true,0,NaN,6541,112.885954441|-34.5769987852|-2.24443924757|-0.120830156768|-1.30179243671
459,VALID_CAMPAIGN,MICRO_MOTION,1176408494873230396,5,AUTO,1.46555988846,-0.377499459207,0.457500448438,GUARDED_PRODUCTION,false,false,NO_CONVERGENCE,STAGNATION_WINDOW_EXCEEDED,7,true,true,0.276879443153,false,false,false,false,0,17.8528406458,20167,-0.286069193680|2.17536027404|2.04545154476|0.575000000000|0.575000000000
459,VALID_CAMPAIGN,MICRO_MOTION,1176408494873230396,5,AUTO,1.46555988846,-0.377499459207,0.457500448438,UNGUARDED_REFERENCE,true,false,CONVERGED_UNCERTIFIED,NO_GUARDS_OR_FINAL_CERTIFICATION,1,true,false,6.41994649520e-07,false,true,false,true,0,NaN,500,112.885954441|-34.5769987852|-2.24443924757|-0.120830156768|-1.30179243671
460,VALID_CAMPAIGN,UNIFORM,8285080953542333319,5,AUTO,0.259006846728,-0.0392707168485,0.822956372387,GUARDED_PRODUCTION,false,false,NO_CONVERGENCE,STAGNATION_WINDOW_EXCEEDED,427,true,true,0.152846810400,false,false,false,false,0,17.8502411513,1140500,-0.988249284833|2.37713844122|1.51074063334|0.0200000000000|0.112891423136
460,VALID_CAMPAIGN,UNIFORM,8285080953542333319,5,AUTO,0.259006846728,-0.0392707168485,0.822956372387,UNGUARDED_REFERENCE,true,false,CONVERGED_UNCERTIFIED,NO_GUARDS_OR_FINAL_CERTIFICATION,9,true,false,9.47050659170e-08,false,true,false,true,0,NaN,6500,111.703757731|-30.2764501009|-3.87984028631|-0.512287633033|-0.297209899767
461,VALID_CAMPAIGN,NEAR_JOINT_LIMIT,-3123958818998160522,5,AUTO,-0.491965301726,-0.0945094209005,-0.649969271475,GUARDED_PRODUCTION,false,false,MAX_ITERATIONS_REACHED,MAX_ITERATIONS_LIMIT_REACHED,800,true,true,0.610444394152,false,false,false,false,0,18.3865643535,2341083,-2.17592338109|0.990319143982|2.67428074637|0.0384327865283|0.575000000000
461,VALID_CAMPAIGN,NEAR_JOINT_LIMIT,-3123958818998160522,5,AUTO,-0.491965301726,-0.0945094209005,-0.649969271475,UNGUARDED_REFERENCE,true,false,CONVERGED_UNCERTIFIED,NO_GUARDS_OR_FINAL_CERTIFICATION,20,true,false,2.02416875778e-07,false,true,false,true,0,NaN,17166,113.972522330|-44.4378032623|-9.96235824344|0.00206794089150|1.33550171008
462,VALID_CAMPAIGN,NEAR_SINGULARITY,-3001756830740089031,5,AUTO,1.46555998986,-0.377499950837,0.457500040767,GUARDED_PRODUCTION,false,false,NO_CONVERGENCE,STAGNATION_WINDOW_EXCEEDED,87,true,true,0.698637180491,false,false,false,false,0,2.88499111694,240125,-0.630736626127|-2.37713844122|2.19371307155|0.0200000000000|0.575000000000
462,VALID_CAMPAIGN,NEAR_SINGULARITY,-3001756830740089031,5,AUTO,1.46555998986,-0.377499950837,0.457500040767,UNGUARDED_REFERENCE,true,false,CONVERGED_UNCERTIFIED,NO_GUARDS_OR_FINAL_CERTIFICATION,22,true,false,6.06891057929e-08,false,true,false,true,0,NaN,19584,107.358708448|-59.3586377305|-9.89194928767|-1.30240283641|-0.00107895009038
463,VALID_CAMPAIGN,MICRO_MOTION,-7852549523802606416,5,AUTO,1.46555988846,-0.377499459207,0.457500448438,GUARDED_PRODUCTION,false,false,NO_CONVERGENCE,STAGNATION_WINDOW_EXCEEDED,7,true,true,0.728993001586,false,false,false,false,0,5.70429626697,20042,-0.537738429751|-2.37713844122|2.17884558471|0.0200000000000|0.575000000000
463,VALID_CAMPAIGN,MICRO_MOTION,-7852549523802606416,5,AUTO,1.46555988846,-0.377499459207,0.457500448438,UNGUARDED_REFERENCE,true,false,CONVERGED_UNCERTIFIED,NO_GUARDS_OR_FINAL_CERTIFICATION,1,true,false,6.32167080631e-07,false,true,false,true,0,NaN,500,107.358708448|-59.3586377305|-9.89194928767|-1.30240283641|-0.00107895009038
464,VALID_CAMPAIGN,UNIFORM,-3224636152445176496,5,AUTO,-0.870381526919,-0.899745230750,0.771009909247,GUARDED_PRODUCTION,false,false,NO_CONVERGENCE,STAGNATION_WINDOW_EXCEEDED,344,true,true,0.648340384450,false,false,false,false,0,5.70701692952,857333,-2.45976214773|-2.37713844122|1.77306278395|0.0200000000000|0.575000000000
464,VALID_CAMPAIGN,UNIFORM,-3224636152445176496,5,AUTO,-0.870381526919,-0.899745230750,0.771009909247,UNGUARDED_REFERENCE,true,false,CONVERGED_UNCERTIFIED,NO_GUARDS_OR_FINAL_CERTIFICATION,5,true,false,3.58738059390e-07,false,true,false,true,0,NaN,3833,111.355583901|-65.1514664321|-10.5944551347|-0.990881843794|-0.0123794384775
465,VALID_CAMPAIGN,NEAR_JOINT_LIMIT,5589424940268630025,5,AUTO,-0.685426210935,0.0910129152003,0.438763718590,GUARDED_PRODUCTION,false,false,NO_CONVERGENCE,STAGNATION_WINDOW_EXCEEDED,23,true,true,0.571340199202,false,false,false,false,0,6.23912870318,82334,-3.14159265359|-1.77314525387|1.93643684786|0.0293861856885|0.538003473569
465,VALID_CAMPAIGN,NEAR_JOINT_LIMIT,5589424940268630025,5,AUTO,-0.685426210935,0.0910129152003,0.438763718590,UNGUARDED_REFERENCE,true,false,CONVERGED_UNCERTIFIED,NO_GUARDS_OR_FINAL_CERTIFICATION,9,true,false,2.35620693141e-10,false,true,false,true,0,NaN,7083,111.878215277|-67.1132229116|-9.86513712846|-1.03313265322|0.00210680157251
466,VALID_CAMPAIGN,NEAR_SINGULARITY,-6996603365110814085,5,AUTO,1.46555998986,-0.377499950837,0.457500040767,GUARDED_PRODUCTION,false,false,NO_CONVERGENCE,STAGNATION_WINDOW_EXCEEDED,66,true,true,0.712823243787,false,false,false,false,0,3.80137834863,204125,-0.639580426472|-2.37713844122|2.09441322892|0.0246570816589|0.575000000000
466,VALID_CAMPAIGN,NEAR_SINGULARITY,-6996603365110814085,5,AUTO,1.46555998986,-0.377499950837,0.457500040767,UNGUARDED_REFERENCE,true,false,CONVERGED_UNCERTIFIED,NO_GUARDS_OR_FINAL_CERTIFICATION,12,true,false,4.10130716930e-09,false,true,false,true,0,NaN,9708,125.427314091|-79.9192426158|-9.89293708070|0.963167621339|-0.000428929907669
467,VALID_CAMPAIGN,MICRO_MOTION,1437617118987386173,5,AUTO,1.46555988846,-0.377499459207,0.457500448438,GUARDED_PRODUCTION,false,false,NO_CONVERGENCE,STAGNATION_WINDOW_EXCEEDED,7,true,true,0.735591235079,false,false,false,false,0,5.67466449992,21333,-0.549915060307|-2.37713844122|2.09646038138|0.0210298968525|0.575000000000
467,VALID_CAMPAIGN,MICRO_MOTION,1437617118987386173,5,AUTO,1.46555988846,-0.377499459207,0.457500448438,UNGUARDED_REFERENCE,true,false,CONVERGED_UNCERTIFIED,NO_GUARDS_OR_FINAL_CERTIFICATION,1,true,false,6.45557205753e-07,false,true,false,true,0,NaN,500,125.427314091|-79.9192426158|-9.89293708070|0.963167621339|-0.000428929907669
468,VALID_CAMPAIGN,UNIFORM,6308953702700346546,5,AUTO,0.652433027437,-0.897856736498,-0.174126095531,GUARDED_PRODUCTION,false,false,NO_CONVERGENCE,STAGNATION_WINDOW_EXCEEDED,39,true,true,0.445834510083,false,false,false,false,0,5.71547451404,103000,-1.10913153658|-2.37713844122|2.67428074637|0.0200000000000|0.575000000000
468,VALID_CAMPAIGN,UNIFORM,6308953702700346546,5,AUTO,0.652433027437,-0.897856736498,-0.174126095531,UNGUARDED_REFERENCE,true,false,CONVERGED_UNCERTIFIED,NO_GUARDS_OR_FINAL_CERTIFICATION,7,true,false,3.26640871701e-08,false,true,false,true,0,NaN,5125,124.821142080|-79.9623824348|-8.92311405091|0.554747927243|0.0199503159606
469,VALID_CAMPAIGN,NEAR_JOINT_LIMIT,1729610730303797618,5,AUTO,-0.533991763657,-0.222892944768,-0.154475026173,GUARDED_PRODUCTION,false,false,NO_CONVERGENCE,STAGNATION_WINDOW_EXCEEDED,407,true,true,0.365788561987,false,false,false,false,0,5.68902553827,1051958,-3.14159265359|-1.51915258722|2.67428074637|0.0200000000000|0.423588666093
469,VALID_CAMPAIGN,NEAR_JOINT_LIMIT,1729610730303797618,5,AUTO,-0.533991763657,-0.222892944768,-0.154475026173,UNGUARDED_REFERENCE,true,false,CONVERGED_UNCERTIFIED,NO_GUARDS_OR_FINAL_CERTIFICATION,15,true,false,8.66600930483e-09,false,true,false,true,0,NaN,12750,127.056536986|-77.2946911951|-8.92730160952|0.795523300928|0.000297374863910
470,VALID_CAMPAIGN,NEAR_SINGULARITY,267844119403948345,5,AUTO,1.46555998986,-0.377499950837,0.457500040767,GUARDED_PRODUCTION,false,false,NO_CONVERGENCE,STAGNATION_WINDOW_EXCEEDED,66,true,true,0.749021310040,false,false,false,false,0,2.67137071702,190167,-0.612036580140|-2.37713844122|2.29012981020|0.0200000000000|0.488267334382
470,VALID_CAMPAIGN,NEAR_SINGULARITY,267844119403948345,5,AUTO,1.46555998986,-0.377499950837,0.457500040767,UNGUARDED_REFERENCE,true,false,CONVERGED_UNCERTIFIED,NO_GUARDS_OR_FINAL_CERTIFICATION,13,true,false,6.85835947906e-09,false,true,false,true,0,NaN,9792,124.570157564|-66.2550961227|-9.86240763721|1.16027326646|-0.0203777279440
471,VALID_CAMPAIGN,MICRO_MOTION,60781074014303910,5,AUTO,1.46555988846,-0.377499459207,0.457500448438,GUARDED_PRODUCTION,false,false,NO_CONVERGENCE,STAGNATION_WINDOW_EXCEEDED,7,true,true,0.768671460123,false,false,false,false,0,5.47090758496,20000,-0.525300848650|-2.37713844122|2.27078405503|0.0200000000000|0.498999416230
471,VALID_CAMPAIGN,MICRO_MOTION,60781074014303910,5,AUTO,1.46555988846,-0.377499459207,0.457500448438,UNGUARDED_REFERENCE,true,false,CONVERGED_UNCERTIFIED,NO_GUARDS_OR_FINAL_CERTIFICATION,1,true,false,6.45322766342e-07,false,true,false,true,0,NaN,541,124.570157564|-66.2550961227|-9.86240763721|1.16027326646|-0.0203777279440
472,VALID_CAMPAIGN,UNIFORM,-4412184795287506088,5,AUTO,0.360995759519,0.0917921671455,0.778504810568,GUARDED_PRODUCTION,true,true,SUCCESS,NONE,26,true,true,2.62239289207e-08,false,false,false,false,0,5.49915353406,79000,-0.228032172557|-1.61615788867|1.65042174546|0.0427767160674|0.475840454428
472,VALID_CAMPAIGN,UNIFORM,-4412184795287506088,5,AUTO,0.360995759519,0.0917921671455,0.778504810568,UNGUARDED_REFERENCE,true,false,CONVERGED_UNCERTIFIED,NO_GUARDS_OR_FINAL_CERTIFICATION,8,true,false,5.51919932020e-07,false,true,false,true,0,NaN,6209,122.834744088|-64.5942694583|-10.5877472058|0.727312202977|-0.0354674696149
473,VALID_CAMPAIGN,NEAR_JOINT_LIMIT,2502425462737246414,5,AUTO,-1.05655992008,-0.322035969768,-0.154475026173,GUARDED_PRODUCTION,false,false,NO_CONVERGENCE,STAGNATION_WINDOW_EXCEEDED,147,true,true,0.100513404791,false,false,false,false,0,5.08887500701,542958,-2.86197431676|2.37627368812|2.67428074637|0.388920463954|0.575000000000
473,VALID_CAMPAIGN,NEAR_JOINT_LIMIT,2502425462737246414,5,AUTO,-1.05655992008,-0.322035969768,-0.154475026173,UNGUARDED_REFERENCE,true,false,CONVERGED_UNCERTIFIED,NO_GUARDS_OR_FINAL_CERTIFICATION,7,true,false,1.11624663894e-09,false,true,false,true,0,NaN,5542,121.770244847|-61.5903463466|-6.79457620914|-0.289366025263|0.00889770177231
474,VALID_CAMPAIGN,NEAR_SINGULARITY,3242351515135488530,5,AUTO,1.46555998986,-0.377499950837,0.457500040767,GUARDED_PRODUCTION,false,false,NO_CONVERGENCE,STAGNATION_WINDOW_EXCEEDED,113,true,true,0.269817167891,false,false,false,false,0,16.8926369106,325708,-0.302785454499|2.20977015702|2.08368330347|0.575000000000|0.575000000000
474,VALID_CAMPAIGN,NEAR_SINGULARITY,3242351515135488530,5,AUTO,1.46555998986,-0.377499950837,0.457500040767,UNGUARDED_REFERENCE,true,false,CONVERGED_UNCERTIFIED,NO_GUARDS_OR_FINAL_CERTIFICATION,13,true,false,2.01230376958e-08,false,true,false,true,0,NaN,9959,119.274264357|-57.2347185940|-5.92489659730|-0.575800169445|0.0711196995484
475,VALID_CAMPAIGN,MICRO_MOTION,6812838434132518155,5,AUTO,1.46555988846,-0.377499459207,0.457500448438,GUARDED_PRODUCTION,false,false,NO_CONVERGENCE,STAGNATION_WINDOW_EXCEEDED,7,true,true,0.270687588303,false,false,false,false,0,17.9332716360,21208,-0.295612608535|2.19777170410|2.07651213141|0.575000000000|0.575000000000
475,VALID_CAMPAIGN,MICRO_MOTION,6812838434132518155,5,AUTO,1.46555988846,-0.377499459207,0.457500448438,UNGUARDED_REFERENCE,true,false,CONVERGED_UNCERTIFIED,NO_GUARDS_OR_FINAL_CERTIFICATION,1,true,false,6.45412773265e-07,false,true,false,true,0,NaN,542,119.274264357|-57.2347185940|-5.92489659730|-0.575800169445|0.0711196995484
476,VALID_CAMPAIGN,UNIFORM,-2342474900010102132,5,AUTO,0.668826286565,-0.496335666439,0.798980824560,GUARDED_PRODUCTION,true,true,SUCCESS,NONE,77,true,true,6.57818884801e-07,false,false,false,false,0,17.9227226506,222625,-0.901151948229|2.37713844122|1.61345427074|0.324085851913|0.442260081454
476,VALID_CAMPAIGN,UNIFORM,-2342474900010102132,5,AUTO,0.668826286565,-0.496335666439,0.798980824560,UNGUARDED_REFERENCE,true,false,CONVERGED_UNCERTIFIED,NO_GUARDS_OR_FINAL_CERTIFICATION,11,true,false,1.11625893815e-07,false,true,false,true,0,NaN,9708,131.318453471|-58.8929377371|-4.68075516501|-0.362556137150|0.604827620451
477,VALID_CAMPAIGN,NEAR_JOINT_LIMIT,484124019841258824,5,AUTO,-1.06956569753,-0.309563874850,0.438763718590,GUARDED_PRODUCTION,true,true,SUCCESS,NONE,81,true,true,4.85830220173e-10,false,false,false,false,0,10.5566249093,237667,-2.86124380209|2.27992893125|2.13121039118|0.427526984002|0.524814046217
477,VALID_CAMPAIGN,NEAR_JOINT_LIMIT,484124019841258824,5,AUTO,-1.06956569753,-0.309563874850,0.438763718590,UNGUARDED_REFERENCE,true,false,CONVERGED_UNCERTIFIED,NO_GUARDS_OR_FINAL_CERTIFICATION,14,true,false,1.62081730082e-08,false,true,false,true,0,NaN,11541,99.0707987895|-33.7312153738|-5.61118759248|-0.634860087782|-0.167584882361
478,VALID_CAMPAIGN,NEAR_SINGULARITY,-3230756665039036470,5,AUTO,1.46555998986,-0.377499950837,0.457500040767,GUARDED_PRODUCTION,false,false,NO_CONVERGENCE,STAGNATION_WINDOW_EXCEEDED,550,true,true,0.277151094944,false,false,false,false,0,16.5928494466,1421250,-0.279347703894|2.17218105904|2.03979390643|0.575000000000|0.575000000000
478,VALID_CAMPAIGN,NEAR_SINGULARITY,-3230756665039036470,5,AUTO,1.46555998986,-0.377499950837,0.457500040767,UNGUARDED_REFERENCE,true,false,CONVERGED_UNCERTIFIED,NO_GUARDS_OR_FINAL_CERTIFICATION,32,true,false,4.98739149648e-07,false,true,false,true,0,NaN,27042,150.428028201|-93.6336410513|-6.03659539702|0.385631525899|0.141042165708
479,VALID_CAMPAIGN,MICRO_MOTION,4525528127755573752,5,AUTO,1.46555988846,-0.377499459207,0.457500448438,GUARDED_PRODUCTION,false,false,NO_CONVERGENCE,STAGNATION_WINDOW_EXCEEDED,7,true,true,0.277150897821,false,false,false,false,0,17.8366231202,21416,-0.279347661149|2.17218105843|2.03979382951|0.575000000000|0.575000000000
479,VALID_CAMPAIGN,MICRO_MOTION,4525528127755573752,5,AUTO,1.46555988846,-0.377499459207,0.457500448438,UNGUARDED_REFERENCE,true,false,CONVERGED_UNCERTIFIED,NO_GUARDS_OR_FINAL_CERTIFICATION,1,true,false,7.65488417284e-07,false,true,false,true,0,NaN,500,150.428028201|-93.6336410513|-6.03659539702|0.385631525899|0.141042165708
480,VALID_CAMPAIGN,UNIFORM,-8168216350661331223,5,AUTO,-0.649464502471,0.296694161494,0.839209666142,GUARDED_PRODUCTION,true,true,SUCCESS,NONE,713,true,true,9.99331398944e-07,false,false,false,false,0,17.8366230050,2098834,-3.14159265359|1.15495046475|1.53388688020|0.225941366775|0.575000000000
480,VALID_CAMPAIGN,UNIFORM,-8168216350661331223,5,AUTO,-0.649464502471,0.296694161494,0.839209666142,UNGUARDED_REFERENCE,true,false,CONVERGED_UNCERTIFIED,NO_GUARDS_OR_FINAL_CERTIFICATION,9,true,false,1.28110492179e-08,false,true,false,true,0,NaN,7416,138.609759817|-86.7590089817|-17.3642100695|-1.14172583390|0.271505928340
481,VALID_CAMPAIGN,NEAR_JOINT_LIMIT,-6250011876388906354,5,AUTO,-0.162858122994,-0.635941895404,0.438763718590,GUARDED_PRODUCTION,true,true,SUCCESS,NONE,51,true,true,2.26595765584e-09,false,false,false,false,0,6.29313143598,160333,-0.904168096523|0.956685812177|2.11219241326|0.181973700149|0.554035667587
481,VALID_CAMPAIGN,NEAR_JOINT_LIMIT,-6250011876388906354,5,AUTO,-0.162858122994,-0.635941895404,0.438763718590,UNGUARDED_REFERENCE,true,false,CONVERGED_UNCERTIFIED,NO_GUARDS_OR_FINAL_CERTIFICATION,9,true,false,5.44575917307e-08,false,true,false,true,0,NaN,7417,139.978091011|-86.9298655344|-16.5122034106|-1.11609993437|0.281857738053
482,VALID_CAMPAIGN,NEAR_SINGULARITY,-2266735170972854883,5,AUTO,1.46555998986,-0.377499950837,0.457500040767,GUARDED_PRODUCTION,false,false,NO_CONVERGENCE,STAGNATION_WINDOW_EXCEEDED,131,true,true,0.272716931811,false,false,false,false,0,3.30807953255,370584,-0.252420816312|2.17961089465|2.04717199192|0.575000000000|0.575000000000
482,VALID_CAMPAIGN,NEAR_SINGULARITY,-2266735170972854883,5,AUTO,1.46555998986,-0.377499950837,0.457500040767,UNGUARDED_REFERENCE,true,false,CONVERGED_UNCERTIFIED,NO_GUARDS_OR_FINAL_CERTIFICATION,6,true,false,1.40204783161e-08,false,true,false,true,0,NaN,4292,138.057513878|-83.6503338856|-16.5648899990|-1.10608562717|0.305715322534
483,VALID_CAMPAIGN,MICRO_MOTION,-8876854620713593682,5,AUTO,1.46555988846,-0.377499459207,0.457500448438,GUARDED_PRODUCTION,false,false,NO_CONVERGENCE,STAGNATION_WINDOW_EXCEEDED,7,true,true,0.273041323561,false,false,false,false,0,17.8587995270,20584,-0.255504668131|2.17589187841|2.04585039771|0.575000000000|0.575000000000
483,VALID_CAMPAIGN,MICRO_MOTION,-8876854620713593682,5,AUTO,1.46555988846,-0.377499459207,0.457500448438,UNGUARDED_REFERENCE,true,false,CONVERGED_UNCERTIFIED,NO_GUARDS_OR_FINAL_CERTIFICATION,1,true,false,6.43185033494e-07,false,true,false,true,0,NaN,542,138.057513878|-83.6503338856|-16.5648899990|-1.10608562717|0.305715322534
484,VALID_CAMPAIGN,UNIFORM,9049479521508606748,5,AUTO,0.845075675932,-0.100838190024,-0.0565595762904,GUARDED_PRODUCTION,false,false,MAX_ITERATIONS_REACHED,MAX_ITERATIONS_LIMIT_REACHED,800,true,true,1.13699580262e-05,false,false,false,false,0,17.8516686312,2180250,0.773498589710|0.945714935910|2.67428074637|0.379173241844|0.574796124870
484,VALID_CAMPAIGN,UNIFORM,9049479521508606748,5,AUTO,0.845075675932,-0.100838190024,-0.0565595762904,UNGUARDED_REFERENCE,true,false,CONVERGED_UNCERTIFIED,NO_GUARDS_OR_FINAL_CERTIFICATION,6,true,false,4.42931604616e-08,false,true,false,true,0,NaN,4875,138.434496240|-84.6210983190|-15.7174123978|-0.417184433155|0.222791104622
485,VALID_CAMPAIGN,NEAR_JOINT_LIMIT,5328896671675896009,5,AUTO,-0.865881307942,0.264063266828,-0.0567305267123,GUARDED_PRODUCTION,false,false,NO_CONVERGENCE,STAGNATION_WINDOW_EXCEEDED,102,true,true,0.133292433590,false,false,false,false,9,4.04247285246,297708,2.15883588541|-2.37713844122|2.67428074637|0.226042541704|0.540006330118
485,VALID_CAMPAIGN,NEAR_JOINT_LIMIT,5328896671675896009,5,AUTO,-0.865881307942,0.264063266828,-0.0567305267123,UNGUARDED_REFERENCE,true,false,CONVERGED_UNCERTIFIED,NO_GUARDS_OR_FINAL_CERTIFICATION,9,true,false,4.41600778442e-09,false,true,false,true,0,NaN,7209,141.072147981|-92.0552728331|-15.2651653328|0.295134496898|-0.0723704204783
486,VALID_CAMPAIGN,NEAR_SINGULARITY,8648348272022685809,5,AUTO,1.46555998986,-0.377499950837,0.457500040767,GUARDED_PRODUCTION,false,false,NO_CONVERGENCE,STAGNATION_WINDOW_EXCEEDED,168,true,true,0.268426976010,false,false,false,false,0,4.11341018323,586917,-0.243913992538|2.18384258370|2.06757778874|0.575000000000|0.575000000000
486,VALID_CAMPAIGN,NEAR_SINGULARITY,8648348272022685809,5,AUTO,1.46555998986,-0.377499950837,0.457500040767,UNGUARDED_REFERENCE,true,false,CONVERGED_UNCERTIFIED,NO_GUARDS_OR_FINAL_CERTIFICATION,13,true,false,4.17856363221e-07,false,true,false,true,0,NaN,10333,156.957380470|-108.787202104|-16.3021720422|-1.12715500685|0.0858442381146
487,VALID_CAMPAIGN,MICRO_MOTION,-7238114985687774143,5,AUTO,1.46555988846,-0.377499459207,0.457500448438,GUARDED_PRODUCTION,false,false,NO_CONVERGENCE,STAGNATION_WINDOW_EXCEEDED,7,true,true,0.269068349602,false,false,false,false,0,17.8961638316,20791,-0.249252013024|2.18055607770|2.06293782165|0.575000000000|0.575000000000
487,VALID_CAMPAIGN,MICRO_MOTION,-7238114985687774143,5,AUTO,1.46555988846,-0.377499459207,0.457500448438,UNGUARDED_REFERENCE,true,false,CONVERGED_UNCERTIFIED,NO_GUARDS_OR_FINAL_CERTIFICATION,1,true,false,6.34899100906e-07,false,true,false,true,0,NaN,541,156.957380470|-108.787202104|-16.3021720422|-1.12715500685|0.0858442381146
488,VALID_CAMPAIGN,UNIFORM,6291407571114799990,5,AUTO,0.673968772159,0.172729799506,0.762975931816,GUARDED_PRODUCTION,true,true,SUCCESS,NONE,115,true,true,6.77208685727e-07,false,false,false,false,0,17.8843050435,315458,0.0575320234261|2.37713844122|1.71092563693|0.180354292780|0.350895651361
488,VALID_CAMPAIGN,UNIFORM,6291407571114799990,5,AUTO,0.673968772159,0.172729799506,0.762975931816,UNGUARDED_REFERENCE,true,false,CONVERGED_UNCERTIFIED,NO_GUARDS_OR_FINAL_CERTIFICATION,9,true,false,6.17598449513e-10,false,true,false,true,0,NaN,7583,157.800778525|-109.201243265|-16.9513517988|-0.429005945490|0.0637059638858
489,VALID_CAMPAIGN,NEAR_JOINT_LIMIT,-1701955378534406255,5,AUTO,-0.149852265629,-0.623469820952,-0.154475026173,GUARDED_PRODUCTION,false,false,NO_CONVERGENCE,STAGNATION_WINDOW_EXCEEDED,530,true,true,0.100677368496,false,false,false,false,0,10.8750759947,1522375,-0.978831695599|1.33122656669|2.67428074637|0.0201347159810|0.575000000000
489,VALID_CAMPAIGN,NEAR_JOINT_LIMIT,-1701955378534406255,5,AUTO,-0.149852265629,-0.623469820952,-0.154475026173,UNGUARDED_REFERENCE,true,false,CONVERGED_UNCERTIFIED,NO_GUARDS_OR_FINAL_CERTIFICATION,8,true,false,8.10547996960e-07,false,true,false,true,0,NaN,7000,157.385223336|-115.558708369|-13.2178628929|-0.0187936240977|0.106624448710
490,VALID_CAMPAIGN,NEAR_SINGULARITY,4177625471883045287,5,AUTO,1.46555998986,-0.377499950837,0.457500040767,GUARDED_PRODUCTION,false,false,NO_CONVERGENCE,STAGNATION_WINDOW_EXCEEDED,46,true,true,0.659234666078,false,false,false,false,0,3.30612906460,140625,-0.253879896739|2.37713844122|2.24040220441|0.0754106464560|0.575000000000
490,VALID_CAMPAIGN,NEAR_SINGULARITY,4177625471883045287,5,AUTO,1.46555998986,-0.377499950837,0.457500040767,UNGUARDED_REFERENCE,true,false,CONVERGED_UNCERTIFIED,NO_GUARDS_OR_FINAL_CERTIFICATION,14,true,false,1.38039354445e-07,false,true,false,true,0,NaN,10292,162.927103022|-118.854022214|-12.6295795339|0.204672355095|0.339770096398
491,VALID_CAMPAIGN,MICRO_MOTION,5219411151980029209,5,AUTO,1.46555988846,-0.377499459207,0.457500448438,GUARDED_PRODUCTION,false,false,NO_CONVERGENCE,STAGNATION_WINDOW_EXCEEDED,7,true,true,0.675911195766,false,false,false,false,0,10.2395356919,20542,-0.309642815010|2.37713844122|2.21444711828|0.0893758933918|0.575000000000
491,VALID_CAMPAIGN,MICRO_MOTION,5219411151980029209,5,AUTO,1.46555988846,-0.377499459207,0.457500448438,UNGUARDED_REFERENCE,true,false,CONVERGED_UNCERTIFIED,NO_GUARDS_OR_FINAL_CERTIFICATION,1,true,false,6.45375818140e-07,false,true,false,true,0,NaN,500,162.927103022|-118.854022214|-12.6295795339|0.204672355095|0.339770096398
492,VALID_CAMPAIGN,UNIFORM,6136336812655915669,5,AUTO,0.593396841107,0.0898036580302,0.719661829842,GUARDED_PRODUCTION,true,true,SUCCESS,NONE,32,true,true,3.59352925753e-07,false,false,false,false,0,10.6379936370,93916,0.624229264146|1.47663167670|1.74274027770|0.0333071233243|0.520572218702
492,VALID_CAMPAIGN,UNIFORM,6136336812655915669,5,AUTO,0.593396841107,0.0898036580302,0.719661829842,UNGUARDED_REFERENCE,true,false,CONVERGED_UNCERTIFIED,NO_GUARDS_OR_FINAL_CERTIFICATION,15,true,false,1.28432389358e-08,false,true,false,true,0,NaN,11667,160.048122090|-115.869997052|-12.5592590973|0.108225494255|0.554993403979
493,VALID_CAMPAIGN,NEAR_JOINT_LIMIT,-982773221722572085,5,AUTO,-0.149852343976,-0.623469802121,-0.154475026173,GUARDED_PRODUCTION,false,false,NO_CONVERGENCE,STAGNATION_WINDOW_EXCEEDED,132,true,true,0.100677368498,false,false,false,false,0,5.38790289863,360042,-0.965538501561|1.26721748035|2.67428074637|0.0451447510955|0.575000000000
493,VALID_CAMPAIGN,NEAR_JOINT_LIMIT,-982773221722572085,5,AUTO,-0.149852343976,-0.623469802121,-0.154475026173,UNGUARDED_REFERENCE,true,false,CONVERGED_UNCERTIFIED,NO_GUARDS_OR_FINAL_CERTIFICATION,20,true,false,3.22072162129e-09,false,true,false,true,0,NaN,15458,163.919425049|-116.145950955|-13.1148814630|-0.444440182352|0.0338061525896
494,VALID_CAMPAIGN,NEAR_SINGULARITY,-5308946825269646109,5,AUTO,1.46555998986,-0.377499950837,0.457500040767,GUARDED_PRODUCTION,false,false,NO_CONVERGENCE,STAGNATION_WINDOW_EXCEEDED,47,true,true,0.636805510178,false,false,false,false,0,3.27754110660,128917,-0.255890095807|2.37713844122|2.23636020434|0.101437341361|0.575000000000
494,VALID_CAMPAIGN,NEAR_SINGULARITY,-5308946825269646109,5,AUTO,1.46555998986,-0.377499950837,0.457500040767,UNGUARDED_REFERENCE,true,false,CONVERGED_UNCERTIFIED,NO_GUARDS_OR_FINAL_CERTIFICATION,17,true,false,4.97360114492e-08,false,true,false,true,0,NaN,13334,91.9105152999|-30.1066086818|-12.3185902124|-1.57074139178|0.140300704986
495,VALID_CAMPAIGN,MICRO_MOTION,1517737759504226771,5,AUTO,1.46555988846,-0.377499459207,0.457500448438,GUARDED_PRODUCTION,false,false,NO_CONVERGENCE,STAGNATION_WINDOW_EXCEEDED,7,true,true,0.652507953581,false,false,false,false,0,10.9159616869,19917,-0.313762124781|2.37713844122|2.21095076437|0.116825819785|0.575000000000
495,VALID_CAMPAIGN,MICRO_MOTION,1517737759504226771,5,AUTO,1.46555988846,-0.377499459207,0.457500448438,UNGUARDED_REFERENCE,true,false,CONVERGED_UNCERTIFIED,NO_GUARDS_OR_FINAL_CERTIFICATION,1,true,false,6.18288171415e-07,false,true,false,true,0,NaN,459,91.9105152999|-30.1066086818|-12.3185902124|-1.57074139178|0.140300704986
496,ADVERSARIAL_PROBES,NON_FINITE_TARGET,-8289812396504519985,5,AUTO,NaN,-0.377500000000,0.457500000000,GUARDED_PRODUCTION,false,false,INVALID_INPUT,INVALID_TARGET,0,true,true,NaN,false,false,false,false,0,NaN,3625,0.00000000000|0.00000000000|0.00000000000|0.297500000000|0.297500000000
496,ADVERSARIAL_PROBES,NON_FINITE_TARGET,-8289812396504519985,5,AUTO,NaN,-0.377500000000,0.457500000000,UNGUARDED_REFERENCE,false,false,MAX_ITERATIONS_UNCERTIFIED,NO_GUARDS_OR_FINAL_CERTIFICATION,800,false,false,NaN,true,false,false,true,0,NaN,535792,NaN|NaN|NaN|NaN|NaN
497,ADVERSARIAL_PROBES,INFINITE_TARGET,6962505276570243717,5,AUTO,1.46556000000,-0.377500000000,Infinity,GUARDED_PRODUCTION,false,false,INVALID_INPUT,INVALID_TARGET,0,true,true,Infinity,false,false,false,false,0,NaN,2666,0.00000000000|0.00000000000|0.00000000000|0.297500000000|0.297500000000
497,ADVERSARIAL_PROBES,INFINITE_TARGET,6962505276570243717,5,AUTO,1.46556000000,-0.377500000000,Infinity,UNGUARDED_REFERENCE,false,false,MAX_ITERATIONS_UNCERTIFIED,NO_GUARDS_OR_FINAL_CERTIFICATION,800,false,false,NaN,true,false,false,true,0,NaN,545042,NaN|NaN|NaN|NaN|NaN
498,ADVERSARIAL_PROBES,NON_FINITE_INITIAL_STATE,4714286455698050922,5,AUTO,1.46556000000,-0.377500000000,0.457500000000,GUARDED_PRODUCTION,false,false,INVALID_INPUT,INVALID_INITIAL_STATE,0,true,true,0.00000000000,false,false,false,false,0,NaN,4958,0.00000000000|0.00000000000|0.00000000000|0.297500000000|0.297500000000
498,ADVERSARIAL_PROBES,NON_FINITE_INITIAL_STATE,4714286455698050922,5,AUTO,1.46556000000,-0.377500000000,0.457500000000,UNGUARDED_REFERENCE,false,false,MAX_ITERATIONS_UNCERTIFIED,NO_GUARDS_OR_FINAL_CERTIFICATION,800,false,false,NaN,true,false,false,true,0,NaN,476625,NaN|NaN|NaN|NaN|NaN
499,ADVERSARIAL_PROBES,OVERFLOWING_GEOMETRY,-3783130040553133646,5,AUTO,0.00000000000,0.00000000000,0.00000000000,GUARDED_PRODUCTION,false,false,NUMERICAL_FAILURE,OUTPUT_VALIDATION_FAILED,1,true,true,Infinity,false,false,false,false,0,NaN,4709,0.00000000000|0.00000000000|0.00000000000|0.297500000000|0.297500000000
499,ADVERSARIAL_PROBES,OVERFLOWING_GEOMETRY,-3783130040553133646,5,AUTO,0.00000000000,0.00000000000,0.00000000000,UNGUARDED_REFERENCE,false,false,MAX_ITERATIONS_UNCERTIFIED,NO_GUARDS_OR_FINAL_CERTIFICATION,800,false,false,NaN,true,false,false,true,0,NaN,507250,NaN|NaN|NaN|NaN|NaN
500,VALID_CAMPAIGN,UNIFORM,1510545014137276907,5,REVOLUTE_ONLY,0.184019538606,-0.329946792034,-0.306385970311,GUARDED_PRODUCTION,false,false,NO_CONVERGENCE,STAGNATION_WINDOW_EXCEEDED,65,true,true,0.280877134509,false,false,false,false,6,85.8564830964,182459,1.43104922374|-2.37713844122|-0.776585550158|-0.0984538815403|-0.155827560183
500,VALID_CAMPAIGN,UNIFORM,1510545014137276907,5,REVOLUTE_ONLY,0.184019538606,-0.329946792034,-0.306385970311,UNGUARDED_REFERENCE,true,false,CONVERGED_UNCERTIFIED,NO_GUARDS_OR_FINAL_CERTIFICATION,9,true,false,1.23226994456e-09,false,true,false,true,0,NaN,7792,23.2979343989|-34.6358147684|-8.39979765858|12.8428328204|11.0872771485
501,VALID_CAMPAIGN,NEAR_JOINT_LIMIT,3559202794736476663,5,REVOLUTE_ONLY,-0.476056037443,-0.312206713167,0.446938717189,GUARDED_PRODUCTION,false,false,NO_CONVERGENCE,STAGNATION_WINDOW_EXCEEDED,7,true,true,1.23273745506,false,false,false,false,0,5.63507926768,20875,1.62108623307|-2.37713844122|-0.702309597455|-0.0774400118908|-0.192031332777
501,VALID_CAMPAIGN,NEAR_JOINT_LIMIT,3559202794736476663,5,REVOLUTE_ONLY,-0.476056037443,-0.312206713167,0.446938717189,UNGUARDED_REFERENCE,true,false,CONVERGED_UNCERTIFIED,NO_GUARDS_OR_FINAL_CERTIFICATION,6,true,false,1.67255406744e-08,false,true,false,true,0,NaN,4667,22.5512558221|-31.8903306328|-10.4976514198|12.9917499673|8.38458389778
502,VALID_CAMPAIGN,NEAR_SINGULARITY,1653826986306465008,5,REVOLUTE_ONLY,1.46556000051,-0.0799999503281,0.200000021585,GUARDED_PRODUCTION,true,true,SUCCESS,NONE,62,true,true,8.00389556815e-09,false,false,false,false,0,5.51545753049,169708,0.0153036415544|-0.0190725630592|0.0158722221942|-0.0273291257672|-0.0175528343846
502,VALID_CAMPAIGN,NEAR_SINGULARITY,1653826986306465008,5,REVOLUTE_ONLY,1.46556000051,-0.0799999503281,0.200000021585,UNGUARDED_REFERENCE,true,false,CONVERGED_UNCERTIFIED,NO_GUARDS_OR_FINAL_CERTIFICATION,18,true,false,1.67594625693e-07,false,true,false,true,0,NaN,15333,25.0711564254|-37.5657596245|0.0914772591510|6.12482883369|12.2948077521
503,VALID_CAMPAIGN,MICRO_MOTION,-9099804055088998588,5,REVOLUTE_ONLY,1.46556000561,-0.0799994536091,0.200000237431,GUARDED_PRODUCTION,true,true,SUCCESS,NONE,1,true,true,5.41515359581e-07,false,false,false,false,0,NaN,4083,0.0153036415544|-0.0190725630592|0.0158722221942|-0.0273291257672|-0.0175528343846
503,VALID_CAMPAIGN,MICRO_MOTION,-9099804055088998588,5,REVOLUTE_ONLY,1.46556000561,-0.0799994536091,0.200000237431,UNGUARDED_REFERENCE,true,false,CONVERGED_UNCERTIFIED,NO_GUARDS_OR_FINAL_CERTIFICATION,1,true,false,5.63987561855e-07,false,true,false,true,0,NaN,500,25.0711564254|-37.5657596245|0.0914772591510|6.12482883369|12.2948077521
504,VALID_CAMPAIGN,UNIFORM,5652730321071510892,5,REVOLUTE_ONLY,0.983673105427,-0.499318774547,0.666081653600,GUARDED_PRODUCTION,true,true,SUCCESS,NONE,28,true,true,3.28683470069e-08,false,false,false,false,0,75.1331496259,78250,0.120870022640|-0.805176734831|0.681254061973|0.258531071229|-0.0392031591363
504,VALID_CAMPAIGN,UNIFORM,5652730321071510892,5,REVOLUTE_ONLY,0.983673105427,-0.499318774547,0.666081653600,UNGUARDED_REFERENCE,true,false,CONVERGED_UNCERTIFIED,NO_GUARDS_OR_FINAL_CERTIFICATION,16,true,false,9.33044248916e-07,false,true,false,true,0,NaN,14250,24.3773784526|-36.8999848768|1.12818107149|-0.274135168200|-7.27447851145
505,VALID_CAMPAIGN,NEAR_JOINT_LIMIT,8494286429020806360,5,REVOLUTE_ONLY,-0.431135427301,-0.355284050400,-0.0766745104401,GUARDED_PRODUCTION,false,false,NO_CONVERGENCE,STAGNATION_WINDOW_EXCEEDED,46,true,true,0.902076257572,false,false,false,false,0,11.7613871237,130209,1.03532873086|-2.37713844122|0.0264353362130|0.528357250849|-0.322243314822
505,VALID_CAMPAIGN,NEAR_JOINT_LIMIT,8494286429020806360,5,REVOLUTE_ONLY,-0.431135427301,-0.355284050400,-0.0766745104401,UNGUARDED_REFERENCE,true,false,CONVERGED_UNCERTIFIED,NO_GUARDS_OR_FINAL_CERTIFICATION,8,true,false,3.58444959258e-07,false,true,false,true,0,NaN,7083,21.9728156585|-30.0006359999|5.27870751190|-2.37632429231|-16.8936112980
506,VALID_CAMPAIGN,NEAR_SINGULARITY,6599454557906774098,5,REVOLUTE_ONLY,1.46556000051,-0.0799999503281,0.200000021585,GUARDED_PRODUCTION,true,true,SUCCESS,NONE,64,true,true,2.61358904244e-07,false,false,false,false,0,4.97864499474,231125,-0.0210241766087|0.0413169847799|-0.0319666966908|0.0551026685748|-0.0665389737660
506,VALID_CAMPAIGN,NEAR_SINGULARITY,6599454557906774098,5,REVOLUTE_ONLY,1.46556000051,-0.0799999503281,0.200000021585,UNGUARDED_REFERENCE,true,false,CONVERGED_UNCERTIFIED,NO_GUARDS_OR_FINAL_CERTIFICATION,11,true,false,7.23853340333e-07,false,true,false,true,0,NaN,9083,25.0788519415|-31.3247161337|-0.0407164146993|-6.21297645366|-18.9320453515
507,VALID_CAMPAIGN,MICRO_MOTION,4898029326618152571,5,REVOLUTE_ONLY,1.46556000561,-0.0799994536091,0.200000237431,GUARDED_PRODUCTION,true,true,SUCCESS,NONE,1,true,true,5.95636153293e-07,false,false,false,false,0,NaN,4666,-0.0210241766087|0.0413169847799|-0.0319666966908|0.0551026685748|-0.0665389737660
507,VALID_CAMPAIGN,MICRO_MOTION,4898029326618152571,5,REVOLUTE_ONLY,1.46556000561,-0.0799994536091,0.200000237431,UNGUARDED_REFERENCE,true,false,CONVERGED_UNCERTIFIED,NO_GUARDS_OR_FINAL_CERTIFICATION,1,true,false,8.99476759918e-07,false,true,false,true,0,NaN,500,25.0788519415|-31.3247161337|-0.0407164146993|-6.21297645366|-18.9320453515
508,VALID_CAMPAIGN,UNIFORM,-3044973737511636649,5,REVOLUTE_ONLY,0.205543367116,0.126211408142,-0.0488040755148,GUARDED_PRODUCTION,false,false,NO_CONVERGENCE,STAGNATION_WINDOW_EXCEEDED,86,true,true,0.403363123119,false,false,false,false,0,98.8106600560,235125,3.03730587265|-2.37713844122|-0.779826337168|0.623652220997|-0.466785221999
508,VALID_CAMPAIGN,UNIFORM,-3044973737511636649,5,REVOLUTE_ONLY,0.205543367116,0.126211408142,-0.0488040755148,UNGUARDED_REFERENCE,true,false,CONVERGED_UNCERTIFIED,NO_GUARDS_OR_FINAL_CERTIFICATION,9,true,false,2.25744729117e-08,false,true,false,true,0,NaN,7792,27.5990152732|-33.9931499284|-26.1216606055|38.3191128842|-15.6468041080
509,VALID_CAMPAIGN,NEAR_JOINT_LIMIT,6131427266173222737,5,REVOLUTE_ONLY,-0.476055998210,-0.312206772990,0.446938717189,GUARDED_PRODUCTION,false,false,NO_CONVERGENCE,STAGNATION_WINDOW_EXCEEDED,745,true,true,0.0611504898691,false,false,false,false,0,4.72085532900,1940125,3.14159265359|-2.37713844122|2.67428074637|-0.0947185816643|-0.401584743780
509,VALID_CAMPAIGN,NEAR_JOINT_LIMIT,6131427266173222737,5,REVOLUTE_ONLY,-0.476055998210,-0.312206772990,0.446938717189,UNGUARDED_REFERENCE,true,false,CONVERGED_UNCERTIFIED,NO_GUARDS_OR_FINAL_CERTIFICATION,12,true,false,9.29405570342e-09,false,true,false,true,0,NaN,11000,34.4375499603|-48.4056608353|-22.0406113780|41.5781518076|-25.2167591533
510,VALID_CAMPAIGN,NEAR_SINGULARITY,-8957285298215225875,5,REVOLUTE_ONLY,1.46556000051,-0.0799999503281,0.200000021585,GUARDED_PRODUCTION,false,false,NO_CONVERGENCE,STAGNATION_WINDOW_EXCEEDED,154,true,true,0.757986022426,false,false,false,false,0,4.27581252756,419708,0.0350110053003|2.15693498720|2.67428074637|0.0554900651561|-1.07659816170
510,VALID_CAMPAIGN,NEAR_SINGULARITY,-8957285298215225875,5,REVOLUTE_ONLY,1.46556000051,-0.0799999503281,0.200000021585,UNGUARDED_REFERENCE,true,false,CONVERGED_UNCERTIFIED,NO_GUARDS_OR_FINAL_CERTIFICATION,40,true,false,7.62484860102e-08,false,true,false,true,0,NaN,36167,25.0717377908|-18.7168553789|-31.3831584291|75.3414273097|-12.8390683467
511,VALID_CAMPAIGN,MICRO_MOTION,-8963657936138556737,5,REVOLUTE_ONLY,1.46556000561,-0.0799994536091,0.200000237431,GUARDED_PRODUCTION,false,false,NO_CONVERGENCE,STAGNATION_WINDOW_EXCEEDED,7,true,true,0.762114355267,false,false,false,false,0,45.2464205181,21667,0.0304371651525|2.23110250599|2.67428074637|0.0245654443413|-0.963172192481
511,VALID_CAMPAIGN,MICRO_MOTION,-8963657936138556737,5,REVOLUTE_ONLY,1.46556000561,-0.0799994536091,0.200000237431,UNGUARDED_REFERENCE,true,false,CONVERGED_UNCERTIFIED,NO_GUARDS_OR_FINAL_CERTIFICATION,1,true,false,5.45787608345e-07,false,true,false,true,0,NaN,542,25.0717377908|-18.7168553789|-31.3831584291|75.3414273097|-12.8390683467
512,VALID_CAMPAIGN,UNIFORM,-6494848199144014706,5,REVOLUTE_ONLY,-0.0712618960491,0.282670719017,0.344318490896,GUARDED_PRODUCTION,false,false,NO_CONVERGENCE,STAGNATION_WINDOW_EXCEEDED,47,true,true,0.728443554790,false,false,false,false,0,60.6832487102,129875,-0.228443675250|2.37713844122|2.15954039017|0.264210267314|-1.78285383091
512,VALID_CAMPAIGN,UNIFORM,-6494848199144014706,5,REVOLUTE_ONLY,-0.0712618960491,0.282670719017,0.344318490896,UNGUARDED_REFERENCE,true,false,CONVERGED_UNCERTIFIED,NO_GUARDS_OR_FINAL_CERTIFICATION,7,true,false,1.66703142530e-08,false,true,false,true,0,NaN,5583,22.3208248229|-8.88681678888|-42.9282115187|91.8667552720|-66.5219454178
513,VALID_CAMPAIGN,NEAR_JOINT_LIMIT,-8533408090431611323,5,REVOLUTE_ONLY,-0.483079636094,0.0837910829813,0.196425017321,GUARDED_PRODUCTION,false,false,NO_CONVERGENCE,STAGNATION_WINDOW_EXCEEDED,7,true,true,1.13426819043,false,false,false,false,0,5.60548265600,20958,-0.301731813284|2.37713844122|2.12395833718|0.283796440717|-1.78285383091
513,VALID_CAMPAIGN,NEAR_JOINT_LIMIT,-8533408090431611323,5,REVOLUTE_ONLY,-0.483079636094,0.0837910829813,0.196425017321,UNGUARDED_REFERENCE,true,false,CONVERGED_UNCERTIFIED,NO_GUARDS_OR_FINAL_CERTIFICATION,8,true,false,2.46642245813e-09,false,true,false,true,0,NaN,6792,23.3694431018|-8.51480402469|-43.6549886626|92.1876309839|-66.1914576885
514,VALID_CAMPAIGN,NEAR_SINGULARITY,-4624614708861427183,5,REVOLUTE_ONLY,1.46556000051,-0.0799999503281,0.200000021585,GUARDED_PRODUCTION,false,false,NO_CONVERGENCE,STAGNATION_WINDOW_EXCEEDED,32,true,true,0.749997463981,false,false,false,false,0,5.46805303128,92375,0.00994813986712|2.16717893832|2.67428074637|0.114777137206|-1.08203000381
514,VALID_CAMPAIGN,NEAR_SINGULARITY,-4624614708861427183,5,REVOLUTE_ONLY,1.46556000051,-0.0799999503281,0.200000021585,UNGUARDED_REFERENCE,true,false,CONVERGED_UNCERTIFIED,NO_GUARDS_OR_FINAL_CERTIFICATION,15,true,false,8.20482853996e-07,false,true,false,true,0,NaN,13708,37.6355540384|-31.2787748671|-37.6533156627|81.6020308558|-56.8262211213
515,VALID_CAMPAIGN,MICRO_MOTION,-7674776244198852580,5,REVOLUTE_ONLY,1.46556000561,-0.0799994536091,0.200000237431,GUARDED_PRODUCTION,false,false,NO_CONVERGENCE,STAGNATION_WINDOW_EXCEEDED,7,true,true,0.756532034513,false,false,false,false,0,40.1332289505,21084,0.0157259311879|2.24026726320|2.67428074637|0.0584013253650|-0.963224245297
515,VALID_CAMPAIGN,MICRO_MOTION,-7674776244198852580,5,REVOLUTE_ONLY,1.46556000561,-0.0799994536091,0.200000237431,UNGUARDED_REFERENCE,true,false,CONVERGED_UNCERTIFIED,NO_GUARDS_OR_FINAL_CERTIFICATION,1,true,false,9.74213050483e-07,false,true,false,true,0,NaN,500,37.6355540384|-31.2787748671|-37.6533156627|81.6020308558|-56.8262211213
516,VALID_CAMPAIGN,UNIFORM,-3570238973603489895,5,REVOLUTE_ONLY,0.532132715565,-1.01084219145,0.0894638771022,GUARDED_PRODUCTION,false,false,NO_CONVERGENCE,STAGNATION_WINDOW_EXCEEDED,39,true,true,0.526747343252,false,false,false,false,0,54.4757234077,113792,-0.966860925474|2.36086631711|2.67428074637|0.00292192217193|-0.765875526881
516,VALID_CAMPAIGN,UNIFORM,-3570238973603489895,5,REVOLUTE_ONLY,0.532132715565,-1.01084219145,0.0894638771022,UNGUARDED_REFERENCE,true,false,CONVERGED_UNCERTIFIED,NO_GUARDS_OR_FINAL_CERTIFICATION,17,true,false,1.43548286499e-07,false,true,false,true,0,NaN,16000,36.6090499168|-18.8191688271|-37.9525337072|81.2839261547|-85.2042060010
517,VALID_CAMPAIGN,NEAR_JOINT_LIMIT,-5073262691562005250,5,REVOLUTE_ONLY,-0.476056037443,-0.312206713167,0.446938717189,GUARDED_PRODUCTION,true,true,SUCCESS,NONE,43,true,true,1.79066802787e-08,false,false,false,false,0,101.664904470,134875,-2.15465967726|1.51771092703|2.46136354021|0.276651309243|-0.0512690435766
517,VALID_CAMPAIGN,NEAR_JOINT_LIMIT,-5073262691562005250,5,REVOLUTE_ONLY,-0.476056037443,-0.312206713167,0.446938717189,UNGUARDED_REFERENCE,true,false,CONVERGED_UNCERTIFIED,NO_GUARDS_OR_FINAL_CERTIFICATION,11,true,false,5.95255181404e-07,false,true,false,true,0,NaN,10791,34.2057239629|-10.5187412423|-42.5363326522|86.0182202444|-72.0492295028
518,VALID_CAMPAIGN,NEAR_SINGULARITY,1531138980089900541,5,REVOLUTE_ONLY,1.46556000051,-0.0799999503281,0.200000021585,GUARDED_PRODUCTION,false,false,NO_CONVERGENCE,STAGNATION_WINDOW_EXCEEDED,78,true,true,0.755662365826,false,false,false,false,0,4.50465928014,234750,-0.0773995575799|2.37713844122|2.67428074637|0.196537847058|-0.446859854007
518,VALID_CAMPAIGN,NEAR_SINGULARITY,1531138980089900541,5,REVOLUTE_ONLY,1.46556000051,-0.0799999503281,0.200000021585,UNGUARDED_REFERENCE,true,false,CONVERGED_UNCERTIFIED,NO_GUARDS_OR_FINAL_CERTIFICATION,31,true,false,5.80540159522e-08,false,true,false,true,0,NaN,30041,25.0747797763|0.108599337187|-37.7347781649|94.3093704737|-69.2670714501
519,VALID_CAMPAIGN,MICRO_MOTION,-5455258459543742287,5,REVOLUTE_ONLY,1.46556000561,-0.0799994536091,0.200000237431,GUARDED_PRODUCTION,false,false,NO_CONVERGENCE,STAGNATION_WINDOW_EXCEEDED,7,true,true,0.759840511255,false,false,false,false,0,20.3830737415,23500,-0.0978750777419|2.37713844122|2.67428074637|0.122643463717|-0.549605991206
519,VALID_CAMPAIGN,MICRO_MOTION,-5455258459543742287,5,REVOLUTE_ONLY,1.46556000561,-0.0799994536091,0.200000237431,UNGUARDED_REFERENCE,true,false,CONVERGED_UNCERTIFIED,NO_GUARDS_OR_FINAL_CERTIFICATION,1,true,false,5.44006750205e-07,false,true,false,true,0,NaN,625,25.0747797763|0.108599337187|-37.7347781649|94.3093704737|-69.2670714501
520,VALID_CAMPAIGN,UNIFORM,4841826835440939983,5,REVOLUTE_ONLY,0.688976729686,-0.225109255087,-0.366441724608,GUARDED_PRODUCTION,false,false,MAX_ITERATIONS_REACHED,MAX_ITERATIONS_LIMIT_REACHED,800,true,true,0.481312288261,false,false,false,false,0,30.2391779257,2457875,-0.357666271040|2.28841683943|2.67428074637|0.881543491007|-0.781554175646
520,VALID_CAMPAIGN,UNIFORM,4841826835440939983,5,REVOLUTE_ONLY,0.688976729686,-0.225109255087,-0.366441724608,UNGUARDED_REFERENCE,true,false,CONVERGED_UNCERTIFIED,NO_GUARDS_OR_FINAL_CERTIFICATION,9,true,false,1.49876422589e-09,false,true,false,true,0,NaN,9333,24.3863909041|1.67464736158|-52.1517963473|119.556999809|-76.6794037530
521,VALID_CAMPAIGN,NEAR_JOINT_LIMIT,7494827953120135611,5,REVOLUTE_ONLY,-0.593822567189,-0.199272646548,0.196425017321,GUARDED_PRODUCTION,true,true,SUCCESS,NONE,82,true,true,7.69772371350e-10,false,false,false,false,0,14.5669682392,252959,-2.77989540940|2.36777856897|2.23420526651|1.29652120605|-0.169840983647
521,VALID_CAMPAIGN,NEAR_JOINT_LIMIT,7494827953120135611,5,REVOLUTE_ONLY,-0.593822567189,-0.199272646548,0.196425017321,UNGUARDED_REFERENCE,true,false,CONVERGED_UNCERTIFIED,NO_GUARDS_OR_FINAL_CERTIFICATION,7,true,false,1.16617395283e-09,false,true,false,true,0,NaN,5792,27.1669855826|2.30337474532|-56.5130183075|119.123650729|-78.1277632514
522,VALID_CAMPAIGN,NEAR_SINGULARITY,-3870169835354644284,5,REVOLUTE_ONLY,1.46556000051,-0.0799999503281,0.200000021585,GUARDED_PRODUCTION,false,false,NO_CONVERGENCE,STAGNATION_WINDOW_EXCEEDED,101,true,true,0.737787518326,false,false,false,false,0,6.79731560291,282750,-0.0923365038080|2.37713844122|2.67428074637|0.257381881064|-0.702136754941
522,VALID_CAMPAIGN,NEAR_SINGULARITY,-3870169835354644284,5,REVOLUTE_ONLY,1.46556000051,-0.0799999503281,0.200000021585,UNGUARDED_REFERENCE,true,false,CONVERGED_UNCERTIFIED,NO_GUARDS_OR_FINAL_CERTIFICATION,42,true,false,3.14993824224e-07,false,true,false,true,0,NaN,40625,31.3582240154|-6.17602765241|-44.0190796251|100.594472663|-69.2606016173
523,VALID_CAMPAIGN,MICRO_MOTION,-5425972953811000093,5,REVOLUTE_ONLY,1.46556000561,-0.0799994536091,0.200000237431,GUARDED_PRODUCTION,false,false,NO_CONVERGENCE,STAGNATION_WINDOW_EXCEEDED,7,true,true,0.748450037563,false,false,false,false,0,32.1757990668,22250,-0.0707607271658|2.37713844122|2.67428074637|0.128139092472|-0.716990986726
523,VALID_CAMPAIGN,MICRO_MOTION,-5425972953811000093,5,REVOLUTE_ONLY,1.46556000561,-0.0799994536091,0.200000237431,UNGUARDED_REFERENCE,true,false,CONVERGED_UNCERTIFIED,NO_GUARDS_OR_FINAL_CERTIFICATION,1,true,false,6.23544388744e-07,false,true,false,true,0,NaN,542,31.3582240154|-6.17602765241|-44.0190796251|100.594472663|-69.2606016173
524,VALID_CAMPAIGN,UNIFORM,9178725186399436689,5,REVOLUTE_ONLY,-0.697656074616,-0.916839856267,0.0783932152065,GUARDED_PRODUCTION,false,false,NO_CONVERGENCE,STAGNATION_WINDOW_EXCEEDED,56,true,true,0.534071365820,false,false,false,false,0,49.1840967669,161917,-2.10364159030|2.37713844122|2.67428074637|0.0314530393109|-0.723915514578
524,VALID_CAMPAIGN,UNIFORM,9178725186399436689,5,REVOLUTE_ONLY,-0.697656074616,-0.916839856267,0.0783932152065,UNGUARDED_REFERENCE,true,false,CONVERGED_UNCERTIFIED,NO_GUARDS_OR_FINAL_CERTIFICATION,726,true,false,2.13472514343e-07,false,true,false,true,0,NaN,635375,42.2488347481|-6.71967978372|-88.6255774789|170.577470348|-77.1326716664
525,VALID_CAMPAIGN,NEAR_JOINT_LIMIT,-3848381318009669108,5,REVOLUTE_ONLY,-0.593822567189,-0.199272646548,0.196425017321,GUARDED_PRODUCTION,true,true,SUCCESS,NONE,114,true,true,9.04561003499e-07,false,false,false,false,0,83.0393491744,323875,-2.39257756878|1.46152304199|2.67428074637|0.599581854589|-0.437414495671
525,VALID_CAMPAIGN,NEAR_JOINT_LIMIT,-3848381318009669108,5,REVOLUTE_ONLY,-0.593822567189,-0.199272646548,0.196425017321,UNGUARDED_REFERENCE,true,false,CONVERGED_UNCERTIFIED,NO_GUARDS_OR_FINAL_CERTIFICATION,7,true,false,1.07602230575e-09,false,true,false,true,0,NaN,6458,42.3682762222|-7.95510556767|-88.0784507755|171.199476773|-78.0419803636
526,VALID_CAMPAIGN,NEAR_SINGULARITY,5678446697133903483,5,REVOLUTE_ONLY,1.46556000051,-0.0799999503281,0.200000021585,GUARDED_PRODUCTION,false,false,NO_CONVERGENCE,STAGNATION_WINDOW_EXCEEDED,110,true,true,0.734293594159,false,false,false,false,0,4.33116196526,316375,-0.0419534850346|2.37713844122|2.67428074637|0.256050834419|-0.746840083061
526,VALID_CAMPAIGN,NEAR_SINGULARITY,5678446697133903483,5,REVOLUTE_ONLY,1.46556000051,-0.0799999503281,0.200000021585,UNGUARDED_REFERENCE,true,false,CONVERGED_UNCERTIFIED,NO_GUARDS_OR_FINAL_CERTIFICATION,17,true,false,1.27412261769e-07,false,true,false,true,0,NaN,15250,56.4925061173|-31.3119359355|-87.8049823293|181.937915539|-75.5380236964
527,VALID_CAMPAIGN,MICRO_MOTION,-8590148468908372245,5,REVOLUTE_ONLY,1.46556000561,-0.0799994536091,0.200000237431,GUARDED_PRODUCTION,false,false,NO_CONVERGENCE,STAGNATION_WINDOW_EXCEEDED,7,true,true,0.747915900952,false,false,false,false,0,34.0078297332,24917,-0.0351686500256|2.37713844122|2.67428074637|0.122884105610|-0.737476570745
527,VALID_CAMPAIGN,MICRO_MOTION,-8590148468908372245,5,REVOLUTE_ONLY,1.46556000561,-0.0799994536091,0.200000237431,UNGUARDED_REFERENCE,true,false,CONVERGED_UNCERTIFIED,NO_GUARDS_OR_FINAL_CERTIFICATION,1,true,false,5.53981607969e-07,false,true,false,true,0,NaN,625,56.4925061173|-31.3119359355|-87.8049823293|181.937915539|-75.5380236964
528,VALID_CAMPAIGN,UNIFORM,5733573474362084597,5,REVOLUTE_ONLY,-0.663900840110,0.135979827446,0.730933603674,GUARDED_PRODUCTION,true,true,SUCCESS,NONE,169,true,true,9.22290999984e-08,false,false,false,false,0,51.7710757967,471375,1.71538252191|1.92999514050|1.07516936605|-0.113712395597|0.348297074200
528,VALID_CAMPAIGN,UNIFORM,5733573474362084597,5,REVOLUTE_ONLY,-0.663900840110,0.135979827446,0.730933603674,UNGUARDED_REFERENCE,true,false,CONVERGED_UNCERTIFIED,NO_GUARDS_OR_FINAL_CERTIFICATION,9,true,false,1.83618226696e-09,false,true,false,true,0,NaN,7791,54.0134731525|-20.3672258865|-42.1401279409|105.844916758|-93.7844715840
529,VALID_CAMPAIGN,NEAR_JOINT_LIMIT,8630551778957534581,5,REVOLUTE_ONLY,-0.197260622477,-0.102420222262,0.103375649618,GUARDED_PRODUCTION,false,false,NO_CONVERGENCE,STAGNATION_WINDOW_EXCEEDED,24,true,true,0.656491477813,false,false,false,false,0,6.35334101272,72208,0.878813318161|2.37713844122|0.700928885326|-0.232172621394|0.635095914265
529,VALID_CAMPAIGN,NEAR_JOINT_LIMIT,8630551778957534581,5,REVOLUTE_ONLY,-0.197260622477,-0.102420222262,0.103375649618,UNGUARDED_REFERENCE,true,false,CONVERGED_UNCERTIFIED,NO_GUARDS_OR_FINAL_CERTIFICATION,9,true,false,5.07464890603e-08,false,true,false,true,0,NaN,7750,62.0871660377|-27.4493505181|-43.8022543088|110.232241958|-89.8540657394
530,VALID_CAMPAIGN,NEAR_SINGULARITY,4584051111673859812,5,REVOLUTE_ONLY,1.46556000051,-0.0799999503281,0.200000021585,GUARDED_PRODUCTION,true,true,SUCCESS,NONE,104,true,true,2.72012945130e-08,false,false,false,false,0,4.57284366682,302959,-0.0514550425878|0.0603164107515|0.0938742058495|-0.161485801214|0.0819166624865
530,VALID_CAMPAIGN,NEAR_SINGULARITY,4584051111673859812,5,REVOLUTE_ONLY,1.46556000051,-0.0799999503281,0.200000021585,UNGUARDED_REFERENCE,true,false,CONVERGED_UNCERTIFIED,NO_GUARDS_OR_FINAL_CERTIFICATION,11,true,false,2.81199178101e-07,false,true,false,true,0,NaN,9958,69.0586774851|-31.3102324102|-44.0186667357|106.876949596|-88.1129605098
531,VALID_CAMPAIGN,MICRO_MOTION,5161615075412126938,5,REVOLUTE_ONLY,1.46556000561,-0.0799994536091,0.200000237431,GUARDED_PRODUCTION,true,true,SUCCESS,NONE,1,true,true,5.41906182401e-07,false,false,false,false,0,NaN,4333,-0.0514550425878|0.0603164107515|0.0938742058495|-0.161485801214|0.0819166624865
531,VALID_CAMPAIGN,MICRO_MOTION,5161615075412126938,5,REVOLUTE_ONLY,1.46556000561,-0.0799994536091,0.200000237431,UNGUARDED_REFERENCE,true,false,CONVERGED_UNCERTIFIED,NO_GUARDS_OR_FINAL_CERTIFICATION,1,true,false,6.07421803981e-07,false,true,false,true,0,NaN,583,69.0586774851|-31.3102324102|-44.0186667357|106.876949596|-88.1129605098
532,VALID_CAMPAIGN,UNIFORM,7720874968569381011,5,REVOLUTE_ONLY,0.664003270891,-0.348795121766,-0.289330489408,GUARDED_PRODUCTION,true,true,SUCCESS,NONE,59,true,true,1.13909580157e-07,false,false,false,false,0,112.702133677,174250,0.489247237409|-1.68474622073|-0.455619140993|-1.20819246526|0.842295522035
532,VALID_CAMPAIGN,UNIFORM,7720874968569381011,5,REVOLUTE_ONLY,0.664003270891,-0.348795121766,-0.289330489408,UNGUARDED_REFERENCE,true,false,CONVERGED_UNCERTIFIED,NO_GUARDS_OR_FINAL_CERTIFICATION,9,true,false,4.87733463469e-10,false,true,false,true,0,NaN,8042,68.4484620176|-30.1127632088|-58.8973979930|132.730167624|-95.5782177533
533,VALID_CAMPAIGN,NEAR_JOINT_LIMIT,7271034857304630008,5,REVOLUTE_ONLY,-0.431135471948,-0.355283996222,-0.0766745104401,GUARDED_PRODUCTION,true,true,SUCCESS,NONE,201,true,true,9.97283872069e-07,false,false,false,false,0,6.19668399162,590667,-0.794569622777|-2.37713844122|0.201459754622|-1.53871417461|0.961902782649
533,VALID_CAMPAIGN,NEAR_JOINT_LIMIT,7271034857304630008,5,REVOLUTE_ONLY,-0.431135471948,-0.355283996222,-0.0766745104401,UNGUARDED_REFERENCE,true,false,CONVERGED_UNCERTIFIED,NO_GUARDS_OR_FINAL_CERTIFICATION,11,true,false,1.15422766192e-07,false,true,false,true,0,NaN,11000,67.4262269407|-26.5771250060|-58.2202546508|127.290545738|-97.3255944510
534,VALID_CAMPAIGN,NEAR_SINGULARITY,6302233654581841892,5,REVOLUTE_ONLY,1.46556000051,-0.0799999503281,0.200000021585,GUARDED_PRODUCTION,true,true,SUCCESS,NONE,116,true,true,2.49684017245e-07,false,false,false,false,0,3.51180133896,407334,-0.0489192877585|0.0632451371434|0.129595218088|-0.222648679921|0.0424129976213
534,VALID_CAMPAIGN,NEAR_SINGULARITY,6302233654581841892,5,REVOLUTE_ONLY,1.46556000051,-0.0799999503281,0.200000021585,UNGUARDED_REFERENCE,true,false,CONVERGED_UNCERTIFIED,NO_GUARDS_OR_FINAL_CERTIFICATION,27,true,false,1.26523248944e-07,false,true,false,true,0,NaN,26541,50.2171658450|-37.6406488410|-56.5395391789|131.931165981|-87.8986550884
535,VALID_CAMPAIGN,MICRO_MOTION,-1781682656415834073,5,REVOLUTE_ONLY,1.46556000561,-0.0799994536091,0.200000237431,GUARDED_PRODUCTION,true,true,SUCCESS,NONE,1,true,true,5.92843521245e-07,false,false,false,false,0,NaN,5667,-0.0489192877585|0.0632451371434|0.129595218088|-0.222648679921|0.0424129976213
535,VALID_CAMPAIGN,MICRO_MOTION,-1781682656415834073,5,REVOLUTE_ONLY,1.46556000561,-0.0799994536091,0.200000237431,UNGUARDED_REFERENCE,true,false,CONVERGED_UNCERTIFIED,NO_GUARDS_OR_FINAL_CERTIFICATION,1,true,false,5.54438973623e-07,false,true,false,true,0,NaN,500,50.2171658450|-37.6406488410|-56.5395391789|131.931165981|-87.8986550884
536,VALID_CAMPAIGN,UNIFORM,283328347597101551,5,REVOLUTE_ONLY,0.214291499699,0.683609661513,-0.189354137780,GUARDED_PRODUCTION,true,true,SUCCESS,NONE,57,true,true,1.59169615656e-11,false,false,false,false,0,112.639182929,165750,-0.248869351313|2.05611438739|-0.217609199716|-0.883878226769|0.674140723933
536,VALID_CAMPAIGN,UNIFORM,283328347597101551,5,REVOLUTE_ONLY,0.214291499699,0.683609661513,-0.189354137780,UNGUARDED_REFERENCE,true,false,CONVERGED_UNCERTIFIED,NO_GUARDS_OR_FINAL_CERTIFICATION,10,true,false,1.93611418376e-08,false,true,false,true,0,NaN,8500,51.9796258607|-44.9844151201|-70.6138663008|156.280487737|-47.6252672061
537,VALID_CAMPAIGN,NEAR_JOINT_LIMIT,-4238950265728358968,5,REVOLUTE_ONLY,-0.135364054259,-0.0430635120985,0.446938717189,GUARDED_PRODUCTION,false,false,NO_CONVERGENCE,STAGNATION_WINDOW_EXCEEDED,179,true,true,0.108993186669,false,false,false,false,0,4.24718745853,478625,-3.05805923930|2.37713844122|2.45961378755|-1.78285383091|1.78285383091
537,VALID_CAMPAIGN,NEAR_JOINT_LIMIT,-4238950265728358968,5,REVOLUTE_ONLY,-0.135364054259,-0.0430635120985,0.446938717189,UNGUARDED_REFERENCE,true,false,CONVERGED_UNCERTIFIED,NO_GUARDS_OR_FINAL_CERTIFICATION,9,true,false,1.44417308614e-08,false,true,false,true,0,NaN,8792,54.0440463839|-46.1696445134|-72.3239071440|154.984763068|-38.7527467812
538,VALID_CAMPAIGN,NEAR_SINGULARITY,-2517955906372248036,5,REVOLUTE_ONLY,1.46556000051,-0.0799999503281,0.200000021585,GUARDED_PRODUCTION,true,true,SUCCESS,NONE,129,true,true,6.49083575692e-09,false,false,false,false,0,3.84621684572,416375,-0.0496037855963|0.0659269855618|0.135237313739|-0.232293472290|0.0322202450989
538,VALID_CAMPAIGN,NEAR_SINGULARITY,-2517955906372248036,5,REVOLUTE_ONLY,1.46556000051,-0.0799999503281,0.200000021585,UNGUARDED_REFERENCE,true,false,CONVERGED_UNCERTIFIED,NO_GUARDS_OR_FINAL_CERTIFICATION,14,true,false,4.55718315280e-08,false,true,false,true,0,NaN,12209,50.2198637156|-50.2150631771|-75.3432965862|150.701869607|-43.8912757275
539,VALID_CAMPAIGN,MICRO_MOTION,-6866987046746053764,5,REVOLUTE_ONLY,1.46556000561,-0.0799994536091,0.200000237431,GUARDED_PRODUCTION,true,true,SUCCESS,NONE,1,true,true,5.41529275423e-07,false,false,false,false,0,NaN,12583,-0.0496037855963|0.0659269855618|0.135237313739|-0.232293472290|0.0322202450989
539,VALID_CAMPAIGN,MICRO_MOTION,-6866987046746053764,5,REVOLUTE_ONLY,1.46556000561,-0.0799994536091,0.200000237431,UNGUARDED_REFERENCE,true,false,CONVERGED_UNCERTIFIED,NO_GUARDS_OR_FINAL_CERTIFICATION,1,true,false,5.42785033294e-07,false,true,false,true,0,NaN,667,50.2198637156|-50.2150631771|-75.3432965862|150.701869607|-43.8912757275
540,VALID_CAMPAIGN,UNIFORM,654848486311665279,5,REVOLUTE_ONLY,-0.351424906254,1.10102279943,0.420217012392,GUARDED_PRODUCTION,true,true,SUCCESS,NONE,49,true,true,9.41267868744e-09,false,false,false,false,0,112.558970536,142417,0.954766478902|1.33071464405|0.491350089149|-0.244087314188|0.342650244201
540,VALID_CAMPAIGN,UNIFORM,654848486311665279,5,REVOLUTE_ONLY,-0.351424906254,1.10102279943,0.420217012392,UNGUARDED_REFERENCE,true,false,CONVERGED_UNCERTIFIED,NO_GUARDS_OR_FINAL_CERTIFICATION,12,true,false,9.89001960512e-09,false,true,false,true,0,NaN,13667,58.5175349580|-56.3396026650|-74.2874729867|155.820369453|23.3749927957
541,VALID_CAMPAIGN,NEAR_JOINT_LIMIT,-4684039056148355496,5,REVOLUTE_ONLY,-0.537952611073,-0.252850020014,0.103375649618,GUARDED_PRODUCTION,false,false,NO_CONVERGENCE,STAGNATION_WINDOW_EXCEEDED,32,true,true,0.832187899173,false,false,false,false,0,6.15428952063,93542,0.282944139274|2.37713844122|0.307056142950|-0.356334998370|0.632898693661
541,VALID_CAMPAIGN,NEAR_JOINT_LIMIT,-4684039056148355496,5,REVOLUTE_ONLY,-0.537952611073,-0.252850020014,0.103375649618,UNGUARDED_REFERENCE,true,false,CONVERGED_UNCERTIFIED,NO_GUARDS_OR_FINAL_CERTIFICATION,8,true,false,5.00367025230e-08,false,true,false,true,0,NaN,6667,59.6222210943|-58.9825284524|-72.4945977543|151.269558372|18.2795009812
542,VALID_CAMPAIGN,NEAR_SINGULARITY,6497889176059660188,5,REVOLUTE_ONLY,1.46556000051,-0.0799999503281,0.200000021585,GUARDED_PRODUCTION,true,true,SUCCESS,NONE,87,true,true,1.72766510468e-08,false,false,false,false,0,4.36125850019,241000,-0.0618943100668|0.0774642252652|0.109117937953|-0.187610276573|0.0689672173414
542,VALID_CAMPAIGN,NEAR_SINGULARITY,6497889176059660188,5,REVOLUTE_ONLY,1.46556000051,-0.0799999503281,0.200000021585,UNGUARDED_REFERENCE,true,false,CONVERGED_UNCERTIFIED,NO_GUARDS_OR_FINAL_CERTIFICATION,46,true,false,4.81550491819e-07,false,true,false,true,0,NaN,42833,81.6320677855|-100.471035032|-62.7194697835|156.886429921|18.9155268038
543,VALID_CAMPAIGN,MICRO_MOTION,4053545726399712911,5,REVOLUTE_ONLY,1.46556000561,-0.0799994536091,0.200000237431,GUARDED_PRODUCTION,true,true,SUCCESS,NONE,1,true,true,5.41637050524e-07,false,false,false,false,0,NaN,5084,-0.0618943100668|0.0774642252652|0.109117937953|-0.187610276573|0.0689672173414
543,VALID_CAMPAIGN,MICRO_MOTION,4053545726399712911,5,REVOLUTE_ONLY,1.46556000561,-0.0799994536091,0.200000237431,UNGUARDED_REFERENCE,true,false,CONVERGED_UNCERTIFIED,NO_GUARDS_OR_FINAL_CERTIFICATION,1,true,false,7.18236806857e-07,false,true,false,true,0,NaN,709,81.6320677855|-100.471035032|-62.7194697835|156.886429921|18.9155268038
544,VALID_CAMPAIGN,UNIFORM,6417271027588844395,5,REVOLUTE_ONLY,-0.352555646981,0.134749237493,0.689733509265,GUARDED_PRODUCTION,true,true,SUCCESS,NONE,110,true,true,1.23924363176e-10,false,false,false,false,0,109.788333976,311167,2.77385075082|-1.11179122795|2.24055293139|-0.159965024662|0.111671478779
544,VALID_CAMPAIGN,UNIFORM,6417271027588844395,5,REVOLUTE_ONLY,-0.352555646981,0.134749237493,0.689733509265,UNGUARDED_REFERENCE,true,false,CONVERGED_UNCERTIFIED,NO_GUARDS_OR_FINAL_CERTIFICATION,9,true,false,3.30741360642e-10,false,true,false,true,0,NaN,7542,82.5224528370|-110.400435961|-42.5117968085|124.815049376|75.4657727353
545,VALID_CAMPAIGN,NEAR_JOINT_LIMIT,6842782538271826506,5,REVOLUTE_ONLY,-0.197260635348,-0.102420197473,0.103375649618,GUARDED_PRODUCTION,false,false,MAX_ITERATIONS_REACHED,MAX_ITERATIONS_LIMIT_REACHED,800,true,true,0.0126813684029,false,false,false,false,0,8.55861661542,2280500,3.14159265359|-1.18175659998|2.67428074637|0.866126663768|-0.711420948814
545,VALID_CAMPAIGN,NEAR_JOINT_LIMIT,6842782538271826506,5,REVOLUTE_ONLY,-0.197260635348,-0.102420197473,0.103375649618,UNGUARDED_REFERENCE,true,false,CONVERGED_UNCERTIFIED,NO_GUARDS_OR_FINAL_CERTIFICATION,7,true,false,1.15573617369e-08,false,true,false,true,0,NaN,5875,80.5526318545|-109.522356825|-42.4449509405|122.789363769|76.0108553387
546,VALID_CAMPAIGN,NEAR_SINGULARITY,5621822587495531564,5,REVOLUTE_ONLY,1.46556000051,-0.0799999503281,0.200000021585,GUARDED_PRODUCTION,false,false,NO_CONVERGENCE,STAGNATION_WINDOW_EXCEEDED,29,true,true,1.61957240193,false,false,false,false,0,3.77378635766,79167,3.14159265359|-0.759247002625|2.67428074637|0.287774155123|-0.796391499131
546,VALID_CAMPAIGN,NEAR_SINGULARITY,5621822587495531564,5,REVOLUTE_ONLY,1.46556000051,-0.0799999503281,0.200000021585,UNGUARDED_REFERENCE,true,false,CONVERGED_UNCERTIFIED,NO_GUARDS_OR_FINAL_CERTIFICATION,21,true,false,3.00184527115e-07,false,true,false,true,0,NaN,19125,62.7709548652|-56.4226390197|-37.5702260709|163.140309150|68.8825448263
547,VALID_CAMPAIGN,MICRO_MOTION,2971839330736275851,5,REVOLUTE_ONLY,1.46556000561,-0.0799994536091,0.200000237431,GUARDED_PRODUCTION,false,false,NO_CONVERGENCE,STAGNATION_WINDOW_EXCEEDED,7,true,true,1.62301724031,false,false,false,false,0,21.9640812687,21125,3.14159265359|-0.742136596933|2.67428074637|0.215479380800|-0.770981862775
547,VALID_CAMPAIGN,MICRO_MOTION,2971839330736275851,5,REVOLUTE_ONLY,1.46556000561,-0.0799994536091,0.200000237431,UNGUARDED_REFERENCE,true,false,CONVERGED_UNCERTIFIED,NO_GUARDS_OR_FINAL_CERTIFICATION,1,true,false,6.14153677354e-07,false,true,false,true,0,NaN,542,62.7709548652|-56.4226390197|-37.5702260709|163.140309150|68.8825448263
548,VALID_CAMPAIGN,UNIFORM,-3087684123990814826,5,REVOLUTE_ONLY,0.250876056978,-0.108197588291,-0.388879430554,GUARDED_PRODUCTION,false,false,NO_CONVERGENCE,STAGNATION_WINDOW_EXCEEDED,56,true,true,0.802167777433,false,false,false,false,0,26.7480628258,149417,2.93089052412|-0.686359391842|2.67428074637|0.320725743884|-0.729557932271
548,VALID_CAMPAIGN,UNIFORM,-3087684123990814826,5,REVOLUTE_ONLY,0.250876056978,-0.108197588291,-0.388879430554,UNGUARDED_REFERENCE,true,false,CONVERGED_UNCERTIFIED,NO_GUARDS_OR_FINAL_CERTIFICATION,13,true,false,1.59715571472e-07,false,true,false,true,0,NaN,12042,56.5413241859|-45.6408082257|-20.4991318965|131.241637437|37.0381319077
549,VALID_CAMPAIGN,NEAR_JOINT_LIMIT,988680135908966234,5,REVOLUTE_ONLY,-0.320392521248,0.239802412211,-0.0766745104401,GUARDED_PRODUCTION,true,true,SUCCESS,NONE,606,true,true,9.91483720224e-07,false,false,false,false,0,19.2111639436,1834083,2.79472329216|-0.564227718269|2.67428074637|1.64698843710|-0.313051474981
549,VALID_CAMPAIGN,NEAR_JOINT_LIMIT,988680135908966234,5,REVOLUTE_ONLY,-0.320392521248,0.239802412211,-0.0766745104401,UNGUARDED_REFERENCE,true,false,CONVERGED_UNCERTIFIED,NO_GUARDS_OR_FINAL_CERTIFICATION,7,true,false,1.02926936389e-08,false,true,false,true,0,NaN,7125,52.5795570604|-43.2368572279|-20.9498493209|130.706537793|33.0211456897
550,VALID_CAMPAIGN,NEAR_SINGULARITY,518635939819561675,5,REVOLUTE_ONLY,1.46556000051,-0.0799999503281,0.200000021585,GUARDED_PRODUCTION,true,true,SUCCESS,NONE,230,true,true,3.74125153201e-08,false,false,false,false,0,3.15085805105,678333,-0.0606610247815|0.126254844411|-0.00449243344935|0.00777804574136|-0.235972979290
550,VALID_CAMPAIGN,NEAR_SINGULARITY,518635939819561675,5,REVOLUTE_ONLY,1.46556000051,-0.0799999503281,0.200000021585,UNGUARDED_REFERENCE,true,false,CONVERGED_UNCERTIFIED,NO_GUARDS_OR_FINAL_CERTIFICATION,20,true,false,1.20311525300e-07,false,true,false,true,0,NaN,17833,43.9269312809|-31.3158148906|-18.6881010553|137.952574377|31.2926368157
551,VALID_CAMPAIGN,MICRO_MOTION,7773567396710218469,5,REVOLUTE_ONLY,1.46556000561,-0.0799994536091,0.200000237431,GUARDED_PRODUCTION,true,true,SUCCESS,NONE,1,true,true,5.42550814212e-07,false,false,false,false,0,NaN,4917,-0.0606610247815|0.126254844411|-0.00449243344935|0.00777804574136|-0.235972979290
551,VALID_CAMPAIGN,MICRO_MOTION,7773567396710218469,5,REVOLUTE_ONLY,1.46556000561,-0.0799994536091,0.200000237431,UNGUARDED_REFERENCE,true,false,CONVERGED_UNCERTIFIED,NO_GUARDS_OR_FINAL_CERTIFICATION,1,true,false,5.52514508016e-07,false,true,false,true,0,NaN,541,43.9269312809|-31.3158148906|-18.6881010553|137.952574377|31.2926368157
552,VALID_CAMPAIGN,UNIFORM,-767905960772248385,5,REVOLUTE_ONLY,0.131981222976,1.10394448256,0.541542058224,GUARDED_PRODUCTION,true,true,SUCCESS,NONE,40,true,true,1.46619647823e-07,false,false,false,false,0,112.413431359,119459,0.613032040134|1.36970142803|0.364207874777|0.376234560155|-0.273475497255
552,VALID_CAMPAIGN,UNIFORM,-767905960772248385,5,REVOLUTE_ONLY,0.131981222976,1.10394448256,0.541542058224,UNGUARDED_REFERENCE,true,false,CONVERGED_UNCERTIFIED,NO_GUARDS_OR_FINAL_CERTIFICATION,7,true,false,1.37519052932e-07,false,true,false,true,0,NaN,6667,45.3759171625|-30.9936597228|7.96682495337|92.7799652129|24.2327460049
553,VALID_CAMPAIGN,NEAR_JOINT_LIMIT,-4158680695662005513,5,REVOLUTE_ONLY,-0.197260622477,-0.102420222262,0.103375649618,GUARDED_PRODUCTION,false,false,NO_CONVERGENCE,STAGNATION_WINDOW_EXCEEDED,32,true,true,0.945402008622,false,false,false,false,0,7.30976674120,96083,-0.355596336098|2.37713844122|0.0683625969670|0.536494620040|-0.208422391612
553,VALID_CAMPAIGN,NEAR_JOINT_LIMIT,-4158680695662005513,5,REVOLUTE_ONLY,-0.197260622477,-0.102420222262,0.103375649618,UNGUARDED_REFERENCE,true,false,CONVERGED_UNCERTIFIED,NO_GUARDS_OR_FINAL_CERTIFICATION,8,true,false,1.03977395435e-07,false,true,false,true,0,NaN,6458,44.4886504247|-28.1934480789|12.2154997631|88.2767939924|21.8735994054
554,VALID_CAMPAIGN,NEAR_SINGULARITY,-7104936410206190766,5,REVOLUTE_ONLY,1.46556000051,-0.0799999503281,0.200000021585,GUARDED_PRODUCTION,true,true,SUCCESS,NONE,71,true,true,9.18975746993e-09,false,false,false,false,0,4.48251727516,209125,-0.0697679942800|0.132186949005|-0.0236028087099|0.0408049988198|-0.192298662871
554,VALID_CAMPAIGN,NEAR_SINGULARITY,-7104936410206190766,5,REVOLUTE_ONLY,1.46556000051,-0.0799999503281,0.200000021585,UNGUARDED_REFERENCE,true,false,CONVERGED_UNCERTIFIED,NO_GUARDS_OR_FINAL_CERTIFICATION,20,true,false,6.68594177712e-08,false,true,false,true,0,NaN,18541,37.6495920405|-12.5038693796|12.5642994700|113.100903563|12.6184313520
555,VALID_CAMPAIGN,MICRO_MOTION,6896313145207591754,5,REVOLUTE_ONLY,1.46556000561,-0.0799994536091,0.200000237431,GUARDED_PRODUCTION,true,true,SUCCESS,NONE,1,true,true,5.41610181204e-07,false,false,false,false,0,NaN,4375,-0.0697679942800|0.132186949005|-0.0236028087099|0.0408049988198|-0.192298662871
555,VALID_CAMPAIGN,MICRO_MOTION,6896313145207591754,5,REVOLUTE_ONLY,1.46556000561,-0.0799994536091,0.200000237431,UNGUARDED_REFERENCE,true,false,CONVERGED_UNCERTIFIED,NO_GUARDS_OR_FINAL_CERTIFICATION,1,true,false,5.44799978268e-07,false,true,false,true,0,NaN,500,37.6495920405|-12.5038693796|12.5642994700|113.100903563|12.6184313520
556,VALID_CAMPAIGN,UNIFORM,-8551554698798896974,5,REVOLUTE_ONLY,0.0435898000418,-0.200490694569,0.301085821420,GUARDED_PRODUCTION,true,true,SUCCESS,NONE,107,true,true,3.38010706060e-08,false,false,false,false,0,110.590102208,398541,-1.17169980482|-0.341048165148|2.38860898546|0.773448178275|-0.221344333344
556,VALID_CAMPAIGN,UNIFORM,-8551554698798896974,5,REVOLUTE_ONLY,0.0435898000418,-0.200490694569,0.301085821420,UNGUARDED_REFERENCE,true,false,CONVERGED_UNCERTIFIED,NO_GUARDS_OR_FINAL_CERTIFICATION,18,true,false,4.48024511123e-08,false,true,false,true,0,NaN,16667,38.3248251462|-21.2983841150|-5.27581231479|141.687689659|54.1315167486
557,VALID_CAMPAIGN,NEAR_JOINT_LIMIT,-5022069870283741115,5,REVOLUTE_ONLY,-0.135364048848,-0.0430635291089,0.446938717189,GUARDED_PRODUCTION,false,false,MAX_ITERATIONS_REACHED,NEAR_SINGULARITY_WARNING,800,true,true,0.0339816822303,false,false,false,false,0,6.62443694608,2459375,-2.83577654382|-0.816845981855|2.67046563509|-0.118621804442|-0.758780534299
557,VALID_CAMPAIGN,NEAR_JOINT_LIMIT,-5022069870283741115,5,REVOLUTE_ONLY,-0.135364048848,-0.0430635291089,0.446938717189,UNGUARDED_REFERENCE,true,false,CONVERGED_UNCERTIFIED,NO_GUARDS_OR_FINAL_CERTIFICATION,7,true,false,6.79388012465e-08,false,true,false,true,0,NaN,6250,38.6188773357|-21.8446108388|-5.15216766355|143.337446725|53.9161442301
558,VALID_CAMPAIGN,NEAR_SINGULARITY,-9129733244847799043,5,REVOLUTE_ONLY,1.46556000051,-0.0799999503281,0.200000021585,GUARDED_PRODUCTION,false,false,NO_CONVERGENCE,STAGNATION_WINDOW_EXCEEDED,84,true,true,0.885132948351,false,false,false,false,0,477.455811792,247792,-0.319628929583|-2.37713844122|2.67428074637|0.0401176810462|-0.0155730523328
558,VALID_CAMPAIGN,NEAR_SINGULARITY,-9129733244847799043,5,REVOLUTE_ONLY,1.46556000051,-0.0799999503281,0.200000021585,UNGUARDED_REFERENCE,false,false,MAX_ITERATIONS_UNCERTIFIED,NO_GUARDS_OR_FINAL_CERTIFICATION,800,true,false,1.07789478744,false,false,false,true,0,NaN,650208,32.4704043040|-35.8160733525|-3.18262063019|150.673000645|49.9572563259
559,VALID_CAMPAIGN,MICRO_MOTION,-5970080409353326102,5,REVOLUTE_ONLY,1.46556000561,-0.0799994536091,0.200000237431,GUARDED_PRODUCTION,false,false,NO_CONVERGENCE,STAGNATION_WINDOW_EXCEEDED,7,true,true,0.885752713544,false,false,false,false,0,5.51338740745,22625,-0.279212200825|-2.37713844122|2.67428074637|0.0395149887062|0.0384458558490
559,VALID_CAMPAIGN,MICRO_MOTION,-5970080409353326102,5,REVOLUTE_ONLY,1.46556000561,-0.0799994536091,0.200000237431,UNGUARDED_REFERENCE,false,false,MAX_ITERATIONS_UNCERTIFIED,NO_GUARDS_OR_FINAL_CERTIFICATION,800,true,false,1.07789478278,false,false,false,true,0,NaN,641917,32.4704046138|-35.8160732695|-3.18262094205|150.673000649|49.9572562658
560,VALID_CAMPAIGN,UNIFORM,-3397445060904325625,5,REVOLUTE_ONLY,-0.431593893668,0.706958297655,0.600842441258,GUARDED_PRODUCTION,false,false,NO_CONVERGENCE,STAGNATION_WINDOW_EXCEEDED,71,true,true,0.282788305078,false,false,false,false,0,5.76589459679,211709,1.93456970668|-2.37713844122|2.47564516263|-0.0769877844056|0.244030826565
560,VALID_CAMPAIGN,UNIFORM,-3397445060904325625,5,REVOLUTE_ONLY,-0.431593893668,0.706958297655,0.600842441258,UNGUARDED_REFERENCE,true,false,CONVERGED_UNCERTIFIED,NO_GUARDS_OR_FINAL_CERTIFICATION,14,true,false,1.19801137593e-08,false,true,false,true,0,NaN,13000,33.1148677179|-36.3061240756|-4.57546398060|150.069561879|48.4701161586
561,VALID_CAMPAIGN,NEAR_JOINT_LIMIT,4271899879401855988,5,REVOLUTE_ONLY,-0.365313092157,0.196725134801,0.446938717189,GUARDED_PRODUCTION,true,true,SUCCESS,NONE,23,true,true,1.92412678456e-07,false,false,false,false,0,9.31132710937,72416,2.06819718595|-1.50579142457|2.64029303725|-0.0158936555933|-0.0228377477627
561,VALID_CAMPAIGN,NEAR_JOINT_LIMIT,4271899879401855988,5,REVOLUTE_ONLY,-0.365313092157,0.196725134801,0.446938717189,UNGUARDED_REFERENCE,true,false,CONVERGED_UNCERTIFIED,NO_GUARDS_OR_FINAL_CERTIFICATION,7,true,false,5.38374386256e-10,false,true,false,true,0,NaN,6250,33.5808123142|-35.3418834225|-4.13956076462|149.814139025|47.1289202210
562,VALID_CAMPAIGN,NEAR_SINGULARITY,4809556801854636954,5,REVOLUTE_ONLY,1.46556000051,-0.0799999503281,0.200000021585,GUARDED_PRODUCTION,false,false,NO_CONVERGENCE,STAGNATION_WINDOW_EXCEEDED,98,true,true,0.762912061260,false,false,false,false,0,3.26971982729,307041,0.0326977191142|2.21656005468|2.67428074637|0.0177465324566|-0.974169887073
562,VALID_CAMPAIGN,NEAR_SINGULARITY,4809556801854636954,5,REVOLUTE_ONLY,1.46556000051,-0.0799999503281,0.200000021585,UNGUARDED_REFERENCE,true,false,CONVERGED_UNCERTIFIED,NO_GUARDS_OR_FINAL_CERTIFICATION,16,true,false,4.64736865930e-08,false,true,false,true,0,NaN,13459,31.3538410503|-31.2830256952|0.101832946250|144.337084248|50.0011623036
563,VALID_CAMPAIGN,MICRO_MOTION,-2359718898374140727,5,REVOLUTE_ONLY,1.46556000561,-0.0799994536091,0.200000237431,GUARDED_PRODUCTION,false,false,NO_CONVERGENCE,STAGNATION_WINDOW_EXCEEDED,7,true,true,0.766387761918,false,false,false,false,0,60.6422878171,24417,0.0298453013249|2.27478470817|2.67428074637|0.00193772254198|-0.891286412882
563,VALID_CAMPAIGN,MICRO_MOTION,-2359718898374140727,5,REVOLUTE_ONLY,1.46556000561,-0.0799994536091,0.200000237431,UNGUARDED_REFERENCE,true,false,CONVERGED_UNCERTIFIED,NO_GUARDS_OR_FINAL_CERTIFICATION,1,true,false,5.42775734549e-07,false,true,false,true,0,NaN,583,31.3538410503|-31.2830256952|0.101832946250|144.337084248|50.0011623036
564,VALID_CAMPAIGN,UNIFORM,-5149604258661449365,5,REVOLUTE_ONLY,0.701474824678,0.905459708496,0.200322207819,GUARDED_PRODUCTION,false,false,NO_CONVERGENCE,STAGNATION_WINDOW_EXCEEDED,27,true,true,0.474053979697,false,false,false,false,0,78.4081577881,78875,0.951620591020|2.36159714355|2.67428074637|-0.0485716295696|-0.752998788118
564,VALID_CAMPAIGN,UNIFORM,-5149604258661449365,5,REVOLUTE_ONLY,0.701474824678,0.905459708496,0.200322207819,UNGUARDED_REFERENCE,true,false,CONVERGED_UNCERTIFIED,NO_GUARDS_OR_FINAL_CERTIFICATION,15,true,false,1.99286000415e-08,false,true,false,true,0,NaN,13875,38.6269792127|-18.9919767391|13.1882865936|123.958902548|14.4649485911
565,VALID_CAMPAIGN,NEAR_JOINT_LIMIT,3070849675016096152,5,REVOLUTE_ONLY,-0.201186389404,-0.115495403501,-0.0766745104401,GUARDED_PRODUCTION,false,false,NO_CONVERGENCE,STAGNATION_WINDOW_EXCEEDED,247,true,true,0.405827332236,false,false,false,false,0,175.731051402,713667,-3.14159265359|2.37713844122|2.67428074637|1.78285383091|-1.78285383091
565,VALID_CAMPAIGN,NEAR_JOINT_LIMIT,3070849675016096152,5,REVOLUTE_ONLY,-0.201186389404,-0.115495403501,-0.0766745104401,UNGUARDED_REFERENCE,true,false,CONVERGED_UNCERTIFIED,NO_GUARDS_OR_FINAL_CERTIFICATION,6,true,false,2.27725104806e-08,false,true,false,true,0,NaN,4792,39.9918914171|-22.1884886827|16.0149609905|115.399264826|18.4600235576
566,VALID_CAMPAIGN,NEAR_SINGULARITY,-4799288673721564395,5,REVOLUTE_ONLY,1.46556000051,-0.0799999503281,0.200000021585,GUARDED_PRODUCTION,true,true,SUCCESS,NONE,251,true,true,1.26662749826e-08,false,false,false,false,0,4.27270810735,666250,-0.0606633486511|0.126257382827|-0.00449449463366|0.00778161784409|-0.235968090358
566,VALID_CAMPAIGN,NEAR_SINGULARITY,-4799288673721564395,5,REVOLUTE_ONLY,1.46556000051,-0.0799999503281,0.200000021585,UNGUARDED_REFERENCE,true,false,CONVERGED_UNCERTIFIED,NO_GUARDS_OR_FINAL_CERTIFICATION,16,true,false,5.17776509657e-08,false,true,false,true,0,NaN,14167,50.2052044706|-43.8509641190|18.9428687987|119.219000621|31.1452464247
567,VALID_CAMPAIGN,MICRO_MOTION,-2838751417225955329,5,REVOLUTE_ONLY,1.46556000561,-0.0799994536091,0.200000237431,GUARDED_PRODUCTION,true,true,SUCCESS,NONE,1,true,true,5.41608877071e-07,false,false,false,false,0,NaN,4625,-0.0606633486511|0.126257382827|-0.00449449463366|0.00778161784409|-0.235968090358
567,VALID_CAMPAIGN,MICRO_MOTION,-2838751417225955329,5,REVOLUTE_ONLY,1.46556000561,-0.0799994536091,0.200000237431,UNGUARDED_REFERENCE,true,false,CONVERGED_UNCERTIFIED,NO_GUARDS_OR_FINAL_CERTIFICATION,1,true,false,5.43164257584e-07,false,true,false,true,0,NaN,500,50.2052044706|-43.8509641190|18.9428687987|119.219000621|31.1452464247
568,VALID_CAMPAIGN,UNIFORM,1943074405998491533,5,REVOLUTE_ONLY,0.105219650317,-0.281382035176,-0.162096969597,GUARDED_PRODUCTION,false,false,NO_CONVERGENCE,STAGNATION_WINDOW_EXCEEDED,83,true,true,0.150768829873,false,false,false,false,6,112.413994176,242875,1.39274651735|-2.37713844122|-0.951563153325|0.170039561053|-1.62547203709
568,VALID_CAMPAIGN,UNIFORM,1943074405998491533,5,REVOLUTE_ONLY,0.105219650317,-0.281382035176,-0.162096969597,UNGUARDED_REFERENCE,true,false,CONVERGED_UNCERTIFIED,NO_GUARDS_OR_FINAL_CERTIFICATION,9,true,false,6.64937540277e-10,false,true,false,true,0,NaN,7625,50.6422858889|-34.0998487295|30.0203499269|101.261068911|-23.0708934402
569,VALID_CAMPAIGN,NEAR_JOINT_LIMIT,-8155897878919600456,5,REVOLUTE_ONLY,-0.427209673245,0.137368449426,0.103375649618,GUARDED_PRODUCTION,false,false,NO_CONVERGENCE,STAGNATION_WINDOW_EXCEEDED,231,true,true,0.281953064910,false,false,false,false,0,4.52577219650,641541,3.14159265359|-0.925157411304|-2.67428074637|1.78285383091|-1.78285383091
569,VALID_CAMPAIGN,NEAR_JOINT_LIMIT,-8155897878919600456,5,REVOLUTE_ONLY,-0.427209673245,0.137368449426,0.103375649618,UNGUARDED_REFERENCE,true,false,CONVERGED_UNCERTIFIED,NO_GUARDS_OR_FINAL_CERTIFICATION,6,true,false,4.39531190287e-10,false,true,false,true,0,NaN,6042,51.5803776161|-35.3304288657|30.9611542286|101.810419523|-22.3107196511
570,VALID_CAMPAIGN,NEAR_SINGULARITY,5838955243220019998,5,REVOLUTE_ONLY,1.46556000051,-0.0799999503281,0.200000021585,GUARDED_PRODUCTION,true,true,SUCCESS,NONE,146,true,true,9.93411425840e-09,false,false,false,false,0,4.44125973472,422166,-0.0589714897168|0.117608920900|-0.0232821898552|0.0402588334097|-0.197926150410
570,VALID_CAMPAIGN,NEAR_SINGULARITY,5838955243220019998,5,REVOLUTE_ONLY,1.46556000051,-0.0799999503281,0.200000021585,UNGUARDED_REFERENCE,true,false,CONVERGED_UNCERTIFIED,NO_GUARDS_OR_FINAL_CERTIFICATION,17,true,false,3.45409955121e-07,false,true,false,true,0,NaN,14000,43.9357252601|-25.0781383665|37.8025906279|125.485756472|-31.3418482914
571,VALID_CAMPAIGN,MICRO_MOTION,-6427458144819549836,5,REVOLUTE_ONLY,1.46556000561,-0.0799994536091,0.200000237431,GUARDED_PRODUCTION,true,true,SUCCESS,NONE,1,true,true,5.41603554947e-07,false,false,false,false,0,NaN,5417,-0.0589714897168|0.117608920900|-0.0232821898552|0.0402588334097|-0.197926150410
571,VALID_CAMPAIGN,MICRO_MOTION,-6427458144819549836,5,REVOLUTE_ONLY,1.46556000561,-0.0799994536091,0.200000237431,UNGUARDED_REFERENCE,true,false,CONVERGED_UNCERTIFIED,NO_GUARDS_OR_FINAL_CERTIFICATION,1,true,false,6.37123733702e-07,false,true,false,true,0,NaN,542,43.9357252601|-25.0781383665|37.8025906279|125.485756472|-31.3418482914
572,VALID_CAMPAIGN,UNIFORM,9074726082103589421,5,REVOLUTE_ONLY,1.22084962365,-0.173558313880,0.433986741550,GUARDED_PRODUCTION,true,true,SUCCESS,NONE,36,true,true,1.74902399786e-07,false,false,false,false,0,112.425814343,103084,0.223965820020|-0.316031213955|-0.0549225233554|0.972524629004|-0.777606808692
572,VALID_CAMPAIGN,UNIFORM,9074726082103589421,5,REVOLUTE_ONLY,1.22084962365,-0.173558313880,0.433986741550,UNGUARDED_REFERENCE,true,false,CONVERGED_UNCERTIFIED,NO_GUARDS_OR_FINAL_CERTIFICATION,8,true,false,1.76027206302e-07,false,true,false,true,0,NaN,6333,43.8381267857|-25.2300103469|38.6819257177|124.696640311|-23.9042103696
573,VALID_CAMPAIGN,NEAR_JOINT_LIMIT,3091682016592676374,5,REVOLUTE_ONLY,-0.476055998210,-0.312206772990,0.446938717189,GUARDED_PRODUCTION,true,true,SUCCESS,NONE,74,true,true,2.10924804361e-08,false,false,false,false,0,10.2862609824,223834,-1.53091305705|-1.37399865604|0.365193985539|1.78229525534|-1.34356058506
573,VALID_CAMPAIGN,NEAR_JOINT_LIMIT,3091682016592676374,5,REVOLUTE_ONLY,-0.476055998210,-0.312206772990,0.446938717189,UNGUARDED_REFERENCE,true,false,CONVERGED_UNCERTIFIED,NO_GUARDS_OR_FINAL_CERTIFICATION,7,true,false,1.86773148258e-09,false,true,false,true,0,NaN,6291,42.0315477913|-25.9889004905|39.2801596562|120.415272947|-14.9370828035
574,VALID_CAMPAIGN,NEAR_SINGULARITY,-8003826577872454957,5,REVOLUTE_ONLY,1.46556000051,-0.0799999503281,0.200000021585,GUARDED_PRODUCTION,true,true,SUCCESS,NONE,149,true,true,4.06601822368e-07,false,false,false,false,0,4.52981411573,414583,-0.0600974778120|0.123359160727|-0.0120245742460|0.0208097187433|-0.223176750145
574,VALID_CAMPAIGN,NEAR_SINGULARITY,-8003826577872454957,5,REVOLUTE_ONLY,1.46556000051,-0.0799999503281,0.200000021585,UNGUARDED_REFERENCE,true,false,CONVERGED_UNCERTIFIED,NO_GUARDS_OR_FINAL_CERTIFICATION,17,true,false,1.99887086293e-07,false,true,false,true,0,NaN,15000,37.6438149609|-25.0351373445|44.1446734469|125.384713584|-18.9583340860
575,VALID_CAMPAIGN,MICRO_MOTION,6711081843286230331,5,REVOLUTE_ONLY,1.46556000561,-0.0799994536091,0.200000237431,GUARDED_PRODUCTION,true,true,SUCCESS,NONE,1,true,true,6.82474660137e-07,false,false,false,false,0,NaN,4125,-0.0600974778120|0.123359160727|-0.0120245742460|0.0208097187433|-0.223176750145
575,VALID_CAMPAIGN,MICRO_MOTION,6711081843286230331,5,REVOLUTE_ONLY,1.46556000561,-0.0799994536091,0.200000237431,UNGUARDED_REFERENCE,true,false,CONVERGED_UNCERTIFIED,NO_GUARDS_OR_FINAL_CERTIFICATION,1,true,false,5.73717092598e-07,false,true,false,true,0,NaN,500,37.6438149609|-25.0351373445|44.1446734469|125.384713584|-18.9583340860
576,VALID_CAMPAIGN,UNIFORM,-6566858869229220891,5,REVOLUTE_ONLY,-0.0578614044800,-0.486724371719,0.166336511108,GUARDED_PRODUCTION,false,false,NO_CONVERGENCE,STAGNATION_WINDOW_EXCEEDED,73,true,true,0.309395454950,false,false,false,false,0,112.399790292,207208,1.13383709350|-2.37713844122|-0.347464963207|0.631492119463|-1.13941904037
576,VALID_CAMPAIGN,UNIFORM,-6566858869229220891,5,REVOLUTE_ONLY,-0.0578614044800,-0.486724371719,0.166336511108,UNGUARDED_REFERENCE,true,false,CONVERGED_UNCERTIFIED,NO_GUARDS_OR_FINAL_CERTIFICATION,9,true,false,3.07332923117e-08,false,true,false,true,0,NaN,8375,36.0907799894|-19.7412224249|70.8994687469|71.1824711563|-18.3035571461
577,VALID_CAMPAIGN,NEAR_JOINT_LIMIT,-8436201721264987282,5,REVOLUTE_ONLY,-0.593822542147,-0.199272721170,0.196425017321,GUARDED_PRODUCTION,false,false,NO_CONVERGENCE,STAGNATION_WINDOW_EXCEEDED,7,true,true,0.927212592772,false,false,false,false,0,4.47099013973,21834,1.25584006653|-2.37713844122|-0.358974593805|0.688648284630|-1.22366510723
577,VALID_CAMPAIGN,NEAR_JOINT_LIMIT,-8436201721264987282,5,REVOLUTE_ONLY,-0.593822542147,-0.199272721170,0.196425017321,UNGUARDED_REFERENCE,true,false,CONVERGED_UNCERTIFIED,NO_GUARDS_OR_FINAL_CERTIFICATION,9,true,false,1.74957175926e-07,false,true,false,true,0,NaN,7958,34.8322622975|-21.4004121181|71.8346655012|69.6681017978|-17.7077286269
578,VALID_CAMPAIGN,NEAR_SINGULARITY,-4992092212763291849,5,REVOLUTE_ONLY,1.46556000051,-0.0799999503281,0.200000021585,GUARDED_PRODUCTION,true,true,SUCCESS,NONE,77,true,true,7.30418172493e-09,false,false,false,false,0,4.35754279613,217541,-0.0564435329724|0.118876177001|-0.00971250211712|0.0168112814935|-0.227865495518
578,VALID_CAMPAIGN,NEAR_SINGULARITY,-4992092212763291849,5,REVOLUTE_ONLY,1.46556000051,-0.0799999503281,0.200000021585,UNGUARDED_REFERENCE,true,false,CONVERGED_UNCERTIFIED,NO_GUARDS_OR_FINAL_CERTIFICATION,14,true,false,7.86246675630e-07,false,true,false,true,0,NaN,11500,25.0739993857|-18.7296330679|69.0983887028|75.4270288164|-0.214062993413
579,VALID_CAMPAIGN,MICRO_MOTION,798827974329645810,5,REVOLUTE_ONLY,1.46556000561,-0.0799994536091,0.200000237431,GUARDED_PRODUCTION,true,true,SUCCESS,NONE,1,true,true,5.41569818978e-07,false,false,false,false,0,NaN,4125,-0.0564435329724|0.118876177001|-0.00971250211712|0.0168112814935|-0.227865495518
579,VALID_CAMPAIGN,MICRO_MOTION,798827974329645810,5,REVOLUTE_ONLY,1.46556000561,-0.0799994536091,0.200000237431,UNGUARDED_REFERENCE,true,false,CONVERGED_UNCERTIFIED,NO_GUARDS_OR_FINAL_CERTIFICATION,1,true,false,9.50003701294e-07,false,true,false,true,0,NaN,458,25.0739993857|-18.7296330679|69.0983887028|75.4270288164|-0.214062993413
580,VALID_CAMPAIGN,UNIFORM,-4402068706022601608,5,REVOLUTE_ONLY,0.997542117546,0.0956700136241,0.348466728189,GUARDED_PRODUCTION,true,true,SUCCESS,NONE,58,true,true,1.70342405129e-08,false,false,false,false,0,112.174546261,187666,0.936857951697|-0.962572492260|-0.165658385050|1.15325416684|-1.32377712130
580,VALID_CAMPAIGN,UNIFORM,-4402068706022601608,5,REVOLUTE_ONLY,0.997542117546,0.0956700136241,0.348466728189,UNGUARDED_REFERENCE,true,false,CONVERGED_UNCERTIFIED,NO_GUARDS_OR_FINAL_CERTIFICATION,11,true,false,9.94691497025e-10,false,true,false,true,0,NaN,9458,19.4108679993|-13.2719781717|63.3592268577|87.6762534743|-9.59546337686
581,VALID_CAMPAIGN,NEAR_JOINT_LIMIT,-2891352503096777726,5,REVOLUTE_ONLY,-0.476056037443,-0.312206713167,0.446938717189,GUARDED_PRODUCTION,true,true,SUCCESS,NONE,78,true,true,9.39841382326e-08,false,false,false,false,0,5.22417734398,227916,-0.767710895463|-2.07774706809|0.0763259513734|0.913817103060|-1.08485705373
581,VALID_CAMPAIGN,NEAR_JOINT_LIMIT,-2891352503096777726,5,REVOLUTE_ONLY,-0.476056037443,-0.312206713167,0.446938717189,UNGUARDED_REFERENCE,true,false,CONVERGED_UNCERTIFIED,NO_GUARDS_OR_FINAL_CERTIFICATION,5,true,false,3.65377338194e-07,false,true,false,true,0,NaN,4041,23.7916751050|-20.5183188951|63.5877307866|88.4132617425|-8.66571019228
582,VALID_CAMPAIGN,NEAR_SINGULARITY,-4635066097268412360,5,REVOLUTE_ONLY,1.46556000051,-0.0799999503281,0.200000021585,GUARDED_PRODUCTION,true,true,SUCCESS,NONE,117,true,true,5.98297027967e-07,false,false,false,false,0,3.87306273541,366041,-0.0596684006857|0.122436870041|-0.0130463962395|0.0225766183842|-0.221302411970
582,VALID_CAMPAIGN,NEAR_SINGULARITY,-4635066097268412360,5,REVOLUTE_ONLY,1.46556000051,-0.0799999503281,0.200000021585,UNGUARDED_REFERENCE,true,false,CONVERGED_UNCERTIFIED,NO_GUARDS_OR_FINAL_CERTIFICATION,27,true,false,2.85296045096e-07,false,true,false,true,0,NaN,24792,12.5180169470|-12.5098286940|62.9311063342|100.360256565|-18.7717406587
583,VALID_CAMPAIGN,MICRO_MOTION,4897507412169495241,5,REVOLUTE_ONLY,1.46556000561,-0.0799994536091,0.200000237431,GUARDED_PRODUCTION,true,true,SUCCESS,NONE,1,true,true,8.15679176821e-07,false,false,false,false,0,NaN,7500,-0.0596684006857|0.122436870041|-0.0130463962395|0.0225766183842|-0.221302411970
583,VALID_CAMPAIGN,MICRO_MOTION,4897507412169495241,5,REVOLUTE_ONLY,1.46556000561,-0.0799994536091,0.200000237431,UNGUARDED_REFERENCE,true,false,CONVERGED_UNCERTIFIED,NO_GUARDS_OR_FINAL_CERTIFICATION,1,true,false,6.07708048696e-07,false,true,false,true,0,NaN,542,12.5180169470|-12.5098286940|62.9311063342|100.360256565|-18.7717406587
584,VALID_CAMPAIGN,UNIFORM,-4244209523382082523,5,REVOLUTE_ONLY,-0.450390152955,-1.11089629673,0.288300195265,GUARDED_PRODUCTION,true,true,SUCCESS,NONE,48,true,true,2.04013190409e-08,false,false,false,false,0,112.393617525,139833,-1.04412568482|-1.11027935711|0.00478837446698|0.242348179806|-0.512132371769
584,VALID_CAMPAIGN,UNIFORM,-4244209523382082523,5,REVOLUTE_ONLY,-0.450390152955,-1.11089629673,0.288300195265,UNGUARDED_REFERENCE,true,false,CONVERGED_UNCERTIFIED,NO_GUARDS_OR_FINAL_CERTIFICATION,15,true,false,1.37340866193e-08,false,true,false,true,0,NaN,15292,10.5578850499|-37.3254654505|76.6938797869|73.5283547317|49.3418637868
585,VALID_CAMPAIGN,NEAR_JOINT_LIMIT,1073154814389363125,5,REVOLUTE_ONLY,-0.365313092157,0.196725134801,0.446938717189,GUARDED_PRODUCTION,false,false,NO_CONVERGENCE,STAGNATION_WINDOW_EXCEEDED,38,true,true,0.592890242682,false,false,false,false,0,6.04747467526,112167,-0.143746998495|-2.37713844122|0.154093531390|0.498315466959|-0.876455982654
585,VALID_CAMPAIGN,NEAR_JOINT_LIMIT,1073154814389363125,5,REVOLUTE_ONLY,-0.365313092157,0.196725134801,0.446938717189,UNGUARDED_REFERENCE,true,false,CONVERGED_UNCERTIFIED,NO_GUARDS_OR_FINAL_CERTIFICATION,15,true,false,2.18411602142e-09,false,true,false,true,0,NaN,14208,10.2033715724|-39.7915705039|82.6615626255|69.1138577646|47.1437959517
586,VALID_CAMPAIGN,NEAR_SINGULARITY,7587422943611522960,5,REVOLUTE_ONLY,1.46556000051,-0.0799999503281,0.200000021585,GUARDED_PRODUCTION,true,true,SUCCESS,NONE,93,true,true,2.63493521461e-08,false,false,false,false,0,4.94418539773,271250,-0.0546982506235|0.116634087502|-0.00882048161303|0.0152681470078|-0.229490365163
586,VALID_CAMPAIGN,NEAR_SINGULARITY,7587422943611522960,5,REVOLUTE_ONLY,1.46556000051,-0.0799999503281,0.200000021585,UNGUARDED_REFERENCE,true,false,CONVERGED_UNCERTIFIED,NO_GUARDS_OR_FINAL_CERTIFICATION,11,true,false,6.86178938883e-08,false,true,false,true,0,NaN,8916,12.5031461327|-43.8456271891|81.7269853110|69.0360411861|49.9879478149
587,VALID_CAMPAIGN,MICRO_MOTION,5089352570445350107,5,REVOLUTE_ONLY,1.46556000561,-0.0799994536091,0.200000237431,GUARDED_PRODUCTION,true,true,SUCCESS,NONE,1,true,true,5.41960403114e-07,false,false,false,false,0,NaN,4458,-0.0546982506235|0.116634087502|-0.00882048161303|0.0152681470078|-0.229490365163
587,VALID_CAMPAIGN,MICRO_MOTION,5089352570445350107,5,REVOLUTE_ONLY,1.46556000561,-0.0799994536091,0.200000237431,UNGUARDED_REFERENCE,true,false,CONVERGED_UNCERTIFIED,NO_GUARDS_OR_FINAL_CERTIFICATION,1,true,false,5.44867213268e-07,false,true,false,true,0,NaN,500,12.5031461327|-43.8456271891|81.7269853110|69.0360411861|49.9879478149
588,VALID_CAMPAIGN,UNIFORM,8352757926907380028,5,REVOLUTE_ONLY,0.111375661227,-1.18643837740,-0.0418540898792,GUARDED_PRODUCTION,true,true,SUCCESS,NONE,38,true,true,9.77248055741e-08,false,false,false,false,0,111.904816860,107167,-0.579760828909|-1.09169596116|-0.413042207852|0.0474334537658|-0.529198288506
588,VALID_CAMPAIGN,UNIFORM,8352757926907380028,5,REVOLUTE_ONLY,0.111375661227,-1.18643837740,-0.0418540898792,UNGUARDED_REFERENCE,true,false,CONVERGED_UNCERTIFIED,NO_GUARDS_OR_FINAL_CERTIFICATION,9,true,false,2.37035268127e-09,false,true,false,true,0,NaN,7917,10.7016253685|-36.7843786521|81.0256958101|75.6448847509|4.49944468031
589,VALID_CAMPAIGN,NEAR_JOINT_LIMIT,-7460952769717685203,5,REVOLUTE_ONLY,-0.308003541402,-0.0130614407156,0.103375649618,GUARDED_PRODUCTION,false,false,NO_CONVERGENCE,STAGNATION_WINDOW_EXCEEDED,40,true,true,0.671294991305,false,false,false,false,0,6.25080038927,113417,0.619673594992|-2.37713844122|-0.393850973905|0.160326171456|-0.933810792622
589,VALID_CAMPAIGN,NEAR_JOINT_LIMIT,-7460952769717685203,5,REVOLUTE_ONLY,-0.308003541402,-0.0130614407156,0.103375649618,UNGUARDED_REFERENCE,true,false,CONVERGED_UNCERTIFIED,NO_GUARDS_OR_FINAL_CERTIFICATION,10,true,false,2.63730073055e-10,false,true,false,true,0,NaN,8916,8.57415315109|-35.5574668970|80.9906684176|78.6090908323|1.28227331768
590,VALID_CAMPAIGN,NEAR_SINGULARITY,-2655949708700757171,5,REVOLUTE_ONLY,1.46556000051,-0.0799999503281,0.200000021585,GUARDED_PRODUCTION,true,true,SUCCESS,NONE,73,true,true,1.52337583234e-08,false,false,false,false,0,4.97747110930,207500,-0.0414902935972|0.101275578312|0.00897595993907|-0.0155483258618|-0.251756356749
590,VALID_CAMPAIGN,NEAR_SINGULARITY,-2655949708700757171,5,REVOLUTE_ONLY,1.46556000051,-0.0799999503281,0.200000021585,UNGUARDED_REFERENCE,true,false,CONVERGED_UNCERTIFIED,NO_GUARDS_OR_FINAL_CERTIFICATION,10,true,false,5.09341121388e-07,false,true,false,true,0,NaN,8833,6.22024780815|-24.9976446792|81.7745187311|81.5202424152|-0.270336015989
591,VALID_CAMPAIGN,MICRO_MOTION,3851087066127511424,5,REVOLUTE_ONLY,1.46556000561,-0.0799994536091,0.200000237431,GUARDED_PRODUCTION,true,true,SUCCESS,NONE,1,true,true,5.41538641444e-07,false,false,false,false,0,NaN,4208,-0.0414902935972|0.101275578312|0.00897595993907|-0.0155483258618|-0.251756356749
591,VALID_CAMPAIGN,MICRO_MOTION,3851087066127511424,5,REVOLUTE_ONLY,1.46556000561,-0.0799994536091,0.200000237431,UNGUARDED_REFERENCE,true,false,CONVERGED_UNCERTIFIED,NO_GUARDS_OR_FINAL_CERTIFICATION,1,true,false,7.35805196653e-07,false,true,false,true,0,NaN,500,6.22024780815|-24.9976446792|81.7745187311|81.5202424152|-0.270336015989
592,VALID_CAMPAIGN,UNIFORM,6286543427339577765,5,REVOLUTE_ONLY,0.312505689071,0.0143689432020,-0.0703349454937,GUARDED_PRODUCTION,false,false,NO_CONVERGENCE,STAGNATION_WINDOW_EXCEEDED,85,true,true,0.207502843140,false,false,false,false,1,106.749986864,241541,2.61476036902|-2.37713844122|-0.654747412482|0.196646958946|-1.49951027028
592,VALID_CAMPAIGN,UNIFORM,6286543427339577765,5,REVOLUTE_ONLY,0.312505689071,0.0143689432020,-0.0703349454937,UNGUARDED_REFERENCE,true,false,CONVERGED_UNCERTIFIED,NO_GUARDS_OR_FINAL_CERTIFICATION,9,true,false,4.17248160054e-10,false,true,false,true,0,NaN,8208,4.50546080965|-16.1230300363|87.1559555553|68.6277746438|-40.9247213649
593,VALID_CAMPAIGN,NEAR_JOINT_LIMIT,-6056025936123326744,5,REVOLUTE_ONLY,-0.427209690507,0.137368395742,0.103375649618,GUARDED_PRODUCTION,false,false,NO_CONVERGENCE,STAGNATION_WINDOW_EXCEEDED,401,true,true,0.281948615548,false,false,false,false,0,4.51876651725,958459,3.14159265359|-0.926697164767|-2.67428074637|1.78285383091|-1.78285383091
593,VALID_CAMPAIGN,NEAR_JOINT_LIMIT,-6056025936123326744,5,REVOLUTE_ONLY,-0.427209690507,0.137368395742,0.103375649618,UNGUARDED_REFERENCE,true,false,CONVERGED_UNCERTIFIED,NO_GUARDS_OR_FINAL_CERTIFICATION,31,true,false,1.73023527420e-09,false,true,false,true,0,NaN,26833,2.88225520114|-15.6599652303|86.0973535081|73.3739647061|-43.3288749986
594,VALID_CAMPAIGN,NEAR_SINGULARITY,13600346449978477,5,REVOLUTE_ONLY,1.46556000051,-0.0799999503281,0.200000021585,GUARDED_PRODUCTION,true,true,SUCCESS,NONE,146,true,true,6.78325766303e-09,false,false,false,false,0,4.43702775296,409041,-0.0589712833775|0.117607091557|-0.0232855707819|0.0402646681812|-0.197916809343
594,VALID_CAMPAIGN,NEAR_SINGULARITY,13600346449978477,5,REVOLUTE_ONLY,1.46556000051,-0.0799999503281,0.200000021585,UNGUARDED_REFERENCE,true,false,CONVERGED_UNCERTIFIED,NO_GUARDS_OR_FINAL_CERTIFICATION,20,true,false,3.69539412682e-07,false,true,false,true,0,NaN,20084,6.22792025625|-6.18364961590|88.1262667177|68.8371799174|-44.1029877339
595,VALID_CAMPAIGN,MICRO_MOTION,-6518689241625136452,5,REVOLUTE_ONLY,1.46556000561,-0.0799994536091,0.200000237431,GUARDED_PRODUCTION,true,true,SUCCESS,NONE,1,true,true,5.41581178284e-07,false,false,false,false,0,NaN,4959,-0.0589712833775|0.117607091557|-0.0232855707819|0.0402646681812|-0.197916809343
595,VALID_CAMPAIGN,MICRO_MOTION,-6518689241625136452,5,REVOLUTE_ONLY,1.46556000561,-0.0799994536091,0.200000237431,UNGUARDED_REFERENCE,true,false,CONVERGED_UNCERTIFIED,NO_GUARDS_OR_FINAL_CERTIFICATION,1,true,false,6.50034336577e-07,false,true,false,true,0,NaN,583,6.22792025625|-6.18364961590|88.1262667177|68.8371799174|-44.1029877339
596,ADVERSARIAL_PROBES,NON_FINITE_TARGET,282689448784916106,5,REVOLUTE_ONLY,NaN,-0.0800000000000,0.200000000000,GUARDED_PRODUCTION,false,false,INVALID_INPUT,INVALID_TARGET,0,true,true,NaN,false,false,false,false,0,NaN,3875,0.00000000000|0.00000000000|0.00000000000|0.00000000000|0.00000000000
596,ADVERSARIAL_PROBES,NON_FINITE_TARGET,282689448784916106,5,REVOLUTE_ONLY,NaN,-0.0800000000000,0.200000000000,UNGUARDED_REFERENCE,false,false,MAX_ITERATIONS_UNCERTIFIED,NO_GUARDS_OR_FINAL_CERTIFICATION,800,false,false,NaN,true,false,false,true,0,NaN,474375,NaN|NaN|NaN|NaN|NaN
597,ADVERSARIAL_PROBES,INFINITE_TARGET,-1239506195238629930,5,REVOLUTE_ONLY,1.46556000000,-0.0800000000000,Infinity,GUARDED_PRODUCTION,false,false,INVALID_INPUT,INVALID_TARGET,0,true,true,Infinity,false,false,false,false,0,NaN,2750,0.00000000000|0.00000000000|0.00000000000|0.00000000000|0.00000000000
597,ADVERSARIAL_PROBES,INFINITE_TARGET,-1239506195238629930,5,REVOLUTE_ONLY,1.46556000000,-0.0800000000000,Infinity,UNGUARDED_REFERENCE,false,false,MAX_ITERATIONS_UNCERTIFIED,NO_GUARDS_OR_FINAL_CERTIFICATION,800,false,false,NaN,true,false,false,true,0,NaN,488250,NaN|NaN|NaN|NaN|NaN
598,ADVERSARIAL_PROBES,NON_FINITE_INITIAL_STATE,4663143032627756624,5,REVOLUTE_ONLY,1.46556000000,-0.0800000000000,0.200000000000,GUARDED_PRODUCTION,false,false,INVALID_INPUT,INVALID_INITIAL_STATE,0,true,true,0.00000000000,false,false,false,false,0,NaN,4917,0.00000000000|0.00000000000|0.00000000000|0.00000000000|0.00000000000
598,ADVERSARIAL_PROBES,NON_FINITE_INITIAL_STATE,4663143032627756624,5,REVOLUTE_ONLY,1.46556000000,-0.0800000000000,0.200000000000,UNGUARDED_REFERENCE,false,false,MAX_ITERATIONS_UNCERTIFIED,NO_GUARDS_OR_FINAL_CERTIFICATION,800,false,false,NaN,true,false,false,true,0,NaN,527875,NaN|NaN|NaN|NaN|NaN
599,ADVERSARIAL_PROBES,OVERFLOWING_GEOMETRY,-2613772624285102084,5,REVOLUTE_ONLY,0.00000000000,0.00000000000,0.00000000000,GUARDED_PRODUCTION,false,false,NUMERICAL_FAILURE,OUTPUT_VALIDATION_FAILED,1,true,true,Infinity,false,false,false,false,0,NaN,6209,0.00000000000|0.00000000000|0.00000000000|0.00000000000|0.00000000000
599,ADVERSARIAL_PROBES,OVERFLOWING_GEOMETRY,-2613772624285102084,5,REVOLUTE_ONLY,0.00000000000,0.00000000000,0.00000000000,UNGUARDED_REFERENCE,false,false,MAX_ITERATIONS_UNCERTIFIED,NO_GUARDS_OR_FINAL_CERTIFICATION,800,false,false,NaN,true,false,false,true,0,NaN,497583,NaN|NaN|NaN|NaN|NaN
600,VALID_CAMPAIGN,UNIFORM,-8522424034144496079,5,PRISMATIC_ONLY,0.260000000000,-0.246263041481,1.07518462522,GUARDED_PRODUCTION,true,true,SUCCESS_WITH_WARNING,CRITICAL_SINGULARITY_DAMPED,18,true,true,6.58012335708e-07,false,false,false,false,0,Infinity,48250,0.268796157826|0.268796157826|0.246263699465|0.268796157826|0.268796157826
600,VALID_CAMPAIGN,UNIFORM,-8522424034144496079,5,PRISMATIC_ONLY,0.260000000000,-0.246263041481,1.07518462522,UNGUARDED_REFERENCE,true,true,CONVERGED_UNCERTIFIED,NO_GUARDS_OR_FINAL_CERTIFICATION,3,true,true,8.70239138577e-08,false,false,false,false,0,NaN,1833,0.268796159330|0.268796159330|0.246263127660|0.268796159324|0.268796159330
601,VALID_CAMPAIGN,NEAR_JOINT_LIMIT,-3729124363384749331,5,PRISMATIC_ONLY,0.260000000000,-0.574999994450,1.74499998890,GUARDED_PRODUCTION,true,true,SUCCESS_WITH_WARNING,CRITICAL_SINGULARITY_DAMPED,90,true,true,6.69817094038e-07,false,false,false,false,0,Infinity,248500,0.436249996347|0.436249996347|0.574999324642|0.436249996347|0.436249996348
601,VALID_CAMPAIGN,NEAR_JOINT_LIMIT,-3729124363384749331,5,PRISMATIC_ONLY,0.260000000000,-0.574999994450,1.74499998890,UNGUARDED_REFERENCE,true,true,CONVERGED_UNCERTIFIED,NO_GUARDS_OR_FINAL_CERTIFICATION,3,true,true,5.57411625232e-07,false,false,false,false,0,NaN,1708,0.436249979589|0.436249979589|0.574999441521|0.436249979583|0.436249979589
602,VALID_CAMPAIGN,NEAR_SINGULARITY,-7360403824334536016,5,PRISMATIC_ONLY,0.260000000000,-0.297500005550,1.19000000000,GUARDED_PRODUCTION,true,true,SUCCESS_WITH_WARNING,CRITICAL_SINGULARITY_DAMPED,76,true,true,3.32269944523e-07,false,false,false,false,0,Infinity,176292,0.297500000395|0.297500000395|0.297500337816|0.297500000396|0.297500000397
602,VALID_CAMPAIGN,NEAR_SINGULARITY,-7360403824334536016,5,PRISMATIC_ONLY,0.260000000000,-0.297500005550,1.19000000000,UNGUARDED_REFERENCE,true,true,CONVERGED_UNCERTIFIED,NO_GUARDS_OR_FINAL_CERTIFICATION,3,true,true,4.70394976996e-07,false,false,false,false,0,NaN,1625,0.297500014616|0.297500014616|0.297500472299|0.297500014610|0.297500014616
603,VALID_CAMPAIGN,MICRO_MOTION,-8971259454358563108,5,PRISMATIC_ONLY,0.260000000000,-0.297500061050,1.19000000000,GUARDED_PRODUCTION,true,true,SUCCESS,NONE,1,true,true,2.76770700616e-07,false,false,false,false,0,NaN,3958,0.297500000395|0.297500000395|0.297500337816|0.297500000396|0.297500000397
603,VALID_CAMPAIGN,MICRO_MOTION,-8971259454358563108,5,PRISMATIC_ONLY,0.260000000000,-0.297500061050,1.19000000000,UNGUARDED_REFERENCE,true,true,CONVERGED_UNCERTIFIED,NO_GUARDS_OR_FINAL_CERTIFICATION,1,true,true,4.15382473946e-07,false,false,false,false,0,NaN,500,0.297500014616|0.297500014616|0.297500472299|0.297500014610|0.297500014616
604,VALID_CAMPAIGN,UNIFORM,-4721906294785361261,5,PRISMATIC_ONLY,0.260000000000,-0.463116447232,0.996906099964,GUARDED_PRODUCTION,true,true,SUCCESS_WITH_WARNING,CRITICAL_SINGULARITY_DAMPED,39,true,true,5.23788623427e-07,false,false,false,false,0,Infinity,93583,0.249226525510|0.249226525510|0.463115923447|0.249226525511|0.249226525510
604,VALID_CAMPAIGN,UNIFORM,-4721906294785361261,5,PRISMATIC_ONLY,0.260000000000,-0.463116447232,0.996906099964,UNGUARDED_REFERENCE,true,true,CONVERGED_UNCERTIFIED,NO_GUARDS_OR_FINAL_CERTIFICATION,3,true,true,2.79304230040e-07,false,false,false,false,0,NaN,1667,0.249226530077|0.249226530077|0.463116168669|0.249226530071|0.249226530077
605,VALID_CAMPAIGN,NEAR_JOINT_LIMIT,-4038666397241294819,5,PRISMATIC_ONLY,0.260000000000,-0.0200000055500,0.635000011100,GUARDED_PRODUCTION,true,true,SUCCESS_WITH_WARNING,CRITICAL_SINGULARITY_DAMPED,91,true,true,5.78955345944e-07,false,false,false,false,0,Infinity,212458,0.158750003085|0.158750003085|0.0200005845040|0.158750003085|0.158750003085
605,VALID_CAMPAIGN,NEAR_JOINT_LIMIT,-4038666397241294819,5,PRISMATIC_ONLY,0.260000000000,-0.0200000055500,0.635000011100,UNGUARDED_REFERENCE,true,true,CONVERGED_UNCERTIFIED,NO_GUARDS_OR_FINAL_CERTIFICATION,3,true,true,7.46286686814e-07,false,false,false,false,0,NaN,1583,0.158750012309|0.158750012309|0.0200007508625|0.158750012302|0.158750012299
606,VALID_CAMPAIGN,NEAR_SINGULARITY,7737497780098561462,5,PRISMATIC_ONLY,0.260000000000,-0.297500005550,1.19000000000,GUARDED_PRODUCTION,true,true,SUCCESS_WITH_WARNING,CRITICAL_SINGULARITY_DAMPED,76,true,true,3.32281231042e-07,false,false,false,false,0,Infinity,175792,0.297499999605|0.297499999605|0.297499673273|0.297499999603|0.297499999603
606,VALID_CAMPAIGN,NEAR_SINGULARITY,7737497780098561462,5,PRISMATIC_ONLY,0.260000000000,-0.297500005550,1.19000000000,UNGUARDED_REFERENCE,true,true,CONVERGED_UNCERTIFIED,NO_GUARDS_OR_FINAL_CERTIFICATION,3,true,true,4.70394661294e-07,false,false,false,false,0,NaN,1584,0.297499985382|0.297499985382|0.297499538802|0.297499985391|0.297499985387
607,VALID_CAMPAIGN,MICRO_MOTION,-4342819743861050747,5,PRISMATIC_ONLY,0.260000000000,-0.297500061050,1.19000000000,GUARDED_PRODUCTION,true,true,SUCCESS,NONE,1,true,true,3.87780691362e-07,false,false,false,false,0,NaN,3959,0.297499999605|0.297499999605|0.297499673273|0.297499999603|0.297499999603
607,VALID_CAMPAIGN,MICRO_MOTION,-4342819743861050747,5,PRISMATIC_ONLY,0.260000000000,-0.297500061050,1.19000000000,UNGUARDED_REFERENCE,true,true,CONVERGED_UNCERTIFIED,NO_GUARDS_OR_FINAL_CERTIFICATION,1,true,true,5.25509692720e-07,false,false,false,false,0,NaN,458,0.297499985382|0.297499985382|0.297499538802|0.297499985391|0.297499985387
608,VALID_CAMPAIGN,UNIFORM,4537330849462418309,5,PRISMATIC_ONLY,0.260000000000,-0.229053335057,0.844918080279,GUARDED_PRODUCTION,true,true,SUCCESS_WITH_WARNING,CRITICAL_SINGULARITY_DAMPED,38,true,true,2.58337661870e-07,false,false,false,false,0,Infinity,88625,0.211229521162|0.211229521162|0.229053593358|0.211229521161|0.211229521160
608,VALID_CAMPAIGN,UNIFORM,4537330849462418309,5,PRISMATIC_ONLY,0.260000000000,-0.229053335057,0.844918080279,UNGUARDED_REFERENCE,true,true,CONVERGED_UNCERTIFIED,NO_GUARDS_OR_FINAL_CERTIFICATION,3,true,true,1.20726559445e-07,false,false,false,false,0,NaN,1625,0.211229529153|0.211229529153|0.229053450182|0.211229529162|0.211229529158
609,VALID_CAMPAIGN,NEAR_JOINT_LIMIT,-443361681604289381,5,PRISMATIC_ONLY,0.260000000000,-0.574999994450,1.74499998890,GUARDED_PRODUCTION,true,true,SUCCESS_WITH_WARNING,CRITICAL_SINGULARITY_DAMPED,109,true,true,4.29705682591e-07,false,false,false,false,0,Infinity,250666,0.436249996657|0.436249996657|0.574999564750|0.436249996654|0.436249996652
609,VALID_CAMPAIGN,NEAR_JOINT_LIMIT,-443361681604289381,5,PRISMATIC_ONLY,0.260000000000,-0.574999994450,1.74499998890,UNGUARDED_REFERENCE,true,true,CONVERGED_UNCERTIFIED,NO_GUARDS_OR_FINAL_CERTIFICATION,3,true,true,5.89547786465e-07,false,false,false,false,0,NaN,1583,0.436249973514|0.436249973514|0.574999412575|0.436249973523|0.436249973544
610,VALID_CAMPAIGN,NEAR_SINGULARITY,1324456404772148895,5,PRISMATIC_ONLY,0.260000000000,-0.297500005550,1.19000000000,GUARDED_PRODUCTION,true,true,SUCCESS_WITH_WARNING,CRITICAL_SINGULARITY_DAMPED,76,true,true,3.32296295389e-07,false,false,false,false,0,Infinity,178334,0.297500000397|0.297500000397|0.297500337843|0.297500000396|0.297500000394
610,VALID_CAMPAIGN,NEAR_SINGULARITY,1324456404772148895,5,PRISMATIC_ONLY,0.260000000000,-0.297500005550,1.19000000000,UNGUARDED_REFERENCE,true,true,CONVERGED_UNCERTIFIED,NO_GUARDS_OR_FINAL_CERTIFICATION,3,true,true,4.70394922178e-07,false,false,false,false,0,NaN,1833,0.297500014628|0.297500014628|0.297500472298|0.297500014606|0.297500014596
611,VALID_CAMPAIGN,MICRO_MOTION,680378537269456535,5,PRISMATIC_ONLY,0.260000000000,-0.297500061050,1.19000000000,GUARDED_PRODUCTION,true,true,SUCCESS,NONE,1,true,true,2.76797051510e-07,false,false,false,false,0,NaN,4125,0.297500000397|0.297500000397|0.297500337843|0.297500000396|0.297500000394
611,VALID_CAMPAIGN,MICRO_MOTION,680378537269456535,5,PRISMATIC_ONLY,0.260000000000,-0.297500061050,1.19000000000,UNGUARDED_REFERENCE,true,true,CONVERGED_UNCERTIFIED,NO_GUARDS_OR_FINAL_CERTIFICATION,1,true,true,4.15382418372e-07,false,false,false,false,0,NaN,459,0.297500014628|0.297500014628|0.297500472298|0.297500014606|0.297500014596
612,VALID_CAMPAIGN,UNIFORM,3479139055164158714,5,PRISMATIC_ONLY,0.260000000000,-0.364156105310,0.932586139187,GUARDED_PRODUCTION,true,true,SUCCESS_WITH_WARNING,CRITICAL_SINGULARITY_DAMPED,30,true,true,9.80464823636e-07,false,false,false,false,0,Infinity,72625,0.233146542570|0.233146542570|0.364155125338|0.233146542568|0.233146542567
612,VALID_CAMPAIGN,UNIFORM,3479139055164158714,5,PRISMATIC_ONLY,0.260000000000,-0.364156105310,0.932586139187,UNGUARDED_REFERENCE,true,true,CONVERGED_UNCERTIFIED,NO_GUARDS_OR_FINAL_CERTIFICATION,3,true,true,1.15345306552e-07,false,false,false,false,0,NaN,1583,0.233146541588|0.233146541588|0.364155993197|0.233146541567|0.233146541557
613,VALID_CAMPAIGN,NEAR_JOINT_LIMIT,-5317198207245354240,5,PRISMATIC_ONLY,0.260000000000,-0.574999994450,1.19000000000,GUARDED_PRODUCTION,true,true,SUCCESS_WITH_WARNING,CRITICAL_SINGULARITY_DAMPED,49,true,true,5.27931734217e-07,false,false,false,false,0,Infinity,113791,0.297499999478|0.297499999478|0.574999466522|0.297499999476|0.297499999476
613,VALID_CAMPAIGN,NEAR_JOINT_LIMIT,-5317198207245354240,5,PRISMATIC_ONLY,0.260000000000,-0.574999994450,1.19000000000,UNGUARDED_REFERENCE,true,true,CONVERGED_UNCERTIFIED,NO_GUARDS_OR_FINAL_CERTIFICATION,3,true,true,3.55670330595e-07,false,false,false,false,0,NaN,1625,0.297499993233|0.297499993233|0.574999639815|0.297499993211|0.297499993209
614,VALID_CAMPAIGN,NEAR_SINGULARITY,-187412133731817442,5,PRISMATIC_ONLY,0.260000000000,-0.297500005550,1.19000000000,GUARDED_PRODUCTION,true,true,SUCCESS_WITH_WARNING,CRITICAL_SINGULARITY_DAMPED,54,true,true,9.68387106060e-07,false,false,false,false,0,Infinity,128459,0.297500000001|0.297500000001|0.297500973937|0.297499999999|0.297499999999
614,VALID_CAMPAIGN,NEAR_SINGULARITY,-187412133731817442,5,PRISMATIC_ONLY,0.260000000000,-0.297500005550,1.19000000000,UNGUARDED_REFERENCE,true,true,CONVERGED_UNCERTIFIED,NO_GUARDS_OR_FINAL_CERTIFICATION,3,true,true,4.66748844630e-07,false,false,false,false,0,NaN,1625,0.297500000011|0.297500000011|0.297500472299|0.297499999990|0.297499999987
615,VALID_CAMPAIGN,MICRO_MOTION,4860812721667042264,5,PRISMATIC_ONLY,0.260000000000,-0.297500061050,1.19000000000,GUARDED_PRODUCTION,true,true,SUCCESS,NONE,1,true,true,9.12887106075e-07,false,false,false,false,0,NaN,4084,0.297500000001|0.297500000001|0.297500973937|0.297499999999|0.297499999999
615,VALID_CAMPAIGN,MICRO_MOTION,4860812721667042264,5,PRISMATIC_ONLY,0.260000000000,-0.297500061050,1.19000000000,UNGUARDED_REFERENCE,true,true,CONVERGED_UNCERTIFIED,NO_GUARDS_OR_FINAL_CERTIFICATION,1,true,true,4.11248844645e-07,false,false,false,false,0,NaN,500,0.297500000011|0.297500000011|0.297500472299|0.297499999990|0.297499999987
616,VALID_CAMPAIGN,UNIFORM,-5889356946667004944,5,PRISMATIC_ONLY,0.260000000000,-0.158067723269,1.25230914828,GUARDED_PRODUCTION,true,true,SUCCESS_WITH_WARNING,CRITICAL_SINGULARITY_DAMPED,30,true,true,7.16287176321e-07,false,false,false,false,0,Infinity,70166,0.313077286777|0.313077286777|0.158068439555|0.313077286775|0.313077286774
616,VALID_CAMPAIGN,UNIFORM,-5889356946667004944,5,PRISMATIC_ONLY,0.260000000000,-0.158067723269,1.25230914828,UNGUARDED_REFERENCE,true,true,CONVERGED_UNCERTIFIED,NO_GUARDS_OR_FINAL_CERTIFICATION,3,true,true,2.34614906288e-07,false,false,false,false,0,NaN,1625,0.313077285442|0.313077285442|0.158067957792|0.313077285420|0.313077285418
617,VALID_CAMPAIGN,NEAR_JOINT_LIMIT,-3405494397556249412,5,PRISMATIC_ONLY,0.260000000000,-0.0200000055500,1.74499998890,GUARDED_PRODUCTION,true,true,SUCCESS_WITH_WARNING,CRITICAL_SINGULARITY_DAMPED,55,true,true,7.98783031621e-07,false,false,false,false,0,Infinity,128416,0.436249994064|0.436249994064|0.0200008042329|0.436249994062|0.436249994060
617,VALID_CAMPAIGN,NEAR_JOINT_LIMIT,-3405494397556249412,5,PRISMATIC_ONLY,0.260000000000,-0.0200000055500,1.74499998890,UNGUARDED_REFERENCE,true,true,CONVERGED_UNCERTIFIED,NO_GUARDS_OR_FINAL_CERTIFICATION,3,true,true,2.37955152916e-07,false,false,false,false,0,NaN,1708,0.436249984263|0.436249984263|0.0200002377775|0.436249984241|0.436249984239
618,VALID_CAMPAIGN,NEAR_SINGULARITY,7868982949756542737,5,PRISMATIC_ONLY,0.260000000000,-0.297500005550,1.19000000000,GUARDED_PRODUCTION,true,true,SUCCESS_WITH_WARNING,CRITICAL_SINGULARITY_DAMPED,76,true,true,3.32256543100e-07,false,false,false,false,0,Infinity,207125,0.297500000398|0.297500000398|0.297499673297|0.297500000395|0.297500000392
618,VALID_CAMPAIGN,NEAR_SINGULARITY,7868982949756542737,5,PRISMATIC_ONLY,0.260000000000,-0.297500005550,1.19000000000,UNGUARDED_REFERENCE,true,true,CONVERGED_UNCERTIFIED,NO_GUARDS_OR_FINAL_CERTIFICATION,3,true,true,4.70395519871e-07,false,false,false,false,0,NaN,3292,0.297500014618|0.297500014618|0.297499538801|0.297500014596|0.297500014625
619,VALID_CAMPAIGN,MICRO_MOTION,8325924523373988824,5,PRISMATIC_ONLY,0.260000000000,-0.297500061050,1.19000000000,GUARDED_PRODUCTION,true,true,SUCCESS,NONE,1,true,true,3.87756003452e-07,false,false,false,false,0,NaN,18917,0.297500000398|0.297500000398|0.297499673297|0.297500000395|0.297500000392
619,VALID_CAMPAIGN,MICRO_MOTION,8325924523373988824,5,PRISMATIC_ONLY,0.260000000000,-0.297500061050,1.19000000000,UNGUARDED_REFERENCE,true,true,CONVERGED_UNCERTIFIED,NO_GUARDS_OR_FINAL_CERTIFICATION,1,true,true,5.25510552390e-07,false,false,false,false,0,NaN,542,0.297500014618|0.297500014618|0.297499538801|0.297500014596|0.297500014625
620,VALID_CAMPAIGN,UNIFORM,-4409783727757917330,5,PRISMATIC_ONLY,0.260000000000,-0.238302068796,1.32380001270,GUARDED_PRODUCTION,true,true,SUCCESS_WITH_WARNING,CRITICAL_SINGULARITY_DAMPED,20,true,true,9.81361352927e-07,false,false,false,false,0,Infinity,53500,0.330949999699|0.330949999699|0.238303050058|0.330949999696|0.330949999694
620,VALID_CAMPAIGN,UNIFORM,-4409783727757917330,5,PRISMATIC_ONLY,0.260000000000,-0.238302068796,1.32380001270,UNGUARDED_REFERENCE,true,true,CONVERGED_UNCERTIFIED,NO_GUARDS_OR_FINAL_CERTIFICATION,3,true,true,1.00561370555e-07,false,false,false,false,0,NaN,1750,0.330949999659|0.330949999659|0.238302168365|0.330949999630|0.330949999658
621,VALID_CAMPAIGN,NEAR_JOINT_LIMIT,5398567872603254861,5,PRISMATIC_ONLY,0.260000000000,-0.0200000055500,0.0800000222000,GUARDED_PRODUCTION,true,true,SUCCESS_WITH_WARNING,CRITICAL_SINGULARITY_DAMPED,125,true,true,2.98270264031e-07,false,false,false,false,0,Infinity,305292,0.0200000063075|0.0200000063075|0.0200003038050|0.0200000063045|0.0200000063001
621,VALID_CAMPAIGN,NEAR_JOINT_LIMIT,5398567872603254861,5,PRISMATIC_ONLY,0.260000000000,-0.0200000055500,0.0800000222000,UNGUARDED_REFERENCE,true,true,CONVERGED_UNCERTIFIED,NO_GUARDS_OR_FINAL_CERTIFICATION,3,true,true,3.89851331719e-07,false,false,false,false,0,NaN,1792,0.0200000383094|0.0200000383094|0.0200003727299|0.0200000382802|0.0200000383086
622,VALID_CAMPAIGN,NEAR_SINGULARITY,3901045065083195983,5,PRISMATIC_ONLY,0.260000000000,-0.297500005550,1.19000000000,GUARDED_PRODUCTION,true,true,SUCCESS_WITH_WARNING,CRITICAL_SINGULARITY_DAMPED,118,true,true,7.47458667306e-07,false,false,false,false,0,Infinity,286042,0.297499998374|0.297499998374|0.297499258120|0.297499998371|0.297499998367
622,VALID_CAMPAIGN,NEAR_SINGULARITY,3901045065083195983,5,PRISMATIC_ONLY,0.260000000000,-0.297500005550,1.19000000000,UNGUARDED_REFERENCE,true,true,CONVERGED_UNCERTIFIED,NO_GUARDS_OR_FINAL_CERTIFICATION,3,true,true,4.81168902428e-07,false,false,false,false,0,NaN,1792,0.297499970779|0.297499970779|0.297499538801|0.297499970750|0.297499970778
623,VALID_CAMPAIGN,MICRO_MOTION,-903059098510420111,5,PRISMATIC_ONLY,0.260000000000,-0.297500061050,1.19000000000,GUARDED_PRODUCTION,true,true,SUCCESS,NONE,1,true,true,8.02956705563e-07,false,false,false,false,0,NaN,4500,0.297499998374|0.297499998374|0.297499258120|0.297499998371|0.297499998367
623,VALID_CAMPAIGN,MICRO_MOTION,-903059098510420111,5,PRISMATIC_ONLY,0.260000000000,-0.297500061050,1.19000000000,UNGUARDED_REFERENCE,true,true,CONVERGED_UNCERTIFIED,NO_GUARDS_OR_FINAL_CERTIFICATION,1,true,true,5.35175562808e-07,false,false,false,false,0,NaN,458,0.297499970779|0.297499970779|0.297499538801|0.297499970750|0.297499970778
624,VALID_CAMPAIGN,UNIFORM,-3616628780903435467,5,PRISMATIC_ONLY,0.260000000000,-0.462757314386,1.42996318888,GUARDED_PRODUCTION,true,true,SUCCESS_WITH_WARNING,CRITICAL_SINGULARITY_DAMPED,41,true,true,7.41546545331e-07,false,false,false,false,0,Infinity,107958,0.357490796244|0.357490796244|0.462756572850|0.357490796241|0.357490796235
624,VALID_CAMPAIGN,UNIFORM,-3616628780903435467,5,PRISMATIC_ONLY,0.260000000000,-0.462757314386,1.42996318888,UNGUARDED_REFERENCE,true,true,CONVERGED_UNCERTIFIED,NO_GUARDS_OR_FINAL_CERTIFICATION,3,true,true,2.79107031936e-07,false,false,false,false,0,NaN,1750,0.357490790909|0.357490790909|0.462757036426|0.357490790880|0.357490790909
625,VALID_CAMPAIGN,NEAR_JOINT_LIMIT,1348860722073026927,5,PRISMATIC_ONLY,0.260000000000,-0.574999994450,2.29999997780,GUARDED_PRODUCTION,true,true,SUCCESS_WITH_WARNING,CRITICAL_SINGULARITY_DAMPED,86,true,true,1.68288778080e-07,false,false,false,false,0,Infinity,223166,0.574999993763|0.574999993763|0.574999826184|0.574999993759|0.574999993744
625,VALID_CAMPAIGN,NEAR_JOINT_LIMIT,1348860722073026927,5,PRISMATIC_ONLY,0.260000000000,-0.574999994450,2.29999997780,UNGUARDED_REFERENCE,true,true,CONVERGED_UNCERTIFIED,NO_GUARDS_OR_FINAL_CERTIFICATION,3,true,true,2.09856289011e-07,false,false,false,false,0,NaN,2375,0.574999971572|0.574999971572|0.574999805660|0.574999971494|0.574999971523
626,VALID_CAMPAIGN,NEAR_SINGULARITY,4085615937192192996,5,PRISMATIC_ONLY,0.260000000000,-0.297500005550,1.19000000000,GUARDED_PRODUCTION,true,true,SUCCESS_WITH_WARNING,CRITICAL_SINGULARITY_DAMPED,118,true,true,7.47466706307e-07,false,false,false,false,0,Infinity,469292,0.297500001636|0.297500001636|0.297500752988|0.297500001628|0.297500001615
626,VALID_CAMPAIGN,NEAR_SINGULARITY,4085615937192192996,5,PRISMATIC_ONLY,0.260000000000,-0.297500005550,1.19000000000,UNGUARDED_REFERENCE,true,true,CONVERGED_UNCERTIFIED,NO_GUARDS_OR_FINAL_CERTIFICATION,3,true,true,4.81169207896e-07,false,false,false,false,0,NaN,1708,0.297500029260|0.297500029260|0.297500472299|0.297500029183|0.297500029211
627,VALID_CAMPAIGN,MICRO_MOTION,2830039323000450714,5,PRISMATIC_ONLY,0.260000000000,-0.297500061050,1.19000000000,GUARDED_PRODUCTION,true,true,SUCCESS,NONE,1,true,true,6.91968982736e-07,false,false,false,false,0,NaN,6917,0.297500001636|0.297500001636|0.297500752988|0.297500001628|0.297500001615
627,VALID_CAMPAIGN,MICRO_MOTION,2830039323000450714,5,PRISMATIC_ONLY,0.260000000000,-0.297500061050,1.19000000000,UNGUARDED_REFERENCE,true,true,CONVERGED_UNCERTIFIED,NO_GUARDS_OR_FINAL_CERTIFICATION,1,true,true,4.27545206876e-07,false,false,false,false,0,NaN,417,0.297500029260|0.297500029260|0.297500472299|0.297500029183|0.297500029211
628,VALID_CAMPAIGN,UNIFORM,9001385827015683762,5,PRISMATIC_ONLY,0.260000000000,-0.458993592319,1.02500961128,GUARDED_PRODUCTION,true,true,SUCCESS_WITH_WARNING,CRITICAL_SINGULARITY_DAMPED,37,true,true,6.43352784019e-07,false,false,false,false,0,Infinity,89916,0.256252403416|0.256252403416|0.458992948971|0.256252403407|0.256252403395
628,VALID_CAMPAIGN,UNIFORM,9001385827015683762,5,PRISMATIC_ONLY,0.260000000000,-0.458993592319,1.02500961128,UNGUARDED_REFERENCE,true,true,CONVERGED_UNCERTIFIED,NO_GUARDS_OR_FINAL_CERTIFICATION,3,true,true,2.72183534920e-07,false,false,false,false,0,NaN,1708,0.256252407197|0.256252407197|0.458993320691|0.256252407119|0.256252407148
629,VALID_CAMPAIGN,NEAR_JOINT_LIMIT,3773749537324443030,5,PRISMATIC_ONLY,0.260000000000,-0.0200000055500,0.635000011100,GUARDED_PRODUCTION,true,true,SUCCESS_WITH_WARNING,CRITICAL_SINGULARITY_DAMPED,91,true,true,9.34261478517e-07,false,false,false,false,0,Infinity,208291,0.158750003376|0.158750003376|0.0200009398085|0.158750003367|0.158750003355
629,VALID_CAMPAIGN,NEAR_JOINT_LIMIT,3773749537324443030,5,PRISMATIC_ONLY,0.260000000000,-0.0200000055500,0.635000011100,UNGUARDED_REFERENCE,true,true,CONVERGED_UNCERTIFIED,NO_GUARDS_OR_FINAL_CERTIFICATION,3,true,true,7.39519797005e-07,false,false,false,false,0,NaN,1667,0.158750013076|0.158750013076|0.0200007439280|0.158750012999|0.158750013027
630,VALID_CAMPAIGN,NEAR_SINGULARITY,-6979137326722094095,5,PRISMATIC_ONLY,0.260000000000,-0.297500005550,1.19000000000,GUARDED_PRODUCTION,true,true,SUCCESS_WITH_WARNING,CRITICAL_SINGULARITY_DAMPED,76,true,true,3.32242276240e-07,false,false,false,false,0,Infinity,175417,0.297499999612|0.297499999612|0.297499673311|0.297499999601|0.297499999591
630,VALID_CAMPAIGN,NEAR_SINGULARITY,-6979137326722094095,5,PRISMATIC_ONLY,0.260000000000,-0.297500005550,1.19000000000,UNGUARDED_REFERENCE,true,true,CONVERGED_UNCERTIFIED,NO_GUARDS_OR_FINAL_CERTIFICATION,3,true,true,4.70394671564e-07,false,false,false,false,0,NaN,1583,0.297499985417|0.297499985417|0.297499538802|0.297499985340|0.297499985368
631,VALID_CAMPAIGN,MICRO_MOTION,551062579489973784,5,PRISMATIC_ONLY,0.260000000000,-0.297500061050,1.19000000000,GUARDED_PRODUCTION,true,true,SUCCESS,NONE,1,true,true,3.87741736612e-07,false,false,false,false,0,NaN,3875,0.297499999612|0.297499999612|0.297499673311|0.297499999601|0.297499999591
631,VALID_CAMPAIGN,MICRO_MOTION,551062579489973784,5,PRISMATIC_ONLY,0.260000000000,-0.297500061050,1.19000000000,UNGUARDED_REFERENCE,true,true,CONVERGED_UNCERTIFIED,NO_GUARDS_OR_FINAL_CERTIFICATION,1,true,true,5.25509703144e-07,false,false,false,false,0,NaN,417,0.297499985417|0.297499985417|0.297499538802|0.297499985340|0.297499985368
632,VALID_CAMPAIGN,UNIFORM,-8064035769186344065,5,PRISMATIC_ONLY,0.260000000000,-0.366942666319,0.856284831967,GUARDED_PRODUCTION,true,true,SUCCESS_WITH_WARNING,CRITICAL_SINGULARITY_DAMPED,37,true,true,3.21219204392e-07,false,false,false,false,0,Infinity,88750,0.214071209357|0.214071209357|0.366942345146|0.214071209348|0.214071209336
632,VALID_CAMPAIGN,UNIFORM,-8064035769186344065,5,PRISMATIC_ONLY,0.260000000000,-0.366942666319,0.856284831967,UNGUARDED_REFERENCE,true,true,CONVERGED_UNCERTIFIED,NO_GUARDS_OR_FINAL_CERTIFICATION,3,true,true,1.21976218264e-07,false,false,false,false,0,NaN,1958,0.214071216811|0.214071216811|0.366942549518|0.214071216733|0.214071216762
633,VALID_CAMPAIGN,NEAR_JOINT_LIMIT,-1591477896875867401,5,PRISMATIC_ONLY,0.260000000000,-0.574999994450,1.74499998890,GUARDED_PRODUCTION,true,true,SUCCESS_WITH_WARNING,CRITICAL_SINGULARITY_DAMPED,94,true,true,3.48998047676e-07,false,false,false,false,0,Infinity,220958,0.436249996407|0.436249996407|0.574999645468|0.436249996397|0.436249996389
633,VALID_CAMPAIGN,NEAR_JOINT_LIMIT,-1591477896875867401,5,PRISMATIC_ONLY,0.260000000000,-0.574999994450,1.74499998890,UNGUARDED_REFERENCE,true,true,CONVERGED_UNCERTIFIED,NO_GUARDS_OR_FINAL_CERTIFICATION,3,true,true,3.62251579894e-07,false,false,false,false,0,NaN,1625,0.436249973855|0.436249973855|0.574999644502|0.436249973777|0.436249973806
634,VALID_CAMPAIGN,NEAR_SINGULARITY,1675312235494087163,5,PRISMATIC_ONLY,0.260000000000,-0.297500005550,1.19000000000,GUARDED_PRODUCTION,true,true,SUCCESS_WITH_WARNING,CRITICAL_SINGULARITY_DAMPED,76,true,true,3.32305073756e-07,false,false,false,false,0,Infinity,179917,0.297500000403|0.297500000403|0.297500337851|0.297500000393|0.297500000384
634,VALID_CAMPAIGN,NEAR_SINGULARITY,1675312235494087163,5,PRISMATIC_ONLY,0.260000000000,-0.297500005550,1.19000000000,UNGUARDED_REFERENCE,true,true,CONVERGED_UNCERTIFIED,NO_GUARDS_OR_FINAL_CERTIFICATION,3,true,true,4.70395310473e-07,false,false,false,false,0,NaN,1625,0.297500014646|0.297500014646|0.297500472299|0.297500014568|0.297500014597
635,VALID_CAMPAIGN,MICRO_MOTION,2837381037514909734,5,PRISMATIC_ONLY,0.260000000000,-0.297500061050,1.19000000000,GUARDED_PRODUCTION,true,true,SUCCESS,NONE,1,true,true,2.76805829887e-07,false,false,false,false,0,NaN,3958,0.297500000403|0.297500000403|0.297500337851|0.297500000393|0.297500000384
635,VALID_CAMPAIGN,MICRO_MOTION,2837381037514909734,5,PRISMATIC_ONLY,0.260000000000,-0.297500061050,1.19000000000,UNGUARDED_REFERENCE,true,true,CONVERGED_UNCERTIFIED,NO_GUARDS_OR_FINAL_CERTIFICATION,1,true,true,4.15382805973e-07,false,false,false,false,0,NaN,417,0.297500014646|0.297500014646|0.297500472299|0.297500014568|0.297500014597
636,VALID_CAMPAIGN,UNIFORM,-2885379461335186560,5,PRISMATIC_ONLY,0.260000000000,-0.539649475055,0.875470148304,GUARDED_PRODUCTION,true,true,SUCCESS_WITH_WARNING,CRITICAL_SINGULARITY_DAMPED,57,true,true,1.51497731307e-07,false,false,false,false,0,Infinity,137000,0.218867537162|0.218867537162|0.539649323558|0.218867537151|0.218867537142
636,VALID_CAMPAIGN,UNIFORM,-2885379461335186560,5,PRISMATIC_ONLY,0.260000000000,-0.539649475055,0.875470148304,UNGUARDED_REFERENCE,true,true,CONVERGED_UNCERTIFIED,NO_GUARDS_OR_FINAL_CERTIFICATION,3,true,true,4.08634923853e-07,false,false,false,false,0,NaN,1666,0.218867545381|0.218867545381|0.539649067766|0.218867545321|0.218867545350
637,VALID_CAMPAIGN,NEAR_JOINT_LIMIT,6327796098573551769,5,PRISMATIC_ONLY,0.260000000000,-0.574999994450,0.635000011100,GUARDED_PRODUCTION,true,true,SUCCESS_WITH_WARNING,CRITICAL_SINGULARITY_DAMPED,27,true,true,2.29907177007e-07,false,false,false,false,0,Infinity,68125,0.158750004249|0.158750004249|0.574999764618|0.158750004238|0.158750004229
637,VALID_CAMPAIGN,NEAR_JOINT_LIMIT,6327796098573551769,5,PRISMATIC_ONLY,0.260000000000,-0.574999994450,0.635000011100,UNGUARDED_REFERENCE,true,true,CONVERGED_UNCERTIFIED,NO_GUARDS_OR_FINAL_CERTIFICATION,3,true,true,6.46294448237e-08,false,false,false,false,0,NaN,1667,0.158750009133|0.158750009133|0.574999934990|0.158750009067|0.158750009095
638,VALID_CAMPAIGN,NEAR_SINGULARITY,528454989246347539,5,PRISMATIC_ONLY,0.260000000000,-0.297500005550,1.19000000000,GUARDED_PRODUCTION,true,true,SUCCESS_WITH_WARNING,CRITICAL_SINGULARITY_DAMPED,76,true,true,3.32317972849e-07,false,false,false,false,0,Infinity,181083,0.297499999612|0.297499999612|0.297500337864|0.297499999601|0.297499999591
638,VALID_CAMPAIGN,NEAR_SINGULARITY,528454989246347539,5,PRISMATIC_ONLY,0.260000000000,-0.297500005550,1.19000000000,UNGUARDED_REFERENCE,true,true,CONVERGED_UNCERTIFIED,NO_GUARDS_OR_FINAL_CERTIFICATION,3,true,true,4.70395798716e-07,false,false,false,false,0,NaN,1625,0.297499985412|0.297499985412|0.297500472299|0.297499985345|0.297499985374
639,VALID_CAMPAIGN,MICRO_MOTION,-6390785601361823254,5,PRISMATIC_ONLY,0.260000000000,-0.297500061050,1.19000000000,GUARDED_PRODUCTION,true,true,SUCCESS,NONE,1,true,true,2.76818728994e-07,false,false,false,false,0,NaN,4208,0.297499999612|0.297499999612|0.297500337864|0.297499999601|0.297499999591
639,VALID_CAMPAIGN,MICRO_MOTION,-6390785601361823254,5,PRISMATIC_ONLY,0.260000000000,-0.297500061050,1.19000000000,UNGUARDED_REFERENCE,true,true,CONVERGED_UNCERTIFIED,NO_GUARDS_OR_FINAL_CERTIFICATION,1,true,true,4.15383293595e-07,false,false,false,false,0,NaN,458,0.297499985412|0.297499985412|0.297500472299|0.297499985345|0.297499985374
640,VALID_CAMPAIGN,UNIFORM,-1844023607488635745,5,PRISMATIC_ONLY,0.260000000000,-0.217082437924,1.34657460731,GUARDED_PRODUCTION,true,true,SUCCESS_WITH_WARNING,CRITICAL_SINGULARITY_DAMPED,25,true,true,2.16862821044e-07,false,false,false,false,0,Infinity,65625,0.336643651541|0.336643651541|0.217082654783|0.336643651530|0.336643651520
640,VALID_CAMPAIGN,UNIFORM,-1844023607488635745,5,PRISMATIC_ONLY,0.260000000000,-0.217082437924,1.34657460731,UNGUARDED_REFERENCE,true,true,CONVERGED_UNCERTIFIED,NO_GUARDS_OR_FINAL_CERTIFICATION,3,true,true,1.36263198520e-07,false,false,false,false,0,NaN,1625,0.336643647732|0.336643647732|0.217082573185|0.336643647665|0.336643647694
641,VALID_CAMPAIGN,NEAR_JOINT_LIMIT,7076961007647582431,5,PRISMATIC_ONLY,0.260000000000,-0.574999994450,0.635000011100,GUARDED_PRODUCTION,true,true,SUCCESS_WITH_WARNING,CRITICAL_SINGULARITY_DAMPED,97,true,true,3.91120510423e-07,false,false,false,false,0,Infinity,233333,0.158750003202|0.158750003202|0.574999603333|0.158750003192|0.158750003182
641,VALID_CAMPAIGN,NEAR_JOINT_LIMIT,7076961007647582431,5,PRISMATIC_ONLY,0.260000000000,-0.574999994450,0.635000011100,UNGUARDED_REFERENCE,true,true,CONVERGED_UNCERTIFIED,NO_GUARDS_OR_FINAL_CERTIFICATION,3,true,true,6.06657546243e-07,false,false,false,false,0,NaN,1666,0.158750021529|0.158750021529|0.574999392440|0.158750021462|0.158750021530
642,VALID_CAMPAIGN,NEAR_SINGULARITY,2128145574304226387,5,PRISMATIC_ONLY,0.260000000000,-0.297500005550,1.19000000000,GUARDED_PRODUCTION,true,true,SUCCESS_WITH_WARNING,CRITICAL_SINGULARITY_DAMPED,76,true,true,3.32300552232e-07,false,false,false,false,0,Infinity,180667,0.297499999611|0.297499999611|0.297500337847|0.297499999603|0.297499999591
642,VALID_CAMPAIGN,NEAR_SINGULARITY,2128145574304226387,5,PRISMATIC_ONLY,0.260000000000,-0.297500005550,1.19000000000,UNGUARDED_REFERENCE,true,true,CONVERGED_UNCERTIFIED,NO_GUARDS_OR_FINAL_CERTIFICATION,3,true,true,4.70394891310e-07,false,false,false,false,0,NaN,1667,0.297499985394|0.297499985394|0.297500472298|0.297499985343|0.297499985411
643,VALID_CAMPAIGN,MICRO_MOTION,-6586944442051281962,5,PRISMATIC_ONLY,0.260000000000,-0.297500061050,1.19000000000,GUARDED_PRODUCTION,true,true,SUCCESS,NONE,1,true,true,2.76801308359e-07,false,false,false,false,0,NaN,4083,0.297499999611|0.297499999611|0.297500337847|0.297499999603|0.297499999591
643,VALID_CAMPAIGN,MICRO_MOTION,-6586944442051281962,5,PRISMATIC_ONLY,0.260000000000,-0.297500061050,1.19000000000,UNGUARDED_REFERENCE,true,true,CONVERGED_UNCERTIFIED,NO_GUARDS_OR_FINAL_CERTIFICATION,1,true,true,4.15382387941e-07,false,false,false,false,0,NaN,417,0.297499985394|0.297499985394|0.297500472298|0.297499985343|0.297499985411
644,VALID_CAMPAIGN,UNIFORM,1951220711696649189,5,PRISMATIC_ONLY,0.260000000000,-0.267237368373,0.793144791669,GUARDED_PRODUCTION,true,true,SUCCESS_WITH_WARNING,CRITICAL_SINGULARITY_DAMPED,40,true,true,4.80793461698e-07,false,false,false,false,0,Infinity,97375,0.198286212398|0.198286212398|0.267237845668|0.198286212389|0.198286212377
644,VALID_CAMPAIGN,UNIFORM,1951220711696649189,5,PRISMATIC_ONLY,0.260000000000,-0.267237368373,0.793144791669,UNGUARDED_REFERENCE,true,true,CONVERGED_UNCERTIFIED,NO_GUARDS_OR_FINAL_CERTIFICATION,3,true,true,6.58654725434e-08,false,false,false,false,0,NaN,1709,0.198286208376|0.198286208376|0.267237419275|0.198286208325|0.198286208393
645,VALID_CAMPAIGN,NEAR_JOINT_LIMIT,-3862568744386621373,5,PRISMATIC_ONLY,0.260000000000,-0.574999994450,1.19000000000,GUARDED_PRODUCTION,true,true,SUCCESS_WITH_WARNING,CRITICAL_SINGULARITY_DAMPED,71,true,true,2.74590718533e-07,false,false,false,false,0,Infinity,170167,0.297499999805|0.297499999805|0.574999719860|0.297499999796|0.297499999785
645,VALID_CAMPAIGN,NEAR_JOINT_LIMIT,-3862568744386621373,5,PRISMATIC_ONLY,0.260000000000,-0.574999994450,1.19000000000,UNGUARDED_REFERENCE,true,true,CONVERGED_UNCERTIFIED,NO_GUARDS_OR_FINAL_CERTIFICATION,3,true,true,5.19335443797e-07,false,false,false,false,0,NaN,1625,0.297499989559|0.297499989559|0.574999476799|0.297499989507|0.297499989575
646,VALID_CAMPAIGN,NEAR_SINGULARITY,-8729030603757817095,5,PRISMATIC_ONLY,0.260000000000,-0.297500005550,1.19000000000,GUARDED_PRODUCTION,true,true,SUCCESS_WITH_WARNING,CRITICAL_SINGULARITY_DAMPED,54,true,true,9.68431313808e-07,false,false,false,false,0,Infinity,129208,0.297500000007|0.297500000007|0.297500973981|0.297499999999|0.297499999987
646,VALID_CAMPAIGN,NEAR_SINGULARITY,-8729030603757817095,5,PRISMATIC_ONLY,0.260000000000,-0.297500005550,1.19000000000,UNGUARDED_REFERENCE,true,true,CONVERGED_UNCERTIFIED,NO_GUARDS_OR_FINAL_CERTIFICATION,3,true,true,4.66748570460e-07,false,false,false,false,0,NaN,1667,0.297500000009|0.297500000009|0.297500472299|0.297499999957|0.297500000025
647,VALID_CAMPAIGN,MICRO_MOTION,-9012068324475567514,5,PRISMATIC_ONLY,0.260000000000,-0.297500061050,1.19000000000,GUARDED_PRODUCTION,true,true,SUCCESS,NONE,1,true,true,9.12931313823e-07,false,false,false,false,0,NaN,4042,0.297500000007|0.297500000007|0.297500973981|0.297499999999|0.297499999987
647,VALID_CAMPAIGN,MICRO_MOTION,-9012068324475567514,5,PRISMATIC_ONLY,0.260000000000,-0.297500061050,1.19000000000,UNGUARDED_REFERENCE,true,true,CONVERGED_UNCERTIFIED,NO_GUARDS_OR_FINAL_CERTIFICATION,1,true,true,4.11248570475e-07,false,false,false,false,0,NaN,458,0.297500000009|0.297500000009|0.297500472299|0.297499999957|0.297500000025
648,VALID_CAMPAIGN,UNIFORM,4076345439441394538,5,PRISMATIC_ONLY,0.260000000000,-0.304747317654,1.45379885487,GUARDED_PRODUCTION,true,true,SUCCESS_WITH_WARNING,CRITICAL_SINGULARITY_DAMPED,27,true,true,5.95457014804e-07,false,false,false,false,0,Infinity,65709,0.363449644749|0.363449644749|0.304746789970|0.363449644742|0.363449644729
648,VALID_CAMPAIGN,UNIFORM,4076345439441394538,5,PRISMATIC_ONLY,0.260000000000,-0.304747317654,1.45379885487,UNGUARDED_REFERENCE,true,true,CONVERGED_UNCERTIFIED,NO_GUARDS_OR_FINAL_CERTIFICATION,3,true,true,3.03415745196e-08,false,false,false,false,0,NaN,1667,0.363449706779|0.363449706779|0.304747305465|0.363449706727|0.363449706795
649,VALID_CAMPAIGN,NEAR_JOINT_LIMIT,7510175959862681653,5,PRISMATIC_ONLY,0.260000000000,-0.574999994450,1.19000000000,GUARDED_PRODUCTION,true,true,SUCCESS_WITH_WARNING,CRITICAL_SINGULARITY_DAMPED,59,true,true,2.61381990274e-07,false,false,false,false,0,Infinity,140250,0.297500000159|0.297500000159|0.574999733069|0.297500000154|0.297500000140
649,VALID_CAMPAIGN,NEAR_JOINT_LIMIT,7510175959862681653,5,PRISMATIC_ONLY,0.260000000000,-0.574999994450,1.19000000000,UNGUARDED_REFERENCE,true,true,CONVERGED_UNCERTIFIED,NO_GUARDS_OR_FINAL_CERTIFICATION,3,true,true,4.55408051022e-07,false,false,false,false,0,NaN,1625,0.297500006955|0.297500006955|0.574999539890|0.297500006904|0.297500006972
650,VALID_CAMPAIGN,NEAR_SINGULARITY,5935154709577616474,5,PRISMATIC_ONLY,0.260000000000,-0.297500005550,1.19000000000,GUARDED_PRODUCTION,true,true,SUCCESS_WITH_WARNING,CRITICAL_SINGULARITY_DAMPED,54,true,true,9.68433618687e-07,false,false,false,false,0,Infinity,130167,0.297500000006|0.297500000006|0.297500973984|0.297500000001|0.297499999987
650,VALID_CAMPAIGN,NEAR_SINGULARITY,5935154709577616474,5,PRISMATIC_ONLY,0.260000000000,-0.297500005550,1.19000000000,UNGUARDED_REFERENCE,true,true,CONVERGED_UNCERTIFIED,NO_GUARDS_OR_FINAL_CERTIFICATION,3,true,true,4.66748676542e-07,false,false,false,false,0,NaN,1667,0.297500000009|0.297500000009|0.297500472299|0.297499999957|0.297500000025
651,VALID_CAMPAIGN,MICRO_MOTION,8148050942752409032,5,PRISMATIC_ONLY,0.260000000000,-0.297500061050,1.19000000000,GUARDED_PRODUCTION,true,true,SUCCESS,NONE,1,true,true,9.12933618702e-07,false,false,false,false,0,NaN,4000,0.297500000006|0.297500000006|0.297500973984|0.297500000001|0.297499999987
651,VALID_CAMPAIGN,MICRO_MOTION,8148050942752409032,5,PRISMATIC_ONLY,0.260000000000,-0.297500061050,1.19000000000,UNGUARDED_REFERENCE,true,true,CONVERGED_UNCERTIFIED,NO_GUARDS_OR_FINAL_CERTIFICATION,1,true,true,4.11248676557e-07,false,false,false,false,0,NaN,416,0.297500000009|0.297500000009|0.297500472299|0.297499999957|0.297500000025
652,VALID_CAMPAIGN,UNIFORM,3701048659042894681,5,PRISMATIC_ONLY,0.260000000000,-0.250955381333,1.02825286410,GUARDED_PRODUCTION,true,true,SUCCESS_WITH_WARNING,CRITICAL_SINGULARITY_DAMPED,21,true,true,4.99732798404e-07,false,false,false,false,0,Infinity,53666,0.257063217790|0.257063217790|0.250955881017|0.257063217785|0.257063217770
652,VALID_CAMPAIGN,UNIFORM,3701048659042894681,5,PRISMATIC_ONLY,0.260000000000,-0.250955381333,1.02825286410,UNGUARDED_REFERENCE,true,true,CONVERGED_UNCERTIFIED,NO_GUARDS_OR_FINAL_CERTIFICATION,3,true,true,8.01201753456e-08,false,false,false,false,0,NaN,1625,0.257063220294|0.257063220294|0.250955459621|0.257063220242|0.257063220310
653,VALID_CAMPAIGN,NEAR_JOINT_LIMIT,6224237821736537404,5,PRISMATIC_ONLY,0.260000000000,-0.0200000055500,1.19000000000,GUARDED_PRODUCTION,true,true,SUCCESS_WITH_WARNING,CRITICAL_SINGULARITY_DAMPED,49,true,true,1.20879442885e-07,false,false,false,false,0,Infinity,189084,0.297499999985|0.297499999985|0.0200001264294|0.297499999981|0.297499999964
653,VALID_CAMPAIGN,NEAR_JOINT_LIMIT,6224237821736537404,5,PRISMATIC_ONLY,0.260000000000,-0.0200000055500,1.19000000000,UNGUARDED_REFERENCE,true,true,CONVERGED_UNCERTIFIED,NO_GUARDS_OR_FINAL_CERTIFICATION,3,true,true,3.88835857496e-07,false,false,false,false,0,NaN,1750,0.297499995750|0.297499995750|0.0200003940125|0.297499995698|0.297499995766
654,VALID_CAMPAIGN,NEAR_SINGULARITY,-1666499110377022303,5,PRISMATIC_ONLY,0.260000000000,-0.297500005550,1.19000000000,GUARDED_PRODUCTION,true,true,SUCCESS_WITH_WARNING,CRITICAL_SINGULARITY_DAMPED,54,true,true,9.68460073358e-07,false,false,false,false,0,Infinity,131291,0.297500000006|0.297500000006|0.297499037090|0.297500000002|0.297499999986
654,VALID_CAMPAIGN,NEAR_SINGULARITY,-1666499110377022303,5,PRISMATIC_ONLY,0.260000000000,-0.297500005550,1.19000000000,UNGUARDED_REFERENCE,true,true,CONVERGED_UNCERTIFIED,NO_GUARDS_OR_FINAL_CERTIFICATION,3,true,true,4.66748796446e-07,false,false,false,false,0,NaN,1584,0.297500000009|0.297500000009|0.297499538801|0.297499999957|0.297500000025
655,VALID_CAMPAIGN,MICRO_MOTION,5839314892488980004,5,PRISMATIC_ONLY,0.260000000000,-0.297500061050,1.19000000000,GUARDED_PRODUCTION,true,true,SUCCESS_WITH_WARNING,CRITICAL_SINGULARITY_DAMPED,2,true,true,1.17688105539e-07,false,false,false,false,0,Infinity,6584,0.297500000006|0.297500000006|0.297499943362|0.297500000002|0.297499999986
655,VALID_CAMPAIGN,MICRO_MOTION,5839314892488980004,5,PRISMATIC_ONLY,0.260000000000,-0.297500061050,1.19000000000,UNGUARDED_REFERENCE,true,true,CONVERGED_UNCERTIFIED,NO_GUARDS_OR_FINAL_CERTIFICATION,1,true,true,5.22248796431e-07,false,false,false,false,0,NaN,500,0.297500000009|0.297500000009|0.297499538801|0.297499999957|0.297500000025
656,VALID_CAMPAIGN,UNIFORM,-2954177728757141770,5,PRISMATIC_ONLY,0.260000000000,-0.369885921887,0.725809816729,GUARDED_PRODUCTION,true,true,SUCCESS_WITH_WARNING,CRITICAL_SINGULARITY_DAMPED,48,true,true,3.80773886083e-07,false,false,false,false,0,Infinity,111792,0.181452456294|0.181452456294|0.369885541206|0.181452456291|0.181452456274
656,VALID_CAMPAIGN,UNIFORM,-2954177728757141770,5,PRISMATIC_ONLY,0.260000000000,-0.369885921887,0.725809816729,UNGUARDED_REFERENCE,true,true,CONVERGED_UNCERTIFIED,NO_GUARDS_OR_FINAL_CERTIFICATION,3,true,true,1.31202649738e-07,false,false,false,false,0,NaN,1583,0.181452466414|0.181452466414|0.369885800134|0.181452466363|0.181452466431
657,VALID_CAMPAIGN,NEAR_JOINT_LIMIT,-437049903854827017,5,PRISMATIC_ONLY,0.260000000000,-0.574999994450,1.19000000000,GUARDED_PRODUCTION,true,true,SUCCESS_WITH_WARNING,CRITICAL_SINGULARITY_DAMPED,61,true,true,1.16634851440e-07,false,false,false,false,0,Infinity,141708,0.297499999925|0.297499999925|0.574999877816|0.297499999920|0.297499999905
657,VALID_CAMPAIGN,NEAR_JOINT_LIMIT,-437049903854827017,5,PRISMATIC_ONLY,0.260000000000,-0.574999994450,1.19000000000,UNGUARDED_REFERENCE,true,true,CONVERGED_UNCERTIFIED,NO_GUARDS_OR_FINAL_CERTIFICATION,3,true,true,3.48445231088e-07,false,false,false,false,0,NaN,1583,0.297499987789|0.297499987789|0.574999649452|0.297499987737|0.297499987793
658,VALID_CAMPAIGN,NEAR_SINGULARITY,-4496427153005523733,5,PRISMATIC_ONLY,0.260000000000,-0.297500005550,1.19000000000,GUARDED_PRODUCTION,true,true,SUCCESS_WITH_WARNING,CRITICAL_SINGULARITY_DAMPED,54,true,true,9.68458877149e-07,false,false,false,false,0,Infinity,124834,0.297500000006|0.297500000006|0.297500974009|0.297500000001|0.297499999987
658,VALID_CAMPAIGN,NEAR_SINGULARITY,-4496427153005523733,5,PRISMATIC_ONLY,0.260000000000,-0.297500005550,1.19000000000,UNGUARDED_REFERENCE,true,true,CONVERGED_UNCERTIFIED,NO_GUARDS_OR_FINAL_CERTIFICATION,3,true,true,4.66748860839e-07,false,false,false,false,0,NaN,1625,0.297500000012|0.297500000012|0.297500472299|0.297499999961|0.297500000016
659,VALID_CAMPAIGN,MICRO_MOTION,-1682079886592702520,5,PRISMATIC_ONLY,0.260000000000,-0.297500061050,1.19000000000,GUARDED_PRODUCTION,true,true,SUCCESS,NONE,1,true,true,9.12958877164e-07,false,false,false,false,0,NaN,3875,0.297500000006|0.297500000006|0.297500974009|0.297500000001|0.297499999987
659,VALID_CAMPAIGN,MICRO_MOTION,-1682079886592702520,5,PRISMATIC_ONLY,0.260000000000,-0.297500061050,1.19000000000,UNGUARDED_REFERENCE,true,true,CONVERGED_UNCERTIFIED,NO_GUARDS_OR_FINAL_CERTIFICATION,1,true,true,4.11248860854e-07,false,false,false,false,0,NaN,500,0.297500000012|0.297500000012|0.297500472299|0.297499999961|0.297500000016
660,VALID_CAMPAIGN,UNIFORM,-8953766396996516659,5,PRISMATIC_ONLY,0.260000000000,-0.166402199156,1.01946202883,GUARDED_PRODUCTION,true,true,SUCCESS_WITH_WARNING,CRITICAL_SINGULARITY_DAMPED,33,true,true,1.93947248373e-07,false,false,false,false,0,Infinity,78750,0.254865507360|0.254865507360|0.166402393103|0.254865507355|0.254865507340
660,VALID_CAMPAIGN,UNIFORM,-8953766396996516659,5,PRISMATIC_ONLY,0.260000000000,-0.166402199156,1.01946202883,UNGUARDED_REFERENCE,true,true,CONVERGED_UNCERTIFIED,NO_GUARDS_OR_FINAL_CERTIFICATION,3,true,true,2.21235084727e-07,false,false,false,false,0,NaN,1625,0.254865511710|0.254865511710|0.166402419661|0.254865511658|0.254865511713
661,VALID_CAMPAIGN,NEAR_JOINT_LIMIT,-1266111624685255300,5,PRISMATIC_ONLY,0.260000000000,-0.0200000055500,0.635000011100,GUARDED_PRODUCTION,true,true,SUCCESS_WITH_WARNING,CRITICAL_SINGULARITY_DAMPED,48,true,true,5.12101333918e-07,false,false,false,false,0,Infinity,112667,0.158750003899|0.158750003899|0.0200005176318|0.158750003894|0.158750003879
661,VALID_CAMPAIGN,NEAR_JOINT_LIMIT,-1266111624685255300,5,PRISMATIC_ONLY,0.260000000000,-0.0200000055500,0.635000011100,UNGUARDED_REFERENCE,true,true,CONVERGED_UNCERTIFIED,NO_GUARDS_OR_FINAL_CERTIFICATION,3,true,true,2.49553386238e-07,false,false,false,false,0,NaN,1583,0.158750012911|0.158750012911|0.0200002517959|0.158750012859|0.158750012914
662,VALID_CAMPAIGN,NEAR_SINGULARITY,1429151582717794001,5,PRISMATIC_ONLY,0.260000000000,-0.297500005550,1.19000000000,GUARDED_PRODUCTION,true,true,SUCCESS_WITH_WARNING,CRITICAL_SINGULARITY_DAMPED,76,true,true,3.32288370744e-07,false,false,false,false,0,Infinity,175500,0.297499999610|0.297499999610|0.297499673265|0.297499999606|0.297499999591
662,VALID_CAMPAIGN,NEAR_SINGULARITY,1429151582717794001,5,PRISMATIC_ONLY,0.260000000000,-0.297500005550,1.19000000000,UNGUARDED_REFERENCE,true,true,CONVERGED_UNCERTIFIED,NO_GUARDS_OR_FINAL_CERTIFICATION,3,true,true,4.70395494778e-07,false,false,false,false,0,NaN,1583,0.297499985401|0.297499985401|0.297499538801|0.297499985335|0.297499985405
663,VALID_CAMPAIGN,MICRO_MOTION,-1305842698949925560,5,PRISMATIC_ONLY,0.260000000000,-0.297500061050,1.19000000000,GUARDED_PRODUCTION,true,true,SUCCESS,NONE,1,true,true,3.87787831055e-07,false,false,false,false,0,NaN,4000,0.297499999610|0.297499999610|0.297499673265|0.297499999606|0.297499999591
663,VALID_CAMPAIGN,MICRO_MOTION,-1305842698949925560,5,PRISMATIC_ONLY,0.260000000000,-0.297500061050,1.19000000000,UNGUARDED_REFERENCE,true,true,CONVERGED_UNCERTIFIED,NO_GUARDS_OR_FINAL_CERTIFICATION,1,true,true,5.25510527438e-07,false,false,false,false,0,NaN,458,0.297499985401|0.297499985401|0.297499538801|0.297499985335|0.297499985405
664,VALID_CAMPAIGN,UNIFORM,3723905740297634593,5,PRISMATIC_ONLY,0.260000000000,-0.213026746691,0.650572984936,GUARDED_PRODUCTION,true,true,SUCCESS_WITH_WARNING,CRITICAL_SINGULARITY_DAMPED,55,true,true,4.64455776924e-07,false,false,false,false,0,Infinity,126875,0.162643248724|0.162643248724|0.213027211040|0.162643248721|0.162643248704
664,VALID_CAMPAIGN,UNIFORM,3723905740297634593,5,PRISMATIC_ONLY,0.260000000000,-0.213026746691,0.650572984936,UNGUARDED_REFERENCE,true,true,CONVERGED_UNCERTIFIED,NO_GUARDS_OR_FINAL_CERTIFICATION,3,true,true,1.53020735937e-07,false,false,false,false,0,NaN,1584,0.162643260469|0.162643260469|0.213026888772|0.162643260372|0.162643260443
665,VALID_CAMPAIGN,NEAR_JOINT_LIMIT,3447152833252356868,5,PRISMATIC_ONLY,0.260000000000,-0.0200000055500,1.74499998890,GUARDED_PRODUCTION,true,true,SUCCESS_WITH_WARNING,CRITICAL_SINGULARITY_DAMPED,110,true,true,4.84857279991e-07,false,false,false,false,0,Infinity,268250,0.436249995728|0.436249995728|0.0200004903700|0.436249995724|0.436249995708
665,VALID_CAMPAIGN,NEAR_JOINT_LIMIT,3447152833252356868,5,PRISMATIC_ONLY,0.260000000000,-0.0200000055500,1.74499998890,UNGUARDED_REFERENCE,true,true,CONVERGED_UNCERTIFIED,NO_GUARDS_OR_FINAL_CERTIFICATION,3,true,true,3.44524422341e-07,false,false,false,false,0,NaN,1625,0.436249968422|0.436249968422|0.0200003302174|0.436249968356|0.436249968426
666,VALID_CAMPAIGN,NEAR_SINGULARITY,3020159107864874313,5,PRISMATIC_ONLY,0.260000000000,-0.297500005550,1.19000000000,GUARDED_PRODUCTION,true,true,SUCCESS_WITH_WARNING,CRITICAL_SINGULARITY_DAMPED,76,true,true,3.32291268759e-07,false,false,false,false,0,Infinity,175292,0.297500000402|0.297500000402|0.297499673263|0.297500000398|0.297500000381
666,VALID_CAMPAIGN,NEAR_SINGULARITY,3020159107864874313,5,PRISMATIC_ONLY,0.260000000000,-0.297500005550,1.19000000000,UNGUARDED_REFERENCE,true,true,CONVERGED_UNCERTIFIED,NO_GUARDS_OR_FINAL_CERTIFICATION,3,true,true,4.70395361036e-07,false,false,false,false,0,NaN,1583,0.297500014630|0.297500014630|0.297499538801|0.297500014564|0.297500014634
667,VALID_CAMPAIGN,MICRO_MOTION,3904569173882573875,5,PRISMATIC_ONLY,0.260000000000,-0.297500061050,1.19000000000,GUARDED_PRODUCTION,true,true,SUCCESS,NONE,1,true,true,3.87790729066e-07,false,false,false,false,0,NaN,3958,0.297500000402|0.297500000402|0.297499673263|0.297500000398|0.297500000381
667,VALID_CAMPAIGN,MICRO_MOTION,3904569173882573875,5,PRISMATIC_ONLY,0.260000000000,-0.297500061050,1.19000000000,UNGUARDED_REFERENCE,true,true,CONVERGED_UNCERTIFIED,NO_GUARDS_OR_FINAL_CERTIFICATION,1,true,true,5.25510393793e-07,false,false,false,false,0,NaN,416,0.297500014630|0.297500014630|0.297499538801|0.297500014564|0.297500014634
668,VALID_CAMPAIGN,UNIFORM,1619300693962228794,5,PRISMATIC_ONLY,0.260000000000,-0.428417148382,1.29193787291,GUARDED_PRODUCTION,true,true,SUCCESS_WITH_WARNING,CRITICAL_SINGULARITY_DAMPED,30,true,true,3.09961087959e-07,false,false,false,false,0,Infinity,70708,0.322984468058|0.322984468058|0.428416838422|0.322984468055|0.322984468036
668,VALID_CAMPAIGN,UNIFORM,1619300693962228794,5,PRISMATIC_ONLY,0.260000000000,-0.428417148382,1.29193787291,UNGUARDED_REFERENCE,true,true,CONVERGED_UNCERTIFIED,NO_GUARDS_OR_FINAL_CERTIFICATION,3,true,true,2.20462407093e-07,false,false,false,false,0,NaN,1625,0.322984465560|0.322984465560|0.428416928181|0.322984465493|0.322984465564
669,VALID_CAMPAIGN,NEAR_JOINT_LIMIT,-3175678866999549694,5,PRISMATIC_ONLY,0.260000000000,-0.0200000055500,1.74499998890,GUARDED_PRODUCTION,true,true,SUCCESS_WITH_WARNING,CRITICAL_SINGULARITY_DAMPED,89,true,true,6.95936512268e-07,false,false,false,false,0,Infinity,204000,0.436249996709|0.436249996709|0.0200007014834|0.436249996705|0.436249996687
669,VALID_CAMPAIGN,NEAR_JOINT_LIMIT,-3175678866999549694,5,PRISMATIC_ONLY,0.260000000000,-0.0200000055500,1.74499998890,UNGUARDED_REFERENCE,true,true,CONVERGED_UNCERTIFIED,NO_GUARDS_OR_FINAL_CERTIFICATION,3,true,true,6.88604599262e-07,false,false,false,false,0,NaN,1625,0.436249985317|0.436249985317|0.0200006924991|0.436249985250|0.436249985296
670,VALID_CAMPAIGN,NEAR_SINGULARITY,2847219982594376509,5,PRISMATIC_ONLY,0.260000000000,-0.297500005550,1.19000000000,GUARDED_PRODUCTION,true,true,SUCCESS_WITH_WARNING,CRITICAL_SINGULARITY_DAMPED,76,true,true,3.32268379134e-07,false,false,false,false,0,Infinity,175875,0.297500000402|0.297500000402|0.297499673285|0.297500000397|0.297500000381
670,VALID_CAMPAIGN,NEAR_SINGULARITY,2847219982594376509,5,PRISMATIC_ONLY,0.260000000000,-0.297500005550,1.19000000000,UNGUARDED_REFERENCE,true,true,CONVERGED_UNCERTIFIED,NO_GUARDS_OR_FINAL_CERTIFICATION,3,true,true,4.70394761022e-07,false,false,false,false,0,NaN,1583,0.297500014644|0.297500014644|0.297499538802|0.297500014578|0.297500014592
671,VALID_CAMPAIGN,MICRO_MOTION,9168003940383714708,5,PRISMATIC_ONLY,0.260000000000,-0.297500061050,1.19000000000,GUARDED_PRODUCTION,true,true,SUCCESS,NONE,1,true,true,3.87767839471e-07,false,false,false,false,0,NaN,3833,0.297500000402|0.297500000402|0.297499673285|0.297500000397|0.297500000381
671,VALID_CAMPAIGN,MICRO_MOTION,9168003940383714708,5,PRISMATIC_ONLY,0.260000000000,-0.297500061050,1.19000000000,UNGUARDED_REFERENCE,true,true,CONVERGED_UNCERTIFIED,NO_GUARDS_OR_FINAL_CERTIFICATION,1,true,true,5.25509792354e-07,false,false,false,false,0,NaN,459,0.297500014644|0.297500014644|0.297499538802|0.297500014578|0.297500014592
672,VALID_CAMPAIGN,UNIFORM,8973461133247980541,5,PRISMATIC_ONLY,0.260000000000,-0.179663157390,1.48891524788,GUARDED_PRODUCTION,true,true,SUCCESS_WITH_WARNING,CRITICAL_SINGULARITY_DAMPED,39,true,true,2.83935985753e-07,false,false,false,false,0,Infinity,90666,0.372228811431|0.372228811431|0.179663441317|0.372228811426|0.372228811410
672,VALID_CAMPAIGN,UNIFORM,8973461133247980541,5,PRISMATIC_ONLY,0.260000000000,-0.179663157390,1.48891524788,UNGUARDED_REFERENCE,true,true,CONVERGED_UNCERTIFIED,NO_GUARDS_OR_FINAL_CERTIFICATION,3,true,true,2.00683533136e-07,false,false,false,false,0,NaN,1583,0.372228804137|0.372228804137|0.179663355588|0.372228804054|0.372228804069
673,VALID_CAMPAIGN,NEAR_JOINT_LIMIT,2075250977678582779,5,PRISMATIC_ONLY,0.260000000000,-0.574999994450,1.19000000000,GUARDED_PRODUCTION,true,true,SUCCESS_WITH_WARNING,CRITICAL_SINGULARITY_DAMPED,81,true,true,3.32632852108e-07,false,false,false,false,0,Infinity,188042,0.297500000156|0.297500000156|0.574999661818|0.297500000150|0.297500000134
673,VALID_CAMPAIGN,NEAR_JOINT_LIMIT,2075250977678582779,5,PRISMATIC_ONLY,0.260000000000,-0.574999994450,1.19000000000,UNGUARDED_REFERENCE,true,true,CONVERGED_UNCERTIFIED,NO_GUARDS_OR_FINAL_CERTIFICATION,3,true,true,6.65693298059e-07,false,false,false,false,0,NaN,1625,0.297500007905|0.297500007905|0.574999329502|0.297500007822|0.297500007853
674,VALID_CAMPAIGN,NEAR_SINGULARITY,-1152343871917128299,5,PRISMATIC_ONLY,0.260000000000,-0.297500005550,1.19000000000,GUARDED_PRODUCTION,true,true,SUCCESS_WITH_WARNING,CRITICAL_SINGULARITY_DAMPED,54,true,true,9.68421185299e-07,false,false,false,false,0,Infinity,134542,0.297500000007|0.297500000007|0.297500973971|0.297500000001|0.297499999985
674,VALID_CAMPAIGN,NEAR_SINGULARITY,-1152343871917128299,5,PRISMATIC_ONLY,0.260000000000,-0.297500005550,1.19000000000,UNGUARDED_REFERENCE,true,true,CONVERGED_UNCERTIFIED,NO_GUARDS_OR_FINAL_CERTIFICATION,3,true,true,4.66748322658e-07,false,false,false,false,0,NaN,1625,0.297500000034|0.297500000034|0.297500472298|0.297499999951|0.297499999982
675,VALID_CAMPAIGN,MICRO_MOTION,1080114621250361871,5,PRISMATIC_ONLY,0.260000000000,-0.297500061050,1.19000000000,GUARDED_PRODUCTION,true,true,SUCCESS,NONE,1,true,true,9.12921185314e-07,false,false,false,false,0,NaN,4042,0.297500000007|0.297500000007|0.297500973971|0.297500000001|0.297499999985
675,VALID_CAMPAIGN,MICRO_MOTION,1080114621250361871,5,PRISMATIC_ONLY,0.260000000000,-0.297500061050,1.19000000000,UNGUARDED_REFERENCE,true,true,CONVERGED_UNCERTIFIED,NO_GUARDS_OR_FINAL_CERTIFICATION,1,true,true,4.11248322674e-07,false,false,false,false,0,NaN,458,0.297500000034|0.297500000034|0.297500472298|0.297499999951|0.297499999982
676,VALID_CAMPAIGN,UNIFORM,-6146441589363035722,5,PRISMATIC_ONLY,0.260000000000,-0.507376501842,1.28769601194,GUARDED_PRODUCTION,true,true,SUCCESS_WITH_WARNING,CRITICAL_SINGULARITY_DAMPED,43,true,true,7.99120835825e-07,false,false,false,false,0,Infinity,106834,0.321924002656|0.321924002656|0.507375702722|0.321924002651|0.321924002635
676,VALID_CAMPAIGN,UNIFORM,-6146441589363035722,5,PRISMATIC_ONLY,0.260000000000,-0.507376501842,1.28769601194,UNGUARDED_REFERENCE,true,true,CONVERGED_UNCERTIFIED,NO_GUARDS_OR_FINAL_CERTIFICATION,3,true,true,3.53157239448e-07,false,false,false,false,0,NaN,1625,0.321924000447|0.321924000447|0.507376148835|0.321924000364|0.321924000395
677,VALID_CAMPAIGN,NEAR_JOINT_LIMIT,-7457493931130366045,5,PRISMATIC_ONLY,0.260000000000,-0.0200000055500,1.19000000000,GUARDED_PRODUCTION,true,true,SUCCESS_WITH_WARNING,CRITICAL_SINGULARITY_DAMPED,93,true,true,2.68646061734e-07,false,false,false,false,0,Infinity,237959,0.297500000034|0.297500000034|0.0200002741960|0.297500000029|0.297500000013
677,VALID_CAMPAIGN,NEAR_JOINT_LIMIT,-7457493931130366045,5,PRISMATIC_ONLY,0.260000000000,-0.0200000055500,1.19000000000,UNGUARDED_REFERENCE,true,true,CONVERGED_UNCERTIFIED,NO_GUARDS_OR_FINAL_CERTIFICATION,3,true,true,8.19821542485e-07,false,false,false,false,0,NaN,1750,0.297500002606|0.297500002606|0.0200008253070|0.297500002523|0.297500002554
678,VALID_CAMPAIGN,NEAR_SINGULARITY,-191657368116556751,5,PRISMATIC_ONLY,0.260000000000,-0.297500005550,1.19000000000,GUARDED_PRODUCTION,true,true,SUCCESS_WITH_WARNING,CRITICAL_SINGULARITY_DAMPED,54,true,true,9.68434287929e-07,false,false,false,false,0,Infinity,136250,0.297500000006|0.297500000006|0.297499037116|0.297500000002|0.297499999986
678,VALID_CAMPAIGN,NEAR_SINGULARITY,-191657368116556751,5,PRISMATIC_ONLY,0.260000000000,-0.297500005550,1.19000000000,UNGUARDED_REFERENCE,true,true,CONVERGED_UNCERTIFIED,NO_GUARDS_OR_FINAL_CERTIFICATION,3,true,true,4.66748071026e-07,false,false,false,false,0,NaN,1709,0.297500000034|0.297500000034|0.297499538802|0.297499999951|0.297499999982
679,VALID_CAMPAIGN,MICRO_MOTION,8655001624411244094,5,PRISMATIC_ONLY,0.260000000000,-0.297500061050,1.19000000000,GUARDED_PRODUCTION,true,true,SUCCESS_WITH_WARNING,CRITICAL_SINGULARITY_DAMPED,2,true,true,1.17685141909e-07,false,false,false,false,0,Infinity,6500,0.297500000006|0.297500000006|0.297499943365|0.297500000002|0.297499999986
679,VALID_CAMPAIGN,MICRO_MOTION,8655001624411244094,5,PRISMATIC_ONLY,0.260000000000,-0.297500061050,1.19000000000,UNGUARDED_REFERENCE,true,true,CONVERGED_UNCERTIFIED,NO_GUARDS_OR_FINAL_CERTIFICATION,1,true,true,5.22248071011e-07,false,false,false,false,0,NaN,417,0.297500000034|0.297500000034|0.297499538802|0.297499999951|0.297499999982
680,VALID_CAMPAIGN,UNIFORM,6676248750499943013,5,PRISMATIC_ONLY,0.260000000000,-0.317777010372,1.38041886458,GUARDED_PRODUCTION,true,true,SUCCESS_WITH_WARNING,CRITICAL_SINGULARITY_DAMPED,22,true,true,1.57476249418e-07,false,false,false,false,0,Infinity,57125,0.345104714744|0.345104714744|0.317776852997|0.345104714738|0.345104714722
680,VALID_CAMPAIGN,UNIFORM,6676248750499943013,5,PRISMATIC_ONLY,0.260000000000,-0.317777010372,1.38041886458,UNGUARDED_REFERENCE,true,true,CONVERGED_UNCERTIFIED,NO_GUARDS_OR_FINAL_CERTIFICATION,3,true,true,3.95664543201e-08,false,false,false,false,0,NaN,2625,0.345104711164|0.345104711164|0.317776976266|0.345104711081|0.345104711112
681,VALID_CAMPAIGN,NEAR_JOINT_LIMIT,-8193453116029701251,5,PRISMATIC_ONLY,0.260000000000,-0.574999994450,0.635000011100,GUARDED_PRODUCTION,true,true,SUCCESS_WITH_WARNING,CRITICAL_SINGULARITY_DAMPED,87,true,true,5.66708929418e-07,false,false,false,false,0,Infinity,213958,0.158750003822|0.158750003822|0.574999427756|0.158750003817|0.158750003803
681,VALID_CAMPAIGN,NEAR_JOINT_LIMIT,-8193453116029701251,5,PRISMATIC_ONLY,0.260000000000,-0.574999994450,0.635000011100,UNGUARDED_REFERENCE,true,true,CONVERGED_UNCERTIFIED,NO_GUARDS_OR_FINAL_CERTIFICATION,3,true,true,4.39710408278e-07,false,false,false,false,0,NaN,2709,0.158750022437|0.158750022437|0.574999561806|0.158750022354|0.158750022385
682,VALID_CAMPAIGN,NEAR_SINGULARITY,6886649642594742395,5,PRISMATIC_ONLY,0.260000000000,-0.297500005550,1.19000000000,GUARDED_PRODUCTION,true,true,SUCCESS_WITH_WARNING,CRITICAL_SINGULARITY_DAMPED,76,true,true,3.32281194903e-07,false,false,false,false,0,Infinity,188458,0.297499999611|0.297499999611|0.297500337827|0.297499999606|0.297499999590
682,VALID_CAMPAIGN,NEAR_SINGULARITY,6886649642594742395,5,PRISMATIC_ONLY,0.260000000000,-0.297500005550,1.19000000000,UNGUARDED_REFERENCE,true,true,CONVERGED_UNCERTIFIED,NO_GUARDS_OR_FINAL_CERTIFICATION,3,true,true,4.70395176358e-07,false,false,false,false,0,NaN,1959,0.297499985419|0.297499985419|0.297500472299|0.297499985336|0.297499985368
683,VALID_CAMPAIGN,MICRO_MOTION,-6613207362537073836,5,PRISMATIC_ONLY,0.260000000000,-0.297500061050,1.19000000000,GUARDED_PRODUCTION,true,true,SUCCESS,NONE,1,true,true,2.76781951009e-07,false,false,false,false,0,NaN,4083,0.297499999611|0.297499999611|0.297500337827|0.297499999606|0.297499999590
683,VALID_CAMPAIGN,MICRO_MOTION,-6613207362537073836,5,PRISMATIC_ONLY,0.260000000000,-0.297500061050,1.19000000000,UNGUARDED_REFERENCE,true,true,CONVERGED_UNCERTIFIED,NO_GUARDS_OR_FINAL_CERTIFICATION,1,true,true,4.15382672684e-07,false,false,false,false,0,NaN,417,0.297499985419|0.297499985419|0.297500472299|0.297499985336|0.297499985368
684,VALID_CAMPAIGN,UNIFORM,-1438271077127491313,5,PRISMATIC_ONLY,0.260000000000,-0.540426570571,1.14841425641,GUARDED_PRODUCTION,true,true,SUCCESS_WITH_WARNING,CRITICAL_SINGULARITY_DAMPED,48,true,true,9.01214670201e-07,false,false,false,false,0,Infinity,118042,0.287103564249|0.287103564249|0.540425669356|0.287103564244|0.287103564229
684,VALID_CAMPAIGN,UNIFORM,-1438271077127491313,5,PRISMATIC_ONLY,0.260000000000,-0.540426570571,1.14841425641,UNGUARDED_REFERENCE,true,true,CONVERGED_UNCERTIFIED,NO_GUARDS_OR_FINAL_CERTIFICATION,3,true,true,4.08620324335e-07,false,false,false,false,0,NaN,1709,0.287103565232|0.287103565232|0.540426161974|0.287103565149|0.287103565178
685,VALID_CAMPAIGN,NEAR_JOINT_LIMIT,6773544934628665550,5,PRISMATIC_ONLY,0.260000000000,-0.574999994450,1.74499998890,GUARDED_PRODUCTION,true,true,SUCCESS_WITH_WARNING,CRITICAL_SINGULARITY_DAMPED,58,true,true,3.48257683963e-07,false,false,false,false,0,Infinity,141292,0.436249986539|0.436249986539|0.574999648829|0.436249986533|0.436249986518
685,VALID_CAMPAIGN,NEAR_JOINT_LIMIT,6773544934628665550,5,PRISMATIC_ONLY,0.260000000000,-0.574999994450,1.74499998890,UNGUARDED_REFERENCE,true,true,CONVERGED_UNCERTIFIED,NO_GUARDS_OR_FINAL_CERTIFICATION,3,true,true,8.56169732950e-08,false,false,false,false,0,NaN,1667,0.436249981550|0.436249981550|0.574999936298|0.436249981467|0.436249981496
686,VALID_CAMPAIGN,NEAR_SINGULARITY,7049953248271265872,5,PRISMATIC_ONLY,0.260000000000,-0.297500005550,1.19000000000,GUARDED_PRODUCTION,true,true,SUCCESS_WITH_WARNING,CRITICAL_SINGULARITY_DAMPED,76,true,true,3.32303239743e-07,false,false,false,false,0,Infinity,177083,0.297500000403|0.297500000403|0.297500337849|0.297500000396|0.297500000381
686,VALID_CAMPAIGN,NEAR_SINGULARITY,7049953248271265872,5,PRISMATIC_ONLY,0.260000000000,-0.297500005550,1.19000000000,UNGUARDED_REFERENCE,true,true,CONVERGED_UNCERTIFIED,NO_GUARDS_OR_FINAL_CERTIFICATION,3,true,true,4.70395794131e-07,false,false,false,false,0,NaN,1584,0.297500014649|0.297500014649|0.297500472299|0.297500014566|0.297500014594
687,VALID_CAMPAIGN,MICRO_MOTION,9080269651195443081,5,PRISMATIC_ONLY,0.260000000000,-0.297500061050,1.19000000000,GUARDED_PRODUCTION,true,true,SUCCESS,NONE,1,true,true,2.76803995871e-07,false,false,false,false,0,NaN,4000,0.297500000403|0.297500000403|0.297500337849|0.297500000396|0.297500000381
687,VALID_CAMPAIGN,MICRO_MOTION,9080269651195443081,5,PRISMATIC_ONLY,0.260000000000,-0.297500061050,1.19000000000,UNGUARDED_REFERENCE,true,true,CONVERGED_UNCERTIFIED,NO_GUARDS_OR_FINAL_CERTIFICATION,1,true,true,4.15383288113e-07,false,false,false,false,0,NaN,459,0.297500014649|0.297500014649|0.297500472299|0.297500014566|0.297500014594
688,VALID_CAMPAIGN,UNIFORM,8999389006116759275,5,PRISMATIC_ONLY,0.260000000000,-0.205701355139,0.904052518219,GUARDED_PRODUCTION,true,true,SUCCESS_WITH_WARNING,CRITICAL_SINGULARITY_DAMPED,35,true,true,4.49363380244e-07,false,false,false,false,0,Infinity,82333,0.226013130824|0.226013130824|0.205701804474|0.226013130816|0.226013130802
688,VALID_CAMPAIGN,UNIFORM,8999389006116759275,5,PRISMATIC_ONLY,0.260000000000,-0.205701355139,0.904052518219,UNGUARDED_REFERENCE,true,true,CONVERGED_UNCERTIFIED,NO_GUARDS_OR_FINAL_CERTIFICATION,3,true,true,1.57314339569e-07,false,false,false,false,0,NaN,1583,0.226013137119|0.226013137119|0.205701509544|0.226013137036|0.226013137065
689,VALID_CAMPAIGN,NEAR_JOINT_LIMIT,-552387578496827973,5,PRISMATIC_ONLY,0.260000000000,-0.574999994450,1.19000000000,GUARDED_PRODUCTION,true,true,SUCCESS_WITH_WARNING,CRITICAL_SINGULARITY_DAMPED,76,true,true,4.87517397451e-07,false,false,false,false,0,Infinity,178000,0.297499999747|0.297499999747|0.574999506934|0.297499999738|0.297499999725
689,VALID_CAMPAIGN,NEAR_JOINT_LIMIT,-552387578496827973,5,PRISMATIC_ONLY,0.260000000000,-0.574999994450,1.19000000000,UNGUARDED_REFERENCE,true,true,CONVERGED_UNCERTIFIED,NO_GUARDS_OR_FINAL_CERTIFICATION,3,true,true,6.21882453806e-07,false,false,false,false,0,NaN,1583,0.297499992505|0.297499992505|0.574999373297|0.297499992422|0.297499992451
690,VALID_CAMPAIGN,NEAR_SINGULARITY,-6483114565608362670,5,PRISMATIC_ONLY,0.260000000000,-0.297500005550,1.19000000000,GUARDED_PRODUCTION,true,true,SUCCESS_WITH_WARNING,CRITICAL_SINGULARITY_DAMPED,54,true,true,9.68394157863e-07,false,false,false,false,0,Infinity,124875,0.297500000008|0.297500000008|0.297500973944|0.297499999999|0.297499999985
690,VALID_CAMPAIGN,NEAR_SINGULARITY,-6483114565608362670,5,PRISMATIC_ONLY,0.260000000000,-0.297500005550,1.19000000000,UNGUARDED_REFERENCE,true,true,CONVERGED_UNCERTIFIED,NO_GUARDS_OR_FINAL_CERTIFICATION,3,true,true,4.66748396322e-07,false,false,false,false,0,NaN,1583,0.297500000034|0.297500000034|0.297500472298|0.297499999951|0.297499999980
691,VALID_CAMPAIGN,MICRO_MOTION,8684985180741555062,5,PRISMATIC_ONLY,0.260000000000,-0.297500061050,1.19000000000,GUARDED_PRODUCTION,true,true,SUCCESS,NONE,1,true,true,9.12894157878e-07,false,false,false,false,0,NaN,3833,0.297500000008|0.297500000008|0.297500973944|0.297499999999|0.297499999985
691,VALID_CAMPAIGN,MICRO_MOTION,8684985180741555062,5,PRISMATIC_ONLY,0.260000000000,-0.297500061050,1.19000000000,UNGUARDED_REFERENCE,true,true,CONVERGED_UNCERTIFIED,NO_GUARDS_OR_FINAL_CERTIFICATION,1,true,true,4.11248396337e-07,false,false,false,false,0,NaN,500,0.297500000034|0.297500000034|0.297500472298|0.297499999951|0.297499999980
692,VALID_CAMPAIGN,UNIFORM,-6434458658666203236,5,PRISMATIC_ONLY,0.260000000000,-0.302569750436,0.654176827629,GUARDED_PRODUCTION,true,true,SUCCESS_WITH_WARNING,CRITICAL_SINGULARITY_DAMPED,52,true,true,1.34760536902e-07,false,false,false,false,0,Infinity,120333,0.163544231178|0.163544231178|0.302569656939|0.163544231169|0.163544231154
692,VALID_CAMPAIGN,UNIFORM,-6434458658666203236,5,PRISMATIC_ONLY,0.260000000000,-0.302569750436,0.654176827629,UNGUARDED_REFERENCE,true,true,CONVERGED_UNCERTIFIED,NO_GUARDS_OR_FINAL_CERTIFICATION,3,true,true,5.70779075708e-08,false,false,false,false,0,NaN,1709,0.163544221051|0.163544221051|0.302569741910|0.163544220968|0.163544220997
693,VALID_CAMPAIGN,NEAR_JOINT_LIMIT,2752349137436573551,5,PRISMATIC_ONLY,0.260000000000,-0.0200000055500,1.19000000000,GUARDED_PRODUCTION,true,true,SUCCESS_WITH_WARNING,CRITICAL_SINGULARITY_DAMPED,75,true,true,6.79323868666e-07,false,false,false,false,0,Infinity,174833,0.297499999083|0.297499999083|0.0200006848638|0.297499999074|0.297499999059
693,VALID_CAMPAIGN,NEAR_JOINT_LIMIT,2752349137436573551,5,PRISMATIC_ONLY,0.260000000000,-0.0200000055500,1.19000000000,UNGUARDED_REFERENCE,true,true,CONVERGED_UNCERTIFIED,NO_GUARDS_OR_FINAL_CERTIFICATION,3,true,true,4.78615787886e-07,false,false,false,false,0,NaN,1625,0.297499985925|0.297499985925|0.0200004808266|0.297499985842|0.297499985871
694,VALID_CAMPAIGN,NEAR_SINGULARITY,-3138830398556378706,5,PRISMATIC_ONLY,0.260000000000,-0.297500005550,1.19000000000,GUARDED_PRODUCTION,true,true,SUCCESS_WITH_WARNING,CRITICAL_SINGULARITY_DAMPED,54,true,true,9.68362625975e-07,false,false,false,false,0,Infinity,127250,0.297500000008|0.297500000008|0.297499037187|0.297499999999|0.297499999984
694,VALID_CAMPAIGN,NEAR_SINGULARITY,-3138830398556378706,5,PRISMATIC_ONLY,0.260000000000,-0.297500005550,1.19000000000,UNGUARDED_REFERENCE,true,true,CONVERGED_UNCERTIFIED,NO_GUARDS_OR_FINAL_CERTIFICATION,3,true,true,4.66748650452e-07,false,false,false,false,0,NaN,1625,0.297500000034|0.297500000034|0.297499538801|0.297499999951|0.297499999980
695,VALID_CAMPAIGN,MICRO_MOTION,6408271448767088743,5,PRISMATIC_ONLY,0.260000000000,-0.297500061050,1.19000000000,GUARDED_PRODUCTION,true,true,SUCCESS_WITH_WARNING,CRITICAL_SINGULARITY_DAMPED,2,true,true,1.17676905498e-07,false,false,false,false,0,Infinity,6209,0.297500000008|0.297500000008|0.297499943373|0.297499999999|0.297499999984
695,VALID_CAMPAIGN,MICRO_MOTION,6408271448767088743,5,PRISMATIC_ONLY,0.260000000000,-0.297500061050,1.19000000000,UNGUARDED_REFERENCE,true,true,CONVERGED_UNCERTIFIED,NO_GUARDS_OR_FINAL_CERTIFICATION,1,true,true,5.22248650436e-07,false,false,false,false,0,NaN,417,0.297500000034|0.297500000034|0.297499538801|0.297499999951|0.297499999980
696,ADVERSARIAL_PROBES,NON_FINITE_TARGET,-1887465536400070899,5,PRISMATIC_ONLY,NaN,-0.297500000000,1.19000000000,GUARDED_PRODUCTION,false,false,INVALID_INPUT,INVALID_TARGET,0,true,true,NaN,false,false,false,false,0,NaN,3083,0.297500000000|0.297500000000|0.297500000000|0.297500000000|0.297500000000
696,ADVERSARIAL_PROBES,NON_FINITE_TARGET,-1887465536400070899,5,PRISMATIC_ONLY,NaN,-0.297500000000,1.19000000000,UNGUARDED_REFERENCE,false,false,MAX_ITERATIONS_UNCERTIFIED,NO_GUARDS_OR_FINAL_CERTIFICATION,800,false,false,NaN,true,false,false,true,0,NaN,493708,NaN|NaN|NaN|NaN|NaN
697,ADVERSARIAL_PROBES,INFINITE_TARGET,-3557148499006690340,5,PRISMATIC_ONLY,0.260000000000,-0.297500000000,Infinity,GUARDED_PRODUCTION,false,false,INVALID_INPUT,INVALID_TARGET,0,true,true,Infinity,false,false,false,false,0,NaN,9125,0.297500000000|0.297500000000|0.297500000000|0.297500000000|0.297500000000
697,ADVERSARIAL_PROBES,INFINITE_TARGET,-3557148499006690340,5,PRISMATIC_ONLY,0.260000000000,-0.297500000000,Infinity,UNGUARDED_REFERENCE,false,false,MAX_ITERATIONS_UNCERTIFIED,NO_GUARDS_OR_FINAL_CERTIFICATION,800,false,false,NaN,true,false,false,true,0,NaN,529500,NaN|NaN|NaN|NaN|NaN
698,ADVERSARIAL_PROBES,NON_FINITE_INITIAL_STATE,-8278713869303738447,5,PRISMATIC_ONLY,0.260000000000,-0.297500000000,1.19000000000,GUARDED_PRODUCTION,false,false,INVALID_INPUT,INVALID_INITIAL_STATE,0,true,true,0.00000000000,false,false,false,false,0,NaN,5542,0.297500000000|0.297500000000|0.297500000000|0.297500000000|0.297500000000
698,ADVERSARIAL_PROBES,NON_FINITE_INITIAL_STATE,-8278713869303738447,5,PRISMATIC_ONLY,0.260000000000,-0.297500000000,1.19000000000,UNGUARDED_REFERENCE,false,false,MAX_ITERATIONS_UNCERTIFIED,NO_GUARDS_OR_FINAL_CERTIFICATION,800,false,false,NaN,true,false,false,true,0,NaN,480792,NaN|NaN|NaN|NaN|NaN
699,ADVERSARIAL_PROBES,OVERFLOWING_GEOMETRY,1268896816553312355,5,PRISMATIC_ONLY,0.00000000000,0.00000000000,0.00000000000,GUARDED_PRODUCTION,false,false,NUMERICAL_FAILURE,OUTPUT_VALIDATION_FAILED,1,true,true,Infinity,false,false,false,false,0,NaN,8959,0.297500000000|0.297500000000|0.297500000000|0.297500000000|0.297500000000
699,ADVERSARIAL_PROBES,OVERFLOWING_GEOMETRY,1268896816553312355,5,PRISMATIC_ONLY,0.00000000000,0.00000000000,0.00000000000,UNGUARDED_REFERENCE,false,false,MAX_ITERATIONS_UNCERTIFIED,NO_GUARDS_OR_FINAL_CERTIFICATION,800,false,false,NaN,true,false,false,true,0,NaN,476041,NaN|NaN|NaN|NaN|NaN
700,VALID_CAMPAIGN,UNIFORM,3390368458752025529,5,MIXED,0.974127980844,-0.598061164152,0.165582837537,GUARDED_PRODUCTION,true,true,SUCCESS,NONE,33,true,true,2.30600081441e-10,false,false,false,false,0,26.0814377016,98708,0.625770103790|-1.31964253628|0.287847018562|-0.0899704578995|0.112049522142
700,VALID_CAMPAIGN,UNIFORM,3390368458752025529,5,MIXED,0.974127980844,-0.598061164152,0.165582837537,UNGUARDED_REFERENCE,true,true,CONVERGED_UNCERTIFIED,NO_GUARDS_OR_FINAL_CERTIFICATION,9,true,true,1.05173881679e-09,false,false,false,false,0,NaN,6959,0.374399120774|-1.36607474992|0.0923597189201|-0.112905726279|1.00690235462
701,VALID_CAMPAIGN,NEAR_JOINT_LIMIT,8159378805150749316,5,MIXED,0.116388050101,-0.336908296369,-0.0210988429887,GUARDED_PRODUCTION,false,false,NO_CONVERGENCE,STAGNATION_WINDOW_EXCEEDED,35,true,true,0.445440746689,false,false,false,false,6,6.32769221023,101250,1.66571979713|-2.37713844122|0.287096279807|-0.386287450868|0.172432718001
701,VALID_CAMPAIGN,NEAR_JOINT_LIMIT,8159378805150749316,5,MIXED,0.116388050101,-0.336908296369,-0.0210988429887,UNGUARDED_REFERENCE,true,false,CONVERGED_UNCERTIFIED,NO_GUARDS_OR_FINAL_CERTIFICATION,6,true,false,1.57485609554e-09,false,true,false,true,0,NaN,4958,1.51843249118|-3.03048651033|0.121920204381|-1.05279602746|1.45968724436
702,VALID_CAMPAIGN,NEAR_SINGULARITY,2511205898023754521,5,MIXED,1.46556000597,-0.297499955878,0.199999986368,GUARDED_PRODUCTION,true,true,SUCCESS,NONE,61,true,true,2.83780802952e-08,false,false,false,false,0,6.63575860270,169500,-0.00662313651676|0.00666902778028|0.295722771315|-3.87280765507e-08|0.00665138738053
702,VALID_CAMPAIGN,NEAR_SINGULARITY,2511205898023754521,5,MIXED,1.46556000597,-0.297499955878,0.199999986368,UNGUARDED_REFERENCE,true,true,CONVERGED_UNCERTIFIED,NO_GUARDS_OR_FINAL_CERTIFICATION,22,true,true,3.08662274980e-08,false,false,false,false,0,NaN,16417,-0.157609344602|0.197413211206|0.229959231363|-4.44950468316e-08|-0.226395048042
703,VALID_CAMPAIGN,MICRO_MOTION,1258508517422377701,5,MIXED,1.46556006572,-0.297499514659,0.199999850043,GUARDED_PRODUCTION,true,true,SUCCESS,NONE,1,true,true,4.65052626861e-07,false,false,false,false,0,NaN,5041,-0.00662313651676|0.00666902778028|0.295722771315|-3.87280765507e-08|0.00665138738053
703,VALID_CAMPAIGN,MICRO_MOTION,1258508517422377701,5,MIXED,1.46556006572,-0.297499514659,0.199999850043,UNGUARDED_REFERENCE,true,true,CONVERGED_UNCERTIFIED,NO_GUARDS_OR_FINAL_CERTIFICATION,1,true,true,4.63696789097e-07,false,false,false,false,0,NaN,625,-0.157609344602|0.197413211206|0.229959231363|-4.44950468316e-08|-0.226395048042
704,VALID_CAMPAIGN,UNIFORM,-3951819931950918163,5,MIXED,-0.221718101648,0.984433381303,-0.160158363854,GUARDED_PRODUCTION,true,true,SUCCESS,NONE,80,true,true,7.29205823084e-09,false,false,false,false,0,26.7108681732,227542,2.83797340577|-1.22876587518|0.273268674107|-1.10568508426|0.218397863379
704,VALID_CAMPAIGN,UNIFORM,-3951819931950918163,5,MIXED,-0.221718101648,0.984433381303,-0.160158363854,UNGUARDED_REFERENCE,true,false,CONVERGED_UNCERTIFIED,NO_GUARDS_OR_FINAL_CERTIFICATION,13,true,false,3.43790688105e-07,false,true,false,true,0,NaN,11250,36.5265558502|-48.4664289800|-1.46615712500|-8.37768318810|5.62293280419
705,VALID_CAMPAIGN,NEAR_JOINT_LIMIT,7967247516236519688,5,MIXED,0.528213285954,-0.0925389938940,-0.0210988429887,GUARDED_PRODUCTION,false,false,NO_CONVERGENCE,STAGNATION_WINDOW_EXCEEDED,34,true,true,0.572390256747,false,false,false,false,0,12.6623459029,96875,3.14159265359|-2.37713844122|0.281480225774|-1.20386473001|0.406142644816
705,VALID_CAMPAIGN,NEAR_JOINT_LIMIT,7967247516236519688,5,MIXED,0.528213285954,-0.0925389938940,-0.0210988429887,UNGUARDED_REFERENCE,true,false,CONVERGED_UNCERTIFIED,NO_GUARDS_OR_FINAL_CERTIFICATION,7,true,false,2.61691613213e-09,false,true,false,true,0,NaN,5750,32.6577642666|-46.7085742251|-0.507673875453|-8.51957099449|4.63249978228
706,VALID_CAMPAIGN,NEAR_SINGULARITY,3198412213944761297,5,MIXED,1.46556000597,-0.297499955878,0.199999986368,GUARDED_PRODUCTION,true,true,SUCCESS,NONE,88,true,true,5.12709136919e-08,false,false,false,false,0,10.6076575378,246958,-0.0211820504235|0.0225685781637|0.299564753663|-4.03547355801e-08|0.0594670607573
706,VALID_CAMPAIGN,NEAR_SINGULARITY,3198412213944761297,5,MIXED,1.46556000597,-0.297499955878,0.199999986368,UNGUARDED_REFERENCE,true,false,CONVERGED_UNCERTIFIED,NO_GUARDS_OR_FINAL_CERTIFICATION,8,true,false,1.14692704648e-09,false,true,false,true,0,NaN,6166,31.1965208409|-44.6390853210|-0.497216755045|-12.5663706954|1.78546674112
707,VALID_CAMPAIGN,MICRO_MOTION,6229749393104572368,5,MIXED,1.46556006572,-0.297499514659,0.199999850043,GUARDED_PRODUCTION,true,true,SUCCESS,NONE,1,true,true,4.65400525741e-07,false,false,false,false,0,NaN,4125,-0.0211820504235|0.0225685781637|0.299564753663|-4.03547355801e-08|0.0594670607573
707,VALID_CAMPAIGN,MICRO_MOTION,6229749393104572368,5,MIXED,1.46556006572,-0.297499514659,0.199999850043,UNGUARDED_REFERENCE,true,false,CONVERGED_UNCERTIFIED,NO_GUARDS_OR_FINAL_CERTIFICATION,1,true,false,4.65403775317e-07,false,true,false,true,0,NaN,500,31.1965208409|-44.6390853210|-0.497216755045|-12.5663706954|1.78546674112
708,VALID_CAMPAIGN,UNIFORM,6014843147412343033,5,MIXED,0.397406206673,-1.06817267922,-0.00833350316642,GUARDED_PRODUCTION,true,true,SUCCESS,NONE,39,true,true,2.38189823855e-08,false,false,false,false,0,27.4919747602,107292,-0.120280673055|-1.23038233186|0.293699504261|-0.561046183416|0.164494671920
708,VALID_CAMPAIGN,UNIFORM,6014843147412343033,5,MIXED,0.397406206673,-1.06817267922,-0.00833350316642,UNGUARDED_REFERENCE,true,false,CONVERGED_UNCERTIFIED,NO_GUARDS_OR_FINAL_CERTIFICATION,7,true,false,4.63225618977e-09,false,true,false,true,0,NaN,5625,31.1555129842|-45.2537013383|-0.0230486059195|-13.1708354505|5.69862154727
709,VALID_CAMPAIGN,NEAR_JOINT_LIMIT,-9161889622073588420,5,MIXED,-0.267751447928,-0.737485172553,-0.0210988429887,GUARDED_PRODUCTION,true,true,SUCCESS,NONE,21,true,true,5.29907908374e-09,false,false,false,false,0,7.82952302962,60625,-0.0496117874893|-2.03505655654|0.297921293232|-0.598784099484|0.168137281067
709,VALID_CAMPAIGN,NEAR_JOINT_LIMIT,-9161889622073588420,5,MIXED,-0.267751447928,-0.737485172553,-0.0210988429887,UNGUARDED_REFERENCE,true,false,CONVERGED_UNCERTIFIED,NO_GUARDS_OR_FINAL_CERTIFICATION,6,true,false,1.78172509505e-08,false,true,false,true,0,NaN,4334,31.1972033947|-46.0809278242|-0.00766795676657|-13.2056836338|5.73396627180
710,VALID_CAMPAIGN,NEAR_SINGULARITY,-268976939244982076,5,MIXED,1.46556000597,-0.297499955878,0.199999986368,GUARDED_PRODUCTION,true,true,SUCCESS,NONE,70,true,true,3.26523508549e-07,false,false,false,false,0,6.55230028293,193083,-0.0294836909415|0.0313459387017|0.296957814890|-4.95206037110e-08|0.0630623519859
710,VALID_CAMPAIGN,NEAR_SINGULARITY,-268976939244982076,5,MIXED,1.46556000597,-0.297499955878,0.199999986368,UNGUARDED_REFERENCE,true,false,CONVERGED_UNCERTIFIED,NO_GUARDS_OR_FINAL_CERTIFICATION,12,true,false,1.56518375254e-07,false,true,false,true,0,NaN,9625,37.5915646216|-50.1191815845|0.237946817870|-12.5663706914|5.97780276755
711,VALID_CAMPAIGN,MICRO_MOTION,-5612746081197317406,5,MIXED,1.46556006572,-0.297499514659,0.199999850043,GUARDED_PRODUCTION,true,true,SUCCESS,NONE,1,true,true,5.54687849012e-07,false,false,false,false,0,NaN,4042,-0.0294836909415|0.0313459387017|0.296957814890|-4.95206037110e-08|0.0630623519859
711,VALID_CAMPAIGN,MICRO_MOTION,-5612746081197317406,5,MIXED,1.46556006572,-0.297499514659,0.199999850043,UNGUARDED_REFERENCE,true,false,CONVERGED_UNCERTIFIED,NO_GUARDS_OR_FINAL_CERTIFICATION,1,true,false,4.76282626118e-07,false,true,false,true,0,NaN,583,37.5915646216|-50.1191815845|0.237946817870|-12.5663706914|5.97780276755
712,VALID_CAMPAIGN,UNIFORM,1332324103654662276,5,MIXED,1.16485544199,0.640575108206,0.448562447278,GUARDED_PRODUCTION,true,true,SUCCESS,NONE,34,true,true,8.98689858652e-08,false,false,false,false,0,28.3657262769,157167,0.840131250683|-0.224921640910|0.281956648219|0.753770921294|0.197436816703
712,VALID_CAMPAIGN,UNIFORM,1332324103654662276,5,MIXED,1.16485544199,0.640575108206,0.448562447278,UNGUARDED_REFERENCE,true,false,CONVERGED_UNCERTIFIED,NO_GUARDS_OR_FINAL_CERTIFICATION,12,true,false,5.54021196040e-07,false,true,false,true,0,NaN,11208,38.6670429761|-51.3018843480|-0.331652424242|-5.53827255804|0.0192203945028
713,VALID_CAMPAIGN,NEAR_JOINT_LIMIT,-7165639283374811624,5,MIXED,0.241816814841,0.0931184571799,0.324261104992,GUARDED_PRODUCTION,false,false,MAX_ITERATIONS_REACHED,MAX_ITERATIONS_LIMIT_REACHED,800,true,true,1.14447243365e-05,false,false,false,false,0,22.4062152745,2044083,2.34779184843|-2.37713844122|0.374653077891|1.78285383091|1.78285176712
713,VALID_CAMPAIGN,NEAR_JOINT_LIMIT,-7165639283374811624,5,MIXED,0.241816814841,0.0931184571799,0.324261104992,UNGUARDED_REFERENCE,true,false,CONVERGED_UNCERTIFIED,NO_GUARDS_OR_FINAL_CERTIFICATION,11,true,false,1.24633708254e-09,false,true,false,true,0,NaN,8833,41.3431137268|-53.7802967893|-0.0615179124995|-5.13455348256|-4.41188678967
714,VALID_CAMPAIGN,NEAR_SINGULARITY,7638581345407503248,5,MIXED,1.46556000597,-0.297499955878,0.199999986368,GUARDED_PRODUCTION,true,true,SUCCESS,NONE,115,true,true,1.59980594833e-08,false,false,false,false,0,4.98704514355,305625,-0.171561260605|0.282379384900|0.420909014416|-3.95254938422e-08|0.540541092043
714,VALID_CAMPAIGN,NEAR_SINGULARITY,7638581345407503248,5,MIXED,1.46556000597,-0.297499955878,0.199999986368,UNGUARDED_REFERENCE,true,false,CONVERGED_UNCERTIFIED,NO_GUARDS_OR_FINAL_CERTIFICATION,8,true,false,3.97408303660e-08,false,true,false,true,0,NaN,6625,43.8123943730|-57.5721292540|-0.813967849408|-10.7240798398|-3.48942030807
715,VALID_CAMPAIGN,MICRO_MOTION,6566475417942147724,5,MIXED,1.46556006572,-0.297499514659,0.199999850043,GUARDED_PRODUCTION,true,true,SUCCESS,NONE,1,true,true,4.67886870112e-07,false,false,false,false,0,NaN,5167,-0.171561260605|0.282379384900|0.420909014416|-3.95254938422e-08|0.540541092043
715,VALID_CAMPAIGN,MICRO_MOTION,6566475417942147724,5,MIXED,1.46556006572,-0.297499514659,0.199999850043,UNGUARDED_REFERENCE,true,false,CONVERGED_UNCERTIFIED,NO_GUARDS_OR_FINAL_CERTIFICATION,1,true,false,4.77731460581e-07,false,true,false,true,0,NaN,500,43.8123943730|-57.5721292540|-0.813967849408|-10.7240798398|-3.48942030807
716,VALID_CAMPAIGN,UNIFORM,-2660901523236362407,5,MIXED,-0.910033298340,-0.637540427733,0.544202124885,GUARDED_PRODUCTION,true,true,SUCCESS,NONE,106,true,true,1.91443966924e-07,false,false,false,false,0,21.8866248953,291083,-1.98115637289|-0.294820355632|0.412928436482|1.43701909498|0.0210313046432
716,VALID_CAMPAIGN,UNIFORM,-2660901523236362407,5,MIXED,-0.910033298340,-0.637540427733,0.544202124885,UNGUARDED_REFERENCE,true,false,CONVERGED_UNCERTIFIED,NO_GUARDS_OR_FINAL_CERTIFICATION,13,true,false,2.31491147194e-07,false,true,false,true,0,NaN,9500,44.5011926316|-58.4821641073|1.42079307573|-17.4071489705|0.0331989322717
717,VALID_CAMPAIGN,NEAR_JOINT_LIMIT,1206818428347242941,5,MIXED,0.241816814841,0.0931184571799,0.324261104992,GUARDED_PRODUCTION,false,false,MAX_ITERATIONS_REACHED,MAX_ITERATIONS_LIMIT_REACHED,800,true,true,1.73003434640e-05,false,false,false,false,1,266.692731137,2229667,2.34776800849|-2.37713844122|0.374642057650|1.78285383091|1.78285073810
717,VALID_CAMPAIGN,NEAR_JOINT_LIMIT,1206818428347242941,5,MIXED,0.241816814841,0.0931184571799,0.324261104992,UNGUARDED_REFERENCE,true,false,CONVERGED_UNCERTIFIED,NO_GUARDS_OR_FINAL_CERTIFICATION,9,true,false,3.76330903094e-10,false,true,false,true,0,NaN,6833,42.1211397473|-59.5380040561|0.459947930986|-29.6637143155|14.3630770132
718,VALID_CAMPAIGN,NEAR_SINGULARITY,8644194423535068729,5,MIXED,1.46556000597,-0.297499955878,0.199999986368,GUARDED_PRODUCTION,true,true,SUCCESS,NONE,115,true,true,1.60295753170e-08,false,false,false,false,0,4.98701916555,323625,-0.171561811569|0.282370731711|0.420894389278|-3.95239640642e-08|0.540505207357
718,VALID_CAMPAIGN,NEAR_SINGULARITY,8644194423535068729,5,MIXED,1.46556000597,-0.297499955878,0.199999986368,UNGUARDED_REFERENCE,true,false,CONVERGED_UNCERTIFIED,NO_GUARDS_OR_FINAL_CERTIFICATION,8,true,false,6.47652128816e-07,false,true,false,true,0,NaN,6959,43.9282610797|-62.1693690230|0.827006141442|-31.4159416660|15.5927158159
719,VALID_CAMPAIGN,MICRO_MOTION,1511228044737014759,5,MIXED,1.46556006572,-0.297499514659,0.199999850043,GUARDED_PRODUCTION,true,true,SUCCESS,NONE,1,true,true,4.67894614579e-07,false,false,false,false,0,NaN,4250,-0.171561811569|0.282370731711|0.420894389278|-3.95239640642e-08|0.540505207357
719,VALID_CAMPAIGN,MICRO_MOTION,1511228044737014759,5,MIXED,1.46556006572,-0.297499514659,0.199999850043,UNGUARDED_REFERENCE,true,false,CONVERGED_UNCERTIFIED,NO_GUARDS_OR_FINAL_CERTIFICATION,1,true,false,6.82910027551e-07,false,true,false,true,0,NaN,542,43.9282610797|-62.1693690230|0.827006141442|-31.4159416660|15.5927158159
720,VALID_CAMPAIGN,UNIFORM,-6457415791391976371,5,MIXED,0.937680102539,0.736322428816,0.284173922339,GUARDED_PRODUCTION,true,true,SUCCESS,NONE,42,true,true,9.54789211551e-11,false,false,false,false,0,21.8874513053,121750,0.114064026197|1.06820152020|0.367767866440|0.411359272019|1.53279276970
720,VALID_CAMPAIGN,UNIFORM,-6457415791391976371,5,MIXED,0.937680102539,0.736322428816,0.284173922339,UNGUARDED_REFERENCE,true,false,CONVERGED_UNCERTIFIED,NO_GUARDS_OR_FINAL_CERTIFICATION,8,true,false,5.90863904362e-09,false,true,false,true,0,NaN,6417,44.6315683246|-62.2077189971|0.562244918516|-30.0059323466|14.7169634354
721,VALID_CAMPAIGN,NEAR_JOINT_LIMIT,-2391934335085980555,5,MIXED,0.241816814841,0.0931184571799,0.324261104992,GUARDED_PRODUCTION,false,false,NO_CONVERGENCE,STAGNATION_WINDOW_EXCEEDED,53,true,true,0.364082919198,false,false,false,false,0,12.3171517495,143833,-1.46493348829|2.37713844122|0.314249825112|0.920317050537|1.78285383091
721,VALID_CAMPAIGN,NEAR_JOINT_LIMIT,-2391934335085980555,5,MIXED,0.241816814841,0.0931184571799,0.324261104992,UNGUARDED_REFERENCE,true,false,CONVERGED_UNCERTIFIED,NO_GUARDS_OR_FINAL_CERTIFICATION,9,true,false,6.58430893979e-08,false,true,false,true,0,NaN,7125,42.1374733524|-60.3623451594|-0.0490349233856|-23.5768638015|14.4279557056
722,VALID_CAMPAIGN,NEAR_SINGULARITY,7739879217650600067,5,MIXED,1.46556000597,-0.297499955878,0.199999986368,GUARDED_PRODUCTION,true,true,SUCCESS,NONE,81,true,true,5.70730624801e-08,false,false,false,false,0,9.02434143313,226084,-0.195224456428|0.308697684850|0.409685469273|-4.54418584928e-08|0.514845416558
722,VALID_CAMPAIGN,NEAR_SINGULARITY,7739879217650600067,5,MIXED,1.46556000597,-0.297499955878,0.199999986368,UNGUARDED_REFERENCE,true,false,CONVERGED_UNCERTIFIED,NO_GUARDS_OR_FINAL_CERTIFICATION,11,true,false,6.05255872020e-09,false,true,false,true,0,NaN,10084,43.8137143953|-63.3569185587|-0.335588117212|-25.1327412777|13.6366064583
723,VALID_CAMPAIGN,MICRO_MOTION,7100864473590032600,5,MIXED,1.46556006572,-0.297499514659,0.199999850043,GUARDED_PRODUCTION,true,true,SUCCESS,NONE,1,true,true,4.86244279496e-07,false,false,false,false,0,NaN,4292,-0.195224456428|0.308697684850|0.409685469273|-4.54418584928e-08|0.514845416558
723,VALID_CAMPAIGN,MICRO_MOTION,7100864473590032600,5,MIXED,1.46556006572,-0.297499514659,0.199999850043,UNGUARDED_REFERENCE,true,false,CONVERGED_UNCERTIFIED,NO_GUARDS_OR_FINAL_CERTIFICATION,1,true,false,4.65080504976e-07,false,true,false,true,0,NaN,500,43.8137143953|-63.3569185587|-0.335588117212|-25.1327412777|13.6366064583
724,VALID_CAMPAIGN,UNIFORM,5811859880681871345,5,MIXED,-0.909155435173,-0.0411997189335,0.308257389040,GUARDED_PRODUCTION,false,false,NO_CONVERGENCE,STAGNATION_WINDOW_EXCEEDED,149,true,true,0.0342358161568,false,false,false,false,0,22.4479291540,406500,-2.32957397592|-0.928907153789|0.368746616613|1.34967163360|1.78285383091
724,VALID_CAMPAIGN,UNIFORM,5811859880681871345,5,MIXED,-0.909155435173,-0.0411997189335,0.308257389040,UNGUARDED_REFERENCE,true,false,CONVERGED_UNCERTIFIED,NO_GUARDS_OR_FINAL_CERTIFICATION,10,true,false,3.15462875775e-09,false,true,false,true,0,NaN,9208,44.0390177709|-64.8357033106|1.07283453189|-23.3212424581|29.5469264281
725,VALID_CAMPAIGN,NEAR_JOINT_LIMIT,-885045088820635750,5,MIXED,0.0876264050474,0.253906734736,0.324261104992,GUARDED_PRODUCTION,true,true,SUCCESS,NONE,129,true,true,8.79626142319e-07,false,false,false,false,0,11.2664040843,373875,-3.03279643325|-2.32487466891|0.408535223710|1.78284269852|1.78285383091
725,VALID_CAMPAIGN,NEAR_JOINT_LIMIT,-885045088820635750,5,MIXED,0.0876264050474,0.253906734736,0.324261104992,UNGUARDED_REFERENCE,true,false,CONVERGED_UNCERTIFIED,NO_GUARDS_OR_FINAL_CERTIFICATION,6,true,false,5.94009794712e-08,false,true,false,true,0,NaN,5250,43.9351947327|-66.0481678709|0.0809979715904|-22.7098550880|30.3541557046
726,VALID_CAMPAIGN,NEAR_SINGULARITY,3912250108703266197,5,MIXED,1.46556000597,-0.297499955878,0.199999986368,GUARDED_PRODUCTION,false,false,NO_CONVERGENCE,STAGNATION_WINDOW_EXCEEDED,164,true,true,1.10145711646,false,false,false,false,0,5.11944351802,492250,-3.14159265359|-2.29934597873|0.575000000000|-0.0129062047464|0.307136782132
726,VALID_CAMPAIGN,NEAR_SINGULARITY,3912250108703266197,5,MIXED,1.46556000597,-0.297499955878,0.199999986368,UNGUARDED_REFERENCE,true,false,CONVERGED_UNCERTIFIED,NO_GUARDS_OR_FINAL_CERTIFICATION,15,true,false,3.09754408894e-07,false,true,false,true,0,NaN,15083,37.5305270563|-70.0266951236|-0.802020112301|-25.1327488294|34.5695918018
727,VALID_CAMPAIGN,MICRO_MOTION,3460098418839515687,5,MIXED,1.46556006572,-0.297499514659,0.199999850043,GUARDED_PRODUCTION,false,false,NO_CONVERGENCE,STAGNATION_WINDOW_EXCEEDED,7,true,true,1.10288139933,false,false,false,false,0,8.16290704258,34750,-3.14159265359|-2.28451789260|0.575000000000|-0.0191279432280|0.225605587133
727,VALID_CAMPAIGN,MICRO_MOTION,3460098418839515687,5,MIXED,1.46556006572,-0.297499514659,0.199999850043,UNGUARDED_REFERENCE,true,false,CONVERGED_UNCERTIFIED,NO_GUARDS_OR_FINAL_CERTIFICATION,1,true,false,4.74643066337e-07,false,true,false,true,0,NaN,625,37.5305270563|-70.0266951236|-0.802020112301|-25.1327488294|34.5695918018
728,VALID_CAMPAIGN,UNIFORM,-6928983965636799585,5,MIXED,-0.883105714328,-0.606932898321,-0.0712372688078,GUARDED_PRODUCTION,true,true,SUCCESS,NONE,82,true,true,2.07150520931e-09,false,false,false,false,0,8.29219099041,311875,-1.36427659959|-1.17073881555|0.520425227629|-0.840766707696|0.664932170734
728,VALID_CAMPAIGN,UNIFORM,-6928983965636799585,5,MIXED,-0.883105714328,-0.606932898321,-0.0712372688078,UNGUARDED_REFERENCE,true,false,CONVERGED_UNCERTIFIED,NO_GUARDS_OR_FINAL_CERTIFICATION,8,true,false,2.35085597099e-09,false,true,false,true,0,NaN,6667,40.7402235052|-73.8566012325|0.519491639387|-32.8766231036|45.4074057698
729,VALID_CAMPAIGN,NEAR_JOINT_LIMIT,621011378169722963,5,MIXED,0.116388050101,-0.336908296369,-0.0210988429887,GUARDED_PRODUCTION,false,false,NO_CONVERGENCE,STAGNATION_WINDOW_EXCEEDED,68,true,true,0.0434285486107,false,false,false,false,9,9.19540441658,196875,1.24714406428|-2.37713844122|0.484922647531|-1.41654363002|1.68464471665
729,VALID_CAMPAIGN,NEAR_JOINT_LIMIT,621011378169722963,5,MIXED,0.116388050101,-0.336908296369,-0.0210988429887,UNGUARDED_REFERENCE,true,false,CONVERGED_UNCERTIFIED,NO_GUARDS_OR_FINAL_CERTIFICATION,7,true,false,1.52393411773e-09,false,true,false,true,0,NaN,5333,38.6114384242|-71.4207107565|0.442064521888|-33.1314375073|45.7618659993
730,VALID_CAMPAIGN,NEAR_SINGULARITY,2778998858589049707,5,MIXED,1.46556000597,-0.297499955878,0.199999986368,GUARDED_PRODUCTION,true,true,SUCCESS,NONE,93,true,true,1.05920566471e-09,false,false,false,false,0,6.94444230165,263750,-0.155938867163|0.336855169011|0.531626869876|-4.14793475027e-08|0.806908563971
730,VALID_CAMPAIGN,NEAR_SINGULARITY,2778998858589049707,5,MIXED,1.46556000597,-0.297499955878,0.199999986368,UNGUARDED_REFERENCE,true,false,CONVERGED_UNCERTIFIED,NO_GUARDS_OR_FINAL_CERTIFICATION,25,true,false,1.55433902238e-07,false,true,false,true,0,NaN,22250,37.5052355357|-69.4451313762|-0.244539205904|-25.1327413121|38.2335373500
731,VALID_CAMPAIGN,MICRO_MOTION,4740993689662082029,5,MIXED,1.46556006572,-0.297499514659,0.199999850043,GUARDED_PRODUCTION,true,true,SUCCESS,NONE,1,true,true,4.65607870735e-07,false,false,false,false,0,NaN,4709,-0.155938867163|0.336855169011|0.531626869876|-4.14793475027e-08|0.806908563971
731,VALID_CAMPAIGN,MICRO_MOTION,4740993689662082029,5,MIXED,1.46556006572,-0.297499514659,0.199999850043,UNGUARDED_REFERENCE,true,false,CONVERGED_UNCERTIFIED,NO_GUARDS_OR_FINAL_CERTIFICATION,1,true,false,4.77348471793e-07,false,true,false,true,0,NaN,583,37.5052355357|-69.4451313762|-0.244539205904|-25.1327413121|38.2335373500
732,VALID_CAMPAIGN,UNIFORM,4455995937502158865,5,MIXED,-1.34900695577,-0.487467006140,0.387962563795,GUARDED_PRODUCTION,true,true,SUCCESS,NONE,103,true,true,1.03382192359e-09,false,false,false,false,0,17.7401739822,286375,-2.56611002875|0.117889893464|0.534148226518|0.589436659923|0.624287248502
732,VALID_CAMPAIGN,UNIFORM,4455995937502158865,5,MIXED,-1.34900695577,-0.487467006140,0.387962563795,UNGUARDED_REFERENCE,true,false,CONVERGED_UNCERTIFIED,NO_GUARDS_OR_FINAL_CERTIFICATION,18,true,false,3.27312158765e-09,false,true,false,true,0,NaN,17209,38.3224552465|-71.2150711148|1.60493164729|-23.5032723385|67.6521792894
733,VALID_CAMPAIGN,NEAR_JOINT_LIMIT,-3233055153195326282,5,MIXED,-0.324198862712,-0.683354036011,0.324261104992,GUARDED_PRODUCTION,true,true,SUCCESS,NONE,149,true,true,9.44125913209e-07,false,false,false,false,0,17.5243802456,402709,-0.665076519293|-1.49195116823|0.502786826055|0.913353405162|1.78285383091
733,VALID_CAMPAIGN,NEAR_JOINT_LIMIT,-3233055153195326282,5,MIXED,-0.324198862712,-0.683354036011,0.324261104992,UNGUARDED_REFERENCE,true,false,CONVERGED_UNCERTIFIED,NO_GUARDS_OR_FINAL_CERTIFICATION,7,true,false,2.29162250030e-07,false,true,false,true,0,NaN,5458,37.1397949776|-69.9170484186|0.799270807728|-22.5385861607|69.2298596047
734,VALID_CAMPAIGN,NEAR_SINGULARITY,-3070063593618281786,5,MIXED,1.46556000597,-0.297499955878,0.199999986368,GUARDED_PRODUCTION,true,true,SUCCESS,NONE,88,true,true,3.80136125199e-09,false,false,false,false,0,10.7795854936,240375,-0.157015638773|0.343514089575|0.538578011926|-4.23310544778e-08|0.824175343268
734,VALID_CAMPAIGN,NEAR_SINGULARITY,-3070063593618281786,5,MIXED,1.46556000597,-0.297499955878,0.199999986368,UNGUARDED_REFERENCE,true,false,CONVERGED_UNCERTIFIED,NO_GUARDS_OR_FINAL_CERTIFICATION,21,true,false,9.47602024086e-09,false,true,false,true,0,NaN,18416,37.4171032072|-74.9532803861|0.251849969499|-31.4159265768|68.5743210629
735,VALID_CAMPAIGN,MICRO_MOTION,-9136428037555910729,5,MIXED,1.46556006572,-0.297499514659,0.199999850043,GUARDED_PRODUCTION,true,true,SUCCESS,NONE,1,true,true,4.65838455310e-07,false,false,false,false,0,NaN,4334,-0.157015638773|0.343514089575|0.538578011926|-4.23310544778e-08|0.824175343268
735,VALID_CAMPAIGN,MICRO_MOTION,-9136428037555910729,5,MIXED,1.46556006572,-0.297499514659,0.199999850043,UNGUARDED_REFERENCE,true,false,CONVERGED_UNCERTIFIED,NO_GUARDS_OR_FINAL_CERTIFICATION,1,true,false,4.64929920142e-07,false,true,false,true,0,NaN,500,37.4171032072|-74.9532803861|0.251849969499|-31.4159265768|68.5743210629
736,VALID_CAMPAIGN,UNIFORM,1861914160990319343,5,MIXED,0.309900892661,-0.972563468408,0.101043281860,GUARDED_PRODUCTION,true,true,SUCCESS,NONE,54,true,true,6.48671132714e-10,false,false,false,false,0,17.5881085388,148709,-0.215944029128|-1.10801848581|0.504339495225|-0.522635062799|1.71758510870
736,VALID_CAMPAIGN,UNIFORM,1861914160990319343,5,MIXED,0.309900892661,-0.972563468408,0.101043281860,UNGUARDED_REFERENCE,true,false,CONVERGED_UNCERTIFIED,NO_GUARDS_OR_FINAL_CERTIFICATION,7,true,false,2.29905335651e-09,false,true,false,true,0,NaN,6125,37.7525357934|-71.5650702719|-0.796361053038|-32.0898551412|60.8503366766
737,VALID_CAMPAIGN,NEAR_JOINT_LIMIT,3872872461633313231,5,MIXED,-0.497700393150,-0.977273853100,-0.0210988429887,GUARDED_PRODUCTION,true,true,SUCCESS,NONE,27,true,true,9.84272517249e-09,false,false,false,false,0,10.5196673218,80209,-1.12970612788|-0.919416315410|0.510204960921|-0.917305120633|1.29468460878
737,VALID_CAMPAIGN,NEAR_JOINT_LIMIT,3872872461633313231,5,MIXED,-0.497700393150,-0.977273853100,-0.0210988429887,UNGUARDED_REFERENCE,true,false,CONVERGED_UNCERTIFIED,NO_GUARDS_OR_FINAL_CERTIFICATION,6,true,false,2.60211095352e-09,false,true,false,true,0,NaN,5208,36.8194201736|-71.3911632066|-0.814244683348|-32.5213092174|61.3219601114
738,VALID_CAMPAIGN,NEAR_SINGULARITY,-1167590444781799266,5,MIXED,1.46556000597,-0.297499955878,0.199999986368,GUARDED_PRODUCTION,true,true,SUCCESS,NONE,87,true,true,7.95570547732e-09,false,false,false,false,0,10.0327175690,240084,-0.148378567096|0.333721945156|0.541833256865|-4.68531426072e-08|0.830572782516
738,VALID_CAMPAIGN,NEAR_SINGULARITY,-1167590444781799266,5,MIXED,1.46556000597,-0.297499955878,0.199999986368,UNGUARDED_REFERENCE,true,false,CONVERGED_UNCERTIFIED,NO_GUARDS_OR_FINAL_CERTIFICATION,9,true,false,2.94969034523e-08,false,true,false,true,0,NaN,8125,37.4862220537|-69.9332869709|-0.692200940383|-31.4159269136|59.1553078098
739,VALID_CAMPAIGN,MICRO_MOTION,-5672172819328334049,5,MIXED,1.46556006572,-0.297499514659,0.199999850043,GUARDED_PRODUCTION,true,true,SUCCESS,NONE,1,true,true,4.65984818875e-07,false,false,false,false,0,NaN,4042,-0.148378567096|0.333721945156|0.541833256865|-4.68531426072e-08|0.830572782516
739,VALID_CAMPAIGN,MICRO_MOTION,-5672172819328334049,5,MIXED,1.46556006572,-0.297499514659,0.199999850043,UNGUARDED_REFERENCE,true,false,CONVERGED_UNCERTIFIED,NO_GUARDS_OR_FINAL_CERTIFICATION,1,true,false,4.62967859523e-07,false,true,false,true,0,NaN,542,37.4862220537|-69.9332869709|-0.692200940383|-31.4159269136|59.1553078098
740,VALID_CAMPAIGN,UNIFORM,-2672388146717237989,5,MIXED,0.480872937696,1.12546485908,0.538270869063,GUARDED_PRODUCTION,true,true,SUCCESS,NONE,77,true,true,2.40853685252e-07,false,false,false,false,0,17.4911720687,214625,0.971500944263|0.905507651600|0.491045397472|1.42368111622|0.263075146095
740,VALID_CAMPAIGN,UNIFORM,-2672388146717237989,5,MIXED,0.480872937696,1.12546485908,0.538270869063,UNGUARDED_REFERENCE,true,false,CONVERGED_UNCERTIFIED,NO_GUARDS_OR_FINAL_CERTIFICATION,17,true,false,6.25591298400e-07,false,true,false,true,0,NaN,15000,38.9051228181|-68.7314368154|0.321638064553|-30.1207051150|69.0361589181
741,VALID_CAMPAIGN,NEAR_JOINT_LIMIT,1213065371576245498,5,MIXED,-0.142322632850,0.493695381636,0.324261104992,GUARDED_PRODUCTION,false,false,NO_CONVERGENCE,STAGNATION_WINDOW_EXCEEDED,79,true,true,0.0943534020746,false,false,false,false,0,52.2471258591,220917,0.531816827245|2.37713844122|0.399391756025|1.78285383091|1.71713685873
741,VALID_CAMPAIGN,NEAR_JOINT_LIMIT,1213065371576245498,5,MIXED,-0.142322632850,0.493695381636,0.324261104992,UNGUARDED_REFERENCE,true,false,CONVERGED_UNCERTIFIED,NO_GUARDS_OR_FINAL_CERTIFICATION,22,true,false,1.54940475876e-07,false,true,false,true,0,NaN,20166,48.8747008130|-90.2014452811|0.559300581441|-36.3429125344|73.5102186583
742,VALID_CAMPAIGN,NEAR_SINGULARITY,-7937461338970298203,5,MIXED,1.46556000597,-0.297499955878,0.199999986368,GUARDED_PRODUCTION,true,true,SUCCESS,NONE,121,true,true,4.80293602232e-09,false,false,false,false,0,6.80587028722,322958,-0.192556367918|0.414418181145|0.565668041648|-4.31252696523e-08|0.894974423800
742,VALID_CAMPAIGN,NEAR_SINGULARITY,-7937461338970298203,5,MIXED,1.46556000597,-0.297499955878,0.199999986368,UNGUARDED_REFERENCE,true,false,CONVERGED_UNCERTIFIED,NO_GUARDS_OR_FINAL_CERTIFICATION,9,true,false,6.55120420021e-09,false,true,false,true,0,NaN,7166,37.2826754672|-88.3542300014|-0.515400469272|-31.4159266206|70.8805491929
743,VALID_CAMPAIGN,MICRO_MOTION,-2120181696627206813,5,MIXED,1.46556006572,-0.297499514659,0.199999850043,GUARDED_PRODUCTION,true,true,SUCCESS,NONE,1,true,true,4.65979831823e-07,false,false,false,false,0,NaN,4000,-0.192556367918|0.414418181145|0.565668041648|-4.31252696523e-08|0.894974423800
743,VALID_CAMPAIGN,MICRO_MOTION,-2120181696627206813,5,MIXED,1.46556006572,-0.297499514659,0.199999850043,UNGUARDED_REFERENCE,true,false,CONVERGED_UNCERTIFIED,NO_GUARDS_OR_FINAL_CERTIFICATION,1,true,false,4.65048511588e-07,false,true,false,true,0,NaN,541,37.2826754672|-88.3542300014|-0.515400469272|-31.4159266206|70.8805491929
744,VALID_CAMPAIGN,UNIFORM,5458898252500116737,5,MIXED,-0.576936708424,-0.302777298849,-0.103165788417,GUARDED_PRODUCTION,true,true,SUCCESS,NONE,123,true,true,2.65282661186e-10,false,false,false,false,0,17.0891935724,330375,-0.789630965883|-1.92750874107|0.518612735710|-1.12822032546|0.957630010837
744,VALID_CAMPAIGN,UNIFORM,5458898252500116737,5,MIXED,-0.576936708424,-0.302777298849,-0.103165788417,UNGUARDED_REFERENCE,true,false,CONVERGED_UNCERTIFIED,NO_GUARDS_OR_FINAL_CERTIFICATION,13,true,false,3.49269462101e-08,false,true,false,true,0,NaN,11958,36.4543371189|-90.3630872947|-0.402658199797|-26.6600324169|74.1431225711
745,VALID_CAMPAIGN,NEAR_JOINT_LIMIT,-2544927903783574805,5,MIXED,-0.113561017929,-0.576696914373,-0.0210988429887,GUARDED_PRODUCTION,true,true,SUCCESS,NONE,25,true,true,4.29131142558e-08,false,false,false,false,0,8.21286918531,72250,0.195604560613|-2.05583424184|0.507167432839|-1.02827755747|1.43397100252
745,VALID_CAMPAIGN,NEAR_JOINT_LIMIT,-2544927903783574805,5,MIXED,-0.113561017929,-0.576696914373,-0.0210988429887,UNGUARDED_REFERENCE,true,false,CONVERGED_UNCERTIFIED,NO_GUARDS_OR_FINAL_CERTIFICATION,5,true,false,4.20581256383e-07,false,true,false,true,0,NaN,3833,37.4207797814|-90.4588203981|-0.394630448840|-26.7449327509|73.6331600803
746,VALID_CAMPAIGN,NEAR_SINGULARITY,-5383434788230894554,5,MIXED,1.46556000597,-0.297499955878,0.199999986368,GUARDED_PRODUCTION,true,true,SUCCESS,NONE,81,true,true,4.38577004354e-09,false,false,false,false,0,7.23174267980,224500,-0.108595549771|0.268895585991|0.529739634381|-4.25827928676e-08|0.789365857728
746,VALID_CAMPAIGN,NEAR_SINGULARITY,-5383434788230894554,5,MIXED,1.46556000597,-0.297499955878,0.199999986368,UNGUARDED_REFERENCE,true,false,CONVERGED_UNCERTIFIED,NO_GUARDS_OR_FINAL_CERTIFICATION,14,true,false,1.64138030023e-08,false,true,false,true,0,NaN,14333,36.7203048053|-87.5832660230|-0.619798094071|-18.8495559673|69.9390681574
747,VALID_CAMPAIGN,MICRO_MOTION,5386616852919017950,5,MIXED,1.46556006572,-0.297499514659,0.199999850043,GUARDED_PRODUCTION,true,true,SUCCESS,NONE,1,true,true,4.65668099513e-07,false,false,false,false,0,NaN,4166,-0.108595549771|0.268895585991|0.529739634381|-4.25827928676e-08|0.789365857728
747,VALID_CAMPAIGN,MICRO_MOTION,5386616852919017950,5,MIXED,1.46556006572,-0.297499514659,0.199999850043,UNGUARDED_REFERENCE,true,false,CONVERGED_UNCERTIFIED,NO_GUARDS_OR_FINAL_CERTIFICATION,1,true,false,4.64580697909e-07,false,true,false,true,0,NaN,584,36.7203048053|-87.5832660230|-0.619798094071|-18.8495559673|69.9390681574
748,VALID_CAMPAIGN,UNIFORM,7933242459822837913,5,MIXED,-0.421643786116,1.44952835468,0.101996906735,GUARDED_PRODUCTION,true,true,SUCCESS,NONE,72,true,true,6.78125869746e-10,false,false,false,false,0,17.5049155799,258209,1.82053107701|0.454321437065|0.530597478669|-0.285362715439|0.699717944513
748,VALID_CAMPAIGN,UNIFORM,7933242459822837913,5,MIXED,-0.421643786116,1.44952835468,0.101996906735,UNGUARDED_REFERENCE,true,false,CONVERGED_UNCERTIFIED,NO_GUARDS_OR_FINAL_CERTIFICATION,6,true,false,3.36164070285e-07,false,true,false,true,0,NaN,5083,32.9826584029|-81.9109311961|-0.477402568580|-19.2477806458|70.4948489790
749,VALID_CAMPAIGN,NEAR_JOINT_LIMIT,-1325280220409025107,5,MIXED,0.0876264050474,0.253906734736,0.324261104992,GUARDED_PRODUCTION,false,false,NO_CONVERGENCE,STAGNATION_WINDOW_EXCEEDED,96,true,true,0.471438858227,false,false,false,false,0,18.3204013049,257666,-0.589938552358|2.37713844122|0.403843690730|0.410436935589|1.78285383091
749,VALID_CAMPAIGN,NEAR_JOINT_LIMIT,-1325280220409025107,5,MIXED,0.0876264050474,0.253906734736,0.324261104992,UNGUARDED_REFERENCE,true,false,CONVERGED_UNCERTIFIED,NO_GUARDS_OR_FINAL_CERTIFICATION,7,true,false,5.43785464181e-08,false,true,false,true,0,NaN,5750,30.3683462664|-78.7376770718|-0.0850708054672|-17.6012468758|73.5128418445
750,VALID_CAMPAIGN,NEAR_SINGULARITY,-3056375214509460230,5,MIXED,1.46556000597,-0.297499955878,0.199999986368,GUARDED_PRODUCTION,true,true,SUCCESS,NONE,69,true,true,8.91198666245e-10,false,false,false,false,0,10.0760358550,199709,-0.228388718621|0.409142220213|0.488829586619|-4.01921422701e-08|0.705326253385
750,VALID_CAMPAIGN,NEAR_SINGULARITY,-3056375214509460230,5,MIXED,1.46556000597,-0.297499955878,0.199999986368,UNGUARDED_REFERENCE,true,false,CONVERGED_UNCERTIFIED,NO_GUARDS_OR_FINAL_CERTIFICATION,13,true,false,8.54077728757e-08,false,true,false,true,0,NaN,11542,6.12034277175|-43.3143348186|0.534764750961|-6.28318540635|79.7421146733
751,VALID_CAMPAIGN,MICRO_MOTION,983579778173000255,5,MIXED,1.46556006572,-0.297499514659,0.199999850043,GUARDED_PRODUCTION,true,true,SUCCESS,NONE,1,true,true,4.65609501141e-07,false,false,false,false,0,NaN,4417,-0.228388718621|0.409142220213|0.488829586619|-4.01921422701e-08|0.705326253385
751,VALID_CAMPAIGN,MICRO_MOTION,983579778173000255,5,MIXED,1.46556006572,-0.297499514659,0.199999850043,UNGUARDED_REFERENCE,true,false,CONVERGED_UNCERTIFIED,NO_GUARDS_OR_FINAL_CERTIFICATION,1,true,false,4.53919962889e-07,false,true,false,true,0,NaN,542,6.12034277175|-43.3143348186|0.534764750961|-6.28318540635|79.7421146733
752,VALID_CAMPAIGN,UNIFORM,5388133534497321197,5,MIXED,0.268980256327,-0.725848973223,0.272036428924,GUARDED_PRODUCTION,true,true,SUCCESS,NONE,99,true,true,4.15299100852e-07,false,false,false,false,0,18.6635061507,270666,-2.56990867565|2.18207749944|0.371063406580|0.444279777236|1.78285383091
752,VALID_CAMPAIGN,UNIFORM,5388133534497321197,5,MIXED,0.268980256327,-0.725848973223,0.272036428924,UNGUARDED_REFERENCE,true,false,CONVERGED_UNCERTIFIED,NO_GUARDS_OR_FINAL_CERTIFICATION,8,true,false,2.85956413898e-09,false,true,false,true,0,NaN,6625,12.4748438956|-52.2063328101|-0.00706012378363|-5.49024201611|71.2758535730
753,VALID_CAMPAIGN,NEAR_JOINT_LIMIT,3621235780094064587,5,MIXED,-0.267751355253,-0.737485206200,-0.0210988429887,GUARDED_PRODUCTION,true,true,SUCCESS,NONE,286,true,true,9.57900593764e-07,false,false,false,false,0,10.5866322955,795166,-3.14159265359|2.05771432483|0.357104926806|-1.27029367694|1.63209594506
753,VALID_CAMPAIGN,NEAR_JOINT_LIMIT,3621235780094064587,5,MIXED,-0.267751355253,-0.737485206200,-0.0210988429887,UNGUARDED_REFERENCE,true,false,CONVERGED_UNCERTIFIED,NO_GUARDS_OR_FINAL_CERTIFICATION,6,true,false,9.91999288465e-09,false,true,false,true,0,NaN,5125,11.9072449777|-51.9025743315|-0.0137943898633|-7.44627296121|73.8400512233
754,VALID_CAMPAIGN,NEAR_SINGULARITY,5235344053548890452,5,MIXED,1.46556000597,-0.297499955878,0.199999986368,GUARDED_PRODUCTION,true,true,SUCCESS,NONE,105,true,true,4.83780283833e-10,false,false,false,false,0,8.79251068167,306250,-0.203095148823|0.351708673291|0.458050763894|-3.91452956485e-08|0.632794024528
754,VALID_CAMPAIGN,NEAR_SINGULARITY,5235344053548890452,5,MIXED,1.46556000597,-0.297499955878,0.199999986368,UNGUARDED_REFERENCE,true,false,CONVERGED_UNCERTIFIED,NO_GUARDS_OR_FINAL_CERTIFICATION,30,true,false,2.02964094001e-08,false,true,false,true,0,NaN,33792,24.8748853606|-75.5911298518|-0.232086777974|-4.21220407467e-08|50.5832520018
755,VALID_CAMPAIGN,MICRO_MOTION,4214728268196668380,5,MIXED,1.46556006572,-0.297499514659,0.199999850043,GUARDED_PRODUCTION,true,true,SUCCESS,NONE,1,true,true,4.65618483089e-07,false,false,false,false,0,NaN,14958,-0.203095148823|0.351708673291|0.458050763894|-3.91452956485e-08|0.632794024528
755,VALID_CAMPAIGN,MICRO_MOTION,4214728268196668380,5,MIXED,1.46556006572,-0.297499514659,0.199999850043,UNGUARDED_REFERENCE,true,false,CONVERGED_UNCERTIFIED,NO_GUARDS_OR_FINAL_CERTIFICATION,1,true,false,4.64305228394e-07,false,true,false,true,0,NaN,1084,24.8748853606|-75.5911298518|-0.232086777974|-4.21220407467e-08|50.5832520018
756,VALID_CAMPAIGN,UNIFORM,-4868258448786757552,5,MIXED,-0.156600990150,-1.18473404621,0.0958954857634,GUARDED_PRODUCTION,true,true,SUCCESS,NONE,52,true,true,1.37425756706e-07,false,false,false,false,0,19.9633709670,148667,-1.01000763878|-0.719386717162|0.430682782182|-0.455324447370|1.48201158443
756,VALID_CAMPAIGN,UNIFORM,-4868258448786757552,5,MIXED,-0.156600990150,-1.18473404621,0.0958954857634,UNGUARDED_REFERENCE,true,false,CONVERGED_UNCERTIFIED,NO_GUARDS_OR_FINAL_CERTIFICATION,12,true,false,3.57631764983e-07,false,true,false,true,0,NaN,9834,20.1189391341|-64.7625160788|1.59918887672|-0.768488698576|58.6016421730
757,VALID_CAMPAIGN,NEAR_JOINT_LIMIT,8204703631356703906,5,MIXED,0.241816803139,0.0931184875675,0.324261104992,GUARDED_PRODUCTION,false,false,NO_CONVERGENCE,STAGNATION_WINDOW_EXCEEDED,105,true,true,0.208408053051,false,false,false,false,0,10.2829631842,281500,2.95646884002|-2.37713844122|0.407662112108|0.720316337447|1.78285383091
757,VALID_CAMPAIGN,NEAR_JOINT_LIMIT,8204703631356703906,5,MIXED,0.241816803139,0.0931184875675,0.324261104992,UNGUARDED_REFERENCE,true,false,CONVERGED_UNCERTIFIED,NO_GUARDS_OR_FINAL_CERTIFICATION,7,true,false,1.66499636821e-07,false,true,false,true,0,NaN,5458,26.8801580578|-72.1931654476|-0.0710433962109|2.36691140203|57.7377508900
758,VALID_CAMPAIGN,NEAR_SINGULARITY,1969366137522992163,5,MIXED,1.46556000597,-0.297499955878,0.199999986368,GUARDED_PRODUCTION,true,true,SUCCESS,NONE,90,true,true,3.07969252395e-09,false,false,false,false,0,8.29377482575,272166,-0.0609373645538|0.138203099342|0.433798192047|-3.87017580654e-08|0.527333308471
758,VALID_CAMPAIGN,NEAR_SINGULARITY,1969366137522992163,5,MIXED,1.46556000597,-0.297499955878,0.199999986368,UNGUARDED_REFERENCE,true,false,CONVERGED_UNCERTIFIED,NO_GUARDS_OR_FINAL_CERTIFICATION,9,true,false,2.46656694409e-08,false,true,false,true,0,NaN,7208,31.3382461109|-80.8791608128|0.834408824118|1.73209686271|59.9223172962
759,VALID_CAMPAIGN,MICRO_MOTION,8551234298479190250,5,MIXED,1.46556006572,-0.297499514659,0.199999850043,GUARDED_PRODUCTION,true,true,SUCCESS,NONE,1,true,true,4.65445406671e-07,false,false,false,false,0,NaN,4542,-0.0609373645538|0.138203099342|0.433798192047|-3.87017580654e-08|0.527333308471
759,VALID_CAMPAIGN,MICRO_MOTION,8551234298479190250,5,MIXED,1.46556006572,-0.297499514659,0.199999850043,UNGUARDED_REFERENCE,true,false,CONVERGED_UNCERTIFIED,NO_GUARDS_OR_FINAL_CERTIFICATION,1,true,false,4.72969528971e-07,false,true,false,true,0,NaN,458,31.3382461109|-80.8791608128|0.834408824118|1.73209686271|59.9223172962
760,VALID_CAMPAIGN,UNIFORM,-1075585767043138244,5,MIXED,-0.706131351883,0.811514428891,0.423365488276,GUARDED_PRODUCTION,true,true,SUCCESS,NONE,95,true,true,2.83844111369e-07,false,false,false,false,0,20.0322498932,263292,2.97325860069|-0.742709463977|0.396148115434|1.03989182541|1.14929717330
760,VALID_CAMPAIGN,UNIFORM,-1075585767043138244,5,MIXED,-0.706131351883,0.811514428891,0.423365488276,UNGUARDED_REFERENCE,true,false,CONVERGED_UNCERTIFIED,NO_GUARDS_OR_FINAL_CERTIFICATION,10,true,false,7.85226198952e-09,false,true,false,true,0,NaN,8292,33.5888973975|-87.9153027672|0.0715521644398|-4.82976842294|45.2662585310
761,VALID_CAMPAIGN,NEAR_JOINT_LIMIT,1410275580636423889,5,MIXED,0.528213285954,-0.0925389938940,-0.0210988429887,GUARDED_PRODUCTION,false,false,NO_CONVERGENCE,STAGNATION_WINDOW_EXCEEDED,179,true,true,0.349517567543,false,false,false,false,0,12.9126716148,466334,1.21229816277|-1.63929503870|0.424031060320|1.78285383091|1.78285383091
761,VALID_CAMPAIGN,NEAR_JOINT_LIMIT,1410275580636423889,5,MIXED,0.528213285954,-0.0925389938940,-0.0210988429887,UNGUARDED_REFERENCE,true,false,CONVERGED_UNCERTIFIED,NO_GUARDS_OR_FINAL_CERTIFICATION,8,true,false,3.51077639213e-10,false,true,false,true,0,NaN,6500,30.6144821670|-86.2621611150|0.0967801362033|-2.73910187108|44.3903078743
762,VALID_CAMPAIGN,NEAR_SINGULARITY,5402362816454854378,5,MIXED,1.46556000597,-0.297499955878,0.199999986368,GUARDED_PRODUCTION,true,true,SUCCESS,NONE,100,true,true,4.81869349014e-10,false,false,false,false,0,6.76228857905,264291,-0.180853865319|0.349353158141|0.500155083216|-4.04910833720e-08|0.733560519099
762,VALID_CAMPAIGN,NEAR_SINGULARITY,5402362816454854378,5,MIXED,1.46556000597,-0.297499955878,0.199999986368,UNGUARDED_REFERENCE,true,false,CONVERGED_UNCERTIFIED,NO_GUARDS_OR_FINAL_CERTIFICATION,11,true,false,3.73556603158e-08,false,true,false,true,0,NaN,8500,31.2667448794|-86.9832933014|0.771606636484|-3.79342086062|41.8249811457
763,VALID_CAMPAIGN,MICRO_MOTION,6218133567536336838,5,MIXED,1.46556006572,-0.297499514659,0.199999850043,GUARDED_PRODUCTION,true,true,SUCCESS,NONE,1,true,true,4.65609342049e-07,false,false,false,false,0,NaN,5291,-0.180853865319|0.349353158141|0.500155083216|-4.04910833720e-08|0.733560519099
763,VALID_CAMPAIGN,MICRO_MOTION,6218133567536336838,5,MIXED,1.46556006572,-0.297499514659,0.199999850043,UNGUARDED_REFERENCE,true,false,CONVERGED_UNCERTIFIED,NO_GUARDS_OR_FINAL_CERTIFICATION,1,true,false,4.66446882890e-07,false,true,false,true,0,NaN,500,31.2667448794|-86.9832933014|0.771606636484|-3.79342086062|41.8249811457
764,VALID_CAMPAIGN,UNIFORM,-3305403502721462225,5,MIXED,0.196504448460,1.21473537212,0.463606371823,GUARDED_PRODUCTION,true,true,SUCCESS,NONE,62,true,true,5.77006024708e-07,false,false,false,false,0,18.5817843874,171959,0.993980830111|1.04432116466|0.460200841850|1.03301801085|0.809289078339
764,VALID_CAMPAIGN,UNIFORM,-3305403502721462225,5,MIXED,0.196504448460,1.21473537212,0.463606371823,UNGUARDED_REFERENCE,true,false,CONVERGED_UNCERTIFIED,NO_GUARDS_OR_FINAL_CERTIFICATION,6,true,false,2.46353221291e-08,false,true,false,true,0,NaN,4792,33.8021950618|-90.2143501107|-0.974580530747|-4.85404959947|42.9598361082
765,VALID_CAMPAIGN,NEAR_JOINT_LIMIT,3273845264200417243,5,MIXED,-0.267751447928,-0.737485172553,-0.0210988429887,GUARDED_PRODUCTION,false,false,NO_CONVERGENCE,STAGNATION_WINDOW_EXCEEDED,433,true,true,0.353156635800,false,false,false,false,0,15.5341406525,1134208,-2.66696337056|1.73617623567|0.333123402921|1.78285383091|1.78285383091
765,VALID_CAMPAIGN,NEAR_JOINT_LIMIT,3273845264200417243,5,MIXED,-0.267751447928,-0.737485172553,-0.0210988429887,UNGUARDED_REFERENCE,true,false,CONVERGED_UNCERTIFIED,NO_GUARDS_OR_FINAL_CERTIFICATION,11,true,false,2.55330981503e-10,false,true,false,true,0,NaN,9917,36.9707252208|-96.3900520776|-0.431669684911|-1.46524843569|42.2575861882
766,VALID_CAMPAIGN,NEAR_SINGULARITY,-626627453032980950,5,MIXED,1.46556000597,-0.297499955878,0.199999986368,GUARDED_PRODUCTION,true,true,SUCCESS,NONE,116,true,true,3.13725735421e-09,false,false,false,false,0,8.56312315919,327209,-0.190405877547|0.339951450051|0.467298245978|-4.01494078543e-08|0.654900081741
766,VALID_CAMPAIGN,NEAR_SINGULARITY,-626627453032980950,5,MIXED,1.46556000597,-0.297499955878,0.199999986368,UNGUARDED_REFERENCE,true,false,CONVERGED_UNCERTIFIED,NO_GUARDS_OR_FINAL_CERTIFICATION,23,true,false,2.02208242307e-07,false,true,false,true,0,NaN,23125,43.7889755595|-100.290874210|0.229360975404|-9.10123562931e-08|37.5200287855
767,VALID_CAMPAIGN,MICRO_MOTION,7878346919007100535,5,MIXED,1.46556006572,-0.297499514659,0.199999850043,GUARDED_PRODUCTION,true,true,SUCCESS,NONE,1,true,true,4.65734796198e-07,false,false,false,false,0,NaN,5500,-0.190405877547|0.339951450051|0.467298245978|-4.01494078543e-08|0.654900081741
767,VALID_CAMPAIGN,MICRO_MOTION,7878346919007100535,5,MIXED,1.46556006572,-0.297499514659,0.199999850043,UNGUARDED_REFERENCE,true,false,CONVERGED_UNCERTIFIED,NO_GUARDS_OR_FINAL_CERTIFICATION,1,true,false,4.89832842713e-07,false,true,false,true,0,NaN,500,43.7889755595|-100.290874210|0.229360975404|-9.10123562931e-08|37.5200287855
768,VALID_CAMPAIGN,UNIFORM,-895182312463159628,5,MIXED,0.727066240953,0.0697003283533,0.0478670253221,GUARDED_PRODUCTION,true,true,SUCCESS,NONE,82,true,true,8.38803665692e-10,false,false,false,false,0,19.6658673831,230125,-1.36377269083|2.27332134039|0.358293178535|-0.846909752927|1.73262737498
768,VALID_CAMPAIGN,UNIFORM,-895182312463159628,5,MIXED,0.727066240953,0.0697003283533,0.0478670253221,UNGUARDED_REFERENCE,true,false,CONVERGED_UNCERTIFIED,NO_GUARDS_OR_FINAL_CERTIFICATION,13,true,false,8.12115035461e-10,false,true,false,true,0,NaN,10666,64.8536144285|-128.335839719|-0.429388644965|-0.487305528489|36.7762635057
769,VALID_CAMPAIGN,NEAR_JOINT_LIMIT,3494551457185319433,5,MIXED,-0.267751447928,-0.737485172553,-0.0210988429887,GUARDED_PRODUCTION,true,true,SUCCESS,NONE,219,true,true,9.81459268702e-07,false,false,false,false,0,8.22639331297,653167,-3.14159265359|2.03948717731|0.343765656550|-1.25481037962|1.62255193503
769,VALID_CAMPAIGN,NEAR_JOINT_LIMIT,3494551457185319433,5,MIXED,-0.267751447928,-0.737485172553,-0.0210988429887,UNGUARDED_REFERENCE,true,false,CONVERGED_UNCERTIFIED,NO_GUARDS_OR_FINAL_CERTIFICATION,6,true,false,5.83222157531e-10,false,true,false,true,0,NaN,5833,65.8929542443|-130.324639837|-0.368984132838|-1.12577093372|36.1714005132
770,VALID_CAMPAIGN,NEAR_SINGULARITY,171200527772537525,5,MIXED,1.46556000597,-0.297499955878,0.199999986368,GUARDED_PRODUCTION,true,true,SUCCESS,NONE,104,true,true,8.44247093465e-09,false,false,false,false,0,8.74086028460,316583,-0.202134689852|0.338243283021|0.440019129925|-4.08413532081e-08|0.589174368410
770,VALID_CAMPAIGN,NEAR_SINGULARITY,171200527772537525,5,MIXED,1.46556000597,-0.297499955878,0.199999986368,UNGUARDED_REFERENCE,true,false,CONVERGED_UNCERTIFIED,NO_GUARDS_OR_FINAL_CERTIFICATION,39,true,false,2.66181200245e-08,false,true,false,true,0,NaN,30875,75.2786362495|-138.079703903|0.235472637182|-4.33758895733e-08|37.4604030817
771,VALID_CAMPAIGN,MICRO_MOTION,-2436924846430881315,5,MIXED,1.46556006572,-0.297499514659,0.199999850043,GUARDED_PRODUCTION,true,true,SUCCESS,NONE,1,true,true,4.66478916633e-07,false,false,false,false,0,NaN,4583,-0.202134689852|0.338243283021|0.440019129925|-4.08413532081e-08|0.589174368410
771,VALID_CAMPAIGN,MICRO_MOTION,-2436924846430881315,5,MIXED,1.46556006572,-0.297499514659,0.199999850043,UNGUARDED_REFERENCE,true,false,CONVERGED_UNCERTIFIED,NO_GUARDS_OR_FINAL_CERTIFICATION,1,true,false,4.63760111740e-07,false,true,false,true,0,NaN,500,75.2786362495|-138.079703903|0.235472637182|-4.33758895733e-08|37.4604030817
772,VALID_CAMPAIGN,UNIFORM,2429734055921834534,5,MIXED,1.28833101900,0.415695545811,0.00587675178751,GUARDED_PRODUCTION,true,true,SUCCESS,NONE,31,true,true,8.23245357806e-10,false,false,false,false,0,20.7608592199,90959,0.0355287151839|0.692601713673|0.409220274215|-0.672392447475|1.04498016230
772,VALID_CAMPAIGN,UNIFORM,2429734055921834534,5,MIXED,1.28833101900,0.415695545811,0.00587675178751,UNGUARDED_REFERENCE,true,false,CONVERGED_UNCERTIFIED,NO_GUARDS_OR_FINAL_CERTIFICATION,8,true,false,5.10651939900e-09,false,true,false,true,0,NaN,6042,76.2532230621|-139.289444111|-0.372830400810|-0.559221751992|37.1179275322
773,VALID_CAMPAIGN,NEAR_JOINT_LIMIT,595803878048181487,5,MIXED,0.528213285954,-0.0925389938940,-0.0210988429887,GUARDED_PRODUCTION,false,false,NO_CONVERGENCE,STAGNATION_WINDOW_EXCEEDED,62,true,true,0.110785755375,false,false,false,false,9,12.7394034783,184208,-1.76685225716|2.37713844122|0.346971570014|-1.30816836511|1.65155415596
773,VALID_CAMPAIGN,NEAR_JOINT_LIMIT,595803878048181487,5,MIXED,0.528213285954,-0.0925389938940,-0.0210988429887,UNGUARDED_REFERENCE,true,false,CONVERGED_UNCERTIFIED,NO_GUARDS_OR_FINAL_CERTIFICATION,8,true,false,4.04937191002e-10,false,true,false,true,0,NaN,7250,77.4989877281|-141.084260004|-0.314644963069|-0.781971021353|36.6513015751
774,VALID_CAMPAIGN,NEAR_SINGULARITY,-5997061046959437750,5,MIXED,1.46556000597,-0.297499955878,0.199999986368,GUARDED_PRODUCTION,true,true,SUCCESS,NONE,88,true,true,1.07955466098e-08,false,false,false,false,0,7.71332584065,252583,-0.194691291415|0.337671526211|0.454999241240|-4.26161808486e-08|0.625373773387
774,VALID_CAMPAIGN,NEAR_SINGULARITY,-5997061046959437750,5,MIXED,1.46556000597,-0.297499955878,0.199999986368,UNGUARDED_REFERENCE,true,false,CONVERGED_UNCERTIFIED,NO_GUARDS_OR_FINAL_CERTIFICATION,9,true,false,9.23442450290e-10,false,true,false,true,0,NaN,7417,75.5460833638|-139.140095554|-0.351547726153|-3.87200043926e-08|38.2786051215
775,VALID_CAMPAIGN,MICRO_MOTION,-1899754768179081852,5,MIXED,1.46556006572,-0.297499514659,0.199999850043,GUARDED_PRODUCTION,true,true,SUCCESS,NONE,1,true,true,4.66688650018e-07,false,false,false,false,0,NaN,4167,-0.194691291415|0.337671526211|0.454999241240|-4.26161808486e-08|0.625373773387
775,VALID_CAMPAIGN,MICRO_MOTION,-1899754768179081852,5,MIXED,1.46556006572,-0.297499514659,0.199999850043,UNGUARDED_REFERENCE,true,false,CONVERGED_UNCERTIFIED,NO_GUARDS_OR_FINAL_CERTIFICATION,1,true,false,4.65535922286e-07,false,true,false,true,0,NaN,542,75.5460833638|-139.140095554|-0.351547726153|-3.87200043926e-08|38.2786051215
776,VALID_CAMPAIGN,UNIFORM,-1093435195288738422,5,MIXED,1.06775725018,-0.695920240579,0.0535052362041,GUARDED_PRODUCTION,true,true,SUCCESS,NONE,42,true,true,1.56918335121e-08,false,false,false,false,0,20.1400313344,123000,-0.357678405387|-0.0497917775145|0.407436784539|-0.748506339561|1.64649042394
776,VALID_CAMPAIGN,UNIFORM,-1093435195288738422,5,MIXED,1.06775725018,-0.695920240579,0.0535052362041,UNGUARDED_REFERENCE,true,false,CONVERGED_UNCERTIFIED,NO_GUARDS_OR_FINAL_CERTIFICATION,6,true,false,1.47878896093e-07,false,true,false,true,0,NaN,4625,75.6955687651|-139.812277550|-0.283643711694|-0.419821371436|38.3171413594
777,VALID_CAMPAIGN,NEAR_JOINT_LIMIT,-6979098960434695838,5,MIXED,0.471765852738,-0.146670189720,0.324261104992,GUARDED_PRODUCTION,true,true,SUCCESS,NONE,93,true,true,3.14924944156e-09,false,false,false,false,0,13.1283253879,387416,1.70105062115|-2.24378899042|0.400170978285|0.740067139173|1.64509101900
777,VALID_CAMPAIGN,NEAR_JOINT_LIMIT,-6979098960434695838,5,MIXED,0.471765852738,-0.146670189720,0.324261104992,UNGUARDED_REFERENCE,true,false,CONVERGED_UNCERTIFIED,NO_GUARDS_OR_FINAL_CERTIFICATION,8,true,false,2.35139581484e-09,false,true,false,true,0,NaN,6084,77.5210234915|-141.383349708|-0.166391523945|0.581053804135|39.1166523590
778,VALID_CAMPAIGN,NEAR_SINGULARITY,3961620628868675242,5,MIXED,1.46556000597,-0.297499955878,0.199999986368,GUARDED_PRODUCTION,true,true,SUCCESS,NONE,76,true,true,1.47964500685e-08,false,false,false,false,0,8.04542083719,215208,-0.107173884180|0.190752752749|0.417615529263|-4.01528377454e-08|0.512861421135
778,VALID_CAMPAIGN,NEAR_SINGULARITY,3961620628868675242,5,MIXED,1.46556000597,-0.297499955878,0.199999986368,UNGUARDED_REFERENCE,true,false,CONVERGED_UNCERTIFIED,NO_GUARDS_OR_FINAL_CERTIFICATION,16,true,false,2.01848584580e-08,false,true,false,true,0,NaN,12916,75.1902959949|-138.474486089|-0.227889598705|-4.15440364308e-08|37.9195050646
779,VALID_CAMPAIGN,MICRO_MOTION,-7058966850562751094,5,MIXED,1.46556006572,-0.297499514659,0.199999850043,GUARDED_PRODUCTION,true,true,SUCCESS,NONE,1,true,true,4.66198309618e-07,false,false,false,false,0,NaN,4458,-0.107173884180|0.190752752749|0.417615529263|-4.01528377454e-08|0.512861421135
779,VALID_CAMPAIGN,MICRO_MOTION,-7058966850562751094,5,MIXED,1.46556006572,-0.297499514659,0.199999850043,UNGUARDED_REFERENCE,true,false,CONVERGED_UNCERTIFIED,NO_GUARDS_OR_FINAL_CERTIFICATION,1,true,false,4.64217600003e-07,false,true,false,true,0,NaN,542,75.1902959949|-138.474486089|-0.227889598705|-4.15440364308e-08|37.9195050646
780,VALID_CAMPAIGN,UNIFORM,5175647717127535847,5,MIXED,-0.403595709035,1.01476375808,0.484834676296,GUARDED_PRODUCTION,true,true,SUCCESS,NONE,84,true,true,5.23759524702e-08,false,false,false,false,0,21.6372936941,263791,2.16140629386|-0.00766701180131|0.354377414687|1.49016777326|0.864657476965
780,VALID_CAMPAIGN,UNIFORM,5175647717127535847,5,MIXED,-0.403595709035,1.01476375808,0.484834676296,UNGUARDED_REFERENCE,true,false,CONVERGED_UNCERTIFIED,NO_GUARDS_OR_FINAL_CERTIFICATION,14,true,false,1.08251351164e-08,false,true,false,true,0,NaN,13875,61.2953960087|-114.799963100|1.53383500334|-4.59641025344|51.0580116951
781,VALID_CAMPAIGN,NEAR_JOINT_LIMIT,-4872196614796592440,5,MIXED,-0.170008367046,-0.522565799195,0.324261104992,GUARDED_PRODUCTION,false,false,NO_CONVERGENCE,STAGNATION_WINDOW_EXCEEDED,96,true,true,0.788043313076,false,false,false,false,0,16.8123914744,271292,3.14159265359|-2.37713844122|0.347728669429|1.78285383091|0.846039861100
781,VALID_CAMPAIGN,NEAR_JOINT_LIMIT,-4872196614796592440,5,MIXED,-0.170008367046,-0.522565799195,0.324261104992,UNGUARDED_REFERENCE,true,false,CONVERGED_UNCERTIFIED,NO_GUARDS_OR_FINAL_CERTIFICATION,6,true,false,9.39817110063e-07,false,true,false,true,0,NaN,4958,68.3972704889|-120.761543928|0.488649934664|-4.03234717311|51.6515858387
782,VALID_CAMPAIGN,NEAR_SINGULARITY,-4197042619859809940,5,MIXED,1.46556000597,-0.297499955878,0.199999986368,GUARDED_PRODUCTION,true,true,SUCCESS,NONE,100,true,true,9.94026286716e-08,false,false,false,false,0,6.07316595957,307041,-0.0345326239585|0.0696319450004|0.375868178041|-4.27411152496e-08|0.349312349325
782,VALID_CAMPAIGN,NEAR_SINGULARITY,-4197042619859809940,5,MIXED,1.46556000597,-0.297499955878,0.199999986368,UNGUARDED_REFERENCE,true,false,CONVERGED_UNCERTIFIED,NO_GUARDS_OR_FINAL_CERTIFICATION,10,true,false,8.74278624362e-09,false,true,false,true,0,NaN,8791,81.4124673231|-124.578819396|0.947905302432|-4.34869486246|52.9760028262
783,VALID_CAMPAIGN,MICRO_MOTION,5339869520231783740,5,MIXED,1.46556006572,-0.297499514659,0.199999850043,GUARDED_PRODUCTION,true,true,SUCCESS,NONE,1,true,true,4.70655400599e-07,false,false,false,false,0,NaN,6834,-0.0345326239585|0.0696319450004|0.375868178041|-4.27411152496e-08|0.349312349325
783,VALID_CAMPAIGN,MICRO_MOTION,5339869520231783740,5,MIXED,1.46556006572,-0.297499514659,0.199999850043,UNGUARDED_REFERENCE,true,false,CONVERGED_UNCERTIFIED,NO_GUARDS_OR_FINAL_CERTIFICATION,1,true,false,4.63101396185e-07,false,true,false,true,0,NaN,542,81.4124673231|-124.578819396|0.947905302432|-4.34869486246|52.9760028262
784,VALID_CAMPAIGN,UNIFORM,1517027116336584005,5,MIXED,1.02369660421,0.722616233709,0.338201944824,GUARDED_PRODUCTION,true,true,SUCCESS,NONE,37,true,true,8.22525960866e-09,false,false,false,false,0,22.3684338609,109750,1.24121584536|-0.671603877940|0.354884792720|0.465841973623|0.906411405151
784,VALID_CAMPAIGN,UNIFORM,1517027116336584005,5,MIXED,1.02369660421,0.722616233709,0.338201944824,UNGUARDED_REFERENCE,true,false,CONVERGED_UNCERTIFIED,NO_GUARDS_OR_FINAL_CERTIFICATION,7,true,false,7.06222646785e-10,false,true,false,true,0,NaN,5541,82.3227693752|-124.511972420|0.732576825220|-3.72938812657|50.1605237549
785,VALID_CAMPAIGN,NEAR_JOINT_LIMIT,2462998871581023523,5,MIXED,-0.142322632850,0.493695381636,0.324261104992,GUARDED_PRODUCTION,false,false,NO_CONVERGENCE,STAGNATION_WINDOW_EXCEEDED,55,true,true,0.267307902884,false,false,false,false,0,10.7200615651,161792,3.14159265359|-2.17226420423|0.356112094708|0.872052360073|1.63391504090
785,VALID_CAMPAIGN,NEAR_JOINT_LIMIT,2462998871581023523,5,MIXED,-0.142322632850,0.493695381636,0.324261104992,UNGUARDED_REFERENCE,true,false,CONVERGED_UNCERTIFIED,NO_GUARDS_OR_FINAL_CERTIFICATION,8,true,false,2.05012384915e-08,false,true,false,true,0,NaN,7042,84.4786221892|-127.213548441|-0.00402573259516|-3.91964829049|55.3527426932
786,VALID_CAMPAIGN,NEAR_SINGULARITY,7200641185186566646,5,MIXED,1.46556000597,-0.297499955878,0.199999986368,GUARDED_PRODUCTION,true,true,SUCCESS,NONE,96,true,true,5.02606262604e-09,false,false,false,false,0,8.03053251003,271208,-0.106043945049|0.165269582985|0.378118576299|-3.81951076188e-08|0.410271234900
786,VALID_CAMPAIGN,NEAR_SINGULARITY,7200641185186566646,5,MIXED,1.46556000597,-0.297499955878,0.199999986368,UNGUARDED_REFERENCE,true,false,CONVERGED_UNCERTIFIED,NO_GUARDS_OR_FINAL_CERTIFICATION,12,true,false,2.14778336477e-09,false,true,false,true,0,NaN,9625,81.4180457360|-126.615088813|-0.773919858302|-3.86045138713|58.7926873661
787,VALID_CAMPAIGN,MICRO_MOTION,-1495371414207952884,5,MIXED,1.46556006572,-0.297499514659,0.199999850043,GUARDED_PRODUCTION,true,true,SUCCESS,NONE,1,true,true,4.65372901488e-07,false,false,false,false,0,NaN,4250,-0.106043945049|0.165269582985|0.378118576299|-3.81951076188e-08|0.410271234900
787,VALID_CAMPAIGN,MICRO_MOTION,-1495371414207952884,5,MIXED,1.46556006572,-0.297499514659,0.199999850043,UNGUARDED_REFERENCE,true,false,CONVERGED_UNCERTIFIED,NO_GUARDS_OR_FINAL_CERTIFICATION,1,true,false,4.65834065821e-07,false,true,false,true,0,NaN,500,81.4180457360|-126.615088813|-0.773919858302|-3.86045138713|58.7926873661
788,VALID_CAMPAIGN,UNIFORM,-6532957896431146988,5,MIXED,-0.138318136976,1.17289962558,0.0830271217115,GUARDED_PRODUCTION,true,true,SUCCESS,NONE,72,true,true,5.26118490458e-08,false,false,false,false,0,24.1995902637,198583,1.15826306276|0.971407382479|0.304872351392|-0.612994638275|1.69909444198
788,VALID_CAMPAIGN,UNIFORM,-6532957896431146988,5,MIXED,-0.138318136976,1.17289962558,0.0830271217115,UNGUARDED_REFERENCE,true,false,CONVERGED_UNCERTIFIED,NO_GUARDS_OR_FINAL_CERTIFICATION,8,true,false,8.02571697401e-07,false,true,false,true,0,NaN,7209,78.8949017099|-120.449828785|1.09546746299|-1.82718050402|60.2574665201
789,VALID_CAMPAIGN,NEAR_JOINT_LIMIT,-5731738650512234572,5,MIXED,-0.142322632850,0.493695381636,0.324261104992,GUARDED_PRODUCTION,false,false,NO_CONVERGENCE,STAGNATION_WINDOW_EXCEEDED,60,true,true,0.128196443932,false,false,false,false,2,11.5298399014,161416,0.0540158387884|2.37713844122|0.266886745036|0.625622544094|1.69180385675
789,VALID_CAMPAIGN,NEAR_JOINT_LIMIT,-5731738650512234572,5,MIXED,-0.142322632850,0.493695381636,0.324261104992,UNGUARDED_REFERENCE,true,false,CONVERGED_UNCERTIFIED,NO_GUARDS_OR_FINAL_CERTIFICATION,9,true,false,9.57356870521e-09,false,true,false,true,0,NaN,7708,80.2506952597|-121.642056463|0.852167805781|1.16757992159|58.4235695901
790,VALID_CAMPAIGN,NEAR_SINGULARITY,7451004531332507777,5,MIXED,1.46556000597,-0.297499955878,0.199999986368,GUARDED_PRODUCTION,true,true,SUCCESS,NONE,96,true,true,1.58303338203e-08,false,false,false,false,0,8.67547298681,266208,-0.186011882868|0.258623322195|0.348069139765|-3.97176868154e-08|0.355265577477
790,VALID_CAMPAIGN,NEAR_SINGULARITY,7451004531332507777,5,MIXED,1.46556000597,-0.297499955878,0.199999986368,UNGUARDED_REFERENCE,true,false,CONVERGED_UNCERTIFIED,NO_GUARDS_OR_FINAL_CERTIFICATION,20,true,false,2.55980799583e-07,false,true,false,true,0,NaN,17833,68.9135952255|-113.381152648|-0.231364947563|6.28318519844|50.6527569570
791,VALID_CAMPAIGN,MICRO_MOTION,8063455006673626252,5,MIXED,1.46556006572,-0.297499514659,0.199999850043,GUARDED_PRODUCTION,true,true,SUCCESS,NONE,1,true,true,4.66610240813e-07,false,false,false,false,0,NaN,4375,-0.186011882868|0.258623322195|0.348069139765|-3.97176868154e-08|0.355265577477
791,VALID_CAMPAIGN,MICRO_MOTION,8063455006673626252,5,MIXED,1.46556006572,-0.297499514659,0.199999850043,UNGUARDED_REFERENCE,true,false,CONVERGED_UNCERTIFIED,NO_GUARDS_OR_FINAL_CERTIFICATION,1,true,false,5.10551669594e-07,false,true,false,true,0,NaN,500,68.9135952255|-113.381152648|-0.231364947563|6.28318519844|50.6527569570
792,VALID_CAMPAIGN,UNIFORM,-8029731095673411819,5,MIXED,-1.07912990218,-0.200169163266,0.329541818486,GUARDED_PRODUCTION,true,true,SUCCESS,NONE,104,true,true,2.98578396070e-10,false,false,false,false,0,27.6974772053,298666,-2.16532561820|-0.977867019237|0.332939051250|0.565782479995|1.32785641820
792,VALID_CAMPAIGN,UNIFORM,-8029731095673411819,5,MIXED,-1.07912990218,-0.200169163266,0.329541818486,UNGUARDED_REFERENCE,true,false,CONVERGED_UNCERTIFIED,NO_GUARDS_OR_FINAL_CERTIFICATION,9,true,false,9.79890908411e-07,false,true,false,true,0,NaN,7959,79.1430337002|-120.186476772|0.0751198241539|0.956315301186|96.0147820024
793,VALID_CAMPAIGN,NEAR_JOINT_LIMIT,-2616306962771682091,5,MIXED,-0.170008432714,-0.522565777831,0.324261104992,GUARDED_PRODUCTION,true,true,SUCCESS,NONE,80,true,true,9.30757110430e-07,false,false,false,false,0,10.8228134760,225208,-0.238891927857|-2.06394695790|0.336182203773|0.913353269507|1.78285383091
793,VALID_CAMPAIGN,NEAR_JOINT_LIMIT,-2616306962771682091,5,MIXED,-0.170008432714,-0.522565777831,0.324261104992,UNGUARDED_REFERENCE,true,false,CONVERGED_UNCERTIFIED,NO_GUARDS_OR_FINAL_CERTIFICATION,14,true,false,2.11142162206e-08,false,true,false,true,0,NaN,11917,79.1504406629|-123.568540003|0.165920161528|2.59564331700|94.2862817188
794,VALID_CAMPAIGN,NEAR_SINGULARITY,8617781318406730946,5,MIXED,1.46556000597,-0.297499955878,0.199999986368,GUARDED_PRODUCTION,true,true,SUCCESS,NONE,97,true,true,1.03874005132e-08,false,false,false,false,0,8.64390379808,265375,-0.171499240051|0.239629636142|0.350617178697|-3.89342739365e-08|0.360260561196
794,VALID_CAMPAIGN,NEAR_SINGULARITY,8617781318406730946,5,MIXED,1.46556000597,-0.297499955878,0.199999986368,UNGUARDED_REFERENCE,true,false,CONVERGED_UNCERTIFIED,NO_GUARDS_OR_FINAL_CERTIFICATION,22,true,false,5.15488706192e-08,false,true,false,true,0,NaN,18542,94.1081417569|-126.769163501|-0.780536561107|2.27575559030|90.3694128019
795,VALID_CAMPAIGN,MICRO_MOTION,4460420109567250686,5,MIXED,1.46556006572,-0.297499514659,0.199999850043,GUARDED_PRODUCTION,true,true,SUCCESS,NONE,1,true,true,4.65836657038e-07,false,false,false,false,0,NaN,4125,-0.171499240051|0.239629636142|0.350617178697|-3.89342739365e-08|0.360260561196
795,VALID_CAMPAIGN,MICRO_MOTION,4460420109567250686,5,MIXED,1.46556006572,-0.297499514659,0.199999850043,UNGUARDED_REFERENCE,true,false,CONVERGED_UNCERTIFIED,NO_GUARDS_OR_FINAL_CERTIFICATION,1,true,false,4.73444663805e-07,false,true,false,true,0,NaN,500,94.1081417569|-126.769163501|-0.780536561107|2.27575559030|90.3694128019
796,ADVERSARIAL_PROBES,NON_FINITE_TARGET,6716928211932440696,5,MIXED,NaN,-0.297500000000,0.200000000000,GUARDED_PRODUCTION,false,false,INVALID_INPUT,INVALID_TARGET,0,true,true,NaN,false,false,false,false,0,NaN,3333,0.00000000000|0.00000000000|0.297500000000|0.00000000000|0.00000000000
796,ADVERSARIAL_PROBES,NON_FINITE_TARGET,6716928211932440696,5,MIXED,NaN,-0.297500000000,0.200000000000,UNGUARDED_REFERENCE,false,false,MAX_ITERATIONS_UNCERTIFIED,NO_GUARDS_OR_FINAL_CERTIFICATION,800,false,false,NaN,true,false,false,true,0,NaN,480209,NaN|NaN|NaN|NaN|NaN
797,ADVERSARIAL_PROBES,INFINITE_TARGET,-2167680845065986022,5,MIXED,1.46556000000,-0.297500000000,Infinity,GUARDED_PRODUCTION,false,false,INVALID_INPUT,INVALID_TARGET,0,true,true,Infinity,false,false,false,false,0,NaN,2542,0.00000000000|0.00000000000|0.297500000000|0.00000000000|0.00000000000
797,ADVERSARIAL_PROBES,INFINITE_TARGET,-2167680845065986022,5,MIXED,1.46556000000,-0.297500000000,Infinity,UNGUARDED_REFERENCE,false,false,MAX_ITERATIONS_UNCERTIFIED,NO_GUARDS_OR_FINAL_CERTIFICATION,800,false,false,NaN,true,false,false,true,0,NaN,530250,NaN|NaN|NaN|NaN|NaN
798,ADVERSARIAL_PROBES,NON_FINITE_INITIAL_STATE,1872091500196258184,5,MIXED,1.46556000000,-0.297500000000,0.200000000000,GUARDED_PRODUCTION,false,false,INVALID_INPUT,INVALID_INITIAL_STATE,0,true,true,0.00000000000,false,false,false,false,0,NaN,5125,0.00000000000|0.00000000000|0.297500000000|0.00000000000|0.00000000000
798,ADVERSARIAL_PROBES,NON_FINITE_INITIAL_STATE,1872091500196258184,5,MIXED,1.46556000000,-0.297500000000,0.200000000000,UNGUARDED_REFERENCE,false,false,MAX_ITERATIONS_UNCERTIFIED,NO_GUARDS_OR_FINAL_CERTIFICATION,800,false,false,NaN,true,false,false,true,0,NaN,529416,NaN|NaN|NaN|NaN|NaN
799,ADVERSARIAL_PROBES,OVERFLOWING_GEOMETRY,8974875887476688,5,MIXED,0.00000000000,0.00000000000,0.00000000000,GUARDED_PRODUCTION,false,false,NUMERICAL_FAILURE,OUTPUT_VALIDATION_FAILED,1,true,true,Infinity,false,false,false,false,0,NaN,5708,0.00000000000|0.00000000000|0.297500000000|0.00000000000|0.00000000000
799,ADVERSARIAL_PROBES,OVERFLOWING_GEOMETRY,8974875887476688,5,MIXED,0.00000000000,0.00000000000,0.00000000000,UNGUARDED_REFERENCE,false,false,MAX_ITERATIONS_UNCERTIFIED,NO_GUARDS_OR_FINAL_CERTIFICATION,800,false,false,NaN,true,false,false,true,0,NaN,523459,NaN|NaN|NaN|NaN|NaN
800,VALID_CAMPAIGN,UNIFORM,7255610089373127079,10,AUTO,-0.372353922770,-0.246456976484,1.21425391547,GUARDED_PRODUCTION,true,true,SUCCESS,NONE,61,true,true,9.09678779503e-08,false,false,false,false,0,20.6995295301,531792,0.101549935837|-1.04523756044|1.34270044320|0.284903015250|-0.160054526003|-0.233457009269|0.574990187061|0.288391180447|0.140229174263|0.296906148145
800,VALID_CAMPAIGN,UNIFORM,7255610089373127079,10,AUTO,-0.372353922770,-0.246456976484,1.21425391547,UNGUARDED_REFERENCE,true,false,CONVERGED_UNCERTIFIED,NO_GUARDS_OR_FINAL_CERTIFICATION,11,true,false,8.18609751071e-11,false,true,false,true,0,NaN,25792,5.60339170047|-7.44554194648|-4.39676704343|-0.00142636894704|-1.40477435562|-4.94073878674|6.07174437563|0.179101881456|5.50287289084|-0.289239558406
801,VALID_CAMPAIGN,NEAR_JOINT_LIMIT,-6029588100318070193,10,AUTO,0.178032244210,-0.998012053697,0.00904918981532,GUARDED_PRODUCTION,true,true,SUCCESS,NONE,43,true,true,1.59508677357e-08,false,false,false,false,0,4.48758154948,351792,0.508767157213|-0.128735801386|2.37008277778|0.303614159103|-0.522142018085|-0.463434887205|0.531265646395|0.308858541979|-0.0789617048343|0.295074980015
801,VALID_CAMPAIGN,NEAR_JOINT_LIMIT,-6029588100318070193,10,AUTO,0.178032244210,-0.998012053697,0.00904918981532,UNGUARDED_REFERENCE,true,false,CONVERGED_UNCERTIFIED,NO_GUARDS_OR_FINAL_CERTIFICATION,8,true,false,7.82923076714e-09,false,true,false,true,0,NaN,17666,11.5946208713|-7.33179252891|0.665707396122|-0.175634564755|-2.54549795044|-5.43299457190|4.46106621555|-0.0318933533272|5.44421784077|-0.330902758781
802,VALID_CAMPAIGN,NEAR_SINGULARITY,-5900582410485358174,10,AUTO,2.05791997025,-0.674999922430,0.657500087689,GUARDED_PRODUCTION,true,true,SUCCESS,NONE,88,true,true,2.63464078960e-09,false,false,false,false,0,4.10832073051,695166,-0.336357330045|1.51585971542|1.73083329009|0.526013245960|-0.978903844987|-0.0255654206245|-0.694911712921|0.406763417369|-0.504010912675|0.366616970865
802,VALID_CAMPAIGN,NEAR_SINGULARITY,-5900582410485358174,10,AUTO,2.05791997025,-0.674999922430,0.657500087689,UNGUARDED_REFERENCE,true,false,CONVERGED_UNCERTIFIED,NO_GUARDS_OR_FINAL_CERTIFICATION,15,true,false,1.57857576697e-07,false,true,false,true,0,NaN,34917,24.4861196608|-24.3417916520|0.0348003576801|0.188104421733|0.361554356985|-2.61114695122|8.80626543995|-0.621990755862|1.17802991937|-0.188493682491
803,VALID_CAMPAIGN,MICRO_MOTION,-6572621294734847935,10,AUTO,2.05791967275,-0.674999146726,0.657500964579,GUARDED_PRODUCTION,true,true,SUCCESS,NONE,2,true,true,3.91180237073e-11,false,false,false,false,0,21.4083538822,15041,-0.336356967522|1.51586002563|1.73083415807|0.526012997531|-0.978903038648|-0.0255654703774|-0.694911358546|0.406763285390|-0.504010513339|0.366616849663
803,VALID_CAMPAIGN,MICRO_MOTION,-6572621294734847935,10,AUTO,2.05791967275,-0.674999146726,0.657500964579,UNGUARDED_REFERENCE,true,false,CONVERGED_UNCERTIFIED,NO_GUARDS_OR_FINAL_CERTIFICATION,2,true,false,2.96958588348e-11,false,true,false,true,0,NaN,2917,24.4861197890|-24.3417913797|0.0348010227102|0.188104411324|0.361554411988|-2.61114700095|8.80626539495|-0.621990733787|1.17802986466|-0.188493683959
804,VALID_CAMPAIGN,UNIFORM,7122186838913402537,10,AUTO,0.135899963026,0.268606393458,-1.10204902300,GUARDED_PRODUCTION,false,false,NO_CONVERGENCE,STAGNATION_WINDOW_EXCEEDED,99,true,true,0.662299937929,false,false,false,false,0,21.4083476132,785917,-0.511921671568|2.04220254237|2.67428074637|0.436648508173|-1.78285383091|-0.762289156429|0.493226349025|0.523584277986|-0.665270029617|0.526731547933
804,VALID_CAMPAIGN,UNIFORM,7122186838913402537,10,AUTO,0.135899963026,0.268606393458,-1.10204902300,UNGUARDED_REFERENCE,true,false,CONVERGED_UNCERTIFIED,NO_GUARDS_OR_FINAL_CERTIFICATION,12,true,false,3.19935503383e-08,false,true,false,true,0,NaN,68625,19.9518175222|-16.0290530298|-2.20140936034|-0.216468452570|1.03962364859|-5.70776867537|8.65370418496|0.614793516545|-0.0613257563832|-0.104322242844
805,VALID_CAMPAIGN,NEAR_JOINT_LIMIT,-3195683822822833553,10,AUTO,-0.518823973760,0.0509437155645,0.121605083390,GUARDED_PRODUCTION,true,true,SUCCESS,NONE,97,true,true,4.61048181718e-07,false,false,false,false,0,9.97062325615,807500,1.50438887244|1.61807059483|2.67428074637|0.381060777978|-1.76610110840|-1.55868422786|-1.10072345320|0.572137804881|-1.06120113789|0.399079985426
805,VALID_CAMPAIGN,NEAR_JOINT_LIMIT,-3195683822822833553,10,AUTO,-0.518823973760,0.0509437155645,0.121605083390,UNGUARDED_REFERENCE,true,false,CONVERGED_UNCERTIFIED,NO_GUARDS_OR_FINAL_CERTIFICATION,16,true,false,2.27299294698e-09,false,true,false,true,0,NaN,38916,21.2487119542|-19.0318721870|-3.60373768595|-0.284212554591|2.34835467587|-6.59192526635|8.84941444714|0.242804244582|2.06974802167|-0.0659336422791
806,VALID_CAMPAIGN,NEAR_SINGULARITY,1737701915327552437,10,AUTO,2.05791997025,-0.674999922430,0.657500087689,GUARDED_PRODUCTION,false,false,NO_CONVERGENCE,STAGNATION_WINDOW_EXCEEDED,44,true,true,2.02341074904,false,false,false,false,0,2.65721461353,334167,1.35139872553|2.37713844122|2.67428074637|0.348135425116|-1.78285383091|-1.78285383091|-0.969056979999|0.575000000000|-1.21410087878|0.405675055992
806,VALID_CAMPAIGN,NEAR_SINGULARITY,1737701915327552437,10,AUTO,2.05791997025,-0.674999922430,0.657500087689,UNGUARDED_REFERENCE,true,false,CONVERGED_UNCERTIFIED,NO_GUARDS_OR_FINAL_CERTIFICATION,17,true,false,9.12560623109e-08,false,true,false,true,0,NaN,40792,12.2386409113|-12.6373919557|0.182705327754|-0.132773277582|6.41653447110|-5.61885688175|6.80825979195|0.409055556296|-0.721886089633|-0.262457797510
807,VALID_CAMPAIGN,MICRO_MOTION,1058663440743076726,10,AUTO,2.05791967275,-0.674999146726,0.657500964579,GUARDED_PRODUCTION,false,false,NO_CONVERGENCE,STAGNATION_WINDOW_EXCEEDED,7,true,true,2.02725243555,false,false,false,false,0,5.78930004665,51250,1.28783510302|2.37713844122|2.67428074637|0.338745774709|-1.78285383091|-1.78285383091|-0.967306628899|0.575000000000|-1.21622418510|0.409228704467
807,VALID_CAMPAIGN,MICRO_MOTION,1058663440743076726,10,AUTO,2.05791967275,-0.674999146726,0.657500964579,UNGUARDED_REFERENCE,true,false,CONVERGED_UNCERTIFIED,NO_GUARDS_OR_FINAL_CERTIFICATION,2,true,false,3.07104208964e-10,false,true,false,true,0,NaN,3042,12.2386409885|-12.6373918491|0.182705907097|-0.132773259495|6.41653459515|-5.61885683951|6.80825986751|0.409055401783|-0.721886026831|-0.262457736124
808,VALID_CAMPAIGN,UNIFORM,-7746759887664764292,10,AUTO,0.234108551183,-1.46304717685,-0.289531807812,GUARDED_PRODUCTION,false,false,MAX_ITERATIONS_REACHED,MAX_ITERATIONS_LIMIT_REACHED,800,true,true,0.387135408307,false,false,false,false,0,5.78280491721,6607166,-1.18015685054|2.37713844122|2.67428074637|0.296917817128|-1.78285383091|-1.78285383091|1.53732607317|0.572699823674|-0.00377901652576|0.575000000000
808,VALID_CAMPAIGN,UNIFORM,-7746759887664764292,10,AUTO,0.234108551183,-1.46304717685,-0.289531807812,UNGUARDED_REFERENCE,true,false,CONVERGED_UNCERTIFIED,NO_GUARDS_OR_FINAL_CERTIFICATION,9,true,false,8.72762673562e-11,false,true,false,true,0,NaN,21125,12.7526646148|-10.6478572197|3.32499425348|0.0625180031528|5.92016975901|-6.16263721242|5.30845172790|-1.63243412312|-1.56355967323|0.433880963427
809,VALID_CAMPAIGN,NEAR_JOINT_LIMIT,-3691348284946578069,10,AUTO,-0.250731060171,-1.00002413073,0.899291269506,GUARDED_PRODUCTION,true,true,SUCCESS,NONE,20,true,true,3.35640127807e-08,false,false,false,false,0,4.73138089142,174375,-1.28412751775|2.21941034839|1.99273622575|0.293448896483|-1.68762012328|-1.67203240045|1.69089358876|0.574896061498|-0.0317216643165|0.572108001788
809,VALID_CAMPAIGN,NEAR_JOINT_LIMIT,-3691348284946578069,10,AUTO,-0.250731060171,-1.00002413073,0.899291269506,UNGUARDED_REFERENCE,true,false,CONVERGED_UNCERTIFIED,NO_GUARDS_OR_FINAL_CERTIFICATION,7,true,false,2.74603940974e-09,false,true,false,true,0,NaN,14708,13.3643665560|-11.0234440197|2.55240999956|0.0481192640335|6.12669457363|-6.00136888589|4.95812338908|-1.63514919205|-1.30528871465|0.419961802521
810,VALID_CAMPAIGN,NEAR_SINGULARITY,2356888790914979785,10,AUTO,2.05791997025,-0.674999922430,0.657500087689,GUARDED_PRODUCTION,false,false,NO_CONVERGENCE,STAGNATION_WINDOW_EXCEEDED,54,true,true,1.08997067626,false,false,false,false,0,3.50236177228,389916,-0.409152959027|2.37713844122|2.41866735682|0.316883278277|-1.78285383091|-1.78285383091|1.78285383091|0.566557341469|0.0533392938271|0.575000000000
810,VALID_CAMPAIGN,NEAR_SINGULARITY,2356888790914979785,10,AUTO,2.05791997025,-0.674999922430,0.657500087689,UNGUARDED_REFERENCE,true,false,CONVERGED_UNCERTIFIED,NO_GUARDS_OR_FINAL_CERTIFICATION,9,true,false,3.91287836449e-09,false,true,false,true,0,NaN,19334,18.8353009580|-14.2623815406|1.76306406603|-0.0190858132011|6.39068668249|-5.95179541980|4.15840185507|-1.74883736573|-2.85671877561|0.516068241259
811,VALID_CAMPAIGN,MICRO_MOTION,-4347057750614465972,10,AUTO,2.05791967275,-0.674999146726,0.657500964579,GUARDED_PRODUCTION,false,false,NO_CONVERGENCE,STAGNATION_WINDOW_EXCEEDED,7,true,true,1.09142181478,false,false,false,false,0,4.68487744960,47833,-0.411181818115|2.37713844122|2.43904367563|0.319923183381|-1.78285383091|-1.78285383091|1.78285383091|0.566282362664|0.0537903931798|0.575000000000
811,VALID_CAMPAIGN,MICRO_MOTION,-4347057750614465972,10,AUTO,2.05791967275,-0.674999146726,0.657500964579,UNGUARDED_REFERENCE,true,false,CONVERGED_UNCERTIFIED,NO_GUARDS_OR_FINAL_CERTIFICATION,2,true,false,9.60707052295e-11,false,true,false,true,0,NaN,3041,18.8353014387|-14.2623819586|1.76306476919|-0.0190857402914|6.39068624805|-5.95179539930|4.15840178959|-1.74883729781|-2.85671795572|0.516068210899
812,VALID_CAMPAIGN,UNIFORM,8780532940142791047,10,AUTO,-1.05236108178,-0.389387623415,1.46772133221,GUARDED_PRODUCTION,false,false,NO_CONVERGENCE,STAGNATION_WINDOW_EXCEEDED,59,true,true,0.386135265221,false,false,false,false,0,4.68992319069,427958,-2.45461542188|1.81939970316|1.74338424130|0.310368126538|-1.78285383091|-1.78285383091|1.78285383091|0.575000000000|-0.113415891210|0.575000000000
812,VALID_CAMPAIGN,UNIFORM,8780532940142791047,10,AUTO,-1.05236108178,-0.389387623415,1.46772133221,UNGUARDED_REFERENCE,true,false,CONVERGED_UNCERTIFIED,NO_GUARDS_OR_FINAL_CERTIFICATION,11,true,false,4.29085349272e-10,false,true,false,true,0,NaN,25292,16.7607923831|-19.8561965641|4.17852417794|0.234549381444|2.81378568850|-7.48893817833|4.19632452883|-1.39754210403|1.94603428452|0.238908315225
813,VALID_CAMPAIGN,NEAR_JOINT_LIMIT,487418645015997242,10,AUTO,-0.969706968069,-0.162457660127,0.101984108141,GUARDED_PRODUCTION,true,true,SUCCESS,NONE,25,true,true,1.14602418101e-10,false,false,false,false,0,3.69469974101,202792,-2.02447825576|1.88586248949|2.46122477325|0.310242368413|-1.58550194161|-1.49212130605|1.51215027634|0.571874278847|-0.0785083994290|0.561087689247
813,VALID_CAMPAIGN,NEAR_JOINT_LIMIT,487418645015997242,10,AUTO,-0.969706968069,-0.162457660127,0.101984108141,UNGUARDED_REFERENCE,true,false,CONVERGED_UNCERTIFIED,NO_GUARDS_OR_FINAL_CERTIFICATION,11,true,false,2.33432109766e-08,false,true,false,true,0,NaN,25708,15.4830604962|-23.0093801404|5.58455023626|0.382842888550|3.03087088271|-7.69206720410|3.52017685499|-0.742630091299|5.10365034712|0.118641781109
814,VALID_CAMPAIGN,NEAR_SINGULARITY,7956014495941389879,10,AUTO,2.05791997025,-0.674999922430,0.657500087689,GUARDED_PRODUCTION,false,false,NO_CONVERGENCE,STAGNATION_WINDOW_EXCEEDED,97,true,true,0.973473125817,false,false,false,false,0,2.86434873424,769916,-0.289121180722|2.37713844122|2.18299146647|0.358558752989|-1.78285383091|-1.78285383091|1.39630082079|0.534346772816|0.237733424537|0.575000000000
814,VALID_CAMPAIGN,NEAR_SINGULARITY,7956014495941389879,10,AUTO,2.05791997025,-0.674999922430,0.657500087689,UNGUARDED_REFERENCE,true,false,CONVERGED_UNCERTIFIED,NO_GUARDS_OR_FINAL_CERTIFICATION,14,true,false,8.72105897982e-08,false,true,false,true,0,NaN,32125,18.4321534136|-23.8955442309|1.07864564793|0.794189918345|0.0340509445351|-8.62512986598|5.18303499849|-0.818892159643|5.08108896258|0.0873751349723
815,VALID_CAMPAIGN,MICRO_MOTION,-749936763610938434,10,AUTO,2.05791967275,-0.674999146726,0.657500964579,GUARDED_PRODUCTION,false,false,NO_CONVERGENCE,STAGNATION_WINDOW_EXCEEDED,7,true,true,0.987182734918,false,false,false,false,0,4.97219549889,49625,-0.334091694330|2.37713844122|2.23714044871|0.362346351425|-1.78285383091|-1.78285383091|1.46459642690|0.533327651588|0.237019912865|0.575000000000
815,VALID_CAMPAIGN,MICRO_MOTION,-749936763610938434,10,AUTO,2.05791967275,-0.674999146726,0.657500964579,UNGUARDED_REFERENCE,true,false,CONVERGED_UNCERTIFIED,NO_GUARDS_OR_FINAL_CERTIFICATION,2,true,false,6.41066959109e-11,false,true,false,true,0,NaN,2875,18.4321536725|-23.8955439692|1.07864695079|0.794189874258|0.0340513243302|-8.62512976106|5.18303491274|-0.818892129422|5.08108843354|0.0873751161469
816,VALID_CAMPAIGN,UNIFORM,-6966625774282801807,10,AUTO,-0.787762033222,0.164694995863,-0.862167232396,GUARDED_PRODUCTION,false,false,NO_CONVERGENCE,STAGNATION_WINDOW_EXCEEDED,90,true,true,0.548218484431,false,false,false,false,0,4.97251300314,698750,-2.28434657868|1.56814292938|2.67428074637|0.324302660540|-1.65147657574|-1.63136707664|1.21427042699|0.563122294339|-0.0271798727001|0.575000000000
816,VALID_CAMPAIGN,UNIFORM,-6966625774282801807,10,AUTO,-0.787762033222,0.164694995863,-0.862167232396,UNGUARDED_REFERENCE,true,false,CONVERGED_UNCERTIFIED,NO_GUARDS_OR_FINAL_CERTIFICATION,7,true,false,5.86646489436e-09,false,true,false,true,0,NaN,15167,17.7635961473|-20.6313910381|5.40328372590|0.338342191828|-1.50420382746|-12.9252280121|4.26355327864|-0.401353194611|1.12684143514|-0.0443483131343
817,VALID_CAMPAIGN,NEAR_JOINT_LIMIT,6809741108942587234,10,AUTO,-0.113112284291,-0.417283664049,-0.00750763424670,GUARDED_PRODUCTION,true,true,SUCCESS,NONE,44,true,true,9.46237528197e-07,false,false,false,false,0,3.27331178508,360500,-0.520103646361|1.24939831804|2.07588084614|0.327097562334|-1.19213952352|-1.03908033533|1.45342309033|0.568348913635|-0.157597159239|0.538276438257
817,VALID_CAMPAIGN,NEAR_JOINT_LIMIT,6809741108942587234,10,AUTO,-0.113112284291,-0.417283664049,-0.00750763424670,UNGUARDED_REFERENCE,true,false,CONVERGED_UNCERTIFIED,NO_GUARDS_OR_FINAL_CERTIFICATION,7,true,false,2.42314506794e-08,false,true,false,true,0,NaN,15500,20.5466267339|-22.1120408698|6.78388904208|0.159290480826|-3.07905786590|-12.1743067538|4.16405263800|0.0135297999071|-0.410576090824|-0.0652917624266
818,VALID_CAMPAIGN,NEAR_SINGULARITY,-230478975388301101,10,AUTO,2.05791997025,-0.674999922430,0.657500087689,GUARDED_PRODUCTION,true,true,SUCCESS,NONE,89,true,true,7.93143885348e-07,false,false,false,false,0,2.53334031687,721667,-0.390097204864|1.81705695827|1.81859234002|0.425512614356|-0.700098975476|-0.206523462867|-0.415302458087|0.575000000000|-0.231116588253|0.551263446494
818,VALID_CAMPAIGN,NEAR_SINGULARITY,-230478975388301101,10,AUTO,2.05791997025,-0.674999922430,0.657500087689,UNGUARDED_REFERENCE,true,false,CONVERGED_UNCERTIFIED,NO_GUARDS_OR_FINAL_CERTIFICATION,20,true,false,1.15945628895e-08,false,true,false,true,0,NaN,47083,18.4792790697|-18.8645056292|6.46000183122|-0.158362601356|0.0377481212998|-11.8287028606|0.438493409398|0.426726173855|-6.91433870446|-0.208054992077
819,VALID_CAMPAIGN,MICRO_MOTION,6723646941532492026,10,AUTO,2.05791967275,-0.674999146726,0.657500964579,GUARDED_PRODUCTION,true,true,SUCCESS,NONE,1,true,true,9.22916550015e-07,false,false,false,false,0,NaN,7250,-0.390097204864|1.81705695827|1.81859234002|0.425512614356|-0.700098975476|-0.206523462867|-0.415302458087|0.575000000000|-0.231116588253|0.551263446494
819,VALID_CAMPAIGN,MICRO_MOTION,6723646941532492026,10,AUTO,2.05791967275,-0.674999146726,0.657500964579,UNGUARDED_REFERENCE,true,false,CONVERGED_UNCERTIFIED,NO_GUARDS_OR_FINAL_CERTIFICATION,2,true,false,5.09159973500e-10,false,true,false,true,0,NaN,3000,18.4792789211|-18.8645051221|6.46000235606|-0.158362575453|0.0377479867568|-11.8287029248|0.438493532150|0.426725921500|-6.91433830283|-0.208054918449
820,VALID_CAMPAIGN,UNIFORM,9208356371127588830,10,AUTO,0.982932817748,0.644044405797,0.681880745550,GUARDED_PRODUCTION,true,true,SUCCESS,NONE,62,true,true,9.30154190952e-07,false,false,false,false,0,16.0372269368,489917,0.500200909902|2.37713844122|1.05587764499|0.344070312487|-0.874510945730|-0.754668612399|0.849959298068|0.539279277091|0.218147840403|0.523278512719
820,VALID_CAMPAIGN,UNIFORM,9208356371127588830,10,AUTO,0.982932817748,0.644044405797,0.681880745550,UNGUARDED_REFERENCE,true,false,CONVERGED_UNCERTIFIED,NO_GUARDS_OR_FINAL_CERTIFICATION,7,true,false,2.93022868768e-08,false,true,false,true,0,NaN,15375,15.8256187625|-16.3888231720|6.28993430429|0.0312330189506|-0.678474809163|-11.7831553149|0.541790489905|-1.26345381362|-4.18393005960|0.295163456345
821,VALID_CAMPAIGN,NEAR_JOINT_LIMIT,-2256230018564680266,10,AUTO,-0.541696382715,0.308218097549,-0.319190604348,GUARDED_PRODUCTION,true,true,SUCCESS,NONE,63,true,true,7.37939465129e-07,false,false,false,false,0,3.58247981978,577000,2.41985107004|2.37713844122|2.15440425423|0.337148825547|-0.666748725370|-0.463432062165|1.77798516034|0.563809208088|0.0361694278980|0.520248162218
821,VALID_CAMPAIGN,NEAR_JOINT_LIMIT,-2256230018564680266,10,AUTO,-0.541696382715,0.308218097549,-0.319190604348,UNGUARDED_REFERENCE,true,false,CONVERGED_UNCERTIFIED,NO_GUARDS_OR_FINAL_CERTIFICATION,7,true,false,8.53486298233e-09,false,true,false,true,0,NaN,14500,14.0019970819|-16.0484400028|3.18624810017|-0.0504993420350|0.451660463662|-10.9459805779|1.69147455747|-1.04434334839|-1.24839834803|0.210641522266
822,VALID_CAMPAIGN,NEAR_SINGULARITY,-6913205360558484046,10,AUTO,2.05791997025,-0.674999922430,0.657500087689,GUARDED_PRODUCTION,false,false,NO_CONVERGENCE,STAGNATION_WINDOW_EXCEEDED,87,true,true,0.860884535448,false,false,false,false,0,2.53719409626,761708,-0.102315919458|2.37713844122|2.48744034138|0.308464696484|-1.78285383091|-1.78285383091|1.75227210258|0.564891478182|0.0177682008002|0.575000000000
822,VALID_CAMPAIGN,NEAR_SINGULARITY,-6913205360558484046,10,AUTO,2.05791997025,-0.674999922430,0.657500087689,UNGUARDED_REFERENCE,true,false,CONVERGED_UNCERTIFIED,NO_GUARDS_OR_FINAL_CERTIFICATION,9,true,false,1.81990246987e-07,false,true,false,true,0,NaN,23125,12.2542847779|-15.2066355727|2.77691407680|-0.241542294752|-0.244844949740|-13.5574413433|2.37308186967|-1.20950880264|-4.86139768049|0.142392124249
823,VALID_CAMPAIGN,MICRO_MOTION,-8789827143567934115,10,AUTO,2.05791967275,-0.674999146726,0.657500964579,GUARDED_PRODUCTION,false,false,NO_CONVERGENCE,STAGNATION_WINDOW_EXCEEDED,7,true,true,0.916046926742,false,false,false,false,0,4.73228287799,62625,-0.202312867355|2.37713844122|2.50018362958|0.311127392781|-1.78285383091|-1.78285383091|1.78285383091|0.565267964523|0.0121558928909|0.575000000000
823,VALID_CAMPAIGN,MICRO_MOTION,-8789827143567934115,10,AUTO,2.05791967275,-0.674999146726,0.657500964579,UNGUARDED_REFERENCE,true,false,CONVERGED_UNCERTIFIED,NO_GUARDS_OR_FINAL_CERTIFICATION,2,true,false,1.12137366206e-10,false,true,false,true,0,NaN,3417,12.2542848445|-15.2066355536|2.77691363377|-0.241542253165|-0.244845320161|-13.5574413476|2.37308199520|-1.20950871739|-4.86139762164|0.142392121752
824,VALID_CAMPAIGN,UNIFORM,-9211427708806457459,10,AUTO,1.62037923081,0.444278594690,0.0244404578638,GUARDED_PRODUCTION,false,false,MAX_ITERATIONS_REACHED,MAX_ITERATIONS_LIMIT_REACHED,800,true,true,0.103762151717,false,false,false,false,0,4.71111457205,5550959,0.216983154013|2.27413809712|2.67428074637|0.575000000000|-1.78285383091|-1.78285383091|1.73069437373|0.264888718365|0.670259651977|0.575000000000
824,VALID_CAMPAIGN,UNIFORM,-9211427708806457459,10,AUTO,1.62037923081,0.444278594690,0.0244404578638,UNGUARDED_REFERENCE,true,false,CONVERGED_UNCERTIFIED,NO_GUARDS_OR_FINAL_CERTIFICATION,6,true,false,4.21899315990e-08,false,true,false,true,0,NaN,14291,12.6658408126|-16.2912544396|3.23538356267|0.0823210950181|-1.83585816118|-13.1657073761|2.85824974847|-0.711068113282|-4.82857656225|0.121355317212
825,VALID_CAMPAIGN,NEAR_JOINT_LIMIT,-4935016404585813608,10,AUTO,-0.348866170410,-0.325178846926,0.0461846886905,GUARDED_PRODUCTION,true,true,SUCCESS,NONE,99,true,true,3.83445771136e-09,false,false,false,false,0,7.47623118932,771375,-1.19600163524|1.02516247456|2.51948923197|0.482980051285|-1.03120235613|-1.04188373312|1.77709735452|0.316272763969|0.255775604234|0.574999273931
825,VALID_CAMPAIGN,NEAR_JOINT_LIMIT,-4935016404585813608,10,AUTO,-0.348866170410,-0.325178846926,0.0461846886905,UNGUARDED_REFERENCE,true,false,CONVERGED_UNCERTIFIED,NO_GUARDS_OR_FINAL_CERTIFICATION,7,true,false,4.16947440314e-07,false,true,false,true,0,NaN,16375,10.9134141411|-10.2725665444|3.82974958887|-0.520343533873|-1.68081136644|-8.41090586652|3.69036873372|0.294477929202|-5.00820405987|0.115618303552
826,VALID_CAMPAIGN,NEAR_SINGULARITY,4662664427104302432,10,AUTO,2.05791997025,-0.674999922430,0.657500087689,GUARDED_PRODUCTION,true,true,SUCCESS,NONE,107,true,true,4.78571943719e-07,false,false,false,false,0,1.69876948940,866583,-0.412191789361|1.82588676196|1.77924813125|0.575000000000|-0.791284522176|-0.486180342480|-0.441491613155|0.289344262939|0.210606631051|0.567845814085
826,VALID_CAMPAIGN,NEAR_SINGULARITY,4662664427104302432,10,AUTO,2.05791997025,-0.674999922430,0.657500087689,UNGUARDED_REFERENCE,true,false,CONVERGED_UNCERTIFIED,NO_GUARDS_OR_FINAL_CERTIFICATION,10,true,false,1.09837586840e-07,false,true,false,true,0,NaN,24250,18.5046074219|-13.1352017028|0.496220018479|-0.568456029945|-5.49578528043|-11.0432287659|3.37922682831|0.492680680148|-1.37135667843|0.0623312041853
827,VALID_CAMPAIGN,MICRO_MOTION,3309750018237597010,10,AUTO,2.05791967275,-0.674999146726,0.657500964579,GUARDED_PRODUCTION,true,true,SUCCESS,NONE,2,true,true,6.12303923863e-09,false,false,false,false,0,15.0587955017,15750,-0.412191596159|1.82588683557|1.77924774521|0.575000000000|-0.791284225056|-0.486180051748|-0.441491766339|0.289344257538|0.210606676543|0.567845816343
827,VALID_CAMPAIGN,MICRO_MOTION,3309750018237597010,10,AUTO,2.05791967275,-0.674999146726,0.657500964579,UNGUARDED_REFERENCE,true,false,CONVERGED_UNCERTIFIED,NO_GUARDS_OR_FINAL_CERTIFICATION,2,true,false,8.64541323992e-11,false,true,false,true,0,NaN,3000,18.5046075838|-13.1352015745|0.496220800522|-0.568455994205|-5.49578529767|-11.0432288681|3.37922677589|0.492680615565|-1.37135667706|0.0623311955872
828,VALID_CAMPAIGN,UNIFORM,2730867366588098064,10,AUTO,-0.543690131923,-1.44129754242,0.548274524841,GUARDED_PRODUCTION,true,true,SUCCESS,NONE,51,true,true,1.45693243460e-09,false,false,false,false,0,15.0587975547,410167,-1.32313930237|1.35549501795|1.66763333265|0.520958875817|-0.725127212655|-0.637710483749|0.534544012946|0.281300226446|0.516102431628|0.554220245114
828,VALID_CAMPAIGN,UNIFORM,2730867366588098064,10,AUTO,-0.543690131923,-1.44129754242,0.548274524841,UNGUARDED_REFERENCE,true,false,CONVERGED_UNCERTIFIED,NO_GUARDS_OR_FINAL_CERTIFICATION,9,true,false,3.27211551141e-07,false,true,false,true,0,NaN,21083,16.3037959500|-12.1164374483|0.389949026501|0.333050222282|-5.89943788993|-13.1504226304|4.44009531007|-1.02567498466|-2.45974388955|-0.0213005187340
829,VALID_CAMPAIGN,NEAR_JOINT_LIMIT,-2491907020419165284,10,AUTO,-0.413964740172,-1.15655963646,-0.131083680497,GUARDED_PRODUCTION,true,true,SUCCESS,NONE,18,true,true,6.78888970534e-07,false,false,false,false,0,4.22791998787,149125,-1.11897185481|1.23924233492|2.24359370183|0.511525434546|-0.817025406932|-0.737256963802|0.880863861578|0.288116642019|0.502687450046|0.558082677334
829,VALID_CAMPAIGN,NEAR_JOINT_LIMIT,-2491907020419165284,10,AUTO,-0.413964740172,-1.15655963646,-0.131083680497,UNGUARDED_REFERENCE,true,false,CONVERGED_UNCERTIFIED,NO_GUARDS_OR_FINAL_CERTIFICATION,6,true,false,5.07913769100e-07,false,true,false,true,0,NaN,13042,16.2485201486|-12.1245178194|-0.493071556400|0.332817485041|-5.70505395509|-12.9640361360|4.40155726270|-1.02132820490|-2.21241954440|-0.0199404588697
830,VALID_CAMPAIGN,NEAR_SINGULARITY,-7827831685374861683,10,AUTO,2.05791997025,-0.674999922430,0.657500087689,GUARDED_PRODUCTION,true,true,SUCCESS,NONE,73,true,true,2.91494162947e-07,false,false,false,false,0,3.00816665410,579167,-0.355199427660|1.80080469027|1.88217122595|0.575000000000|-0.760575738452|-0.452433541001|-0.428963067746|0.288730335726|0.214061239514|0.567011677975
830,VALID_CAMPAIGN,NEAR_SINGULARITY,-7827831685374861683,10,AUTO,2.05791997025,-0.674999922430,0.657500087689,UNGUARDED_REFERENCE,true,false,CONVERGED_UNCERTIFIED,NO_GUARDS_OR_FINAL_CERTIFICATION,17,true,false,9.38973098190e-09,false,true,false,true,0,NaN,40708,18.8198303451|-12.9958996993|-5.95287972957|-0.0337559210461|-6.13769838455|-13.2988249582|6.04044693555|-0.532131867623|0.477094221777|-0.0662072286973
831,VALID_CAMPAIGN,MICRO_MOTION,-6894613507381330428,10,AUTO,2.05791967275,-0.674999146726,0.657500964579,GUARDED_PRODUCTION,true,true,SUCCESS,NONE,2,true,true,5.45056392946e-12,false,false,false,false,0,15.2823298109,14791,-0.355199180511|1.80080484655|1.88217070583|0.574999964302|-0.760575384868|-0.452433349146|-0.428962876384|0.288730323116|0.214061464497|0.567011656563
831,VALID_CAMPAIGN,MICRO_MOTION,-6894613507381330428,10,AUTO,2.05791967275,-0.674999146726,0.657500964579,UNGUARDED_REFERENCE,true,false,CONVERGED_UNCERTIFIED,NO_GUARDS_OR_FINAL_CERTIFICATION,2,true,false,1.59898093742e-10,false,true,false,true,0,NaN,3083,18.8198309789|-12.9959003728|-5.95287894282|-0.0337559065683|-6.13769810103|-13.2988246955|6.04044659119|-0.532131788080|0.477093868002|-0.0662072455494
832,VALID_CAMPAIGN,UNIFORM,590009901658525668,10,AUTO,0.335668419836,-0.889369085673,0.276247539573,GUARDED_PRODUCTION,true,true,SUCCESS,NONE,58,true,true,2.00230157528e-10,false,false,false,false,0,15.2823234985,458291,-0.376559623456|1.30635493491|1.90299731732|0.500375301715|-0.789566624545|-0.748376680759|1.24110826551|0.287506715071|0.602530407486|0.557136113567
832,VALID_CAMPAIGN,UNIFORM,590009901658525668,10,AUTO,0.335668419836,-0.889369085673,0.276247539573,UNGUARDED_REFERENCE,true,false,CONVERGED_UNCERTIFIED,NO_GUARDS_OR_FINAL_CERTIFICATION,9,true,false,8.52325455706e-07,false,true,false,true,0,NaN,20125,23.2874653505|-20.8482722123|-4.05571642195|-0.0970154385955|-5.12316682002|-12.4775232231|2.61880363484|-0.0728614069580|-1.18550837470|-0.522534456417
833,VALID_CAMPAIGN,NEAR_JOINT_LIMIT,-1694509070499473329,10,AUTO,0.539706972186,0.170427273046,0.202642381727,GUARDED_PRODUCTION,true,true,SUCCESS,NONE,60,true,true,8.18963238732e-07,false,false,false,false,0,2.20010843989,456125,0.803737161955|1.36399569804|1.91922978015|0.495606085027|-0.631741271935|-0.569295474118|1.78285383091|0.297717563558|0.642049257409|0.563924007018
833,VALID_CAMPAIGN,NEAR_JOINT_LIMIT,-1694509070499473329,10,AUTO,0.539706972186,0.170427273046,0.202642381727,UNGUARDED_REFERENCE,true,false,CONVERGED_UNCERTIFIED,NO_GUARDS_OR_FINAL_CERTIFICATION,10,true,false,1.14035461205e-08,false,true,false,true,0,NaN,22042,20.1855528780|-19.1460621057|-3.53987685331|0.0401250638505|-5.24463455269|-12.6344304961|3.87552291632|-0.0756109217190|-0.580370364690|-0.511929775318
834,VALID_CAMPAIGN,NEAR_SINGULARITY,2462317906844908833,10,AUTO,2.05791997025,-0.674999922430,0.657500087689,GUARDED_PRODUCTION,true,true,SUCCESS,NONE,76,true,true,2.44814055841e-07,false,false,false,false,0,2.01305877473,658958,-0.284027475727|1.77385028960|1.95969273361|0.575000000000|-0.723686686232|-0.356711552512|-0.363856416219|0.312702328140|0.108059398782|0.559121818037
834,VALID_CAMPAIGN,NEAR_SINGULARITY,2462317906844908833,10,AUTO,2.05791997025,-0.674999922430,0.657500087689,UNGUARDED_REFERENCE,true,false,CONVERGED_UNCERTIFIED,NO_GUARDS_OR_FINAL_CERTIFICATION,47,true,false,3.40131050455e-09,false,true,false,true,0,NaN,119166,18.5260196995|-12.1364478711|0.145304244705|0.244373093854|-6.79812249408|-14.6913809096|2.07149859966|-0.427338017635|-11.6687803071|0.430831664717
835,VALID_CAMPAIGN,MICRO_MOTION,555341819142421433,10,AUTO,2.05791967275,-0.674999146726,0.657500964579,GUARDED_PRODUCTION,true,true,SUCCESS,NONE,2,true,true,6.14430046552e-12,false,false,false,false,0,14.6924833280,34041,-0.284027156169|1.77385039981|1.95969219058|0.574999960382|-0.723686330063|-0.356711367322|-0.363856170333|0.312702312497|0.108059633776|0.559121795519
835,VALID_CAMPAIGN,MICRO_MOTION,555341819142421433,10,AUTO,2.05791967275,-0.674999146726,0.657500964579,UNGUARDED_REFERENCE,true,false,CONVERGED_UNCERTIFIED,NO_GUARDS_OR_FINAL_CERTIFICATION,2,true,false,2.54855245347e-10,false,true,false,true,0,NaN,3125,18.5260198421|-12.1364477687|0.145304889555|0.244373016707|-6.79812249348|-14.6913807846|2.07149867987|-0.427337864943|-11.6687806447|0.430831577913
836,VALID_CAMPAIGN,UNIFORM,-7438992264699582282,10,AUTO,0.883352906882,-0.109401090101,1.14804964752,GUARDED_PRODUCTION,true,true,SUCCESS,NONE,65,true,true,5.38087158565e-07,false,false,false,false,0,14.6924752781,615083,0.181988442163|1.21248622392|1.00725475018|0.472994930026|0.115562623429|-0.0386133710786|0.792035876481|0.244952681228|1.04046772649|0.536400192302
836,VALID_CAMPAIGN,UNIFORM,-7438992264699582282,10,AUTO,0.883352906882,-0.109401090101,1.14804964752,UNGUARDED_REFERENCE,true,false,CONVERGED_UNCERTIFIED,NO_GUARDS_OR_FINAL_CERTIFICATION,7,true,false,6.67940363175e-07,false,true,false,true,0,NaN,16625,18.0713059378|-12.1954599751|1.13365087796|-0.158984422517|-7.40138225836|-14.7209096651|2.79224569195|0.368033455341|-13.0440586245|-0.0316319636620
837,VALID_CAMPAIGN,NEAR_JOINT_LIMIT,7653671941308507110,10,AUTO,-0.134684526069,-0.349633208892,0.121605083390,GUARDED_PRODUCTION,true,true,SUCCESS,NONE,53,true,true,2.82673045324e-10,false,false,false,false,0,6.64759986915,446375,0.207545644868|-0.0472259735835|2.12499728907|0.411967038452|0.281551945203|-0.267137753060|0.949215592642|0.182503422601|1.31273334197|0.541904102624
837,VALID_CAMPAIGN,NEAR_JOINT_LIMIT,7653671941308507110,10,AUTO,-0.134684526069,-0.349633208892,0.121605083390,UNGUARDED_REFERENCE,true,false,CONVERGED_UNCERTIFIED,NO_GUARDS_OR_FINAL_CERTIFICATION,7,true,false,1.37295357146e-07,false,true,false,true,0,NaN,16416,16.4335856445|-13.4513540251|1.88374107837|-0.190127158948|-6.39511261598|-13.2133113608|2.44980658125|0.260463047120|-12.8561260941|-0.0605058097835
838,VALID_CAMPAIGN,NEAR_SINGULARITY,7326285766076559850,10,AUTO,2.05791997025,-0.674999922430,0.657500087689,GUARDED_PRODUCTION,true,true,SUCCESS,NONE,113,true,true,7.65052272013e-07,false,false,false,false,0,2.63335386410,912208,-0.397615060906|2.02051024772|2.19701956703|0.555194559955|-0.570053016409|-0.304082043280|-0.432114216314|0.301451776648|-0.0301774430582|0.575000000000
838,VALID_CAMPAIGN,NEAR_SINGULARITY,7326285766076559850,10,AUTO,2.05791997025,-0.674999922430,0.657500087689,UNGUARDED_REFERENCE,true,false,CONVERGED_UNCERTIFIED,NO_GUARDS_OR_FINAL_CERTIFICATION,18,true,false,4.46078512474e-09,false,true,false,true,0,NaN,43250,18.4721605286|-5.79255754657|0.332450375382|0.185198795357|-7.27491376542|-17.4007071306|-0.250368963281|0.440845163497|-13.4606405677|-0.0300308038641
839,VALID_CAMPAIGN,MICRO_MOTION,-3739787419801265998,10,AUTO,2.05791967275,-0.674999146726,0.657500964579,GUARDED_PRODUCTION,true,true,SUCCESS,NONE,1,true,true,6.45376471458e-07,false,false,false,false,0,NaN,7042,-0.397615060906|2.02051024772|2.19701956703|0.555194559955|-0.570053016409|-0.304082043280|-0.432114216314|0.301451776648|-0.0301774430582|0.575000000000
839,VALID_CAMPAIGN,MICRO_MOTION,-3739787419801265998,10,AUTO,2.05791967275,-0.674999146726,0.657500964579,UNGUARDED_REFERENCE,true,false,CONVERGED_UNCERTIFIED,NO_GUARDS_OR_FINAL_CERTIFICATION,2,true,false,2.46052388877e-10,false,true,false,true,0,NaN,3083,18.4721605345|-5.79255722611|0.332451220778|0.185198719961|-7.27491402569|-17.4007067426|-0.250369319237|0.440845019247|-13.4606405967|-0.0300308335058
840,VALID_CAMPAIGN,UNIFORM,-8566152808555083801,10,AUTO,1.32240001684,1.58602135040,-0.148478534780,GUARDED_PRODUCTION,true,true,SUCCESS,NONE,89,true,true,9.93874721158e-07,false,false,false,false,0,16.6831251984,714917,0.565072870900|2.28514967614|2.67428074637|0.535491502950|-0.672335916603|-0.462261717620|-0.147851586738|0.298998684875|0.00725427816383|0.564380187425
840,VALID_CAMPAIGN,UNIFORM,-8566152808555083801,10,AUTO,1.32240001684,1.58602135040,-0.148478534780,UNGUARDED_REFERENCE,true,false,CONVERGED_UNCERTIFIED,NO_GUARDS_OR_FINAL_CERTIFICATION,15,true,false,2.33254003947e-09,false,true,false,true,0,NaN,36167,19.6964322241|-12.8760427915|-0.350300145487|-0.284131123253|-10.7446995774|-16.0747513272|-3.06752965546|-0.596418667604|-11.5597439018|-0.133397645148
841,VALID_CAMPAIGN,NEAR_JOINT_LIMIT,-5749173618405158477,10,AUTO,-1.30445991119,-1.44718141923,-0.0939481816215,GUARDED_PRODUCTION,false,false,NO_CONVERGENCE,STAGNATION_WINDOW_EXCEEDED,129,true,true,0.504676889869,false,false,false,false,0,12.1168070894,1052625,-2.14297326608|2.18540032308|2.67428074637|0.477676465331|-1.78285383091|-1.78285383091|1.66618940007|0.310764706476|-0.0544004137763|0.575000000000
841,VALID_CAMPAIGN,NEAR_JOINT_LIMIT,-5749173618405158477,10,AUTO,-1.30445991119,-1.44718141923,-0.0939481816215,UNGUARDED_REFERENCE,true,false,CONVERGED_UNCERTIFIED,NO_GUARDS_OR_FINAL_CERTIFICATION,8,true,false,2.58120768246e-11,false,true,false,true,0,NaN,18625,17.1041520901|-11.2678828628|0.583237035114|0.553030389669|-2.32694108094|-23.8370888853|0.861227089646|1.64300417800|-16.2522650250|0.186758894051
842,VALID_CAMPAIGN,NEAR_SINGULARITY,1837450082137144300,10,AUTO,2.05791997025,-0.674999922430,0.657500087689,GUARDED_PRODUCTION,false,false,NO_CONVERGENCE,STAGNATION_WINDOW_EXCEEDED,349,true,true,0.630094070443,false,false,false,false,0,5.18981554194,2449250,-0.531688778730|1.80301663759|1.69002233379|0.575000000000|-1.78285383091|-1.78285383091|1.78285383091|0.0200000000000|1.09323860829|0.575000000000
842,VALID_CAMPAIGN,NEAR_SINGULARITY,1837450082137144300,10,AUTO,2.05791997025,-0.674999922430,0.657500087689,UNGUARDED_REFERENCE,true,false,CONVERGED_UNCERTIFIED,NO_GUARDS_OR_FINAL_CERTIFICATION,32,true,false,2.46081810537e-07,false,true,false,true,0,NaN,74292,18.5055847878|-0.514941781274|-12.3447186400|-0.517240186552|-5.80823093963|-31.8317934652|12.6278392593|-0.252051873766|-12.1527389578|-0.0115694018554
843,VALID_CAMPAIGN,MICRO_MOTION,-8203094054997067318,10,AUTO,2.05791967275,-0.674999146726,0.657500964579,GUARDED_PRODUCTION,false,false,NO_CONVERGENCE,STAGNATION_WINDOW_EXCEEDED,7,true,true,0.631783928885,false,false,false,false,0,10.6321392824,46208,-0.525700362211|1.78205810952|1.65537762219|0.575000000000|-1.78285383091|-1.78285383091|1.78285383091|0.0200000000000|1.11031397872|0.575000000000
843,VALID_CAMPAIGN,MICRO_MOTION,-8203094054997067318,10,AUTO,2.05791967275,-0.674999146726,0.657500964579,UNGUARDED_REFERENCE,true,false,CONVERGED_UNCERTIFIED,NO_GUARDS_OR_FINAL_CERTIFICATION,2,true,false,1.38089510916e-10,false,true,false,true,0,NaN,2958,18.5055849870|-0.514941765140|-12.3447179116|-0.517240237728|-5.80823098928|-31.8317935400|12.6278393829|-0.252051919497|-12.1527389105|-0.0115693854771
844,VALID_CAMPAIGN,UNIFORM,-3709793903560465724,10,AUTO,0.441037416466,-1.65099812977,0.200760092497,GUARDED_PRODUCTION,true,true,SUCCESS,NONE,33,true,true,4.63593065227e-07,false,false,false,false,0,10.6019602306,260417,-0.990556030438|1.65998391915|2.41100341752|0.562586656735|-1.78285383091|-1.72378610851|1.50158239303|0.0279213828477|1.05951380286|0.560835456837
844,VALID_CAMPAIGN,UNIFORM,-3709793903560465724,10,AUTO,0.441037416466,-1.65099812977,0.200760092497,UNGUARDED_REFERENCE,true,false,CONVERGED_UNCERTIFIED,NO_GUARDS_OR_FINAL_CERTIFICATION,8,true,false,1.53926993864e-11,false,true,false,true,0,NaN,17541,16.8003392907|0.580246054130|-12.6388223911|0.867340450915|-5.08212516048|-30.3425490418|13.0051472040|0.980245799776|-13.6678501090|-0.290787349013
845,VALID_CAMPAIGN,NEAR_JOINT_LIMIT,-8782719879968635791,10,AUTO,-0.621412985155,-0.179154636847,0.129020376833,GUARDED_PRODUCTION,true,true,SUCCESS,NONE,55,true,true,4.67298853392e-07,false,false,false,false,0,9.82924983763,438292,-1.06135819953|0.392330576899|2.56788904242|0.505378696375|-1.14818223616|-0.972814890522|1.60820188482|0.0799187734982|0.824460055839|0.548685413786
845,VALID_CAMPAIGN,NEAR_JOINT_LIMIT,-8782719879968635791,10,AUTO,-0.621412985155,-0.179154636847,0.129020376833,UNGUARDED_REFERENCE,true,false,CONVERGED_UNCERTIFIED,NO_GUARDS_OR_FINAL_CERTIFICATION,9,true,false,8.73358824477e-11,false,true,false,true,0,NaN,19125,16.5864960803|2.07892506524|-12.5503705200|0.855393181695|-4.40426636269|-29.7238176950|12.7459555381|0.968519678105|-13.5923675205|-0.305220898844
846,VALID_CAMPAIGN,NEAR_SINGULARITY,7551512547310019653,10,AUTO,2.05791997025,-0.674999922430,0.657500087689,GUARDED_PRODUCTION,true,true,SUCCESS,NONE,134,true,true,8.99610084674e-07,false,false,false,false,0,2.13792234898,1031250,-0.398730959589|1.70966552161|1.72543863732|0.575000000000|-1.06460773480|-0.608042592685|-0.625630706687|0.0200000000000|0.573009848392|0.553987374029
846,VALID_CAMPAIGN,NEAR_SINGULARITY,7551512547310019653,10,AUTO,2.05791997025,-0.674999922430,0.657500087689,UNGUARDED_REFERENCE,true,false,CONVERGED_UNCERTIFIED,NO_GUARDS_OR_FINAL_CERTIFICATION,8,true,false,1.43090998050e-08,false,true,false,true,0,NaN,17500,17.9850065952|2.20219017932|-13.5655020571|0.871878727089|-3.71173638208|-29.0005515244|12.8143786360|0.880388890382|-13.3816809822|-0.287731188370
847,VALID_CAMPAIGN,MICRO_MOTION,-6956097858249727489,10,AUTO,2.05791967275,-0.674999146726,0.657500964579,GUARDED_PRODUCTION,true,true,SUCCESS,NONE,2,true,true,1.66725775661e-07,false,false,false,false,0,18.0318162771,16333,-0.398730809684|1.70966521462|1.72543826808|0.575000000000|-1.06460748390|-0.608041983521|-0.625631739484|0.0200000000000|0.573009416909|0.553987469208
847,VALID_CAMPAIGN,MICRO_MOTION,-6956097858249727489,10,AUTO,2.05791967275,-0.674999146726,0.657500964579,UNGUARDED_REFERENCE,true,false,CONVERGED_UNCERTIFIED,NO_GUARDS_OR_FINAL_CERTIFICATION,2,true,false,5.16509218132e-11,false,true,false,true,0,NaN,3084,17.9850069184|2.20219002923|-13.5655028681|0.871878747331|-3.71173659105|-29.0005519355|12.8143790710|0.880388923301|-13.3816811207|-0.287731174096
848,VALID_CAMPAIGN,UNIFORM,-9022587881559222476,10,AUTO,-1.77550536543,-0.0375900199394,0.787917152744,GUARDED_PRODUCTION,true,true,SUCCESS,NONE,106,true,true,3.15439015590e-08,false,false,false,false,0,18.0318333884,827791,-2.46389043792|1.21350837760|1.94270684274|0.515490506185|-0.764304795659|-0.503626474408|-0.0926446983480|0.0248049776233|0.811352089088|0.537598294597
848,VALID_CAMPAIGN,UNIFORM,-9022587881559222476,10,AUTO,-1.77550536543,-0.0375900199394,0.787917152744,UNGUARDED_REFERENCE,true,false,CONVERGED_UNCERTIFIED,NO_GUARDS_OR_FINAL_CERTIFICATION,10,true,false,9.59745737612e-08,false,true,false,true,0,NaN,24708,22.4147473490|7.85912104525|-10.1219393072|0.533979479848|-6.33132916947|-29.9861335861|9.76659087285|0.598314247250|-12.9333373080|-0.346501009391
849,VALID_CAMPAIGN,NEAR_JOINT_LIMIT,5449033795794617182,10,AUTO,0.197140672029,-0.527652118773,0.202642381727,GUARDED_PRODUCTION,true,true,SUCCESS,NONE,67,true,true,1.42068905837e-09,false,false,false,false,0,6.49121014135,617000,-0.438869130149|0.895875338155|1.92040293124|0.480642670731|-0.165171657653|-0.00288885953342|1.35773654136|0.0260674706701|1.47956587208|0.535176479125
849,VALID_CAMPAIGN,NEAR_JOINT_LIMIT,5449033795794617182,10,AUTO,0.197140672029,-0.527652118773,0.202642381727,UNGUARDED_REFERENCE,true,false,CONVERGED_UNCERTIFIED,NO_GUARDS_OR_FINAL_CERTIFICATION,7,true,false,1.29861077517e-10,false,true,false,true,0,NaN,18083,24.3586917258|6.98197009532|-8.94788546213|0.317707903361|-4.64169372086|-29.1330885104|11.1225428784|0.363998487787|-11.0679117958|-0.196853463127
850,VALID_CAMPAIGN,NEAR_SINGULARITY,2375935208079863539,10,AUTO,2.05791997025,-0.674999922430,0.657500087689,GUARDED_PRODUCTION,false,false,NO_CONVERGENCE,STAGNATION_WINDOW_EXCEEDED,67,true,true,0.619848500058,false,false,false,false,0,2.34190277909,581917,-0.383655257692|1.62214208706|1.73820850743|0.575000000000|0.457365079837|1.27089195264|1.78285383091|0.0738754303601|1.20107842675|0.575000000000
850,VALID_CAMPAIGN,NEAR_SINGULARITY,2375935208079863539,10,AUTO,2.05791997025,-0.674999922430,0.657500087689,UNGUARDED_REFERENCE,true,false,CONVERGED_UNCERTIFIED,NO_GUARDS_OR_FINAL_CERTIFICATION,20,true,false,1.18244075041e-08,false,true,false,true,0,NaN,50958,18.6010679778|12.0858151341|-12.5518194514|-0.483385149848|-5.87979571531|-33.7358509896|9.73585217348|-0.377708250818|-5.31442410596|-0.608549079938
851,VALID_CAMPAIGN,MICRO_MOTION,-7903801658098391408,10,AUTO,2.05791967275,-0.674999146726,0.657500964579,GUARDED_PRODUCTION,false,false,NO_CONVERGENCE,STAGNATION_WINDOW_EXCEEDED,7,true,true,0.629207739867,false,false,false,false,0,10.6017933707,54875,-0.398498658819|1.64076180240|1.81753970517|0.575000000000|0.436047132633|1.34073060218|1.78285383091|0.0710930322451|1.15415046554|0.575000000000
851,VALID_CAMPAIGN,MICRO_MOTION,-7903801658098391408,10,AUTO,2.05791967275,-0.674999146726,0.657500964579,UNGUARDED_REFERENCE,true,false,CONVERGED_UNCERTIFIED,NO_GUARDS_OR_FINAL_CERTIFICATION,2,true,false,1.66196633728e-10,false,true,false,true,0,NaN,3208,18.6010685582|12.0858151627|-12.5518188812|-0.483385102843|-5.87979611885|-33.7358514008|9.73585187207|-0.377708160158|-5.31442405245|-0.608549019967
852,VALID_CAMPAIGN,UNIFORM,8343943144865297037,10,AUTO,0.905546530717,-0.349809833673,0.952710953028,GUARDED_PRODUCTION,true,true,SUCCESS,NONE,38,true,true,1.40379332876e-07,false,false,false,false,0,10.8871139588,331416,-0.154079435557|1.48010202654|0.977243000352|0.512339271388|0.572554269611|1.16020054956|0.881082606872|0.0912153768727|1.09898996711|0.516679536320
852,VALID_CAMPAIGN,UNIFORM,8343943144865297037,10,AUTO,0.905546530717,-0.349809833673,0.952710953028,UNGUARDED_REFERENCE,true,false,CONVERGED_UNCERTIFIED,NO_GUARDS_OR_FINAL_CERTIFICATION,17,true,false,1.97954856593e-09,false,true,false,true,0,NaN,42792,24.6264698012|13.8710552806|-11.6305702794|0.0383092339013|-5.21542409618|-32.3666413214|8.88979774487|0.231085771048|-7.89621642037|-0.356667914203
853,VALID_CAMPAIGN,NEAR_JOINT_LIMIT,-5586321334826842094,10,AUTO,0.538218967115,-0.194087145306,0.0295173229994,GUARDED_PRODUCTION,true,true,SUCCESS,NONE,35,true,true,3.94059074926e-07,false,false,false,false,0,3.93492316116,295292,0.578559775098|1.29392802670|2.01941873928|0.492196819959|0.729561449019|1.13153783594|0.181103376699|0.0715259683939|1.12603860479|0.485964149029
853,VALID_CAMPAIGN,NEAR_JOINT_LIMIT,-5586321334826842094,10,AUTO,0.538218967115,-0.194087145306,0.0295173229994,UNGUARDED_REFERENCE,true,false,CONVERGED_UNCERTIFIED,NO_GUARDS_OR_FINAL_CERTIFICATION,7,true,false,2.91540899959e-10,false,true,false,true,0,NaN,15709,24.8832908928|14.5868581969|-10.5584593202|8.80986072245e-05|-5.60188175600|-33.1440056653|9.17124091490|0.190412905504|-7.72406197140|-0.341980935622
854,VALID_CAMPAIGN,NEAR_SINGULARITY,8395691188474414373,10,AUTO,2.05791997025,-0.674999922430,0.657500087689,GUARDED_PRODUCTION,false,false,NO_CONVERGENCE,STAGNATION_WINDOW_EXCEEDED,72,true,true,0.546429217145,false,false,false,false,0,1.85617465902,676375,-0.340327779478|1.87331983723|2.22503447801|0.575000000000|0.471196275434|1.65152238365|1.78285383091|0.0364192184903|1.07223696244|0.575000000000
854,VALID_CAMPAIGN,NEAR_SINGULARITY,8395691188474414373,10,AUTO,2.05791997025,-0.674999922430,0.657500087689,UNGUARDED_REFERENCE,true,false,CONVERGED_UNCERTIFIED,NO_GUARDS_OR_FINAL_CERTIFICATION,25,true,false,2.31287218421e-08,false,true,false,true,0,NaN,61083,37.4173536249|12.6334136758|-12.5610666860|0.0162374756903|-12.8503857292|-36.5461879899|6.68856816403|0.448892407242|-0.945532175253|0.116970041472
855,VALID_CAMPAIGN,MICRO_MOTION,5067948113993109151,10,AUTO,2.05791967275,-0.674999146726,0.657500964579,GUARDED_PRODUCTION,false,false,NO_CONVERGENCE,STAGNATION_WINDOW_EXCEEDED,7,true,true,0.557522995345,false,false,false,false,0,12.8288773908,56708,-0.360925650493|1.88084137361|2.26456091157|0.575000000000|0.410647890755|1.70354937676|1.78285383091|0.0316929240890|1.02059532970|0.575000000000
855,VALID_CAMPAIGN,MICRO_MOTION,5067948113993109151,10,AUTO,2.05791967275,-0.674999146726,0.657500964579,UNGUARDED_REFERENCE,true,false,CONVERGED_UNCERTIFIED,NO_GUARDS_OR_FINAL_CERTIFICATION,2,true,false,2.47948852334e-10,false,true,false,true,0,NaN,3167,37.4173538938|12.6334136160|-12.5610662288|0.0162374562242|-12.8503856527|-36.5461877144|6.68856884963|0.448892256783|-0.945532253445|0.116970028301
856,VALID_CAMPAIGN,UNIFORM,1620825049175849007,10,AUTO,-0.0822427328191,-0.506581333941,0.968947237177,GUARDED_PRODUCTION,true,true,SUCCESS,NONE,78,true,true,1.32365736821e-09,false,false,false,false,0,12.8574702314,641291,-0.673660056674|0.296959293733|1.04203816533|0.444124181002|0.972544525662|1.66146468595|0.815085555139|0.123258054033|0.592300519967|0.496613572958
856,VALID_CAMPAIGN,UNIFORM,1620825049175849007,10,AUTO,-0.0822427328191,-0.506581333941,0.968947237177,UNGUARDED_REFERENCE,true,false,CONVERGED_UNCERTIFIED,NO_GUARDS_OR_FINAL_CERTIFICATION,9,true,false,4.82717656298e-07,false,true,false,true,0,NaN,20750,38.9099111524|10.9322184086|-11.8205993551|-0.225463490995|-12.8437288007|-34.3216050930|14.0412935087|-1.12397261019|-0.419978085528|0.0180446637698
857,VALID_CAMPAIGN,NEAR_JOINT_LIMIT,-516871422087046759,10,AUTO,-0.659529403335,-0.573733254277,0.899291269506,GUARDED_PRODUCTION,true,true,SUCCESS,NONE,23,true,true,1.09891705564e-08,false,false,false,false,0,3.15767851024,188375,-1.40483324710|0.651159350846|1.41912502244|0.469772359995|0.891843606375|1.67668795915|1.15548561502|0.101128197708|0.800341189393|0.512573818294
857,VALID_CAMPAIGN,NEAR_JOINT_LIMIT,-516871422087046759,10,AUTO,-0.659529403335,-0.573733254277,0.899291269506,UNGUARDED_REFERENCE,true,false,CONVERGED_UNCERTIFIED,NO_GUARDS_OR_FINAL_CERTIFICATION,6,true,false,3.27245969308e-10,false,true,false,true,0,NaN,12334,38.7279784732|10.7254364515|-11.8304026890|-0.160144047472|-13.0633327257|-34.1396694230|13.9722487481|-1.18986797727|0.303060952971|0.0119808385146
858,VALID_CAMPAIGN,NEAR_SINGULARITY,7373613528049339579,10,AUTO,2.05791997025,-0.674999922430,0.657500087689,GUARDED_PRODUCTION,false,false,NO_CONVERGENCE,STAGNATION_WINDOW_EXCEEDED,89,true,true,0.592659716630,false,false,false,false,0,3.71375555029,717500,-0.414826759777|1.74830301279|1.96742543272|0.575000000000|0.268860483209|1.69450278635|1.78285383091|0.0453072985855|0.915252876987|0.575000000000
858,VALID_CAMPAIGN,NEAR_SINGULARITY,7373613528049339579,10,AUTO,2.05791997025,-0.674999922430,0.657500087689,UNGUARDED_REFERENCE,true,false,CONVERGED_UNCERTIFIED,NO_GUARDS_OR_FINAL_CERTIFICATION,17,true,false,8.73827742430e-07,false,true,false,true,0,NaN,41000,37.5085350279|11.7959151424|-18.8226604862|-0.500266580145|-11.3524287975|-33.9537750531|15.6778353573|-1.00879218258|-1.05754930257|-0.413612642918
859,VALID_CAMPAIGN,MICRO_MOTION,-3556143586548058725,10,AUTO,2.05791967275,-0.674999146726,0.657500964579,GUARDED_PRODUCTION,false,false,NO_CONVERGENCE,STAGNATION_WINDOW_EXCEEDED,7,true,true,0.602363131908,false,false,false,false,0,11.6980649638,50583,-0.431450883398|1.77542751460|2.02742175392|0.575000000000|0.215636655496|1.74455803476|1.78285383091|0.0420698269568|0.874765182166|0.575000000000
859,VALID_CAMPAIGN,MICRO_MOTION,-3556143586548058725,10,AUTO,2.05791967275,-0.674999146726,0.657500964579,UNGUARDED_REFERENCE,true,false,CONVERGED_UNCERTIFIED,NO_GUARDS_OR_FINAL_CERTIFICATION,2,true,false,5.58151563732e-11,false,true,false,true,0,NaN,3167,37.5085355253|11.7959152224|-18.8226598254|-0.500266556507|-11.3524286205|-33.9537750273|15.6778352953|-1.00879214316|-1.05754970330|-0.413612635381
860,VALID_CAMPAIGN,UNIFORM,5310397392050356045,10,AUTO,-0.725355447842,-0.00847912643158,1.16841685286,GUARDED_PRODUCTION,true,true,SUCCESS,NONE,100,true,true,1.17811839505e-11,false,false,false,false,0,11.8366513071,818208,-2.11608742124|0.571834144894|1.19902122422|0.477831244039|0.161765904793|1.21386583794|0.886657796631|0.122168619786|0.0468988108664|0.549870552541
860,VALID_CAMPAIGN,UNIFORM,5310397392050356045,10,AUTO,-0.725355447842,-0.00847912643158,1.16841685286,UNGUARDED_REFERENCE,true,false,CONVERGED_UNCERTIFIED,NO_GUARDS_OR_FINAL_CERTIFICATION,12,true,false,9.57802678980e-07,false,true,false,true,0,NaN,29125,39.8654938892|8.27473282894|-17.8049421228|-0.0319124859776|-7.39258911140|-33.6323892412|16.4385753888|-0.274650102758|-7.68666400559|-0.647515349834
861,VALID_CAMPAIGN,NEAR_JOINT_LIMIT,5197604147119367941,10,AUTO,0.0468422097733,-0.305504290818,-0.319190604348,GUARDED_PRODUCTION,true,true,SUCCESS,NONE,52,true,true,2.44851955203e-07,false,false,false,false,0,3.46714175291,417625,-0.540371232269|0.667030476282|2.26624919226|0.469401487853|0.757597891952|1.67718905301|0.139643532531|0.0894344469468|0.449643563949|0.512419052314
861,VALID_CAMPAIGN,NEAR_JOINT_LIMIT,5197604147119367941,10,AUTO,0.0468422097733,-0.305504290818,-0.319190604348,UNGUARDED_REFERENCE,true,false,CONVERGED_UNCERTIFIED,NO_GUARDS_OR_FINAL_CERTIFICATION,8,true,false,1.73852609532e-07,false,true,false,true,0,NaN,17875,37.2098999176|10.7439416680|-18.8265348480|-0.153642311733|-9.02362487458|-32.4437953258|17.3458721349|-0.268026644800|-12.3794680358|-0.0927978596615
862,VALID_CAMPAIGN,NEAR_SINGULARITY,3021820637662376442,10,AUTO,2.05791997025,-0.674999922430,0.657500087689,GUARDED_PRODUCTION,false,false,NO_CONVERGENCE,STAGNATION_WINDOW_EXCEEDED,89,true,true,0.838042372413,false,false,false,false,0,2.79087345665,683959,-0.305896067624|2.02417469279|1.64523087627|0.575000000000|1.78285383091|1.78285383091|0.366408466553|0.0200000000000|1.05700281407|0.542755187731
862,VALID_CAMPAIGN,NEAR_SINGULARITY,3021820637662376442,10,AUTO,2.05791997025,-0.674999922430,0.657500087689,UNGUARDED_REFERENCE,true,false,CONVERGED_UNCERTIFIED,NO_GUARDS_OR_FINAL_CERTIFICATION,21,true,false,3.18500997656e-07,false,true,false,true,0,NaN,51000,37.3830431310|18.6184634434|-18.7429529584|-0.208714561333|-10.4667683945|-32.5036724516|26.1358969836|0.606184567072|5.36328224343|-0.421309154691
863,VALID_CAMPAIGN,MICRO_MOTION,5521547585914516129,10,AUTO,2.05791967275,-0.674999146726,0.657500964579,GUARDED_PRODUCTION,false,false,NO_CONVERGENCE,STAGNATION_WINDOW_EXCEEDED,7,true,true,0.843989101231,false,false,false,false,0,7.49711246087,48500,-0.334438467274|2.03936706193|1.64165569994|0.575000000000|1.78285383091|1.78285383091|0.323142792174|0.0200000000000|1.06369965154|0.547827166743
863,VALID_CAMPAIGN,MICRO_MOTION,5521547585914516129,10,AUTO,2.05791967275,-0.674999146726,0.657500964579,UNGUARDED_REFERENCE,true,false,CONVERGED_UNCERTIFIED,NO_GUARDS_OR_FINAL_CERTIFICATION,2,true,false,1.19187271317e-10,false,true,false,true,0,NaN,3000,37.3830432315|18.6184634926|-18.7429522572|-0.208714581130|-10.4667685435|-32.5036720748|26.1358969862|0.606184629583|5.36328231989|-0.421309193483
864,VALID_CAMPAIGN,UNIFORM,5437771330215551342,10,AUTO,0.971700120289,0.267020772963,1.02829387836,GUARDED_PRODUCTION,true,true,SUCCESS,NONE,31,true,true,5.95577324137e-11,false,false,false,false,0,7.16861390576,249583,-0.0791659275994|2.10949750827|0.627522157702|0.542146655840|1.43569493609|1.50659953816|0.619904470690|0.0526588006211|1.06531304418|0.539152038675
864,VALID_CAMPAIGN,UNIFORM,5437771330215551342,10,AUTO,0.971700120289,0.267020772963,1.02829387836,UNGUARDED_REFERENCE,true,false,CONVERGED_UNCERTIFIED,NO_GUARDS_OR_FINAL_CERTIFICATION,6,true,false,8.37096194838e-08,false,true,false,true,0,NaN,12667,38.2688086614|19.0816097580|-18.3363113932|-0.00941654459697|-8.56141706991|-35.9576063493|26.3487627773|-0.0311028017983|5.88866391359|-0.0435112219915
865,VALID_CAMPAIGN,NEAR_JOINT_LIMIT,-8025923976819745423,10,AUTO,-0.677728914686,0.192725209367,-0.0149229276899,GUARDED_PRODUCTION,true,true,SUCCESS,NONE,82,true,true,2.33691860797e-07,false,false,false,false,0,5.73224505596,696584,1.54086521231|1.49774733171|-0.159702035328|0.550035314318|0.649158663041|0.963646781965|-1.15955309615|0.0874080058718|0.919271454560|0.437369748413
865,VALID_CAMPAIGN,NEAR_JOINT_LIMIT,-8025923976819745423,10,AUTO,-0.677728914686,0.192725209367,-0.0149229276899,UNGUARDED_REFERENCE,true,false,CONVERGED_UNCERTIFIED,NO_GUARDS_OR_FINAL_CERTIFICATION,8,true,false,3.27696310327e-09,false,true,false,true,0,NaN,18583,39.8596919252|19.5610619289|-19.3827374488|-0.0399954195716|-10.0700135475|-36.8221160645|28.6539101817|-0.0157782796492|4.10597879978|0.113953606673
866,VALID_CAMPAIGN,NEAR_SINGULARITY,-8460023190273120412,10,AUTO,2.05791997025,-0.674999922430,0.657500087689,GUARDED_PRODUCTION,false,false,NO_CONVERGENCE,STAGNATION_WINDOW_EXCEEDED,115,true,true,1.23768584312,false,false,false,false,0,1.77193605990,951042,3.14159265359|2.37713844122|0.0691531388795|0.447326186530|0.433889818768|0.199454897893|-0.601507966099|0.0908954279943|0.291298749580|0.539699432907
866,VALID_CAMPAIGN,NEAR_SINGULARITY,-8460023190273120412,10,AUTO,2.05791997025,-0.674999922430,0.657500087689,UNGUARDED_REFERENCE,true,false,CONVERGED_UNCERTIFIED,NO_GUARDS_OR_FINAL_CERTIFICATION,20,true,false,1.14079655385e-08,false,true,false,true,0,NaN,48500,62.5090197550|12.1701228256|-24.5987132666|-0.347632454815|-16.2037902133|-38.6933467042|29.7684271997|0.802632158614|4.86075504175|0.0631414300415
867,VALID_CAMPAIGN,MICRO_MOTION,6425126473876813311,10,AUTO,2.05791967275,-0.674999146726,0.657500964579,GUARDED_PRODUCTION,false,false,NO_CONVERGENCE,STAGNATION_WINDOW_EXCEEDED,7,true,true,1.34083244222,false,false,false,false,0,3.91108271775,52750,3.14159265359|2.37713844122|0.0785095797015|0.446512342674|0.349135259522|0.121903491195|-0.596931731464|0.0928350243045|0.257232523699|0.543214989405
867,VALID_CAMPAIGN,MICRO_MOTION,6425126473876813311,10,AUTO,2.05791967275,-0.674999146726,0.657500964579,UNGUARDED_REFERENCE,true,false,CONVERGED_UNCERTIFIED,NO_GUARDS_OR_FINAL_CERTIFICATION,2,true,false,1.48924851025e-10,false,true,false,true,0,NaN,2958,62.5090200332|12.1701229745|-24.5987125567|-0.347632412826|-16.2037900183|-38.6933470473|29.7684268189|0.802632051728|4.86075498282|0.0631413948696
868,VALID_CAMPAIGN,UNIFORM,-4983261555877764769,10,AUTO,0.786164341161,0.405898009781,0.441715470771,GUARDED_PRODUCTION,false,false,MAX_ITERATIONS_REACHED,MAX_ITERATIONS_LIMIT_REACHED,800,true,true,0.0216646976877,false,false,false,false,0,4.47509244450,5951625,3.14159265359|2.37713844122|0.454114322264|0.0200000000000|1.47787668327|0.349156555498|-0.814858640203|0.127939970456|-0.200817080162|0.575000000000
868,VALID_CAMPAIGN,UNIFORM,-4983261555877764769,10,AUTO,0.786164341161,0.405898009781,0.441715470771,UNGUARDED_REFERENCE,true,false,CONVERGED_UNCERTIFIED,NO_GUARDS_OR_FINAL_CERTIFICATION,8,true,false,6.20719990449e-09,false,true,false,true,0,NaN,19833,63.2440588316|12.6123731982|-24.4802621210|-0.0323817664503|-15.1474558321|-40.4952158250|27.8285435922|-0.217486099652|3.53441955463|-0.0713206221171
869,VALID_CAMPAIGN,NEAR_JOINT_LIMIT,5392563356587108514,10,AUTO,-0.261663117862,0.412114843279,0.341399285137,GUARDED_PRODUCTION,true,true,SUCCESS,NONE,66,true,true,9.98631089864e-07,false,false,false,false,0,4.28736772815,526417,3.14159265359|1.95294610270|0.375342363425|0.0644262736054|1.78285383091|1.16057540855|-0.476892933496|0.102781434523|0.0608970956903|0.556233519245
869,VALID_CAMPAIGN,NEAR_JOINT_LIMIT,5392563356587108514,10,AUTO,-0.261663117862,0.412114843279,0.341399285137,UNGUARDED_REFERENCE,true,false,CONVERGED_UNCERTIFIED,NO_GUARDS_OR_FINAL_CERTIFICATION,7,true,false,4.28323714322e-10,false,true,false,true,0,NaN,15625,65.0666734600|10.0083858220|-22.8395207364|-0.223030890144|-14.3331168608|-39.2135108609|27.6546453647|-0.146273408032|4.03958517336|-0.0441884382577
870,VALID_CAMPAIGN,NEAR_SINGULARITY,-900517701269706230,10,AUTO,2.05791997025,-0.674999922430,0.657500087689,GUARDED_PRODUCTION,false,false,NO_CONVERGENCE,STAGNATION_WINDOW_EXCEEDED,51,true,true,1.02916657459,false,false,false,false,0,3.47583593374,403875,3.14159265359|2.17210103598|0.108998676910|0.0270852715416|0.735834017161|0.164554833615|-0.664765032087|0.131979079531|-0.255787497670|0.575000000000
870,VALID_CAMPAIGN,NEAR_SINGULARITY,-900517701269706230,10,AUTO,2.05791997025,-0.674999922430,0.657500087689,UNGUARDED_REFERENCE,true,false,CONVERGED_UNCERTIFIED,NO_GUARDS_OR_FINAL_CERTIFICATION,31,true,false,3.34193117797e-09,false,true,false,true,0,NaN,75083,49.6761710357|0.442942614407|-18.2597577792|-0.210527432465|-8.51020787898|-34.2448145952|29.5792432706|0.909149117823|-7.19169657370|0.0921010449362
871,VALID_CAMPAIGN,MICRO_MOTION,5223705992677866889,10,AUTO,2.05791967275,-0.674999146726,0.657500964579,GUARDED_PRODUCTION,false,false,NO_CONVERGENCE,STAGNATION_WINDOW_EXCEEDED,7,true,true,1.12987598580,false,false,false,false,0,5.90045986205,52792,3.14159265359|2.20063761533|0.101139007259|0.0243048384027|0.632034292866|0.0772099775046|-0.659617454013|0.135547632889|-0.282869464935|0.575000000000
871,VALID_CAMPAIGN,MICRO_MOTION,5223705992677866889,10,AUTO,2.05791967275,-0.674999146726,0.657500964579,UNGUARDED_REFERENCE,true,false,CONVERGED_UNCERTIFIED,NO_GUARDS_OR_FINAL_CERTIFICATION,2,true,false,8.37450254177e-11,false,true,false,true,0,NaN,3000,49.6761711280|0.442943144675|-18.2597570396|-0.210527443349|-8.51020821238|-34.2448145934|29.5792430953|0.909149058146|-7.19169629205|0.0921010299207
872,VALID_CAMPAIGN,UNIFORM,-9054831375151406057,10,AUTO,0.606766490285,1.71497822534,0.123173166810,GUARDED_PRODUCTION,false,false,MAX_ITERATIONS_REACHED,MAX_ITERATIONS_LIMIT_REACHED,800,true,true,1.43825735421,false,false,false,false,0,6.92893285599,5841958,3.14159265359|2.37713844122|-0.372729868667|0.0200000000000|1.56088216399|0.392977569390|-0.859177742249|0.246987978251|-0.445525450908|0.575000000000
872,VALID_CAMPAIGN,UNIFORM,-9054831375151406057,10,AUTO,0.606766490285,1.71497822534,0.123173166810,UNGUARDED_REFERENCE,true,false,CONVERGED_UNCERTIFIED,NO_GUARDS_OR_FINAL_CERTIFICATION,24,true,false,6.32110786288e-08,false,true,false,true,0,NaN,64375,51.5887211454|-0.0900872273328|-13.0517943712|-0.135273922320|-14.2867716859|-33.6557395021|21.8862577912|0.280333222905|-6.92586274157|-0.386957923816
873,VALID_CAMPAIGN,NEAR_JOINT_LIMIT,-3112769573840753822,10,AUTO,-1.34835815534,0.182183262218,-0.131083680497,GUARDED_PRODUCTION,true,true,SUCCESS,NONE,407,true,true,8.74515602722e-07,false,false,false,false,0,3.96173127319,3117083,2.79153734824|1.21974664976|1.32995762867|0.288320018551|1.78285383091|1.78285383091|-1.59923000795|0.0200000000000|1.11017112783|0.575000000000
873,VALID_CAMPAIGN,NEAR_JOINT_LIMIT,-3112769573840753822,10,AUTO,-1.34835815534,0.182183262218,-0.131083680497,UNGUARDED_REFERENCE,true,false,CONVERGED_UNCERTIFIED,NO_GUARDS_OR_FINAL_CERTIFICATION,10,true,false,8.28105856391e-09,false,true,false,true,0,NaN,25666,60.0377270147|-7.49455587579|-12.7375981859|-0.0584146410392|-20.5897324757|-29.9240410311|21.6060200342|-0.827027749692|-2.81618137850|0.263580675204
874,VALID_CAMPAIGN,NEAR_SINGULARITY,-8530636342523894168,10,AUTO,2.05791997025,-0.674999922430,0.657500087689,GUARDED_PRODUCTION,false,false,NO_CONVERGENCE,STAGNATION_WINDOW_EXCEEDED,112,true,true,1.40527595941,false,false,false,false,0,10.7200857745,890083,3.14159265359|2.37713844122|0.392946286178|0.222581093136|0.0464089558067|0.00647007897843|-1.21146397028|0.0590162548244|0.651490272603|0.575000000000
874,VALID_CAMPAIGN,NEAR_SINGULARITY,-8530636342523894168,10,AUTO,2.05791997025,-0.674999922430,0.657500087689,UNGUARDED_REFERENCE,true,false,CONVERGED_UNCERTIFIED,NO_GUARDS_OR_FINAL_CERTIFICATION,7,true,false,1.22455791661e-09,false,true,false,true,0,NaN,15792,61.4253565362|-10.9025920323|-12.6427097389|0.0745393887519|-18.6902129177|-26.9540209157|19.1384547781|-0.775257155706|0.674851120509|0.274495418902
875,VALID_CAMPAIGN,MICRO_MOTION,4005396635589124934,10,AUTO,2.05791967275,-0.674999146726,0.657500964579,GUARDED_PRODUCTION,false,false,NO_CONVERGENCE,STAGNATION_WINDOW_EXCEEDED,7,true,true,1.44614227358,false,false,false,false,0,6.31108170598,52000,3.14159265359|2.37713844122|0.378325424411|0.222270740444|0.0254232526574|-0.0152340288275|-1.17301179331|0.0588811024250|0.633892192158|0.575000000000
875,VALID_CAMPAIGN,MICRO_MOTION,4005396635589124934,10,AUTO,2.05791967275,-0.674999146726,0.657500964579,UNGUARDED_REFERENCE,true,false,CONVERGED_UNCERTIFIED,NO_GUARDS_OR_FINAL_CERTIFICATION,2,true,false,3.78172577054e-11,false,true,false,true,0,NaN,3375,61.4253563347|-10.9025914028|-12.6427092163|0.0745393738782|-18.6902128880|-26.9540210012|19.1384549314|-0.775257130517|0.674850983077|0.274495416689
876,VALID_CAMPAIGN,UNIFORM,1965460895837425197,10,AUTO,-1.24396086854,0.145896716338,-0.228023242056,GUARDED_PRODUCTION,true,true,SUCCESS,NONE,64,true,true,6.04434317749e-10,false,false,false,false,0,6.56864901354,521709,1.45249731795|1.58231498634|0.111206884268|0.235751416989|0.454648792652|0.444082144597|-1.71025215380|0.0541827309260|0.724787611541|0.541592987043
876,VALID_CAMPAIGN,UNIFORM,1965460895837425197,10,AUTO,-1.24396086854,0.145896716338,-0.228023242056,UNGUARDED_REFERENCE,true,false,CONVERGED_UNCERTIFIED,NO_GUARDS_OR_FINAL_CERTIFICATION,11,true,false,4.64442650828e-11,false,true,false,true,0,NaN,25792,54.8383193565|-1.88190321074|-13.6471529723|-0.161770327255|-18.3742027412|-28.7373466158|20.4713126827|-0.228518013094|-0.364730543705|0.277072598584
877,VALID_CAMPAIGN,NEAR_JOINT_LIMIT,3558928265806158246,10,AUTO,-1.18512445566,0.0256477770010,0.899291269506,GUARDED_PRODUCTION,true,true,SUCCESS,NONE,24,true,true,7.83141630122e-09,false,false,false,false,0,3.47932739367,196000,1.47150961392|1.65315021827|0.960555615330|0.235630327182|0.347328547116|0.344399766697|-1.44165227911|0.0565077256616|0.783638626366|0.543411781885
877,VALID_CAMPAIGN,NEAR_JOINT_LIMIT,3558928265806158246,10,AUTO,-1.18512445566,0.0256477770010,0.899291269506,UNGUARDED_REFERENCE,true,false,CONVERGED_UNCERTIFIED,NO_GUARDS_OR_FINAL_CERTIFICATION,7,true,false,2.14924808169e-10,false,true,false,true,0,NaN,14792,54.5406314679|-1.43424799693|-12.3554495908|-0.174624132866|-18.5358472724|-29.0173013688|20.6918667380|-0.194263697606|-0.484334429721|0.314231227401
878,VALID_CAMPAIGN,NEAR_SINGULARITY,5337890649149786972,10,AUTO,2.05791997025,-0.674999922430,0.657500087689,GUARDED_PRODUCTION,true,true,SUCCESS,NONE,190,true,true,8.43911983255e-07,false,false,false,false,0,3.24439829951,1696667,-0.359802428070|1.67464816143|2.06987928396|0.517566788896|-1.08165409924|-0.297044282725|-0.821897918544|0.0630571720946|-0.0280228366514|0.575000000000
878,VALID_CAMPAIGN,NEAR_SINGULARITY,5337890649149786972,10,AUTO,2.05791997025,-0.674999922430,0.657500087689,UNGUARDED_REFERENCE,true,false,CONVERGED_UNCERTIFIED,NO_GUARDS_OR_FINAL_CERTIFICATION,26,true,false,3.59889039648e-08,false,true,false,true,0,NaN,63208,62.4580401388|-6.67991194280|-12.3561410594|-0.412718060738|-24.7780765687|-31.9028078225|18.9869866486|-0.346100525998|0.563014832654|-0.0525466529562
879,VALID_CAMPAIGN,MICRO_MOTION,-2813862305106263164,10,AUTO,2.05791967275,-0.674999146726,0.657500964579,GUARDED_PRODUCTION,true,true,SUCCESS,NONE,1,true,true,7.25194444622e-07,false,false,false,false,0,NaN,12250,-0.359802428070|1.67464816143|2.06987928396|0.517566788896|-1.08165409924|-0.297044282725|-0.821897918544|0.0630571720946|-0.0280228366514|0.575000000000
879,VALID_CAMPAIGN,MICRO_MOTION,-2813862305106263164,10,AUTO,2.05791967275,-0.674999146726,0.657500964579,UNGUARDED_REFERENCE,true,false,CONVERGED_UNCERTIFIED,NO_GUARDS_OR_FINAL_CERTIFICATION,2,true,false,3.23707410120e-10,false,true,false,true,0,NaN,3417,62.4580398582|-6.67991168269|-12.3561403544|-0.412717956106|-24.7780761842|-31.9028073110|18.9869868190|-0.346100392764|0.563014828885|-0.0525466559221
880,VALID_CAMPAIGN,UNIFORM,-2349011334528361710,10,AUTO,-0.477173175384,-1.82626879602,-0.398905892975,GUARDED_PRODUCTION,false,false,NO_CONVERGENCE,STAGNATION_WINDOW_EXCEEDED,56,true,true,0.0483130188292,false,false,false,false,11,23.4581202347,453416,-1.61228133994|1.20633392662|2.67428074637|0.483958811814|-1.41994553270|-0.617596937096|-0.290167739185|0.0698347186323|-0.104611137064|0.571488513261
880,VALID_CAMPAIGN,UNIFORM,-2349011334528361710,10,AUTO,-0.477173175384,-1.82626879602,-0.398905892975,UNGUARDED_REFERENCE,true,false,CONVERGED_UNCERTIFIED,NO_GUARDS_OR_FINAL_CERTIFICATION,11,true,false,3.36582842059e-07,false,true,false,true,0,NaN,25708,55.0495670030|-5.85009341383|-13.2243072872|0.708243209893|-22.0141320147|-27.2567261860|21.8737604874|0.918851513761|2.30876718511|0.0748587049953
881,VALID_CAMPAIGN,NEAR_JOINT_LIMIT,-5098053535187102849,10,AUTO,-1.16515949123,-0.402655027553,0.00904918981532,GUARDED_PRODUCTION,true,true,SUCCESS,NONE,35,true,true,1.33015874472e-11,false,false,false,false,0,11.7673901710,281875,-1.76836651701|0.709531697430|1.55911612182|0.450495936632|-1.57630244568|-0.922749056980|0.160871014406|0.0734452562319|-0.213121062589|0.552189277016
881,VALID_CAMPAIGN,NEAR_JOINT_LIMIT,-5098053535187102849,10,AUTO,-1.16515949123,-0.402655027553,0.00904918981532,UNGUARDED_REFERENCE,true,false,CONVERGED_UNCERTIFIED,NO_GUARDS_OR_FINAL_CERTIFICATION,7,true,false,2.74374338810e-10,false,true,false,true,0,NaN,15583,56.1520829157|-8.31916966687|-12.7622967916|0.512735894886|-22.1386816029|-26.2207247384|21.8793786741|0.578864421454|-0.104124681178|0.0608050193524
882,VALID_CAMPAIGN,NEAR_SINGULARITY,-8676833692923773817,10,AUTO,2.05791997025,-0.674999922430,0.657500087689,GUARDED_PRODUCTION,true,true,SUCCESS,NONE,95,true,true,7.97381081654e-10,false,false,false,false,0,2.89883231557,750917,-0.325452274330|1.38784462973|1.08344748359|0.502471938456|-1.04006868811|-0.503271154130|-0.701170959973|0.0650184248011|-0.0836962531465|0.555027416472
882,VALID_CAMPAIGN,NEAR_SINGULARITY,-8676833692923773817,10,AUTO,2.05791997025,-0.674999922430,0.657500087689,UNGUARDED_REFERENCE,true,false,CONVERGED_UNCERTIFIED,NO_GUARDS_OR_FINAL_CERTIFICATION,32,true,false,5.30086664335e-09,false,true,false,true,0,NaN,76708,81.2560107130|-4.30456564041|-16.5183552734|0.318892456071|-26.1708404022|-29.0671625419|23.0443774591|0.449725949929|5.35454143501|-1.16792715129
883,VALID_CAMPAIGN,MICRO_MOTION,-2127691230254117144,10,AUTO,2.05791967275,-0.674999146726,0.657500964579,GUARDED_PRODUCTION,true,true,SUCCESS,NONE,2,true,true,1.78896911424e-11,false,false,false,false,0,13.1915258532,14833,-0.325451671226|1.38784493990|1.08344841254|0.502471826679|-1.04006833916|-0.503271189881|-0.701169612900|0.0650184157894|-0.0836962469616|0.555027363725
883,VALID_CAMPAIGN,MICRO_MOTION,-2127691230254117144,10,AUTO,2.05791967275,-0.674999146726,0.657500964579,UNGUARDED_REFERENCE,true,false,CONVERGED_UNCERTIFIED,NO_GUARDS_OR_FINAL_CERTIFICATION,2,true,false,2.34515728879e-10,false,true,false,true,0,NaN,3000,81.2560106216|-4.30456512201|-16.5183556383|0.318892285700|-26.1708400478|-29.0671624266|23.0443776481|0.449725852066|5.35454158756|-1.16792701136
884,VALID_CAMPAIGN,UNIFORM,683132539186952640,10,AUTO,0.744694529508,-0.836858409958,1.31353298844,GUARDED_PRODUCTION,true,true,SUCCESS,NONE,52,true,true,2.11225864157e-07,false,false,false,false,0,13.1915205562,402792,-0.402331931562|0.912759834494|0.867757201673|0.433171148109|-0.588586698984|-0.352259862149|0.689078856071|0.0460524521798|0.0937503130602|0.552964162437
884,VALID_CAMPAIGN,UNIFORM,683132539186952640,10,AUTO,0.744694529508,-0.836858409958,1.31353298844,UNGUARDED_REFERENCE,true,false,CONVERGED_UNCERTIFIED,NO_GUARDS_OR_FINAL_CERTIFICATION,7,true,false,2.81082007433e-09,false,true,false,true,0,NaN,15292,80.9598961653|-2.73268712337|-16.9206567866|-0.194009992393|-25.0020957943|-28.6202618209|22.6218014535|0.236213346794|5.52131597726|-0.881441734689
885,VALID_CAMPAIGN,NEAR_JOINT_LIMIT,2377334460283728919,10,AUTO,-0.895661749882,-1.02089037886,-0.0939481816215,GUARDED_PRODUCTION,true,true,SUCCESS,NONE,42,true,true,1.15796643495e-08,false,false,false,false,0,6.09247054415,392125,-1.19829504861|0.915385325781|2.35237827833|0.442314063859|-0.695570739927|-0.373208542583|0.593606196405|0.0602395500719|-0.0677057705441|0.558000683514
885,VALID_CAMPAIGN,NEAR_JOINT_LIMIT,2377334460283728919,10,AUTO,-0.895661749882,-1.02089037886,-0.0939481816215,UNGUARDED_REFERENCE,true,false,CONVERGED_UNCERTIFIED,NO_GUARDS_OR_FINAL_CERTIFICATION,9,true,false,8.50172540696e-07,false,true,false,true,0,NaN,23250,79.5146657191|-7.15313308654|-14.4637147273|0.101350391373|-27.9932126538|-28.6986855541|20.8904753749|-0.604478976980|7.01745906828|0.160640923406
886,VALID_CAMPAIGN,NEAR_SINGULARITY,-6582480752053149388,10,AUTO,2.05791997025,-0.674999922430,0.657500087689,GUARDED_PRODUCTION,true,true,SUCCESS,NONE,89,true,true,7.04667369155e-07,false,false,false,false,0,3.75903911370,747208,-0.335385066560|1.73173251942|2.04006992136|0.533172320817|-0.946875564606|-0.349262985169|-0.647714787244|0.0721744609516|-0.110971676211|0.575000000000
886,VALID_CAMPAIGN,NEAR_SINGULARITY,-6582480752053149388,10,AUTO,2.05791997025,-0.674999922430,0.657500087689,UNGUARDED_REFERENCE,true,false,CONVERGED_UNCERTIFIED,NO_GUARDS_OR_FINAL_CERTIFICATION,40,true,false,8.91139978375e-10,false,true,false,true,0,NaN,99916,93.9353777158|-14.4272896567|-16.4814089520|-0.454584288619|-24.0442761456|-25.3808510853|11.6599463851|-0.308812901842|13.1480096777|0.782547058199
887,VALID_CAMPAIGN,MICRO_MOTION,102399918055085845,10,AUTO,2.05791967275,-0.674999146726,0.657500964579,GUARDED_PRODUCTION,true,true,SUCCESS,NONE,1,true,true,7.43094127110e-07,false,false,false,false,0,NaN,10000,-0.335385066560|1.73173251942|2.04006992136|0.533172320817|-0.946875564606|-0.349262985169|-0.647714787244|0.0721744609516|-0.110971676211|0.575000000000
887,VALID_CAMPAIGN,MICRO_MOTION,102399918055085845,10,AUTO,2.05791967275,-0.674999146726,0.657500964579,UNGUARDED_REFERENCE,true,false,CONVERGED_UNCERTIFIED,NO_GUARDS_OR_FINAL_CERTIFICATION,2,true,false,2.60338230460e-10,false,true,false,true,0,NaN,3208,93.9353776827|-14.4272896984|-16.4814090932|-0.454584098021|-24.0442766426|-25.3808513772|11.6599464296|-0.308812821357|13.1480095286|0.782546903580
888,VALID_CAMPAIGN,UNIFORM,8544271229736993003,10,AUTO,0.637607557448,-0.233735107037,-0.297316614721,GUARDED_PRODUCTION,true,true,SUCCESS,NONE,84,true,true,3.81296776830e-07,false,false,false,false,0,21.6264109418,687958,0.483055043228|1.13679110027|2.22110434870|0.402997787102|-1.78285383091|-1.44126514734|0.460099476635|0.114175990173|-0.835088233932|0.513244545398
888,VALID_CAMPAIGN,UNIFORM,8544271229736993003,10,AUTO,0.637607557448,-0.233735107037,-0.297316614721,UNGUARDED_REFERENCE,true,false,CONVERGED_UNCERTIFIED,NO_GUARDS_OR_FINAL_CERTIFICATION,9,true,false,7.77820977996e-09,false,true,false,true,0,NaN,22541,94.4004018990|-12.4172331995|-15.7498919909|0.370031470397|-23.5304073817|-24.9850195325|14.2262764093|0.0166666755074|13.9553677368|0.0445595791019
889,VALID_CAMPAIGN,NEAR_JOINT_LIMIT,-8322080010669722255,10,AUTO,-0.898146843120,-0.298914832421,0.550583342158,GUARDED_PRODUCTION,true,true,SUCCESS,NONE,93,true,true,5.45652534875e-07,false,false,false,false,0,3.12248075762,861709,-1.54072514517|0.881519950487|2.06580148401|0.408579146893|-1.78285383091|-1.78285383091|1.32751027275|0.123820945998|-0.764267475161|0.574184289337
889,VALID_CAMPAIGN,NEAR_JOINT_LIMIT,-8322080010669722255,10,AUTO,-0.898146843120,-0.298914832421,0.550583342158,UNGUARDED_REFERENCE,true,false,CONVERGED_UNCERTIFIED,NO_GUARDS_OR_FINAL_CERTIFICATION,10,true,false,1.32335425138e-10,false,true,false,true,0,NaN,25541,96.5838249697|-17.1471791122|-18.4028511087|0.359367957453|-21.2249121140|-24.1487441595|15.1509154277|-0.116101249630|13.6799097402|0.184854322829
890,VALID_CAMPAIGN,NEAR_SINGULARITY,-9108170467100251689,10,AUTO,2.05791997025,-0.674999922430,0.657500087689,GUARDED_PRODUCTION,false,false,NO_CONVERGENCE,STAGNATION_WINDOW_EXCEEDED,265,true,true,0.634021267052,false,false,false,false,0,3.06464216485,1934333,-0.541865682954|1.85054211702|1.75404881893|0.575000000000|-1.78285383091|-1.78285383091|1.78285383091|0.0200000000000|0.995870746061|0.575000000000
890,VALID_CAMPAIGN,NEAR_SINGULARITY,-9108170467100251689,10,AUTO,2.05791997025,-0.674999922430,0.657500087689,UNGUARDED_REFERENCE,true,false,CONVERGED_UNCERTIFIED,NO_GUARDS_OR_FINAL_CERTIFICATION,15,true,false,1.97382021478e-09,false,true,false,true,0,NaN,36750,94.0114253641|-11.9553155844|-18.6404294192|0.530238298393|-19.4743406897|-22.1816295473|14.7223058154|0.0514453846746|12.4526248777|0.549379631632
891,VALID_CAMPAIGN,MICRO_MOTION,-9007961571086986878,10,AUTO,2.05791967275,-0.674999146726,0.657500964579,GUARDED_PRODUCTION,false,false,NO_CONVERGENCE,STAGNATION_WINDOW_EXCEEDED,7,true,true,0.634231416609,false,false,false,false,0,10.4997087305,54041,-0.536110658186|1.83237276155|1.72723628041|0.575000000000|-1.78285383091|-1.78285383091|1.78285383091|0.0200000000000|1.01848858858|0.575000000000
891,VALID_CAMPAIGN,MICRO_MOTION,-9007961571086986878,10,AUTO,2.05791967275,-0.674999146726,0.657500964579,UNGUARDED_REFERENCE,true,false,CONVERGED_UNCERTIFIED,NO_GUARDS_OR_FINAL_CERTIFICATION,2,true,false,2.45811017402e-10,false,true,false,true,0,NaN,3125,94.0114259518|-11.9553157301|-18.6404287023|0.530238182182|-19.4743407628|-22.1816296746|14.7223056768|0.0514453578620|12.4526250307|0.549379493718
892,VALID_CAMPAIGN,UNIFORM,1210960183174022869,10,AUTO,0.188466784853,-0.568620186315,1.21493531242,GUARDED_PRODUCTION,true,true,SUCCESS,NONE,72,true,true,9.45250312226e-07,false,false,false,false,0,10.5031264433,675750,-1.49471962505|1.61515624779|1.26170830108|0.479194379000|-0.781144388413|-1.21390294266|1.78285383091|0.0264484674406|0.733885404846|0.575000000000
892,VALID_CAMPAIGN,UNIFORM,1210960183174022869,10,AUTO,0.188466784853,-0.568620186315,1.21493531242,UNGUARDED_REFERENCE,true,false,CONVERGED_UNCERTIFIED,NO_GUARDS_OR_FINAL_CERTIFICATION,14,true,false,7.26204685355e-08,false,true,false,true,0,NaN,33000,97.4989067026|-15.4835862211|-23.8936514443|0.462243210297|-13.0880565883|-20.4051749392|15.2691977589|-0.130085339514|13.9726596968|-0.102141720499
893,VALID_CAMPAIGN,NEAR_JOINT_LIMIT,-4343411642201165534,10,AUTO,-0.694720888613,-0.0354751307654,0.0461846886905,GUARDED_PRODUCTION,true,true,SUCCESS,NONE,37,true,true,3.43117252387e-09,false,false,false,false,0,10.0720150596,297958,-2.20442199772|1.44839884917|2.32547948248|0.469398044481|-0.384735186822|-0.813111086090|1.54810010286|0.0407384229071|0.529188364500|0.574142034148
893,VALID_CAMPAIGN,NEAR_JOINT_LIMIT,-4343411642201165534,10,AUTO,-0.694720888613,-0.0354751307654,0.0461846886905,UNGUARDED_REFERENCE,true,false,CONVERGED_UNCERTIFIED,NO_GUARDS_OR_FINAL_CERTIFICATION,8,true,false,2.11652529668e-09,false,true,false,true,0,NaN,18708,92.1437681183|-13.9333612242|-25.6677577629|0.332450941103|-14.1577395559|-20.3495876326|16.3420726409|0.626457021667|15.0473325315|-0.0111047701178
894,VALID_CAMPAIGN,NEAR_SINGULARITY,-8487829876230390974,10,AUTO,2.05791997025,-0.674999922430,0.657500087689,GUARDED_PRODUCTION,false,false,NO_CONVERGENCE,STAGNATION_WINDOW_EXCEEDED,131,true,true,0.644517150264,false,false,false,false,0,1.57932933347,1032291,-0.395157640718|1.71743109917|1.70799957740|0.555119719626|0.649121886297|0.724948231214|1.78285383091|0.111203904798|0.0359020567993|0.575000000000
894,VALID_CAMPAIGN,NEAR_SINGULARITY,-8487829876230390974,10,AUTO,2.05791997025,-0.674999922430,0.657500087689,UNGUARDED_REFERENCE,true,false,CONVERGED_UNCERTIFIED,NO_GUARDS_OR_FINAL_CERTIFICATION,10,true,false,1.00649917682e-08,false,true,false,true,0,NaN,24542,93.9291617529|-17.1747268705|-29.2653112632|0.663735552343|-13.5540918292|-17.3759424560|15.3447195041|0.581095701751|11.3118088578|0.0420495599895
895,VALID_CAMPAIGN,MICRO_MOTION,-3900019687578505731,10,AUTO,2.05791967275,-0.674999146726,0.657500964579,GUARDED_PRODUCTION,false,false,NO_CONVERGENCE,STAGNATION_WINDOW_EXCEEDED,7,true,true,0.654250808130,false,false,false,false,0,9.63242516192,57542,-0.428317438804|1.74174102058|1.77256323505|0.569236581031|0.626728462789|0.780919065723|1.78285383091|0.115807620952|-0.0223591414080|0.575000000000
895,VALID_CAMPAIGN,MICRO_MOTION,-3900019687578505731,10,AUTO,2.05791967275,-0.674999146726,0.657500964579,UNGUARDED_REFERENCE,true,false,CONVERGED_UNCERTIFIED,NO_GUARDS_OR_FINAL_CERTIFICATION,2,true,false,2.24212884884e-10,false,true,false,true,0,NaN,3083,93.9291621485|-17.1747266771|-29.2653113422|0.663735382041|-13.5540910611|-17.3759421441|15.3447195511|0.581095539641|11.3118088198|0.0420495455277
896,ADVERSARIAL_PROBES,NON_FINITE_TARGET,-582027208661955542,10,AUTO,NaN,-0.675000000000,0.657500000000,GUARDED_PRODUCTION,false,false,INVALID_INPUT,INVALID_TARGET,0,true,true,NaN,false,false,false,false,0,NaN,5666,0.00000000000|0.00000000000|0.00000000000|0.297500000000|0.00000000000|0.00000000000|0.00000000000|0.297500000000|0.00000000000|0.297500000000
896,ADVERSARIAL_PROBES,NON_FINITE_TARGET,-582027208661955542,10,AUTO,NaN,-0.675000000000,0.657500000000,UNGUARDED_REFERENCE,false,false,MAX_ITERATIONS_UNCERTIFIED,NO_GUARDS_OR_FINAL_CERTIFICATION,800,false,false,NaN,true,false,false,true,0,NaN,1516917,NaN|NaN|NaN|NaN|NaN|NaN|NaN|NaN|NaN|NaN
897,ADVERSARIAL_PROBES,INFINITE_TARGET,-8714902694231849497,10,AUTO,2.05792000000,-0.675000000000,Infinity,GUARDED_PRODUCTION,false,false,INVALID_INPUT,INVALID_TARGET,0,true,true,Infinity,false,false,false,false,0,NaN,4583,0.00000000000|0.00000000000|0.00000000000|0.297500000000|0.00000000000|0.00000000000|0.00000000000|0.297500000000|0.00000000000|0.297500000000
897,ADVERSARIAL_PROBES,INFINITE_TARGET,-8714902694231849497,10,AUTO,2.05792000000,-0.675000000000,Infinity,UNGUARDED_REFERENCE,false,false,MAX_ITERATIONS_UNCERTIFIED,NO_GUARDS_OR_FINAL_CERTIFICATION,800,false,false,NaN,true,false,false,true,0,NaN,1473083,NaN|NaN|NaN|NaN|NaN|NaN|NaN|NaN|NaN|NaN
898,ADVERSARIAL_PROBES,NON_FINITE_INITIAL_STATE,-774683161558324211,10,AUTO,2.05792000000,-0.675000000000,0.657500000000,GUARDED_PRODUCTION,false,false,INVALID_INPUT,INVALID_INITIAL_STATE,0,true,true,0.00000000000,false,false,false,false,0,NaN,7209,0.00000000000|0.00000000000|0.00000000000|0.297500000000|0.00000000000|0.00000000000|0.00000000000|0.297500000000|0.00000000000|0.297500000000
898,ADVERSARIAL_PROBES,NON_FINITE_INITIAL_STATE,-774683161558324211,10,AUTO,2.05792000000,-0.675000000000,0.657500000000,UNGUARDED_REFERENCE,false,false,MAX_ITERATIONS_UNCERTIFIED,NO_GUARDS_OR_FINAL_CERTIFICATION,800,false,false,NaN,true,false,false,true,0,NaN,1548625,NaN|NaN|NaN|NaN|NaN|NaN|NaN|NaN|NaN|NaN
899,ADVERSARIAL_PROBES,OVERFLOWING_GEOMETRY,8743584631397756943,10,AUTO,0.00000000000,0.00000000000,0.00000000000,GUARDED_PRODUCTION,false,false,NUMERICAL_FAILURE,OUTPUT_VALIDATION_FAILED,1,true,true,Infinity,false,false,false,false,0,NaN,12417,0.00000000000|0.00000000000|0.00000000000|0.297500000000|0.00000000000|0.00000000000|0.00000000000|0.297500000000|0.00000000000|0.297500000000
899,ADVERSARIAL_PROBES,OVERFLOWING_GEOMETRY,8743584631397756943,10,AUTO,0.00000000000,0.00000000000,0.00000000000,UNGUARDED_REFERENCE,false,false,MAX_ITERATIONS_UNCERTIFIED,NO_GUARDS_OR_FINAL_CERTIFICATION,800,false,false,NaN,true,false,false,true,0,NaN,1515083,NaN|NaN|NaN|NaN|NaN|NaN|NaN|NaN|NaN|NaN
900,VALID_CAMPAIGN,UNIFORM,-7885869814660828504,10,REVOLUTE_ONLY,0.443535571670,1.51596986078,-0.276803032780,GUARDED_PRODUCTION,true,true,SUCCESS,NONE,37,true,true,7.88920429521e-07,false,false,false,false,0,85.9195394928,303708,0.526043644659|0.471430888184|-0.480141920603|-0.0553531067549|0.503312474406|0.449699118470|-0.202188849286|-0.0934329265740|0.267519033845|0.140712282133
900,VALID_CAMPAIGN,UNIFORM,-7885869814660828504,10,REVOLUTE_ONLY,0.443535571670,1.51596986078,-0.276803032780,UNGUARDED_REFERENCE,true,false,CONVERGED_UNCERTIFIED,NO_GUARDS_OR_FINAL_CERTIFICATION,16,true,false,2.35627161481e-07,false,true,false,true,0,NaN,43917,13.8872783455|-18.8313630392|-13.3366527710|19.2708386726|8.44112600742|3.67212011379|-6.48066201245|5.91891686689|7.60852916530|5.35759229816
901,VALID_CAMPAIGN,NEAR_JOINT_LIMIT,-2734983747580731826,10,REVOLUTE_ONLY,0.0689153540680,0.130917895419,0.137912305835,GUARDED_PRODUCTION,true,true,SUCCESS,NONE,50,true,true,7.23238747270e-09,false,false,false,false,0,4.29951693541,409083,0.0952331206771|1.48122419977|-1.04236756195|-0.0898819729779|1.34362151699|1.15987102907|-0.569795682263|-0.345751539023|0.442281423488|0.209523766866
901,VALID_CAMPAIGN,NEAR_JOINT_LIMIT,-2734983747580731826,10,REVOLUTE_ONLY,0.0689153540680,0.130917895419,0.137912305835,UNGUARDED_REFERENCE,true,false,CONVERGED_UNCERTIFIED,NO_GUARDS_OR_FINAL_CERTIFICATION,8,true,false,9.75810495388e-09,false,true,false,true,0,NaN,19375,13.6425049272|-21.2499950814|-14.6024659212|21.9737145081|10.0011825167|-1.72117452941|-8.99694756348|3.16590172674|10.5926097691|4.46694194641
902,VALID_CAMPAIGN,NEAR_SINGULARITY,7502224618606050121,10,REVOLUTE_ONLY,2.05791999827,-0.119999938915,0.360000038036,GUARDED_PRODUCTION,true,true,SUCCESS,NONE,219,true,true,3.61024180444e-07,false,false,false,false,0,2.07821894739,1911875,-0.0555789277923|0.111171111052|0.230002960959|-0.400355412457|-0.257794106474|0.287071304329|0.555068757796|-0.447125168808|-0.197204377420|0.0437316509823
902,VALID_CAMPAIGN,NEAR_SINGULARITY,7502224618606050121,10,REVOLUTE_ONLY,2.05791999827,-0.119999938915,0.360000038036,UNGUARDED_REFERENCE,true,false,CONVERGED_UNCERTIFIED,NO_GUARDS_OR_FINAL_CERTIFICATION,114,true,false,3.42522732474e-07,false,true,false,true,0,NaN,299500,-6.34430477450|-18.7309067273|-12.3992540628|18.5390562694|12.3034071948|-6.00010236708|-12.0051654589|-0.487056974621|6.07029899404|0.116471379471
903,VALID_CAMPAIGN,MICRO_MOTION,2275242533779400669,10,REVOLUTE_ONLY,2.05791998096,-0.119999328068,0.360000418397,GUARDED_PRODUCTION,true,true,SUCCESS,NONE,1,true,true,8.51436452277e-07,false,false,false,false,0,NaN,17916,-0.0555789277923|0.111171111052|0.230002960959|-0.400355412457|-0.257794106474|0.287071304329|0.555068757796|-0.447125168808|-0.197204377420|0.0437316509823
903,VALID_CAMPAIGN,MICRO_MOTION,2275242533779400669,10,REVOLUTE_ONLY,2.05791998096,-0.119999328068,0.360000418397,UNGUARDED_REFERENCE,true,false,CONVERGED_UNCERTIFIED,NO_GUARDS_OR_FINAL_CERTIFICATION,1,true,false,8.00188125616e-07,false,true,false,true,0,NaN,875,-6.34430477450|-18.7309067273|-12.3992540628|18.5390562694|12.3034071948|-6.00010236708|-12.0051654589|-0.487056974621|6.07029899404|0.116471379471
904,VALID_CAMPAIGN,UNIFORM,-1989689338806031243,10,REVOLUTE_ONLY,-0.165941995657,0.607295848216,0.514386847213,GUARDED_PRODUCTION,true,true,SUCCESS,NONE,66,true,true,4.39921302119e-08,false,false,false,false,0,124.814551269,541833,0.204275872825|1.12582133261|0.650877275457|-0.113785245071|0.686285441636|1.26268596732|0.543334571806|-0.615278004187|0.195169266420|0.262816127717
904,VALID_CAMPAIGN,UNIFORM,-1989689338806031243,10,REVOLUTE_ONLY,-0.165941995657,0.607295848216,0.514386847213,UNGUARDED_REFERENCE,true,false,CONVERGED_UNCERTIFIED,NO_GUARDS_OR_FINAL_CERTIFICATION,6,true,false,6.27482643536e-07,false,true,false,true,0,NaN,14042,-11.0963807509|-16.9737153759|-10.4578939720|10.5873169754|-1.03718245602|20.9233277095|27.8742226684|-37.5606869151|-4.30604828537|11.5636226344
905,VALID_CAMPAIGN,NEAR_JOINT_LIMIT,300658673532290517,10,REVOLUTE_ONLY,-0.413383948228,-0.150049919607,0.274928123318,GUARDED_PRODUCTION,true,true,SUCCESS,NONE,28,true,true,2.23889482536e-07,false,false,false,false,0,2.06316069990,244084,1.12872995251|1.73589182491|0.819997657864|0.0592368604856|0.840910993934|1.25421943069|0.258983665675|-0.771331366974|0.108866237954|0.198403124363
905,VALID_CAMPAIGN,NEAR_JOINT_LIMIT,300658673532290517,10,REVOLUTE_ONLY,-0.413383948228,-0.150049919607,0.274928123318,UNGUARDED_REFERENCE,true,false,CONVERGED_UNCERTIFIED,NO_GUARDS_OR_FINAL_CERTIFICATION,7,true,false,1.13916474890e-09,false,true,false,true,0,NaN,16541,-10.2861282738|-16.6097147803|-10.6190499856|10.0026117004|-1.68302595098|20.2218352723|28.2570663548|-37.5323602905|-3.70454859400|11.8806984691
906,VALID_CAMPAIGN,NEAR_SINGULARITY,9064375827898696252,10,REVOLUTE_ONLY,2.05791999827,-0.119999938915,0.360000038036,GUARDED_PRODUCTION,false,false,NO_CONVERGENCE,STAGNATION_WINDOW_EXCEEDED,161,true,true,0.719045283249,false,false,false,false,0,2.84814966293,1263709,-0.0210659851488|2.37457073629|2.67428074637|-0.217157928468|-0.731765455809|0.0680068087734|0.231612442804|-0.196379376495|-0.0926773403723|0.0115327824379
906,VALID_CAMPAIGN,NEAR_SINGULARITY,9064375827898696252,10,REVOLUTE_ONLY,2.05791999827,-0.119999938915,0.360000038036,UNGUARDED_REFERENCE,true,false,CONVERGED_UNCERTIFIED,NO_GUARDS_OR_FINAL_CERTIFICATION,32,true,false,1.26523797756e-07,false,true,false,true,0,NaN,84083,-6.33892229448|-18.7747641079|-12.3910702460|12.2618037561|0.203191057558|24.8812965045|25.5560673842|-38.0439396595|-6.27984469979|12.5286656510
907,VALID_CAMPAIGN,MICRO_MOTION,6541210576880203049,10,REVOLUTE_ONLY,2.05791998096,-0.119999328068,0.360000418397,GUARDED_PRODUCTION,false,false,NO_CONVERGENCE,STAGNATION_WINDOW_EXCEEDED,7,true,true,0.720753612467,false,false,false,false,0,257.026094853,72458,-0.00429013690306|2.36696308791|2.67428074637|-0.216319142177|-0.746067414858|0.0776669370103|0.220517094640|-0.185093578468|-0.0906385368057|0.00549382812234
907,VALID_CAMPAIGN,MICRO_MOTION,6541210576880203049,10,REVOLUTE_ONLY,2.05791998096,-0.119999328068,0.360000418397,UNGUARDED_REFERENCE,true,false,CONVERGED_UNCERTIFIED,NO_GUARDS_OR_FINAL_CERTIFICATION,1,true,false,7.31423188437e-07,false,true,false,true,0,NaN,917,-6.33892229448|-18.7747641079|-12.3910702460|12.2618037561|0.203191057558|24.8812965045|25.5560673842|-38.0439396595|-6.27984469979|12.5286656510
908,VALID_CAMPAIGN,UNIFORM,4479193589653568805,10,REVOLUTE_ONLY,-0.338184343622,0.708748353258,-0.0871630367032,GUARDED_PRODUCTION,true,true,SUCCESS,NONE,89,true,true,2.89671381334e-08,false,false,false,false,0,265.903758552,709958,1.34249386668|2.29107065282|1.92975048073|0.0780007281498|-1.47618396474|-0.844347602074|0.136336965610|-0.167028861747|-0.793017618961|-0.387946791377
908,VALID_CAMPAIGN,UNIFORM,4479193589653568805,10,REVOLUTE_ONLY,-0.338184343622,0.708748353258,-0.0871630367032,UNGUARDED_REFERENCE,true,false,CONVERGED_UNCERTIFIED,NO_GUARDS_OR_FINAL_CERTIFICATION,7,true,false,2.88185259847e-10,false,true,false,true,0,NaN,16083,-5.53822443940|-22.6481162661|-7.30330826676|0.589710366660|42.5913744413|-19.6953457900|50.1378077067|-60.5954889357|3.13572368129|11.2847811512
909,VALID_CAMPAIGN,NEAR_JOINT_LIMIT,6724876963488733100,10,REVOLUTE_ONLY,-0.603514996669,0.185855188155,0.188594621625,GUARDED_PRODUCTION,true,true,SUCCESS,NONE,50,true,true,4.46690503091e-07,false,false,false,false,0,5.83829558724,387042,2.15046158026|2.37713844122|1.36627216933|0.0290220512438|-1.16069614984|-1.05773210181|-0.223366298612|-0.340583562339|-1.46558640468|-0.807220039397
909,VALID_CAMPAIGN,NEAR_JOINT_LIMIT,6724876963488733100,10,REVOLUTE_ONLY,-0.603514996669,0.185855188155,0.188594621625,UNGUARDED_REFERENCE,true,false,CONVERGED_UNCERTIFIED,NO_GUARDS_OR_FINAL_CERTIFICATION,6,true,false,6.97270797023e-09,false,true,false,true,0,NaN,13250,-5.18854685677|-22.2341284141|-6.61403208511|0.656508561434|42.5120929152|-19.7714449124|50.2268122341|-60.7016157642|3.04223761806|11.1025352924
910,VALID_CAMPAIGN,NEAR_SINGULARITY,3678943987023674650,10,REVOLUTE_ONLY,2.05791999827,-0.119999938915,0.360000038036,GUARDED_PRODUCTION,false,false,NO_CONVERGENCE,STAGNATION_WINDOW_EXCEEDED,366,true,true,0.719858211259,false,false,false,false,0,3.21140946018,3181708,0.00287261096409|2.35445847354|2.67428074637|-0.215976790599|-0.767830596599|0.0890039110249|0.210291819837|-0.175415530290|-0.0879187067736|-0.000539170203777
910,VALID_CAMPAIGN,NEAR_SINGULARITY,3678943987023674650,10,REVOLUTE_ONLY,2.05791999827,-0.119999938915,0.360000038036,UNGUARDED_REFERENCE,true,false,CONVERGED_UNCERTIFIED,NO_GUARDS_OR_FINAL_CERTIFICATION,45,true,false,1.89700929478e-07,false,true,false,true,0,NaN,115500,-12.6233948684|-18.7432370311|0.151073434782|-6.53077658454|43.8477367305|-18.6881168319|50.5409354426|-56.7635962526|-0.430639983068|0.460281222619
911,VALID_CAMPAIGN,MICRO_MOTION,-3741519857401355093,10,REVOLUTE_ONLY,2.05791998096,-0.119999328068,0.360000418397,GUARDED_PRODUCTION,false,false,NO_CONVERGENCE,STAGNATION_WINDOW_EXCEEDED,7,true,true,0.719861611725,false,false,false,false,0,267.187857429,59042,0.00284955670214|2.35456893086|2.67428074637|-0.215917695450|-0.767668893410|0.0889679824527|0.210176533183|-0.175298286617|-0.0881006528340|-0.000282804297445
911,VALID_CAMPAIGN,MICRO_MOTION,-3741519857401355093,10,REVOLUTE_ONLY,2.05791998096,-0.119999328068,0.360000418397,UNGUARDED_REFERENCE,true,false,CONVERGED_UNCERTIFIED,NO_GUARDS_OR_FINAL_CERTIFICATION,1,true,false,7.45007031209e-07,false,true,false,true,0,NaN,791,-12.6233948684|-18.7432370311|0.151073434782|-6.53077658454|43.8477367305|-18.6881168319|50.5409354426|-56.7635962526|-0.430639983068|0.460281222619
912,VALID_CAMPAIGN,UNIFORM,2009477221591476536,10,REVOLUTE_ONLY,-0.812149704887,0.762237593868,0.668480995326,GUARDED_PRODUCTION,true,true,SUCCESS,NONE,66,true,true,4.45185007347e-08,false,false,false,false,0,267.204413682,526875,0.989808762888|2.21065975588|1.64189537738|-0.743872721405|-0.741919714663|0.126805950482|-0.543137851005|-0.807797836127|-0.0570570529793|0.0157622844903
912,VALID_CAMPAIGN,UNIFORM,2009477221591476536,10,REVOLUTE_ONLY,-0.812149704887,0.762237593868,0.668480995326,UNGUARDED_REFERENCE,true,false,CONVERGED_UNCERTIFIED,NO_GUARDS_OR_FINAL_CERTIFICATION,9,true,false,2.32391211698e-09,false,true,false,true,0,NaN,22875,-9.86550613328|-20.2494533972|2.50273087645|-8.77214374526|39.7160574973|-13.0707490666|56.6510087754|-62.4476402183|-51.6876121395|70.6230480972
913,VALID_CAMPAIGN,NEAR_JOINT_LIMIT,4354491867748634008,10,REVOLUTE_ONLY,-0.691086167770,-0.125736252794,0.211149817361,GUARDED_PRODUCTION,true,true,SUCCESS,NONE,53,true,true,8.27273764991e-07,false,false,false,false,0,3.91487877809,430750,1.67172097367|2.37713844122|1.48720854204|-0.934656684804|-0.712105060036|0.119595026668|-1.04172585714|-1.21363688068|0.0505661299298|0.0687950909732
913,VALID_CAMPAIGN,NEAR_JOINT_LIMIT,4354491867748634008,10,REVOLUTE_ONLY,-0.691086167770,-0.125736252794,0.211149817361,UNGUARDED_REFERENCE,true,false,CONVERGED_UNCERTIFIED,NO_GUARDS_OR_FINAL_CERTIFICATION,8,true,false,2.74424717491e-08,false,true,false,true,0,NaN,20250,-8.82381779091|-19.5367875136|2.67488631760|-10.2980151746|42.0008626358|-12.3560420923|52.8012395813|-62.9303976839|-54.9155499355|72.3168463603
914,VALID_CAMPAIGN,NEAR_SINGULARITY,-4645382670381491358,10,REVOLUTE_ONLY,2.05791999827,-0.119999938915,0.360000038036,GUARDED_PRODUCTION,true,true,SUCCESS,NONE,269,true,true,4.80991523248e-09,false,false,false,false,0,2.05114443867,2145834,-0.0580494010941|0.126010814656|0.141447436465|-0.231856630699|-0.397570849291|0.452277482677|0.231562417006|-0.167380855408|-0.329057623554|0.177993707654
914,VALID_CAMPAIGN,NEAR_SINGULARITY,-4645382670381491358,10,REVOLUTE_ONLY,2.05791999827,-0.119999938915,0.360000038036,UNGUARDED_REFERENCE,true,false,CONVERGED_UNCERTIFIED,NO_GUARDS_OR_FINAL_CERTIFICATION,23,true,false,5.59558205140e-07,false,true,false,true,0,NaN,61042,6.21705858822|-31.2801546363|0.0254721650579|-18.9195506692|43.6678640015|-5.97081666729|56.8384296098|-56.8413094226|-56.8235056890|69.3897911781
915,VALID_CAMPAIGN,MICRO_MOTION,6467415708304354295,10,REVOLUTE_ONLY,2.05791998096,-0.119999328068,0.360000418397,GUARDED_PRODUCTION,true,true,SUCCESS,NONE,1,true,true,7.19827758216e-07,false,false,false,false,0,NaN,11125,-0.0580494010941|0.126010814656|0.141447436465|-0.231856630699|-0.397570849291|0.452277482677|0.231562417006|-0.167380855408|-0.329057623554|0.177993707654
915,VALID_CAMPAIGN,MICRO_MOTION,6467415708304354295,10,REVOLUTE_ONLY,2.05791998096,-0.119999328068,0.360000418397,UNGUARDED_REFERENCE,true,false,CONVERGED_UNCERTIFIED,NO_GUARDS_OR_FINAL_CERTIFICATION,1,true,false,9.16608228064e-07,false,true,false,true,0,NaN,1041,6.21705858822|-31.2801546363|0.0254721650579|-18.9195506692|43.6678640015|-5.97081666729|56.8384296098|-56.8413094226|-56.8235056890|69.3897911781
916,VALID_CAMPAIGN,UNIFORM,-486774100195034024,10,REVOLUTE_ONLY,-1.21572364021,-0.319379134375,-0.322490615474,GUARDED_PRODUCTION,true,true,SUCCESS,NONE,95,true,true,2.13381468424e-08,false,false,false,false,0,131.826037955,768125,-1.32035234629|-1.11902942142|-0.455588883132|-0.488797235513|-1.03090764577|0.118582079243|0.0630164260040|-0.277706635578|-0.599435060543|0.101148584042
916,VALID_CAMPAIGN,UNIFORM,-486774100195034024,10,REVOLUTE_ONLY,-1.21572364021,-0.319379134375,-0.322490615474,UNGUARDED_REFERENCE,true,false,CONVERGED_UNCERTIFIED,NO_GUARDS_OR_FINAL_CERTIFICATION,16,true,false,1.47987960179e-08,false,true,false,true,0,NaN,42667,3.25339207552|-24.9550274305|-38.3831059466|30.6991373605|14.7793247228|23.1965017331|56.8410636112|-80.8555763702|-60.2051393228|109.513660812
917,VALID_CAMPAIGN,NEAR_JOINT_LIMIT,6498492594675955490,10,REVOLUTE_ONLY,-0.305546973052,-0.189347599366,0.385475863354,GUARDED_PRODUCTION,true,true,SUCCESS,NONE,35,true,true,3.82878300215e-07,false,false,false,false,0,3.68003149878,287334,-0.696996793199|-1.43417761783|-0.521430689777|-0.541063342812|-1.73962626790|-0.498558316920|-0.194013153331|-0.474924599744|-0.848938180191|-0.0220823520603
917,VALID_CAMPAIGN,NEAR_JOINT_LIMIT,6498492594675955490,10,REVOLUTE_ONLY,-0.305546973052,-0.189347599366,0.385475863354,UNGUARDED_REFERENCE,true,false,CONVERGED_UNCERTIFIED,NO_GUARDS_OR_FINAL_CERTIFICATION,7,true,false,9.73588422747e-08,false,true,false,true,0,NaN,18500,1.59175049445|-22.2562173733|-38.1640333972|30.5115314481|17.3032668763|22.9802656049|58.2264108961|-77.6100460833|-61.8950587408|106.712231391
918,VALID_CAMPAIGN,NEAR_SINGULARITY,8730463293038002967,10,REVOLUTE_ONLY,2.05791999827,-0.119999938915,0.360000038036,GUARDED_PRODUCTION,true,true,SUCCESS,NONE,252,true,true,6.93392566894e-09,false,false,false,false,0,2.14625997715,2130458,-0.0582930606446|0.0881272328197|0.210828971687|-0.365196674629|0.117839199318|-0.178482272936|0.502154930225|-0.406427827651|0.0389815716900|-0.0795107735175
918,VALID_CAMPAIGN,NEAR_SINGULARITY,8730463293038002967,10,REVOLUTE_ONLY,2.05791999827,-0.119999938915,0.360000038036,UNGUARDED_REFERENCE,true,false,CONVERGED_UNCERTIFIED,NO_GUARDS_OR_FINAL_CERTIFICATION,50,true,false,9.06463858629e-08,false,true,false,true,0,NaN,134958,18.7916111291|-43.8744638157|-18.6816255307|37.3850579210|-0.149070000745|18.9966342539|69.7237398703|-75.9400412238|-50.4129638293|113.153696361
919,VALID_CAMPAIGN,MICRO_MOTION,-3274142610349205700,10,REVOLUTE_ONLY,2.05791998096,-0.119999328068,0.360000418397,GUARDED_PRODUCTION,true,true,SUCCESS,NONE,1,true,true,7.19836942691e-07,false,false,false,false,0,NaN,11875,-0.0582930606446|0.0881272328197|0.210828971687|-0.365196674629|0.117839199318|-0.178482272936|0.502154930225|-0.406427827651|0.0389815716900|-0.0795107735175
919,VALID_CAMPAIGN,MICRO_MOTION,-3274142610349205700,10,REVOLUTE_ONLY,2.05791998096,-0.119999328068,0.360000418397,UNGUARDED_REFERENCE,true,false,CONVERGED_UNCERTIFIED,NO_GUARDS_OR_FINAL_CERTIFICATION,1,true,false,7.26010375701e-07,false,true,false,true,0,NaN,792,18.7916111291|-43.8744638157|-18.6816255307|37.3850579210|-0.149070000745|18.9966342539|69.7237398703|-75.9400412238|-50.4129638293|113.153696361
920,VALID_CAMPAIGN,UNIFORM,-3934422375855413776,10,REVOLUTE_ONLY,0.0434494457274,-1.23167520383,0.421081704369,GUARDED_PRODUCTION,true,true,SUCCESS,NONE,46,true,true,6.56241433883e-11,false,false,false,false,0,128.275361955,360333,-0.221336219499|-0.808139046227|0.206650072277|-0.348662465398|-0.548541824572|-0.955839521434|0.481765938882|-0.544606105452|-0.261730090517|-0.264643626496
920,VALID_CAMPAIGN,UNIFORM,-3934422375855413776,10,REVOLUTE_ONLY,0.0434494457274,-1.23167520383,0.421081704369,UNGUARDED_REFERENCE,true,false,CONVERGED_UNCERTIFIED,NO_GUARDS_OR_FINAL_CERTIFICATION,9,true,false,5.67281647114e-09,false,true,false,true,0,NaN,22417,17.1848259281|-43.8654117917|-11.9993421479|31.0572975313|-3.91418391972|23.2577652449|107.808994997|-116.090610103|-56.3980526165|116.566535748
921,VALID_CAMPAIGN,NEAR_JOINT_LIMIT,-4381197429699033058,10,REVOLUTE_ONLY,-0.576790370784,-0.0563528206084,0.114937296901,GUARDED_PRODUCTION,true,true,SUCCESS,NONE,33,true,true,2.74305872489e-07,false,false,false,false,0,3.23861658134,302500,-0.840688253444|-1.54696075040|0.148568737528|-0.216256121583|-0.799569076432|-1.15707103445|0.0910202334787|-0.818304937522|-0.285245918295|-0.264297832004
921,VALID_CAMPAIGN,NEAR_JOINT_LIMIT,-4381197429699033058,10,REVOLUTE_ONLY,-0.576790370784,-0.0563528206084,0.114937296901,UNGUARDED_REFERENCE,true,false,CONVERGED_UNCERTIFIED,NO_GUARDS_OR_FINAL_CERTIFICATION,6,true,false,8.80039310285e-07,false,true,false,true,0,NaN,16500,14.9556522666|-42.2778427006|-11.7430706178|30.7289497265|-1.69400130377|23.2656552460|105.780211930|-119.916873666|-55.6186229520|116.642285920
922,VALID_CAMPAIGN,NEAR_SINGULARITY,4657401459289962634,10,REVOLUTE_ONLY,2.05791999827,-0.119999938915,0.360000038036,GUARDED_PRODUCTION,false,false,NO_CONVERGENCE,STAGNATION_WINDOW_EXCEEDED,189,true,true,0.372421328678,false,false,false,false,0,2.36033099783,1524167,-0.0614833410753|0.173605532663|0.271744722788|-1.20207473883|-1.29966080503|-1.78285383091|1.78285383091|-0.0209093134344|0.108470207705|0.0759265181369
922,VALID_CAMPAIGN,NEAR_SINGULARITY,4657401459289962634,10,REVOLUTE_ONLY,2.05791999827,-0.119999938915,0.360000038036,UNGUARDED_REFERENCE,true,false,CONVERGED_UNCERTIFIED,NO_GUARDS_OR_FINAL_CERTIFICATION,24,true,false,7.42044538593e-07,false,true,false,true,0,NaN,62375,12.5125278997|-37.6285979856|-12.4023383298|31.1445341519|-6.04344126085|24.8376012521|107.115783886|-119.611720894|-56.5217816644|119.318603628
923,VALID_CAMPAIGN,MICRO_MOTION,-5108461285019494044,10,REVOLUTE_ONLY,2.05791998096,-0.119999328068,0.360000418397,GUARDED_PRODUCTION,false,false,NO_CONVERGENCE,STAGNATION_WINDOW_EXCEEDED,7,true,true,0.375162244071,false,false,false,false,0,75.6465211370,58416,-0.0654908522896|0.176506613584|0.301679348640|-1.18198049268|-1.12028747541|-1.78285383091|1.78285383091|-0.0318973556073|0.173581047698|0.0814377008780
923,VALID_CAMPAIGN,MICRO_MOTION,-5108461285019494044,10,REVOLUTE_ONLY,2.05791998096,-0.119999328068,0.360000418397,UNGUARDED_REFERENCE,true,false,CONVERGED_UNCERTIFIED,NO_GUARDS_OR_FINAL_CERTIFICATION,2,true,false,2.05014201796e-08,false,true,false,true,0,NaN,3459,12.5125272804|-37.6285962731|-12.4023396350|31.1445361924|-6.04345487364|24.8376172650|107.115781940|-119.611718185|-56.5217849357|119.318604985
924,VALID_CAMPAIGN,UNIFORM,-8978650809790199279,10,REVOLUTE_ONLY,-1.12071333167,0.204193642089,0.199817575298,GUARDED_PRODUCTION,false,false,NO_CONVERGENCE,STAGNATION_WINDOW_EXCEEDED,126,true,true,0.267701806286,false,false,false,false,6,76.2859096490,966625,2.50150302787|-2.37713844122|2.67428074637|-1.08291931292|-1.78285383091|-1.78285383091|1.56513661676|-0.119802233272|-0.237481881047|-0.0718003159564
924,VALID_CAMPAIGN,UNIFORM,-8978650809790199279,10,REVOLUTE_ONLY,-1.12071333167,0.204193642089,0.199817575298,UNGUARDED_REFERENCE,true,false,CONVERGED_UNCERTIFIED,NO_GUARDS_OR_FINAL_CERTIFICATION,6,true,false,1.76239818029e-08,false,true,false,true,0,NaN,13875,15.6441539727|-44.0504040552|-6.00824054033|22.9301637132|52.1561986065|-43.5673422116|115.194659904|-131.130984782|-42.3020259110|113.624079670
925,VALID_CAMPAIGN,NEAR_JOINT_LIMIT,-3005716517812833020,10,REVOLUTE_ONLY,-0.490774655418,0.0692109675667,0.554216092906,GUARDED_PRODUCTION,true,true,SUCCESS,NONE,31,true,true,2.56422546702e-09,false,false,false,false,0,7.33959897713,256167,1.72223831367|-1.24668196071|2.28645339425|-0.987875879742|-1.67049754439|-1.63780229400|1.50397846282|-0.151837654729|-0.206056374027|-0.0727771271520
925,VALID_CAMPAIGN,NEAR_JOINT_LIMIT,-3005716517812833020,10,REVOLUTE_ONLY,-0.490774655418,0.0692109675667,0.554216092906,UNGUARDED_REFERENCE,true,false,CONVERGED_UNCERTIFIED,NO_GUARDS_OR_FINAL_CERTIFICATION,7,true,false,2.13612201862e-08,false,true,false,true,0,NaN,17166,16.3277491222|-45.4069399091|-4.66443788955|22.4218083835|52.4798098211|-43.0551320621|118.690127586|-130.778483752|-42.3239318998|114.468408503
926,VALID_CAMPAIGN,NEAR_SINGULARITY,-1952087509006291070,10,REVOLUTE_ONLY,2.05791999827,-0.119999938915,0.360000038036,GUARDED_PRODUCTION,false,false,NO_CONVERGENCE,STAGNATION_WINDOW_EXCEEDED,106,true,true,0.704195856214,false,false,false,false,0,4.21290787896,867959,0.0364555951158|1.78524341446|2.67428074637|-0.715310598831|-1.10223733397|-0.285707465749|0.413667711857|-0.455147316877|0.0614829237213|-0.000375808408997
926,VALID_CAMPAIGN,NEAR_SINGULARITY,-1952087509006291070,10,REVOLUTE_ONLY,2.05791999827,-0.119999938915,0.360000038036,UNGUARDED_REFERENCE,true,false,CONVERGED_UNCERTIFIED,NO_GUARDS_OR_FINAL_CERTIFICATION,47,true,false,7.44890650286e-07,false,true,false,true,0,NaN,127875,18.7947918237|-37.6284161930|6.44273991695|24.8658577991|44.2287965483|-44.2805940024|125.961196755|-125.887114265|-31.4197381130|119.366345645
927,VALID_CAMPAIGN,MICRO_MOTION,-3841032750784597681,10,REVOLUTE_ONLY,2.05791998096,-0.119999328068,0.360000418397,GUARDED_PRODUCTION,false,false,NO_CONVERGENCE,STAGNATION_WINDOW_EXCEEDED,7,true,true,0.715887574745,false,false,false,false,0,45.6023550409,54250,0.0445252171687|1.87197128640|2.67428074637|-0.641366105194|-1.09756288688|-0.163166193566|0.380219466816|-0.379416186271|0.0267037136326|-0.0157510959281
927,VALID_CAMPAIGN,MICRO_MOTION,-3841032750784597681,10,REVOLUTE_ONLY,2.05791998096,-0.119999328068,0.360000418397,UNGUARDED_REFERENCE,true,false,CONVERGED_UNCERTIFIED,NO_GUARDS_OR_FINAL_CERTIFICATION,2,true,false,2.04187806494e-08,false,true,false,true,0,NaN,3250,18.7947916268|-37.6284147099|6.44273948643|24.8658594392|44.2287824795|-44.2805780365|125.961194318|-125.887112514|-31.4197405759|119.366345097
928,VALID_CAMPAIGN,UNIFORM,-1295271057247607538,10,REVOLUTE_ONLY,1.20242497396,-0.0576392474731,-0.444203723070,GUARDED_PRODUCTION,true,true,SUCCESS,NONE,427,true,true,9.80369677821e-07,false,false,false,false,0,60.5798122329,3493250,-0.0496723321990|1.76069996267|2.67428074637|1.15080463709|-1.10153971642|0.185703468469|0.540772053494|-0.272511059954|-0.00465354759425|-0.0122791542048
928,VALID_CAMPAIGN,UNIFORM,-1295271057247607538,10,REVOLUTE_ONLY,1.20242497396,-0.0576392474731,-0.444203723070,UNGUARDED_REFERENCE,true,false,CONVERGED_UNCERTIFIED,NO_GUARDS_OR_FINAL_CERTIFICATION,9,true,false,3.14911718206e-08,false,true,false,true,0,NaN,23083,18.8320765416|-37.5932301409|5.54668976163|24.1473063403|62.3899435954|-65.7037838391|128.040999516|-128.466246229|-28.4408541969|119.670996932
929,VALID_CAMPAIGN,NEAR_JOINT_LIMIT,-6369147854273846133,10,REVOLUTE_ONLY,-0.102741330647,0.102709386876,0.451885007760,GUARDED_PRODUCTION,true,true,SUCCESS,NONE,90,true,true,2.54848273641e-10,false,false,false,false,0,11.0262902864,855500,1.25883445028|0.0677584351096|1.25304737792|0.955071499064|-0.284451989883|0.543913861392|1.11021558291|0.219341606373|0.935846202712|0.398584524657
929,VALID_CAMPAIGN,NEAR_JOINT_LIMIT,-6369147854273846133,10,REVOLUTE_ONLY,-0.102741330647,0.102709386876,0.451885007760,UNGUARDED_REFERENCE,true,false,CONVERGED_UNCERTIFIED,NO_GUARDS_OR_FINAL_CERTIFICATION,9,true,false,9.91344661949e-07,false,true,false,true,0,NaN,23583,18.5204095483|-40.0378835835|13.6173006562|6.08271137716|55.9345352219|-55.0551558687|122.536744902|-138.505098542|-37.5419972602|126.324077659
930,VALID_CAMPAIGN,NEAR_SINGULARITY,6626712828445486886,10,REVOLUTE_ONLY,2.05791999827,-0.119999938915,0.360000038036,GUARDED_PRODUCTION,false,false,NO_CONVERGENCE,STAGNATION_WINDOW_EXCEEDED,119,true,true,0.644794253132,false,false,false,false,0,2.69814433800,951500,-0.0229360794356|2.28425334157|2.67428074637|-0.0197803279671|-0.941905297987|0.195462360635|0.126891883928|-0.158779747311|-0.0716955761351|-0.0184629406150
930,VALID_CAMPAIGN,NEAR_SINGULARITY,6626712828445486886,10,REVOLUTE_ONLY,2.05791999827,-0.119999938915,0.360000038036,UNGUARDED_REFERENCE,true,false,CONVERGED_UNCERTIFIED,NO_GUARDS_OR_FINAL_CERTIFICATION,72,true,false,8.82497267711e-08,false,true,false,true,0,NaN,187416,31.3590986748|-56.4500461217|6.44982276182|12.2548595160|62.7867334765|-43.9697097568|119.977524174|-132.475792824|-43.9805950741|131.833448090
931,VALID_CAMPAIGN,MICRO_MOTION,6038660412619589608,10,REVOLUTE_ONLY,2.05791998096,-0.119999328068,0.360000418397,GUARDED_PRODUCTION,false,false,NO_CONVERGENCE,STAGNATION_WINDOW_EXCEEDED,7,true,true,0.684161035300,false,false,false,false,0,97.6004859732,53500,-0.0171213582265|2.33793226486|2.67428074637|-0.138484218931|-0.859120578944|0.168280845640|0.160906905957|-0.151795594740|-0.0849978361881|-0.0149515537668
931,VALID_CAMPAIGN,MICRO_MOTION,6038660412619589608,10,REVOLUTE_ONLY,2.05791998096,-0.119999328068,0.360000418397,UNGUARDED_REFERENCE,true,false,CONVERGED_UNCERTIFIED,NO_GUARDS_OR_FINAL_CERTIFICATION,1,true,false,7.25649214925e-07,false,true,false,true,0,NaN,791,31.3590986748|-56.4500461217|6.44982276182|12.2548595160|62.7867334765|-43.9697097568|119.977524174|-132.475792824|-43.9805950741|131.833448090
932,VALID_CAMPAIGN,UNIFORM,8696792175048186630,10,REVOLUTE_ONLY,-1.14877010530,0.661679379467,0.00735669199782,GUARDED_PRODUCTION,true,true,SUCCESS,NONE,166,true,true,7.53235023175e-07,false,false,false,false,0,164.400801263,1396875,2.56935331974|1.61578775085|2.67428074637|-0.133102442061|-1.63208770616|-0.200656833360|0.176494912683|-0.0991613287184|-0.109747556253|-0.00655789065538
932,VALID_CAMPAIGN,UNIFORM,8696792175048186630,10,REVOLUTE_ONLY,-1.14877010530,0.661679379467,0.00735669199782,UNGUARDED_REFERENCE,true,false,CONVERGED_UNCERTIFIED,NO_GUARDS_OR_FINAL_CERTIFICATION,11,true,false,4.97082338133e-08,false,true,false,true,0,NaN,29500,34.1662152157|-57.5688049866|10.2406315583|1.08295117559|71.3353050219|-57.1267748791|182.923628341|-195.107460945|-31.7597873793|113.531455975
933,VALID_CAMPAIGN,NEAR_JOINT_LIMIT,1741402597655633505,10,REVOLUTE_ONLY,-0.542194227965,-0.0265252413072,0.565058246849,GUARDED_PRODUCTION,true,true,SUCCESS,NONE,72,true,true,8.74924025016e-07,false,false,false,false,0,13.3251952805,601458,3.04831193315|2.37713844122|0.731737461825|-0.555656286014|-1.78285383091|-1.06083850284|0.271132687669|0.0115497666146|-0.688279774660|-0.330572021475
933,VALID_CAMPAIGN,NEAR_JOINT_LIMIT,1741402597655633505,10,REVOLUTE_ONLY,-0.542194227965,-0.0265252413072,0.565058246849,UNGUARDED_REFERENCE,true,false,CONVERGED_UNCERTIFIED,NO_GUARDS_OR_FINAL_CERTIFICATION,12,true,false,2.33453796038e-08,false,true,false,true,0,NaN,32333,33.6988487948|-54.2640209455|15.0528031933|-2.31497966010|73.4051853737|-54.2126969835|188.789651979|-194.858926476|-28.0055786483|112.729131078
934,VALID_CAMPAIGN,NEAR_SINGULARITY,8316315194962236413,10,REVOLUTE_ONLY,2.05791999827,-0.119999938915,0.360000038036,GUARDED_PRODUCTION,false,false,NO_CONVERGENCE,STAGNATION_WINDOW_EXCEEDED,73,true,true,1.66085148764,false,false,false,false,0,2.17514064939,548375,3.14159265359|2.37713844122|-0.0987145455563|-1.03636505592|-1.78285383091|-1.78285383091|0.873105360566|0.345349310131|-0.694948173539|-0.279161554071
934,VALID_CAMPAIGN,NEAR_SINGULARITY,8316315194962236413,10,REVOLUTE_ONLY,2.05791999827,-0.119999938915,0.360000038036,UNGUARDED_REFERENCE,true,false,CONVERGED_UNCERTIFIED,NO_GUARDS_OR_FINAL_CERTIFICATION,62,true,false,6.55146642335e-07,false,true,false,true,0,NaN,171292,43.9244701896|-43.8812205092|6.45553065635|-6.59847906571|75.3339977485|-50.2224800264|176.535450064|-195.327107616|-25.1985721180|113.070864832
935,VALID_CAMPAIGN,MICRO_MOTION,4978459339186295247,10,REVOLUTE_ONLY,2.05791998096,-0.119999328068,0.360000418397,GUARDED_PRODUCTION,false,false,NO_CONVERGENCE,STAGNATION_WINDOW_EXCEEDED,7,true,true,1.66865277464,false,false,false,false,0,4.92697916098,56125,3.14159265359|2.37713844122|-0.0866903927745|-1.06446722779|-1.78285383091|-1.78285383091|0.929552382021|0.365632412793|-0.638849624524|-0.245362120006
935,VALID_CAMPAIGN,MICRO_MOTION,4978459339186295247,10,REVOLUTE_ONLY,2.05791998096,-0.119999328068,0.360000418397,UNGUARDED_REFERENCE,true,false,CONVERGED_UNCERTIFIED,NO_GUARDS_OR_FINAL_CERTIFICATION,1,true,false,9.77491847339e-07,false,true,false,true,0,NaN,875,43.9244701896|-43.8812205092|6.45553065635|-6.59847906571|75.3339977485|-50.2224800264|176.535450064|-195.327107616|-25.1985721180|113.070864832
936,VALID_CAMPAIGN,UNIFORM,7307300629552409951,10,REVOLUTE_ONLY,0.157859022823,0.859209669786,1.11230318865,GUARDED_PRODUCTION,true,true,SUCCESS,NONE,135,true,true,1.17786285468e-08,false,false,false,false,0,5.17462643171,1215583,0.863606562932|1.40162554852|1.47930060316|-1.19770543106|-1.37602535943|-1.77383720595|1.73325048444|0.249799566835|0.239097406671|0.136245664628
936,VALID_CAMPAIGN,UNIFORM,7307300629552409951,10,REVOLUTE_ONLY,0.157859022823,0.859209669786,1.11230318865,UNGUARDED_REFERENCE,true,false,CONVERGED_UNCERTIFIED,NO_GUARDS_OR_FINAL_CERTIFICATION,23,true,false,1.55206617227e-07,false,true,false,true,0,NaN,66417,45.5490941536|-50.5313832738|13.8554015557|-20.7347748325|72.5454625689|-56.8863084036|214.969467370|-232.887613709|-19.4777042030|107.785947508
937,VALID_CAMPAIGN,NEAR_JOINT_LIMIT,-2037131822075417918,10,REVOLUTE_ONLY,-0.110787545555,-0.130326235167,0.361840516174,GUARDED_PRODUCTION,true,true,SUCCESS,NONE,119,true,true,8.76553098735e-07,false,false,false,false,0,20.2786827033,992000,2.47945624223|-0.171800822625|2.67428074637|-0.752114023463|-1.24118054638|-1.50356124667|1.77292132668|0.522255339011|-0.854143559081|-0.265397492800
937,VALID_CAMPAIGN,NEAR_JOINT_LIMIT,-2037131822075417918,10,REVOLUTE_ONLY,-0.110787545555,-0.130326235167,0.361840516174,UNGUARDED_REFERENCE,true,false,CONVERGED_UNCERTIFIED,NO_GUARDS_OR_FINAL_CERTIFICATION,8,true,false,1.14010368359e-08,false,true,false,true,0,NaN,20125,43.4755178772|-52.9714046358|12.5357972678|-17.1836710856|71.3162960161|-61.3000405973|217.769292586|-234.667292710|-24.4812423847|115.087628502
938,VALID_CAMPAIGN,NEAR_SINGULARITY,-1195050576302023611,10,REVOLUTE_ONLY,2.05791999827,-0.119999938915,0.360000038036,GUARDED_PRODUCTION,false,false,NO_CONVERGENCE,STAGNATION_WINDOW_EXCEEDED,101,true,true,1.02176025773,false,false,false,false,0,3.53915711567,786541,-0.00155594727268|2.37713844122|2.67428074637|-0.930734771889|-1.34656876137|-1.78285383091|1.78285383091|0.138969116913|0.456575450074|0.211521631653
938,VALID_CAMPAIGN,NEAR_SINGULARITY,-1195050576302023611,10,REVOLUTE_ONLY,2.05791999827,-0.119999938915,0.360000038036,UNGUARDED_REFERENCE,true,false,CONVERGED_UNCERTIFIED,NO_GUARDS_OR_FINAL_CERTIFICATION,19,true,false,4.35220366124e-07,false,true,false,true,0,NaN,49625,56.4894322153|-56.4496000973|12.6804995329|-12.7099575470|69.0768439134|-62.8105425756|213.498580065|-244.861859169|-25.2271866419|119.408657545
939,VALID_CAMPAIGN,MICRO_MOTION,6597027071329756856,10,REVOLUTE_ONLY,2.05791998096,-0.119999328068,0.360000418397,GUARDED_PRODUCTION,false,false,NO_CONVERGENCE,STAGNATION_WINDOW_EXCEEDED,7,true,true,1.03634567629,false,false,false,false,0,26.8354682225,52750,-0.0608707757400|2.37713844122|2.67428074637|-0.951526885957|-1.27079334253|-1.78285383091|1.78285383091|0.0832053702310|0.493332042957|0.190887018756
939,VALID_CAMPAIGN,MICRO_MOTION,6597027071329756856,10,REVOLUTE_ONLY,2.05791998096,-0.119999328068,0.360000418397,UNGUARDED_REFERENCE,true,false,CONVERGED_UNCERTIFIED,NO_GUARDS_OR_FINAL_CERTIFICATION,1,true,false,8.42829005989e-07,false,true,false,true,0,NaN,834,56.4894322153|-56.4496000973|12.6804995329|-12.7099575470|69.0768439134|-62.8105425756|213.498580065|-244.861859169|-25.2271866419|119.408657545
940,VALID_CAMPAIGN,UNIFORM,-2157699406657885954,10,REVOLUTE_ONLY,-0.350437578823,0.202632547559,-0.187335000143,GUARDED_PRODUCTION,true,true,SUCCESS,NONE,105,true,true,8.91883711588e-07,false,false,false,false,0,27.4750321560,918125,2.25901528512|0.558383394780|2.22303687006|-0.324253235767|-1.78285383091|-1.78285383091|0.648098032275|-0.672118843894|-0.0762971079360|-0.00968995273322
940,VALID_CAMPAIGN,UNIFORM,-2157699406657885954,10,REVOLUTE_ONLY,-0.350437578823,0.202632547559,-0.187335000143,UNGUARDED_REFERENCE,true,false,CONVERGED_UNCERTIFIED,NO_GUARDS_OR_FINAL_CERTIFICATION,9,true,false,5.49481366982e-09,false,true,false,true,0,NaN,23375,54.2090809661|-58.0575043644|5.75283649652|4.13641368700|81.1181596804|-69.7445903129|164.511625480|-198.637813896|-25.6025896689|123.126393123
941,VALID_CAMPAIGN,NEAR_JOINT_LIMIT,4822888184488916640,10,REVOLUTE_ONLY,-0.323260570511,-0.206334332352,-0.0168378077192,GUARDED_PRODUCTION,true,true,SUCCESS,NONE,62,true,true,9.66552703321e-07,false,false,false,false,0,3.12092794085,492000,3.12587477271|0.523246229292|1.89622238765|-0.370312124312|-1.78285383091|-1.78285383091|0.545043481228|-0.764719961715|-0.376111439275|-0.159356731566
941,VALID_CAMPAIGN,NEAR_JOINT_LIMIT,4822888184488916640,10,REVOLUTE_ONLY,-0.323260570511,-0.206334332352,-0.0168378077192,UNGUARDED_REFERENCE,true,false,CONVERGED_UNCERTIFIED,NO_GUARDS_OR_FINAL_CERTIFICATION,6,true,false,1.48448798492e-10,false,true,false,true,0,NaN,14083,55.2069656567|-58.0065445211|5.55480359085|3.38183775810|80.9339214655|-69.9487742694|164.614853249|-198.450860375|-25.3770611107|123.274064368
942,VALID_CAMPAIGN,NEAR_SINGULARITY,-3625494875339321468,10,REVOLUTE_ONLY,2.05791999827,-0.119999938915,0.360000038036,GUARDED_PRODUCTION,false,false,NO_CONVERGENCE,STAGNATION_WINDOW_EXCEEDED,115,true,true,1.02827801173,false,false,false,false,0,2.49156168734,909167,0.00523016657751|2.37713844122|2.67428074637|-0.987747928230|-1.44341162423|-1.78285383091|1.78285383091|0.126550624685|0.410094911505|0.170789571353
942,VALID_CAMPAIGN,NEAR_SINGULARITY,-3625494875339321468,10,REVOLUTE_ONLY,2.05791999827,-0.119999938915,0.360000038036,UNGUARDED_REFERENCE,true,false,CONVERGED_UNCERTIFIED,NO_GUARDS_OR_FINAL_CERTIFICATION,34,true,false,6.89614298324e-08,false,true,false,true,0,NaN,92125,62.7703475683|-62.6916302294|25.3366693110|-0.341416952359|74.9542229906|-74.9563324832|176.285213097|-195.032874876|-31.5009186567|119.287165307
943,VALID_CAMPAIGN,MICRO_MOTION,1303716542190862722,10,REVOLUTE_ONLY,2.05791998096,-0.119999328068,0.360000418397,GUARDED_PRODUCTION,false,false,NO_CONVERGENCE,STAGNATION_WINDOW_EXCEEDED,7,true,true,1.04105873660,false,false,false,false,0,25.4463873445,52375,-0.0559019378599|2.37713844122|2.67428074637|-0.996143086799|-1.36222372475|-1.78285383091|1.78285383091|0.0889903255104|0.456958535488|0.163254125618
943,VALID_CAMPAIGN,MICRO_MOTION,1303716542190862722,10,REVOLUTE_ONLY,2.05791998096,-0.119999328068,0.360000418397,UNGUARDED_REFERENCE,true,false,CONVERGED_UNCERTIFIED,NO_GUARDS_OR_FINAL_CERTIFICATION,1,true,false,7.23320056066e-07,false,true,false,true,0,NaN,791,62.7703475683|-62.6916302294|25.3366693110|-0.341416952359|74.9542229906|-74.9563324832|176.285213097|-195.032874876|-31.5009186567|119.287165307
944,VALID_CAMPAIGN,UNIFORM,2877543033690379469,10,REVOLUTE_ONLY,0.306718302512,-1.23177590900,-0.123895123347,GUARDED_PRODUCTION,true,true,SUCCESS,NONE,251,true,true,9.17378286964e-07,false,false,false,false,0,26.8904357359,2224833,-1.36662699017|2.05868509958|2.67428074637|0.145503480832|-0.867822979675|-0.689327722705|0.903986431819|-0.407903378424|0.234949219752|-0.0525421693311
944,VALID_CAMPAIGN,UNIFORM,2877543033690379469,10,REVOLUTE_ONLY,0.306718302512,-1.23177590900,-0.123895123347,UNGUARDED_REFERENCE,true,false,CONVERGED_UNCERTIFIED,NO_GUARDS_OR_FINAL_CERTIFICATION,14,true,false,1.17175149735e-07,false,true,false,true,0,NaN,41334,61.6549345898|-57.0757987680|36.1702429278|-17.1547472623|44.7602112108|-42.9190474427|187.246852645|-197.496430944|-27.5787045616|107.006900846
945,VALID_CAMPAIGN,NEAR_JOINT_LIMIT,1604530274198563631,10,REVOLUTE_ONLY,-0.275475277249,-0.196183545568,0.504056648788,GUARDED_PRODUCTION,true,true,SUCCESS,NONE,76,true,true,4.12138497715e-07,false,false,false,false,0,9.46749971267,670541,-1.76328657299|1.17667851566|1.58438998067|0.258688552101|-1.18061392351|-1.17888583803|1.78285383091|0.448642994037|-0.338587485543|-0.349706799905
945,VALID_CAMPAIGN,NEAR_JOINT_LIMIT,1604530274198563631,10,REVOLUTE_ONLY,-0.275475277249,-0.196183545568,0.504056648788,UNGUARDED_REFERENCE,true,false,CONVERGED_UNCERTIFIED,NO_GUARDS_OR_FINAL_CERTIFICATION,7,true,false,5.95336026188e-10,false,true,false,true,0,NaN,17625,60.9019586872|-58.3501119539|34.7244257135|-14.3737408090|47.1485355323|-41.0803524621|187.682456975|-197.434006950|-28.6607258198|106.699559468
946,VALID_CAMPAIGN,NEAR_SINGULARITY,3788468409379087290,10,REVOLUTE_ONLY,2.05791999827,-0.119999938915,0.360000038036,GUARDED_PRODUCTION,true,true,SUCCESS,NONE,226,true,true,2.88401472766e-07,false,false,false,false,0,2.44674440690,1901084,-0.0578040278141|0.0861460140969|0.204726401442|-0.354617709216|0.130213023785|-0.191733647265|0.487143553463|-0.394383130513|0.0521327817224|-0.0982280662624
946,VALID_CAMPAIGN,NEAR_SINGULARITY,3788468409379087290,10,REVOLUTE_ONLY,2.05791999827,-0.119999938915,0.360000038036,UNGUARDED_REFERENCE,true,false,CONVERGED_UNCERTIFIED,NO_GUARDS_OR_FINAL_CERTIFICATION,24,true,false,2.36106937290e-07,false,true,false,true,0,NaN,65292,62.7716044926|-62.7135025887|37.8579919203|-12.8560699353|50.0497442924|-43.7446607569|188.992177509|-195.207233088|-25.4698608523|107.111390786
947,VALID_CAMPAIGN,MICRO_MOTION,5241227823791125669,10,REVOLUTE_ONLY,2.05791998096,-0.119999328068,0.360000418397,GUARDED_PRODUCTION,true,true,SUCCESS,NONE,1,true,true,7.61623279515e-07,false,false,false,false,0,NaN,10084,-0.0578040278141|0.0861460140969|0.204726401442|-0.354617709216|0.130213023785|-0.191733647265|0.487143553463|-0.394383130513|0.0521327817224|-0.0982280662624
947,VALID_CAMPAIGN,MICRO_MOTION,5241227823791125669,10,REVOLUTE_ONLY,2.05791998096,-0.119999328068,0.360000418397,UNGUARDED_REFERENCE,true,false,CONVERGED_UNCERTIFIED,NO_GUARDS_OR_FINAL_CERTIFICATION,1,true,false,7.58631417763e-07,false,true,false,true,0,NaN,875,62.7716044926|-62.7135025887|37.8579919203|-12.8560699353|50.0497442924|-43.7446607569|188.992177509|-195.207233088|-25.4698608523|107.111390786
948,VALID_CAMPAIGN,UNIFORM,7775129949736323396,10,REVOLUTE_ONLY,0.574894147649,-0.691806865911,0.300820814018,GUARDED_PRODUCTION,true,true,SUCCESS,NONE,53,true,true,2.16729867879e-07,false,false,false,false,0,129.576425076,435542,0.458769129419|-0.752791360625|0.129156624358|-0.378887027227|-0.703916896943|-1.24864484465|0.315001093960|-0.712739981521|-0.319885846262|-0.342152902086
948,VALID_CAMPAIGN,UNIFORM,7775129949736323396,10,REVOLUTE_ONLY,0.574894147649,-0.691806865911,0.300820814018,UNGUARDED_REFERENCE,true,false,CONVERGED_UNCERTIFIED,NO_GUARDS_OR_FINAL_CERTIFICATION,10,true,false,7.18432963197e-09,false,true,false,true,0,NaN,27000,61.5606626461|-61.4982685123|35.5787307048|-16.0066902505|41.3289974128|-35.2793885409|211.281157876|-217.539767796|-45.0883388967|127.276886849
949,VALID_CAMPAIGN,NEAR_JOINT_LIMIT,-7014742112312523921,10,REVOLUTE_ONLY,-0.150556046525,-0.465096829341,0.417256565926,GUARDED_PRODUCTION,true,true,SUCCESS,NONE,19,true,true,7.80360221804e-07,false,false,false,false,0,2.67780997453,160375,-0.0721582782880|-1.23671214391|0.279955534248|-0.381774191012|-0.869454472044|-1.35937728908|0.398159255984|-0.634703730929|-0.344846882606|-0.345777168969
949,VALID_CAMPAIGN,NEAR_JOINT_LIMIT,-7014742112312523921,10,REVOLUTE_ONLY,-0.150556046525,-0.465096829341,0.417256565926,UNGUARDED_REFERENCE,true,false,CONVERGED_UNCERTIFIED,NO_GUARDS_OR_FINAL_CERTIFICATION,5,true,false,9.57714408827e-07,false,true,false,true,0,NaN,11958,60.3406232438|-60.6141758510|34.7731079566|-15.4642952182|40.7737264710|-34.8336081930|211.010527962|-216.927192987|-44.9831573782|127.977154116
950,VALID_CAMPAIGN,NEAR_SINGULARITY,-2964889587416995473,10,REVOLUTE_ONLY,2.05791999827,-0.119999938915,0.360000038036,GUARDED_PRODUCTION,true,true,SUCCESS,NONE,89,true,true,6.22068252565e-07,false,false,false,false,0,1.75263146986,757458,-0.0620405212707|0.0958411744678|0.226941540114|-0.391491899398|0.104382007635|-0.171873858410|0.499249737385|-0.386684327681|0.0499757974630|-0.0899658905237
950,VALID_CAMPAIGN,NEAR_SINGULARITY,-2964889587416995473,10,REVOLUTE_ONLY,2.05791999827,-0.119999938915,0.360000038036,UNGUARDED_REFERENCE,true,false,CONVERGED_UNCERTIFIED,NO_GUARDS_OR_FINAL_CERTIFICATION,54,true,false,2.24218695757e-07,false,true,false,true,0,NaN,181083,69.0555293302|-62.6945756338|31.5931218510|-25.4426314375|37.2681556405|-43.5484424160|207.760640223|-213.958106046|-37.8236897590|131.901727919
951,VALID_CAMPAIGN,MICRO_MOTION,-6760216237906000800,10,REVOLUTE_ONLY,2.05791998096,-0.119999328068,0.360000418397,GUARDED_PRODUCTION,true,true,SUCCESS,NONE,1,true,true,8.78701044858e-07,false,false,false,false,0,NaN,10667,-0.0620405212707|0.0958411744678|0.226941540114|-0.391491899398|0.104382007635|-0.171873858410|0.499249737385|-0.386684327681|0.0499757974630|-0.0899658905237
951,VALID_CAMPAIGN,MICRO_MOTION,-6760216237906000800,10,REVOLUTE_ONLY,2.05791998096,-0.119999328068,0.360000418397,UNGUARDED_REFERENCE,true,false,CONVERGED_UNCERTIFIED,NO_GUARDS_OR_FINAL_CERTIFICATION,1,true,false,7.54265089756e-07,false,true,false,true,0,NaN,833,69.0555293302|-62.6945756338|31.5931218510|-25.4426314375|37.2681556405|-43.5484424160|207.760640223|-213.958106046|-37.8236897590|131.901727919
952,VALID_CAMPAIGN,UNIFORM,4798062503721493685,10,REVOLUTE_ONLY,0.0900985001364,0.682669971413,1.25630447577,GUARDED_PRODUCTION,true,true,SUCCESS,NONE,44,true,true,5.50438842803e-07,false,false,false,false,0,124.512487323,363000,0.705521867573|0.654877339659|0.920495529547|-0.0319351091699|0.544924683238|0.0754982279096|0.996125995518|-0.0730884484674|0.315164056126|0.0182790423606
952,VALID_CAMPAIGN,UNIFORM,4798062503721493685,10,REVOLUTE_ONLY,0.0900985001364,0.682669971413,1.25630447577,UNGUARDED_REFERENCE,true,false,CONVERGED_UNCERTIFIED,NO_GUARDS_OR_FINAL_CERTIFICATION,48,true,false,5.13469831904e-07,false,true,false,true,0,NaN,130542,64.5455370321|-38.0619275503|26.6991157749|-31.5747307707|-6.30577480608|-6.02761201961|230.242551726|-217.529967508|-37.9347217917|113.090443538
953,VALID_CAMPAIGN,NEAR_JOINT_LIMIT,3413484976247090141,10,REVOLUTE_ONLY,-0.162764890347,-0.0673437647398,-0.0959138022357,GUARDED_PRODUCTION,true,true,SUCCESS,NONE,54,true,true,2.31729583399e-08,false,false,false,false,0,4.32552667594,449375,1.01704136638|0.836021782831|2.13895348757|0.532293122425|1.03515408401|0.387864088718|1.01057180967|-0.0659510624049|0.489963329676|0.0930109894457
953,VALID_CAMPAIGN,NEAR_JOINT_LIMIT,3413484976247090141,10,REVOLUTE_ONLY,-0.162764890347,-0.0673437647398,-0.0959138022357,UNGUARDED_REFERENCE,true,false,CONVERGED_UNCERTIFIED,NO_GUARDS_OR_FINAL_CERTIFICATION,10,true,false,5.23933005459e-09,false,true,false,true,0,NaN,26000,65.5328457054|-34.5932129158|22.0058877106|-29.8730448847|-3.98269593334|-2.93336070688|226.041525237|-199.340633577|-42.5894661955|109.690773672
954,VALID_CAMPAIGN,NEAR_SINGULARITY,8408785075958721509,10,REVOLUTE_ONLY,2.05791999827,-0.119999938915,0.360000038036,GUARDED_PRODUCTION,false,false,NO_CONVERGENCE,STAGNATION_WINDOW_EXCEEDED,83,true,true,0.849054460172,false,false,false,false,0,3.03795315483,783708,-0.0197615327693|2.37713844122|2.67428074637|-0.0653475212972|0.0245636034542|-0.190298287075|0.660958450927|-0.371130763502|-0.163854336536|-0.182730467505
954,VALID_CAMPAIGN,NEAR_SINGULARITY,8408785075958721509,10,REVOLUTE_ONLY,2.05791999827,-0.119999938915,0.360000038036,UNGUARDED_REFERENCE,true,false,CONVERGED_UNCERTIFIED,NO_GUARDS_OR_FINAL_CERTIFICATION,35,true,false,6.45117919112e-07,false,true,false,true,0,NaN,94167,69.0504753140|-37.5710636738|6.45469459148|-25.4392141330|-0.320691113594|-5.93227676091|226.679829877|-195.189670137|-31.6937321373|113.291754080
955,VALID_CAMPAIGN,MICRO_MOTION,-1390197640214868846,10,REVOLUTE_ONLY,2.05791998096,-0.119999328068,0.360000418397,GUARDED_PRODUCTION,false,false,NO_CONVERGENCE,STAGNATION_WINDOW_EXCEEDED,7,true,true,0.869183732338,false,false,false,false,0,12.8427960492,72167,-0.133534289648|2.37713844122|2.67428074637|-0.0918908486659|-0.0852641360722|-0.235784768299|0.575392041684|-0.411251224854|-0.154882380759|-0.164458107260
955,VALID_CAMPAIGN,MICRO_MOTION,-1390197640214868846,10,REVOLUTE_ONLY,2.05791998096,-0.119999328068,0.360000418397,UNGUARDED_REFERENCE,true,false,CONVERGED_UNCERTIFIED,NO_GUARDS_OR_FINAL_CERTIFICATION,1,true,false,9.70632374729e-07,false,true,false,true,0,NaN,791,69.0504753140|-37.5710636738|6.45469459148|-25.4392141330|-0.320691113594|-5.93227676091|226.679829877|-195.189670137|-31.6937321373|113.291754080
956,VALID_CAMPAIGN,UNIFORM,5214632562852938614,10,REVOLUTE_ONLY,-0.252870321160,-0.735046291665,0.0357611138594,GUARDED_PRODUCTION,true,true,SUCCESS,NONE,81,true,true,8.81972332544e-07,false,false,false,false,0,18.5976057520,656000,-0.215930632122|1.31542892194|2.67428074637|0.122447571039|0.492439414234|0.134906212042|0.842971348272|-0.254604039798|-0.0359515338208|-0.137674610131
956,VALID_CAMPAIGN,UNIFORM,5214632562852938614,10,REVOLUTE_ONLY,-0.252870321160,-0.735046291665,0.0357611138594,UNGUARDED_REFERENCE,true,false,CONVERGED_UNCERTIFIED,NO_GUARDS_OR_FINAL_CERTIFICATION,8,true,false,2.35186466422e-09,false,true,false,true,0,NaN,20791,61.6946159350|-31.4976083209|11.0765052131|-35.2237157618|-21.0114290950|31.6111311492|257.399797814|-225.727902120|-48.9304439262|134.134396861
957,VALID_CAMPAIGN,NEAR_JOINT_LIMIT,-436867948593444475,10,REVOLUTE_ONLY,-0.126246192339,-0.0162479286392,0.0530193062372,GUARDED_PRODUCTION,true,true,SUCCESS,NONE,40,true,true,4.38731696770e-11,false,false,false,false,0,3.94127157042,336292,0.428329803959|0.633465529300|1.96061738732|0.340611139474|1.03275419709|0.605293718612|1.17823581427|0.0125796218481|0.379064351148|0.0580958709262
957,VALID_CAMPAIGN,NEAR_JOINT_LIMIT,-436867948593444475,10,REVOLUTE_ONLY,-0.126246192339,-0.0162479286392,0.0530193062372,UNGUARDED_REFERENCE,true,false,CONVERGED_UNCERTIFIED,NO_GUARDS_OR_FINAL_CERTIFICATION,6,true,false,4.47605230196e-08,false,true,false,true,0,NaN,14500,62.0062386380|-33.0548909049|10.9041422511|-34.9962543921|-21.0425343846|31.6035062620|257.710993293|-225.488656159|-48.7928646805|134.022660916
958,VALID_CAMPAIGN,NEAR_SINGULARITY,-8306037770280038914,10,REVOLUTE_ONLY,2.05791999827,-0.119999938915,0.360000038036,GUARDED_PRODUCTION,false,false,NO_CONVERGENCE,STAGNATION_WINDOW_EXCEEDED,83,true,true,1.14578110765,false,false,false,false,0,3.12198112331,659792,0.0183861943567|2.37713844122|2.63295421681|-0.170792044467|0.811169349669|1.20637481966|1.78285383091|0.526951343859|-0.162532244582|-0.189566515963
958,VALID_CAMPAIGN,NEAR_SINGULARITY,-8306037770280038914,10,REVOLUTE_ONLY,2.05791999827,-0.119999938915,0.360000038036,UNGUARDED_REFERENCE,true,false,CONVERGED_UNCERTIFIED,NO_GUARDS_OR_FINAL_CERTIFICATION,45,true,false,1.34241505412e-07,false,true,false,true,0,NaN,125417,62.7719476175|-43.8832553959|31.5710299096|-31.6764477856|-18.8412858355|31.3371409432|257.930923619|-226.450278495|-50.0253047428|137.812103585
959,VALID_CAMPAIGN,MICRO_MOTION,-5707622344405150101,10,REVOLUTE_ONLY,2.05791998096,-0.119999328068,0.360000418397,GUARDED_PRODUCTION,false,false,NO_CONVERGENCE,STAGNATION_WINDOW_EXCEEDED,7,true,true,1.15462736521,false,false,false,false,0,9.12569098316,51167,-0.0293617634408|2.37713844122|2.67428074637|-0.247876430639|0.730513004874|1.23501895404|1.78285383091|0.498626211653|-0.222501954901|-0.206032183924
959,VALID_CAMPAIGN,MICRO_MOTION,-5707622344405150101,10,REVOLUTE_ONLY,2.05791998096,-0.119999328068,0.360000418397,UNGUARDED_REFERENCE,true,false,CONVERGED_UNCERTIFIED,NO_GUARDS_OR_FINAL_CERTIFICATION,1,true,false,7.32902600983e-07,false,true,false,true,0,NaN,792,62.7719476175|-43.8832553959|31.5710299096|-31.6764477856|-18.8412858355|31.3371409432|257.930923619|-226.450278495|-50.0253047428|137.812103585
960,VALID_CAMPAIGN,UNIFORM,8972631577927694221,10,REVOLUTE_ONLY,-0.751854541981,-0.381469283136,-0.441446821469,GUARDED_PRODUCTION,true,true,SUCCESS,NONE,252,true,true,9.73484936427e-07,false,false,false,false,0,9.61136752400,2005583,-2.32845551845|2.37713844122|2.67428074637|0.517171069613|-0.00438484740212|0.829366047982|1.37255650556|-0.0374502827851|-0.456404240841|-0.198213403901
960,VALID_CAMPAIGN,UNIFORM,8972631577927694221,10,REVOLUTE_ONLY,-0.751854541981,-0.381469283136,-0.441446821469,UNGUARDED_REFERENCE,true,false,CONVERGED_UNCERTIFIED,NO_GUARDS_OR_FINAL_CERTIFICATION,10,true,false,2.20205833031e-09,false,true,false,true,0,NaN,25709,59.6333538017|-42.5130027388|33.2161497621|-35.2601313191|0.0834485767852|5.28666758063|272.196359824|-240.173239081|0.704049129389|75.1206623814
961,VALID_CAMPAIGN,NEAR_JOINT_LIMIT,-4346294959810645411,10,REVOLUTE_ONLY,-0.748433555735,0.171251206994,0.490494077452,GUARDED_PRODUCTION,true,true,SUCCESS,NONE,33,true,true,8.93359522009e-11,false,false,false,false,0,5.92184472444,327833,-2.48201493722|1.86127362049|1.68058952086|0.459606924193|0.249330488372|0.975185527441|1.36975301923|-0.0107746044844|-0.334800311769|-0.158212198438
961,VALID_CAMPAIGN,NEAR_JOINT_LIMIT,-4346294959810645411,10,REVOLUTE_ONLY,-0.748433555735,0.171251206994,0.490494077452,UNGUARDED_REFERENCE,true,false,CONVERGED_UNCERTIFIED,NO_GUARDS_OR_FINAL_CERTIFICATION,10,true,false,1.33935282736e-10,false,true,false,true,0,NaN,26042,54.9941267726|-39.7349511949|31.6042916914|-36.0217996347|-0.707160745329|3.66413472380|275.452415553|-239.736059394|0.586676393629|74.7273534041
962,VALID_CAMPAIGN,NEAR_SINGULARITY,1485807569237901901,10,REVOLUTE_ONLY,2.05791999827,-0.119999938915,0.360000038036,GUARDED_PRODUCTION,true,true,SUCCESS,NONE,153,true,true,3.36159322619e-09,false,false,false,false,0,3.62878681363,1310458,-0.0335877089808|0.0519593380066|-0.0183071296780|0.0169735838013|-0.0446908873035|0.127419918907|0.240993796077|-0.308383749213|-0.229467011760|-0.0258804290250
962,VALID_CAMPAIGN,NEAR_SINGULARITY,1485807569237901901,10,REVOLUTE_ONLY,2.05791999827,-0.119999938915,0.360000038036,UNGUARDED_REFERENCE,true,false,CONVERGED_UNCERTIFIED,NO_GUARDS_OR_FINAL_CERTIFICATION,24,true,false,3.55631101438e-07,false,true,false,true,0,NaN,61250,75.3401136443|-56.4607023078|37.8299482741|-37.9008394202|0.0817743881491|6.13461155700|276.623711781|-238.878702061|0.219051955179|75.0321816416
963,VALID_CAMPAIGN,MICRO_MOTION,-3252420849380933222,10,REVOLUTE_ONLY,2.05791998096,-0.119999328068,0.360000418397,GUARDED_PRODUCTION,true,true,SUCCESS,NONE,1,true,true,7.19785310499e-07,false,false,false,false,0,NaN,8750,-0.0335877089808|0.0519593380066|-0.0183071296780|0.0169735838013|-0.0446908873035|0.127419918907|0.240993796077|-0.308383749213|-0.229467011760|-0.0258804290250
963,VALID_CAMPAIGN,MICRO_MOTION,-3252420849380933222,10,REVOLUTE_ONLY,2.05791998096,-0.119999328068,0.360000418397,UNGUARDED_REFERENCE,true,false,CONVERGED_UNCERTIFIED,NO_GUARDS_OR_FINAL_CERTIFICATION,1,true,false,8.04690684366e-07,false,true,false,true,0,NaN,833,75.3401136443|-56.4607023078|37.8299482741|-37.9008394202|0.0817743881491|6.13461155700|276.623711781|-238.878702061|0.219051955179|75.0321816416
964,VALID_CAMPAIGN,UNIFORM,-6212235926297303727,10,REVOLUTE_ONLY,1.11514610742,-0.846629309698,-0.543968470144,GUARDED_PRODUCTION,true,true,SUCCESS,NONE,36,true,true,2.31589742791e-11,false,false,false,false,0,82.3604540799,333292,0.186116144066|-0.505097782731|-0.584746338983|-0.0677896813655|-0.368358226846|-0.215854551982|-0.186622165439|-0.754729483749|-0.540912009856|-0.205081712581
964,VALID_CAMPAIGN,UNIFORM,-6212235926297303727,10,REVOLUTE_ONLY,1.11514610742,-0.846629309698,-0.543968470144,UNGUARDED_REFERENCE,true,false,CONVERGED_UNCERTIFIED,NO_GUARDS_OR_FINAL_CERTIFICATION,16,true,false,9.14639175130e-10,false,true,false,true,0,NaN,45042,81.1263767405|-56.4185998675|34.9946018665|-35.6727652369|12.6674653801|-6.51817784277|263.971824508|-239.139585819|12.0349491860|50.9209344782
965,VALID_CAMPAIGN,NEAR_JOINT_LIMIT,1405134228943626887,10,REVOLUTE_ONLY,-0.591648119779,0.165945139009,0.0427625723273,GUARDED_PRODUCTION,true,true,SUCCESS,NONE,72,true,true,3.07616982520e-08,false,false,false,false,0,4.54647083378,629541,0.575829081809|-1.67392091441|-2.45378474973|-0.531397464644|-0.696287444743|-0.354980843281|-0.139954589002|-0.569414043627|-0.382763364451|-0.0992051524462
965,VALID_CAMPAIGN,NEAR_JOINT_LIMIT,1405134228943626887,10,REVOLUTE_ONLY,-0.591648119779,0.165945139009,0.0427625723273,UNGUARDED_REFERENCE,true,false,CONVERGED_UNCERTIFIED,NO_GUARDS_OR_FINAL_CERTIFICATION,6,true,false,3.46356240631e-07,false,true,false,true,0,NaN,16750,84.2938567652|-57.2872175163|27.8799786558|-29.5090477321|11.6761160999|-9.38242307376|263.804966295|-240.251720874|10.1356816873|51.9361253661
966,VALID_CAMPAIGN,NEAR_SINGULARITY,-6621555593080612647,10,REVOLUTE_ONLY,2.05791999827,-0.119999938915,0.360000038036,GUARDED_PRODUCTION,false,false,NO_CONVERGENCE,STAGNATION_WINDOW_EXCEEDED,97,true,true,1.32781813701,false,false,false,false,0,4.45602487993,822542,-0.296862289600|-2.37713844122|-2.67428074637|-0.422082442733|-0.889504489481|-1.59716813762|-1.78285383091|-1.53595097617|0.134848031212|0.138652596613
966,VALID_CAMPAIGN,NEAR_SINGULARITY,-6621555593080612647,10,REVOLUTE_ONLY,2.05791999827,-0.119999938915,0.360000038036,UNGUARDED_REFERENCE,true,false,CONVERGED_UNCERTIFIED,NO_GUARDS_OR_FINAL_CERTIFICATION,31,true,false,1.38957588550e-07,false,true,false,true,0,NaN,81375,81.6233680910|-56.4553470808|25.2138965243|-31.5166660741|12.5980272034|-6.35585477655|263.803989849|-244.921196115|12.5796677758|56.4585172998
967,VALID_CAMPAIGN,MICRO_MOTION,-6131785181755079941,10,REVOLUTE_ONLY,2.05791998096,-0.119999328068,0.360000418397,GUARDED_PRODUCTION,false,false,NO_CONVERGENCE,STAGNATION_WINDOW_EXCEEDED,7,true,true,1.33185742155,false,false,false,false,0,5.61458537660,55625,-0.272844905910|-2.37713844122|-2.67428074637|-0.408291025560|-0.849046160527|-1.65709363411|-1.78285383091|-1.53209041565|0.159510337507|0.143545088118
967,VALID_CAMPAIGN,MICRO_MOTION,-6131785181755079941,10,REVOLUTE_ONLY,2.05791998096,-0.119999328068,0.360000418397,UNGUARDED_REFERENCE,true,false,CONVERGED_UNCERTIFIED,NO_GUARDS_OR_FINAL_CERTIFICATION,1,true,false,7.33971136867e-07,false,true,false,true,0,NaN,875,81.6233680910|-56.4553470808|25.2138965243|-31.5166660741|12.5980272034|-6.35585477655|263.803989849|-244.921196115|12.5796677758|56.4585172998
968,VALID_CAMPAIGN,UNIFORM,-904379258333977566,10,REVOLUTE_ONLY,0.551614324777,0.814780671195,0.472954133863,GUARDED_PRODUCTION,false,false,NO_CONVERGENCE,STAGNATION_WINDOW_EXCEEDED,34,true,true,0.394112325489,false,false,false,false,0,5.67959437635,254000,0.604807724822|-2.37713844122|-2.67428074637|-0.481252016434|-0.741150700450|-1.78285383091|-1.78285383091|-1.43851956867|0.250934628813|0.157321755605
968,VALID_CAMPAIGN,UNIFORM,-904379258333977566,10,REVOLUTE_ONLY,0.551614324777,0.814780671195,0.472954133863,UNGUARDED_REFERENCE,true,false,CONVERGED_UNCERTIFIED,NO_GUARDS_OR_FINAL_CERTIFICATION,13,true,false,4.23539960147e-08,false,true,false,true,0,NaN,35625,82.4544302299|-55.6428314051|14.8836298330|-14.2959928683|23.9220585649|-17.3254841413|237.240248062|-221.991412246|21.6436445802|52.3966850011
969,VALID_CAMPAIGN,NEAR_JOINT_LIMIT,-7747842079367223460,10,REVOLUTE_ONLY,-0.482777862808,-0.459838408097,0.478405632808,GUARDED_PRODUCTION,false,false,MAX_ITERATIONS_REACHED,MAX_ITERATIONS_LIMIT_REACHED,800,true,true,0.0886747287135,false,false,false,false,0,5.39619850572,5904709,3.14159265359|-2.37713844122|-2.67428074637|-0.661400352984|-0.344308916633|-1.78055323756|-1.78285383091|-0.675678185857|1.05899946071|0.0450073805887
969,VALID_CAMPAIGN,NEAR_JOINT_LIMIT,-7747842079367223460,10,REVOLUTE_ONLY,-0.482777862808,-0.459838408097,0.478405632808,UNGUARDED_REFERENCE,true,false,CONVERGED_UNCERTIFIED,NO_GUARDS_OR_FINAL_CERTIFICATION,8,true,false,1.53303548450e-09,false,true,false,true,0,NaN,21209,84.0577580945|-54.0376942858|20.0900503287|-15.2225575257|22.1485332288|-17.8760971334|235.075274558|-222.414885877|20.8494036443|54.0128649671
970,VALID_CAMPAIGN,NEAR_SINGULARITY,5260345981791640233,10,REVOLUTE_ONLY,2.05791999827,-0.119999938915,0.360000038036,GUARDED_PRODUCTION,false,false,NO_CONVERGENCE,STAGNATION_WINDOW_EXCEEDED,93,true,true,1.67860447455,false,false,false,false,0,3.92930316669,1040459,3.14159265359|-1.58831278353|-2.67428074637|-0.751636444094|-0.546642145903|-1.01378610853|-0.350868936208|0.135028510830|0.824198938955|-0.0967603227612
970,VALID_CAMPAIGN,NEAR_SINGULARITY,5260345981791640233,10,REVOLUTE_ONLY,2.05791999827,-0.119999938915,0.360000038036,UNGUARDED_REFERENCE,true,false,CONVERGED_UNCERTIFIED,NO_GUARDS_OR_FINAL_CERTIFICATION,26,true,false,8.01494196379e-08,false,true,false,true,0,NaN,71000,87.9024959225|-50.1241638498|25.3034201670|-12.8566913218|24.6776683686|-18.3909395855|232.821159410|-226.457203246|18.7452691872|56.4723211669
971,VALID_CAMPAIGN,MICRO_MOTION,8273701498144630760,10,REVOLUTE_ONLY,2.05791998096,-0.119999328068,0.360000418397,GUARDED_PRODUCTION,false,false,NO_CONVERGENCE,STAGNATION_WINDOW_EXCEEDED,7,true,true,1.68417136693,false,false,false,false,0,5.44987243427,61000,3.14159265359|-1.57520412442|-2.67428074637|-0.748078108321|-0.531074339126|-0.952038673962|-0.307052665386|0.147581557778|0.771128901211|-0.119223071499
971,VALID_CAMPAIGN,MICRO_MOTION,8273701498144630760,10,REVOLUTE_ONLY,2.05791998096,-0.119999328068,0.360000418397,UNGUARDED_REFERENCE,true,false,CONVERGED_UNCERTIFIED,NO_GUARDS_OR_FINAL_CERTIFICATION,1,true,false,7.24558138440e-07,false,true,false,true,0,NaN,875,87.9024959225|-50.1241638498|25.3034201670|-12.8566913218|24.6776683686|-18.3909395855|232.821159410|-226.457203246|18.7452691872|56.4723211669
972,VALID_CAMPAIGN,UNIFORM,-8783780855326219734,10,REVOLUTE_ONLY,-0.690093810988,-1.30482828482,-0.115456569908,GUARDED_PRODUCTION,false,false,NO_CONVERGENCE,STAGNATION_WINDOW_EXCEEDED,34,true,true,0.410752842729,false,false,false,false,0,5.52713269442,273208,3.14159265359|-2.37713844122|-2.65173255514|-0.600100332514|-0.129632420486|-0.532787635981|-0.119916969627|0.220997098728|0.717216875519|-0.132707836920
972,VALID_CAMPAIGN,UNIFORM,-8783780855326219734,10,REVOLUTE_ONLY,-0.690093810988,-1.30482828482,-0.115456569908,UNGUARDED_REFERENCE,true,false,CONVERGED_UNCERTIFIED,NO_GUARDS_OR_FINAL_CERTIFICATION,22,true,false,1.45336751194e-07,false,true,false,true,0,NaN,57875,79.6631966446|-50.2948298931|36.4608024051|-24.1579878626|-30.3137227576|31.0609426161|246.714271554|-235.516328292|17.1176207388|38.0459736485
973,VALID_CAMPAIGN,NEAR_JOINT_LIMIT,-8997753510119947276,10,REVOLUTE_ONLY,-0.253252761136,-0.389726237123,-0.0667106520665,GUARDED_PRODUCTION,true,true,SUCCESS,NONE,46,true,true,2.04501549635e-08,false,false,false,false,0,6.38744773440,377417,1.39792502553|-1.45295857118|-2.37464668089|-0.738259062367|-0.577866852727|-1.17033978562|-0.433713120112|0.140194561343|1.02770504378|0.000402876886737
973,VALID_CAMPAIGN,NEAR_JOINT_LIMIT,-8997753510119947276,10,REVOLUTE_ONLY,-0.253252761136,-0.389726237123,-0.0667106520665,UNGUARDED_REFERENCE,true,false,CONVERGED_UNCERTIFIED,NO_GUARDS_OR_FINAL_CERTIFICATION,7,true,false,5.01146009473e-07,false,true,false,true,0,NaN,17041,80.5527821693|-51.7165616325|34.9836398056|-23.4871030163|-28.8769667264|29.3302270014|246.888326097|-238.410905880|16.3490260707|38.1161459472
974,VALID_CAMPAIGN,NEAR_SINGULARITY,8679840662916387355,10,REVOLUTE_ONLY,2.05791999827,-0.119999938915,0.360000038036,GUARDED_PRODUCTION,false,false,NO_CONVERGENCE,STAGNATION_WINDOW_EXCEEDED,110,true,true,0.718201521325,false,false,false,false,0,6.81873548126,882833,0.0118011579206|2.06164003423|-2.67428074637|-0.800249758664|-0.922327541361|-0.161848777651|0.0171958009469|0.0586187888840|0.166584853304|-0.178208722384
974,VALID_CAMPAIGN,NEAR_SINGULARITY,8679840662916387355,10,REVOLUTE_ONLY,2.05791999827,-0.119999938915,0.360000038036,UNGUARDED_REFERENCE,true,false,CONVERGED_UNCERTIFIED,NO_GUARDS_OR_FINAL_CERTIFICATION,32,true,false,4.37008011911e-07,false,true,false,true,0,NaN,86583,87.9026877343|-43.8730700125|31.5636018555|-19.0894840927|-18.9975498784|31.6005986825|257.862200851|-232.669472587|12.1362892025|25.5918420222
975,VALID_CAMPAIGN,MICRO_MOTION,7519819370437230170,10,REVOLUTE_ONLY,2.05791998096,-0.119999328068,0.360000418397,GUARDED_PRODUCTION,false,false,NO_CONVERGENCE,STAGNATION_WINDOW_EXCEEDED,7,true,true,0.739116636326,false,false,false,false,0,48.6624253392,53084,0.000578129046132|2.17454333312|-2.67428074637|-0.714337708098|-0.885257636784|-0.0671132019607|0.0731577746250|0.0152461549715|0.113442768520|-0.160219481278
975,VALID_CAMPAIGN,MICRO_MOTION,7519819370437230170,10,REVOLUTE_ONLY,2.05791998096,-0.119999328068,0.360000418397,UNGUARDED_REFERENCE,true,false,CONVERGED_UNCERTIFIED,NO_GUARDS_OR_FINAL_CERTIFICATION,1,true,false,8.43575682448e-07,false,true,false,true,0,NaN,833,87.9026877343|-43.8730700125|31.5636018555|-19.0894840927|-18.9975498784|31.6005986825|257.862200851|-232.669472587|12.1362892025|25.5918420222
976,VALID_CAMPAIGN,UNIFORM,1487822405551072068,10,REVOLUTE_ONLY,-0.573107200643,-1.27608253543,0.0710832442166,GUARDED_PRODUCTION,true,true,SUCCESS,NONE,83,true,true,8.65195943879e-07,false,false,false,false,0,60.0005099582,657083,-1.61802368413|1.84604965687|-2.67428074637|-0.777105706431|-0.774588494806|-0.0159247550179|0.0474617263042|0.0161548645248|0.141880670674|-0.160104618388
976,VALID_CAMPAIGN,UNIFORM,1487822405551072068,10,REVOLUTE_ONLY,-0.573107200643,-1.27608253543,0.0710832442166,UNGUARDED_REFERENCE,true,false,CONVERGED_UNCERTIFIED,NO_GUARDS_OR_FINAL_CERTIFICATION,7,true,false,5.88230041410e-08,false,true,false,true,0,NaN,18417,79.3436913831|-43.2448268677|30.5975778585|-18.2334071386|-13.6562251453|50.7613826926|259.177763647|-235.837940879|-30.2757226541|90.0842484611
977,VALID_CAMPAIGN,NEAR_JOINT_LIMIT,3404430484196763755,10,REVOLUTE_ONLY,0.0785070687484,0.226232014040,0.417256565926,GUARDED_PRODUCTION,true,true,SUCCESS,NONE,80,true,true,1.02896582658e-09,false,false,false,false,0,14.1928049630,682000,0.391350186661|0.862140854581|-2.21548563348|-1.37430938654|-0.0431417803531|0.975347925062|-0.919692742503|-0.641311203281|0.857172893733|0.185059231969
977,VALID_CAMPAIGN,NEAR_JOINT_LIMIT,3404430484196763755,10,REVOLUTE_ONLY,0.0785070687484,0.226232014040,0.417256565926,UNGUARDED_REFERENCE,true,false,CONVERGED_UNCERTIFIED,NO_GUARDS_OR_FINAL_CERTIFICATION,8,true,false,1.54926255111e-09,false,true,false,true,0,NaN,21583,76.6899158293|-39.4083419448|27.7816323858|-14.9249246388|-14.8863421580|51.9600430339|259.993567302|-238.077625979|-30.7999534699|91.0763080192
978,VALID_CAMPAIGN,NEAR_SINGULARITY,-8124762593953374550,10,REVOLUTE_ONLY,2.05791999827,-0.119999938915,0.360000038036,GUARDED_PRODUCTION,false,false,NO_CONVERGENCE,STAGNATION_WINDOW_EXCEEDED,58,true,true,1.22410558024,false,false,false,false,0,1.67728847151,484000,-0.231408975724|0.236030595423|-2.67428074637|-1.78285383091|-0.0806789476104|1.13635160223|-1.25340773138|-0.678848321728|0.279229737728|-0.105449838827
978,VALID_CAMPAIGN,NEAR_SINGULARITY,-8124762593953374550,10,REVOLUTE_ONLY,2.05791999827,-0.119999938915,0.360000038036,UNGUARDED_REFERENCE,true,false,CONVERGED_UNCERTIFIED,NO_GUARDS_OR_FINAL_CERTIFICATION,50,true,false,7.70694341060e-08,false,true,false,true,0,NaN,136042,94.1959864626|-69.0187712598|37.8296031806|-25.3652343051|-6.35927317186|62.9289516859|264.279911384|-232.815090004|-31.8189886289|88.3819090135
979,VALID_CAMPAIGN,MICRO_MOTION,3582974736478567197,10,REVOLUTE_ONLY,2.05791998096,-0.119999328068,0.360000418397,GUARDED_PRODUCTION,false,false,NO_CONVERGENCE,STAGNATION_WINDOW_EXCEEDED,7,true,true,1.22864051106,false,false,false,false,0,4.44694357194,54834,-0.228382416699|0.199762937117|-2.67428074637|-1.78285383091|-0.0925068106701|1.12724926715|-1.23610091407|-0.644983075230|0.236687081893|-0.123857299148
979,VALID_CAMPAIGN,MICRO_MOTION,3582974736478567197,10,REVOLUTE_ONLY,2.05791998096,-0.119999328068,0.360000418397,UNGUARDED_REFERENCE,true,false,CONVERGED_UNCERTIFIED,NO_GUARDS_OR_FINAL_CERTIFICATION,1,true,false,7.24230606803e-07,false,true,false,true,0,NaN,917,94.1959864626|-69.0187712598|37.8296031806|-25.3652343051|-6.35927317186|62.9289516859|264.279911384|-232.815090004|-31.8189886289|88.3819090135
980,VALID_CAMPAIGN,UNIFORM,-4924376321302301405,10,REVOLUTE_ONLY,1.02683236436,-0.511483568805,-0.475161434758,GUARDED_PRODUCTION,false,false,NO_CONVERGENCE,STAGNATION_WINDOW_EXCEEDED,223,true,true,0.373146194667,false,false,false,false,0,4.38574209912,1691500,-0.581398104788|0.805635348834|-1.29077418150|-1.78285383091|-1.78285383091|1.72427474326|-1.78285383091|-1.78285383091|-0.663720630683|-0.186156303780
980,VALID_CAMPAIGN,UNIFORM,-4924376321302301405,10,REVOLUTE_ONLY,1.02683236436,-0.511483568805,-0.475161434758,UNGUARDED_REFERENCE,true,false,CONVERGED_UNCERTIFIED,NO_GUARDS_OR_FINAL_CERTIFICATION,12,true,false,1.91928303346e-09,false,true,false,true,0,NaN,33209,99.8275840081|-74.7063360424|35.6147813503|-23.9426348594|-6.52430084357|58.9310172090|272.987028569|-244.913355797|-51.9644944395|108.436696177
981,VALID_CAMPAIGN,NEAR_JOINT_LIMIT,-5782046289937803246,10,REVOLUTE_ONLY,-0.254304561705,0.279984362758,0.361840516174,GUARDED_PRODUCTION,true,true,SUCCESS,NONE,168,true,true,8.04818426357e-07,false,false,false,false,0,7.66305362467,1294959,2.31180864180|0.788597443207|-2.67428074637|-1.47153590044|-1.78285383091|0.264021084903|-1.71979163655|-1.53208745415|0.687558603011|0.287609139150
981,VALID_CAMPAIGN,NEAR_JOINT_LIMIT,-5782046289937803246,10,REVOLUTE_ONLY,-0.254304561705,0.279984362758,0.361840516174,UNGUARDED_REFERENCE,true,false,CONVERGED_UNCERTIFIED,NO_GUARDS_OR_FINAL_CERTIFICATION,7,true,false,7.31770308839e-08,false,true,false,true,0,NaN,17833,101.128640617|-72.6403802349|31.5073387744|-19.2201232645|-8.32646415492|58.4022360670|273.055291859|-245.281284408|-53.9639303292|110.253807610
982,VALID_CAMPAIGN,NEAR_SINGULARITY,-6937000229672100435,10,REVOLUTE_ONLY,2.05791999827,-0.119999938915,0.360000038036,GUARDED_PRODUCTION,false,false,NO_CONVERGENCE,STAGNATION_WINDOW_EXCEEDED,174,true,true,0.708517143914,false,false,false,false,0,3.54871605107,1450125,-0.0164681313766|2.10347887402|-2.67428074637|-0.920825915940|-1.05256534258|-0.0273264208161|0.396852166528|-0.312682612067|0.208988068874|-0.245011830899
982,VALID_CAMPAIGN,NEAR_SINGULARITY,-6937000229672100435,10,REVOLUTE_ONLY,2.05791999827,-0.119999938915,0.360000038036,UNGUARDED_REFERENCE,true,false,CONVERGED_UNCERTIFIED,NO_GUARDS_OR_FINAL_CERTIFICATION,20,true,false,5.91937872824e-07,false,true,false,true,0,NaN,53458,87.9035380107|-62.7108386074|37.8731178452|-19.1662487972|-12.8122938235|63.0829929861|277.038645168|-239.275954303|-50.4321843793|113.150121052
983,VALID_CAMPAIGN,MICRO_MOTION,-2561359388590509448,10,REVOLUTE_ONLY,2.05791998096,-0.119999328068,0.360000418397,GUARDED_PRODUCTION,false,false,NO_CONVERGENCE,STAGNATION_WINDOW_EXCEEDED,7,true,true,0.728724788006,false,false,false,false,0,55.3402801912,59333,-0.0158143178987|2.18576015240|-2.67428074637|-0.806246959340|-0.992185506372|0.0365160472313|0.369435418557|-0.279302906767|0.133461065081|-0.215432174817
983,VALID_CAMPAIGN,MICRO_MOTION,-2561359388590509448,10,REVOLUTE_ONLY,2.05791998096,-0.119999328068,0.360000418397,UNGUARDED_REFERENCE,true,false,CONVERGED_UNCERTIFIED,NO_GUARDS_OR_FINAL_CERTIFICATION,1,true,false,9.35825353763e-07,false,true,false,true,0,NaN,917,87.9035380107|-62.7108386074|37.8731178452|-19.1662487972|-12.8122938235|63.0829929861|277.038645168|-239.275954303|-50.4321843793|113.150121052
984,VALID_CAMPAIGN,UNIFORM,-4984900490827351133,10,REVOLUTE_ONLY,1.05633974452,-0.347490094436,1.02046710910,GUARDED_PRODUCTION,false,false,NO_CONVERGENCE,STAGNATION_WINDOW_EXCEEDED,157,true,true,0.312766257529,false,false,false,false,0,64.8115908713,1273000,-0.525425724465|2.02644770067|-2.67428074637|-1.78285383091|-0.792626061360|0.0855284654771|0.201805260552|-0.231536349184|0.00583416363700|-0.136545920713
984,VALID_CAMPAIGN,UNIFORM,-4984900490827351133,10,REVOLUTE_ONLY,1.05633974452,-0.347490094436,1.02046710910,UNGUARDED_REFERENCE,true,false,CONVERGED_UNCERTIFIED,NO_GUARDS_OR_FINAL_CERTIFICATION,25,true,false,1.07734822356e-07,false,true,false,true,0,NaN,69333,81.4010823051|-50.3174040963|38.7285361387|-24.7195861450|-16.7558090961|67.3449125958|293.807521448|-250.435929174|-51.1006350722|119.654129674
985,VALID_CAMPAIGN,NEAR_JOINT_LIMIT,-6805546670678098846,10,REVOLUTE_ONLY,-0.451217970800,0.190405192536,0.0438341698656,GUARDED_PRODUCTION,true,true,SUCCESS,NONE,80,true,true,5.55126580309e-07,false,false,false,false,0,12.2650982238,632416,1.02034407468|1.03692161291|-1.55270822173|-1.78285383091|0.456312241730|1.18392696971|-0.142938410594|-0.533113211115|0.475820272268|0.0721241517166
985,VALID_CAMPAIGN,NEAR_JOINT_LIMIT,-6805546670678098846,10,REVOLUTE_ONLY,-0.451217970800,0.190405192536,0.0438341698656,UNGUARDED_REFERENCE,true,false,CONVERGED_UNCERTIFIED,NO_GUARDS_OR_FINAL_CERTIFICATION,10,true,false,1.37686548720e-07,false,true,false,true,0,NaN,26875,84.1902304499|-49.4586053709|40.6338268862|-23.1379321922|-14.2492787859|65.7042274171|287.156226530|-251.632679612|-53.5929888964|118.818927139
986,VALID_CAMPAIGN,NEAR_SINGULARITY,-8321819184021157056,10,REVOLUTE_ONLY,2.05791999827,-0.119999938915,0.360000038036,GUARDED_PRODUCTION,false,false,NO_CONVERGENCE,STAGNATION_WINDOW_EXCEEDED,118,true,true,0.670745850720,false,false,false,false,0,3.48597012968,977416,-0.0379588809712|2.12443933631|-2.67428074637|-1.04477173793|-1.11650181025|0.156779449940|0.268776673292|-0.143431326484|-0.108372485555|-0.0789644738148
986,VALID_CAMPAIGN,NEAR_SINGULARITY,-8321819184021157056,10,REVOLUTE_ONLY,2.05791999827,-0.119999938915,0.360000038036,UNGUARDED_REFERENCE,true,false,CONVERGED_UNCERTIFIED,NO_GUARDS_OR_FINAL_CERTIFICATION,63,true,false,4.99926947105e-08,false,true,false,true,0,NaN,174208,113.040829504|-50.1304414914|56.7226130857|-12.8722867266|-12.9937234881|69.5490123276|283.161298644|-257.943545741|-56.7318990893|125.697979387
987,VALID_CAMPAIGN,MICRO_MOTION,8609988669872758355,10,REVOLUTE_ONLY,2.05791998096,-0.119999328068,0.360000418397,GUARDED_PRODUCTION,false,false,NO_CONVERGENCE,STAGNATION_WINDOW_EXCEEDED,7,true,true,0.699966064720,false,false,false,false,0,56.7718594268,58916,-0.0333846780838|2.18270952610|-2.67428074637|-0.883362821672|-1.07369305629|0.165171982482|0.273717149402|-0.153188856196|-0.0779159501898|-0.0445973295476
987,VALID_CAMPAIGN,MICRO_MOTION,8609988669872758355,10,REVOLUTE_ONLY,2.05791998096,-0.119999328068,0.360000418397,UNGUARDED_REFERENCE,true,false,CONVERGED_UNCERTIFIED,NO_GUARDS_OR_FINAL_CERTIFICATION,1,true,false,7.21707972083e-07,false,true,false,true,0,NaN,875,113.040829504|-50.1304414914|56.7226130857|-12.8722867266|-12.9937234881|69.5490123276|283.161298644|-257.943545741|-56.7318990893|125.697979387
988,VALID_CAMPAIGN,UNIFORM,-8116710325923546329,10,REVOLUTE_ONLY,0.491034097062,-1.24253786148,0.315850016199,GUARDED_PRODUCTION,true,true,SUCCESS,NONE,59,true,true,8.51786949797e-07,false,false,false,false,0,66.6372755445,493166,-0.682341548287|1.77469929286|-2.67428074637|-1.04957280320|-0.888772229088|0.345735098549|0.245774314187|-0.168286709154|-0.00750174758436|-0.0176681007807
988,VALID_CAMPAIGN,UNIFORM,-8116710325923546329,10,REVOLUTE_ONLY,0.491034097062,-1.24253786148,0.315850016199,UNGUARDED_REFERENCE,true,false,CONVERGED_UNCERTIFIED,NO_GUARDS_OR_FINAL_CERTIFICATION,32,true,false,1.66755490102e-09,false,true,false,true,0,NaN,86083,118.290331056|-43.9108624574|56.4456491469|-18.8118838492|-40.0557074555|89.5771591672|296.938487356|-268.416765010|-60.8720322577|132.698429779
989,VALID_CAMPAIGN,NEAR_JOINT_LIMIT,823365432522948508,10,REVOLUTE_ONLY,-0.254977797294,0.292476730733,-0.118281782099,GUARDED_PRODUCTION,true,true,SUCCESS,NONE,74,true,true,7.51596796405e-08,false,false,false,false,0,8.89953966464,605250,0.871753858033|0.783942323789|-1.47723702232|-1.31371280828|-0.177967461879|1.46400363658|-0.209536408119|-0.562144470787|0.771354706954|0.407163668456
989,VALID_CAMPAIGN,NEAR_JOINT_LIMIT,823365432522948508,10,REVOLUTE_ONLY,-0.254977797294,0.292476730733,-0.118281782099,UNGUARDED_REFERENCE,true,false,CONVERGED_UNCERTIFIED,NO_GUARDS_OR_FINAL_CERTIFICATION,9,true,false,2.00286000011e-07,false,true,false,true,0,NaN,23875,121.069278262|-47.7943673610|54.0658219329|-16.3006627556|-45.3363303227|92.3167189046|300.811505482|-271.983489322|-65.9178981726|134.827471690
990,VALID_CAMPAIGN,NEAR_SINGULARITY,-6388773099158512813,10,REVOLUTE_ONLY,2.05791999827,-0.119999938915,0.360000038036,GUARDED_PRODUCTION,true,true,SUCCESS,NONE,214,true,true,3.82393806628e-07,false,false,false,false,0,2.18530599545,1680875,-0.0514143907055|0.102005132160|0.273188914795|-0.459683588915|-0.242022804525|0.282195938518|0.522213096101|-0.387062304041|-0.188906778260|0.00399731461859
990,VALID_CAMPAIGN,NEAR_SINGULARITY,-6388773099158512813,10,REVOLUTE_ONLY,2.05791999827,-0.119999938915,0.360000038036,UNGUARDED_REFERENCE,true,false,CONVERGED_UNCERTIFIED,NO_GUARDS_OR_FINAL_CERTIFICATION,26,true,false,8.25068555502e-07,false,true,false,true,0,NaN,72708,119.324496582|-50.1922549946|50.4408310623|-19.1449626549|-56.3415111822|87.7359828916|301.945397602|-270.450376385|-69.2948869968|132.162131970
991,VALID_CAMPAIGN,MICRO_MOTION,-6784790009638297967,10,REVOLUTE_ONLY,2.05791998096,-0.119999328068,0.360000418397,GUARDED_PRODUCTION,true,true,SUCCESS,NONE,1,true,true,8.79054103943e-07,false,false,false,false,0,NaN,6083,-0.0514143907055|0.102005132160|0.273188914795|-0.459683588915|-0.242022804525|0.282195938518|0.522213096101|-0.387062304041|-0.188906778260|0.00399731461859
991,VALID_CAMPAIGN,MICRO_MOTION,-6784790009638297967,10,REVOLUTE_ONLY,2.05791998096,-0.119999328068,0.360000418397,UNGUARDED_REFERENCE,true,false,CONVERGED_UNCERTIFIED,NO_GUARDS_OR_FINAL_CERTIFICATION,2,true,false,2.18375468012e-08,false,true,false,true,0,NaN,3375,119.324497243|-50.1922536145|50.4408291998|-19.1449587331|-56.3415257673|87.7359966579|301.945392558|-270.450372503|-69.2948834210|132.162122705
992,VALID_CAMPAIGN,UNIFORM,-2132458649649824107,10,REVOLUTE_ONLY,0.112549671916,0.390613457356,0.245171677540,GUARDED_PRODUCTION,true,true,SUCCESS,NONE,73,true,true,1.77052351224e-07,false,false,false,false,0,112.325072230,582917,-0.328127854582|1.31746504163|0.494286737060|-0.537114106590|0.886129198884|1.47864520299|0.182646545439|-0.797638188455|0.174906308406|0.180989464659
992,VALID_CAMPAIGN,UNIFORM,-2132458649649824107,10,REVOLUTE_ONLY,0.112549671916,0.390613457356,0.245171677540,UNGUARDED_REFERENCE,true,false,CONVERGED_UNCERTIFIED,NO_GUARDS_OR_FINAL_CERTIFICATION,9,true,false,1.49141312850e-07,false,true,false,true,0,NaN,23375,119.191524785|-54.2185760047|56.4383841674|-29.1153675277|-21.6691090568|54.5294763033|313.554465943|-278.998420843|-77.5483521363|153.875616358
993,VALID_CAMPAIGN,NEAR_JOINT_LIMIT,-8661297065251449212,10,REVOLUTE_ONLY,-0.475813460522,-0.0901821226714,0.0891473946178,GUARDED_PRODUCTION,true,true,SUCCESS,NONE,31,true,true,8.24894437764e-12,false,false,false,false,0,1.59609753915,244875,0.448843771495|2.20076451390|0.489638788866|-0.410347890801|0.772210834543|1.22417962713|-0.0320697522621|-0.872971659751|-0.00426647455091|0.0777900427219
993,VALID_CAMPAIGN,NEAR_JOINT_LIMIT,-8661297065251449212,10,REVOLUTE_ONLY,-0.475813460522,-0.0901821226714,0.0891473946178,UNGUARDED_REFERENCE,true,false,CONVERGED_UNCERTIFIED,NO_GUARDS_OR_FINAL_CERTIFICATION,7,true,false,1.98530218911e-10,false,true,false,true,0,NaN,17125,117.763716835|-52.5068770094|55.9975004912|-28.9820141322|-21.7296616408|54.7939564311|313.763142787|-279.071639166|-77.5660533984|154.210722748
994,VALID_CAMPAIGN,NEAR_SINGULARITY,-953356241810788834,10,REVOLUTE_ONLY,2.05791999827,-0.119999938915,0.360000038036,GUARDED_PRODUCTION,false,false,NO_CONVERGENCE,STAGNATION_WINDOW_EXCEEDED,61,true,true,1.40232719567,false,false,false,false,0,2.50312122574,506041,-0.396142603140|2.17582185857|1.16202477010|-0.519193926220|1.78285383091|1.78285383091|0.355452593760|-0.443575123115|0.218380448436|0.160362943109
994,VALID_CAMPAIGN,NEAR_SINGULARITY,-953356241810788834,10,REVOLUTE_ONLY,2.05791999827,-0.119999938915,0.360000038036,UNGUARDED_REFERENCE,true,false,CONVERGED_UNCERTIFIED,NO_GUARDS_OR_FINAL_CERTIFICATION,43,true,false,3.06766407339e-07,false,true,false,true,0,NaN,124458,125.602124724|-43.8805553638|56.7012575807|-25.3883330998|-25.1632200082|56.5158812336|308.185458644|-282.988872714|-75.1487901237|156.639973908
995,VALID_CAMPAIGN,MICRO_MOTION,5531578466109719460,10,REVOLUTE_ONLY,2.05791998096,-0.119999328068,0.360000418397,GUARDED_PRODUCTION,false,false,NO_CONVERGENCE,STAGNATION_WINDOW_EXCEEDED,7,true,true,1.41300999362,false,false,false,false,0,2.67179831357,61958,-0.445805792402|2.14146844327|1.25059914636|-0.515788458833|1.78285383091|1.78285383091|0.369115039790|-0.425302653771|0.246858433934|0.170739210504
995,VALID_CAMPAIGN,MICRO_MOTION,5531578466109719460,10,REVOLUTE_ONLY,2.05791998096,-0.119999328068,0.360000418397,UNGUARDED_REFERENCE,true,false,CONVERGED_UNCERTIFIED,NO_GUARDS_OR_FINAL_CERTIFICATION,1,true,false,7.84318058265e-07,false,true,false,true,0,NaN,792,125.602124724|-43.8805553638|56.7012575807|-25.3883330998|-25.1632200082|56.5158812336|308.185458644|-282.988872714|-75.1487901237|156.639973908
996,ADVERSARIAL_PROBES,NON_FINITE_TARGET,-5657760762059586964,10,REVOLUTE_ONLY,NaN,-0.120000000000,0.360000000000,GUARDED_PRODUCTION,false,false,INVALID_INPUT,INVALID_TARGET,0,true,true,NaN,false,false,false,false,0,NaN,32625,0.00000000000|0.00000000000|0.00000000000|0.00000000000|0.00000000000|0.00000000000|0.00000000000|0.00000000000|0.00000000000|0.00000000000
996,ADVERSARIAL_PROBES,NON_FINITE_TARGET,-5657760762059586964,10,REVOLUTE_ONLY,NaN,-0.120000000000,0.360000000000,UNGUARDED_REFERENCE,false,false,MAX_ITERATIONS_UNCERTIFIED,NO_GUARDS_OR_FINAL_CERTIFICATION,800,false,false,NaN,true,false,false,true,0,NaN,1428208,NaN|NaN|NaN|NaN|NaN|NaN|NaN|NaN|NaN|NaN
997,ADVERSARIAL_PROBES,INFINITE_TARGET,8933499539940690233,10,REVOLUTE_ONLY,2.05792000000,-0.120000000000,Infinity,GUARDED_PRODUCTION,false,false,INVALID_INPUT,INVALID_TARGET,0,true,true,Infinity,false,false,false,false,0,NaN,5500,0.00000000000|0.00000000000|0.00000000000|0.00000000000|0.00000000000|0.00000000000|0.00000000000|0.00000000000|0.00000000000|0.00000000000
997,ADVERSARIAL_PROBES,INFINITE_TARGET,8933499539940690233,10,REVOLUTE_ONLY,2.05792000000,-0.120000000000,Infinity,UNGUARDED_REFERENCE,false,false,MAX_ITERATIONS_UNCERTIFIED,NO_GUARDS_OR_FINAL_CERTIFICATION,800,false,false,NaN,true,false,false,true,0,NaN,1515791,NaN|NaN|NaN|NaN|NaN|NaN|NaN|NaN|NaN|NaN
998,ADVERSARIAL_PROBES,NON_FINITE_INITIAL_STATE,7207559907322532810,10,REVOLUTE_ONLY,2.05792000000,-0.120000000000,0.360000000000,GUARDED_PRODUCTION,false,false,INVALID_INPUT,INVALID_INITIAL_STATE,0,true,true,0.00000000000,false,false,false,false,0,NaN,44625,0.00000000000|0.00000000000|0.00000000000|0.00000000000|0.00000000000|0.00000000000|0.00000000000|0.00000000000|0.00000000000|0.00000000000
998,ADVERSARIAL_PROBES,NON_FINITE_INITIAL_STATE,7207559907322532810,10,REVOLUTE_ONLY,2.05792000000,-0.120000000000,0.360000000000,UNGUARDED_REFERENCE,false,false,MAX_ITERATIONS_UNCERTIFIED,NO_GUARDS_OR_FINAL_CERTIFICATION,800,false,false,NaN,true,false,false,true,0,NaN,1498333,NaN|NaN|NaN|NaN|NaN|NaN|NaN|NaN|NaN|NaN
999,ADVERSARIAL_PROBES,OVERFLOWING_GEOMETRY,1333141724415393959,10,REVOLUTE_ONLY,0.00000000000,0.00000000000,0.00000000000,GUARDED_PRODUCTION,false,false,NUMERICAL_FAILURE,OUTPUT_VALIDATION_FAILED,1,true,true,Infinity,false,false,false,false,0,NaN,26208,0.00000000000|0.00000000000|0.00000000000|0.00000000000|0.00000000000|0.00000000000|0.00000000000|0.00000000000|0.00000000000|0.00000000000
999,ADVERSARIAL_PROBES,OVERFLOWING_GEOMETRY,1333141724415393959,10,REVOLUTE_ONLY,0.00000000000,0.00000000000,0.00000000000,UNGUARDED_REFERENCE,false,false,MAX_ITERATIONS_UNCERTIFIED,NO_GUARDS_OR_FINAL_CERTIFICATION,800,false,false,NaN,true,false,false,true,0,NaN,1503542,NaN|NaN|NaN|NaN|NaN|NaN|NaN|NaN|NaN|NaN
1000,VALID_CAMPAIGN,UNIFORM,-248425689197820494,10,PRISMATIC_ONLY,0.460000000000,-0.739646982738,1.94934563687,GUARDED_PRODUCTION,true,true,SUCCESS_WITH_WARNING,CRITICAL_SINGULARITY_DAMPED,22,true,true,1.89200455091e-07,false,false,false,false,0,Infinity,175709,0.278477949827|0.278477949827|0.246549057187|0.278477949826|0.278477949828|0.246549057187|0.278477949828|0.278477949828|0.246549057187|0.278477949827
1000,VALID_CAMPAIGN,UNIFORM,-248425689197820494,10,PRISMATIC_ONLY,0.460000000000,-0.739646982738,1.94934563687,UNGUARDED_REFERENCE,true,true,CONVERGED_UNCERTIFIED,NO_GUARDS_OR_FINAL_CERTIFICATION,3,true,true,2.89799811379e-08,false,false,false,false,0,NaN,5625,0.278477948778|0.278477948778|0.246549003786|0.278477948778|0.278477948778|0.246549003786|0.278477948778|0.278477948778|0.246549003781|0.278477948778
1001,VALID_CAMPAIGN,NEAR_JOINT_LIMIT,-6418038692689744509,10,PRISMATIC_ONLY,0.460000000000,-0.615000005550,2.35999999445,GUARDED_PRODUCTION,true,true,SUCCESS_WITH_WARNING,CRITICAL_SINGULARITY_DAMPED,34,true,true,2.73831203949e-07,false,false,false,false,0,Infinity,255417,0.337142847019|0.337142847019|0.205000090492|0.337142847019|0.337142847019|0.205000090492|0.337142847018|0.337142847019|0.205000090492|0.337142847018
1001,VALID_CAMPAIGN,NEAR_JOINT_LIMIT,-6418038692689744509,10,PRISMATIC_ONLY,0.460000000000,-0.615000005550,2.35999999445,UNGUARDED_REFERENCE,true,true,CONVERGED_UNCERTIFIED,NO_GUARDS_OR_FINAL_CERTIFICATION,3,true,true,2.72785566020e-08,false,false,false,false,0,NaN,4750,0.337142854328|0.337142854328|0.205000009630|0.337142854328|0.337142854328|0.205000009630|0.337142854341|0.337142854328|0.205000009625|0.337142854341
1002,VALID_CAMPAIGN,NEAR_SINGULARITY,-6862078829086282591,10,PRISMATIC_ONLY,0.460000000000,-0.892500005550,2.08249999445,GUARDED_PRODUCTION,true,true,SUCCESS_WITH_WARNING,CRITICAL_SINGULARITY_DAMPED,38,true,true,3.06192514092e-07,false,false,false,false,0,Infinity,285625,0.297500002384|0.297500002384|0.297499900055|0.297500002383|0.297500002383|0.297499900055|0.297500002381|0.297500002384|0.297499900056|0.297500002382
1002,VALID_CAMPAIGN,NEAR_SINGULARITY,-6862078829086282591,10,PRISMATIC_ONLY,0.460000000000,-0.892500005550,2.08249999445,UNGUARDED_REFERENCE,true,true,CONVERGED_UNCERTIFIED,NO_GUARDS_OR_FINAL_CERTIFICATION,3,true,true,5.28207329703e-08,false,false,false,false,0,NaN,4917,0.297500000572|0.297500000572|0.297499984538|0.297500000572|0.297500000572|0.297499984538|0.297500000585|0.297500000555|0.297499984522|0.297500000568
1003,VALID_CAMPAIGN,MICRO_MOTION,8071556927005049301,10,PRISMATIC_ONLY,0.460000000000,-0.892500061050,2.08249993895,GUARDED_PRODUCTION,true,true,SUCCESS,NONE,1,true,true,3.69160688763e-07,false,false,false,false,0,NaN,6000,0.297500002384|0.297500002384|0.297499900055|0.297500002383|0.297500002383|0.297499900055|0.297500002381|0.297500002384|0.297499900056|0.297500002382
1003,VALID_CAMPAIGN,MICRO_MOTION,8071556927005049301,10,PRISMATIC_ONLY,0.460000000000,-0.892500061050,2.08249993895,UNGUARDED_REFERENCE,true,true,CONVERGED_UNCERTIFIED,NO_GUARDS_OR_FINAL_CERTIFICATION,1,true,true,1.25605564794e-07,false,false,false,false,0,NaN,833,0.297500000572|0.297500000572|0.297499984538|0.297500000572|0.297500000572|0.297499984538|0.297500000585|0.297500000555|0.297499984522|0.297500000568
1004,VALID_CAMPAIGN,UNIFORM,-7811217557580203206,10,PRISMATIC_ONLY,0.460000000000,-0.633243889025,1.73828072467,GUARDED_PRODUCTION,true,true,SUCCESS_WITH_WARNING,CRITICAL_SINGULARITY_DAMPED,39,true,true,4.09658593133e-07,false,false,false,false,0,Infinity,294834,0.248325823515|0.248325823515|0.211081432244|0.248325823515|0.248325823513|0.211081432244|0.248325823511|0.248325823515|0.211081432246|0.248325823512
1004,VALID_CAMPAIGN,UNIFORM,-7811217557580203206,10,PRISMATIC_ONLY,0.460000000000,-0.633243889025,1.73828072467,UNGUARDED_REFERENCE,true,true,CONVERGED_UNCERTIFIED,NO_GUARDS_OR_FINAL_CERTIFICATION,3,true,true,4.99591614261e-08,false,false,false,false,0,NaN,4750,0.248325819503|0.248325819503|0.211081312525|0.248325819503|0.248325819503|0.211081312525|0.248325819516|0.248325819485|0.211081312509|0.248325819498
1005,VALID_CAMPAIGN,NEAR_JOINT_LIMIT,6906442841960298684,10,PRISMATIC_ONLY,0.460000000000,-0.615000005550,2.91499998335,GUARDED_PRODUCTION,true,true,SUCCESS_WITH_WARNING,CRITICAL_SINGULARITY_DAMPED,83,true,true,7.85598898710e-07,false,false,false,false,0,Infinity,667000,0.416428457731|0.416428457731|0.205000035066|0.416428457732|0.416428457727|0.205000035066|0.416428457722|0.416428457728|0.205000035068|0.416428457726
1005,VALID_CAMPAIGN,NEAR_JOINT_LIMIT,6906442841960298684,10,PRISMATIC_ONLY,0.460000000000,-0.615000005550,2.91499998335,UNGUARDED_REFERENCE,true,true,CONVERGED_UNCERTIFIED,NO_GUARDS_OR_FINAL_CERTIFICATION,3,true,true,4.06260339507e-08,false,false,false,false,0,NaN,5667,0.416428563279|0.416428563279|0.205000002994|0.416428563279|0.416428563279|0.205000002994|0.416428563255|0.416428563261|0.205000002978|0.416428563237
1006,VALID_CAMPAIGN,NEAR_SINGULARITY,-3365371242063386491,10,PRISMATIC_ONLY,0.460000000000,-0.892500005550,2.08249999445,GUARDED_PRODUCTION,true,true,SUCCESS_WITH_WARNING,CRITICAL_SINGULARITY_DAMPED,67,true,true,2.84099936407e-07,false,false,false,false,0,Infinity,504375,0.297500007007|0.297500007007|0.297499908914|0.297500007007|0.297500007005|0.297499908914|0.297500007001|0.297500007007|0.297499908915|0.297500007004
1006,VALID_CAMPAIGN,NEAR_SINGULARITY,-3365371242063386491,10,PRISMATIC_ONLY,0.460000000000,-0.892500005550,2.08249999445,UNGUARDED_REFERENCE,true,true,CONVERGED_UNCERTIFIED,NO_GUARDS_OR_FINAL_CERTIFICATION,3,true,true,5.93224033494e-08,false,false,false,false,0,NaN,4959,0.297500003311|0.297500003311|0.297499984538|0.297500003311|0.297500003311|0.297499984538|0.297500003286|0.297500003293|0.297499984522|0.297500003269
1007,VALID_CAMPAIGN,MICRO_MOTION,7099350196476036706,10,PRISMATIC_ONLY,0.460000000000,-0.892500061050,2.08249993895,GUARDED_PRODUCTION,true,true,SUCCESS,NONE,1,true,true,3.51965977816e-07,false,false,false,false,0,NaN,7625,0.297500007007|0.297500007007|0.297499908914|0.297500007007|0.297500007005|0.297499908914|0.297500007001|0.297500007007|0.297499908915|0.297500007004
1007,VALID_CAMPAIGN,MICRO_MOTION,7099350196476036706,10,PRISMATIC_ONLY,0.460000000000,-0.892500061050,2.08249993895,UNGUARDED_REFERENCE,true,true,CONVERGED_UNCERTIFIED,NO_GUARDS_OR_FINAL_CERTIFICATION,1,true,true,1.36474339771e-07,false,false,false,false,0,NaN,791,0.297500003311|0.297500003311|0.297499984538|0.297500003311|0.297500003311|0.297499984538|0.297500003286|0.297500003293|0.297499984522|0.297500003269
1008,VALID_CAMPAIGN,UNIFORM,1731681989918793399,10,PRISMATIC_ONLY,0.460000000000,-0.763197910144,2.24446592655,GUARDED_PRODUCTION,true,true,SUCCESS_WITH_WARNING,CRITICAL_SINGULARITY_DAMPED,21,true,true,2.22050306266e-07,false,false,false,false,0,Infinity,148917,0.320637986572|0.320637986572|0.254399377080|0.320637986574|0.320637986571|0.254399377080|0.320637986566|0.320637986573|0.254399377080|0.320637986569
1008,VALID_CAMPAIGN,UNIFORM,1731681989918793399,10,PRISMATIC_ONLY,0.460000000000,-0.763197910144,2.24446592655,UNGUARDED_REFERENCE,true,true,CONVERGED_UNCERTIFIED,NO_GUARDS_OR_FINAL_CERTIFICATION,3,true,true,2.48396866273e-08,false,false,false,false,0,NaN,4917,0.320637988722|0.320637988722|0.254399311457|0.320637988722|0.320637988722|0.254399311457|0.320637988697|0.320637988704|0.254399311436|0.320637988690
1009,VALID_CAMPAIGN,NEAR_JOINT_LIMIT,-771732414620632282,10,PRISMATIC_ONLY,0.460000000000,-1.16999999445,2.35999999445,GUARDED_PRODUCTION,true,true,SUCCESS_WITH_WARNING,CRITICAL_SINGULARITY_DAMPED,46,true,true,7.51650082698e-07,false,false,false,false,0,Infinity,325500,0.337142853908|0.337142853908|0.389999747666|0.337142853910|0.337142853907|0.389999747666|0.337142853901|0.337142853909|0.389999747663|0.337142853905
1009,VALID_CAMPAIGN,NEAR_JOINT_LIMIT,-771732414620632282,10,PRISMATIC_ONLY,0.460000000000,-1.16999999445,2.35999999445,UNGUARDED_REFERENCE,true,true,CONVERGED_UNCERTIFIED,NO_GUARDS_OR_FINAL_CERTIFICATION,3,true,true,7.62611379960e-08,false,false,false,false,0,NaN,4583,0.337142855791|0.337142855791|0.389999972771|0.337142855791|0.337142855791|0.389999972771|0.337142855774|0.337142855780|0.389999972750|0.337142855759
1010,VALID_CAMPAIGN,NEAR_SINGULARITY,7770327685948549295,10,PRISMATIC_ONLY,0.460000000000,-0.892500005550,2.08249999445,GUARDED_PRODUCTION,true,true,SUCCESS_WITH_WARNING,CRITICAL_SINGULARITY_DAMPED,38,true,true,3.06167869300e-07,false,false,false,false,0,Infinity,272417,0.297500002384|0.297500002384|0.297500103637|0.297500002385|0.297500002383|0.297500103637|0.297500002377|0.297500002385|0.297500103636|0.297500002381
1010,VALID_CAMPAIGN,NEAR_SINGULARITY,7770327685948549295,10,PRISMATIC_ONLY,0.460000000000,-0.892500005550,2.08249999445,UNGUARDED_REFERENCE,true,true,CONVERGED_UNCERTIFIED,NO_GUARDS_OR_FINAL_CERTIFICATION,3,true,true,5.28207025491e-08,false,false,false,false,0,NaN,4916,0.297500000577|0.297500000577|0.297500019174|0.297500000577|0.297500000577|0.297500019174|0.297500000560|0.297500000567|0.297500019153|0.297500000563
1011,VALID_CAMPAIGN,MICRO_MOTION,-5926818019188432272,10,PRISMATIC_ONLY,0.460000000000,-0.892500061050,2.08249993895,GUARDED_PRODUCTION,true,true,SUCCESS,NONE,1,true,true,2.61670971942e-07,false,false,false,false,0,NaN,5625,0.297500002384|0.297500002384|0.297500103637|0.297500002385|0.297500002383|0.297500103637|0.297500002377|0.297500002385|0.297500103636|0.297500002381
1011,VALID_CAMPAIGN,MICRO_MOTION,-5926818019188432272,10,PRISMATIC_ONLY,0.460000000000,-0.892500061050,2.08249993895,UNGUARDED_REFERENCE,true,true,CONVERGED_UNCERTIFIED,NO_GUARDS_OR_FINAL_CERTIFICATION,1,true,true,6.51434800631e-08,false,false,false,false,0,NaN,833,0.297500000577|0.297500000577|0.297500019174|0.297500000577|0.297500000577|0.297500019174|0.297500000560|0.297500000567|0.297500019153|0.297500000563
1012,VALID_CAMPAIGN,UNIFORM,-5343665092772627194,10,PRISMATIC_ONLY,0.460000000000,-0.875314405542,2.09271845759,GUARDED_PRODUCTION,true,true,SUCCESS_WITH_WARNING,CRITICAL_SINGULARITY_DAMPED,5,true,true,5.90428386468e-07,false,false,false,false,0,Infinity,34458,0.298959775531|0.298959775531|0.291771665088|0.298959775532|0.298959775530|0.291771665088|0.298959775524|0.298959775532|0.291771665087|0.298959775528
1012,VALID_CAMPAIGN,UNIFORM,-5343665092772627194,10,PRISMATIC_ONLY,0.460000000000,-0.875314405542,2.09271845759,UNGUARDED_REFERENCE,true,true,CONVERGED_UNCERTIFIED,NO_GUARDS_OR_FINAL_CERTIFICATION,3,true,true,3.23647899980e-09,false,false,false,false,0,NaN,4834,0.298959779612|0.298959779612|0.291771469593|0.298959779612|0.298959779612|0.291771469593|0.298959779595|0.298959779601|0.291771469573|0.298959779598
1013,VALID_CAMPAIGN,NEAR_JOINT_LIMIT,-3874247467194199283,10,PRISMATIC_ONLY,0.460000000000,-1.72499998335,1.80500000555,GUARDED_PRODUCTION,true,true,SUCCESS_WITH_WARNING,CRITICAL_SINGULARITY_DAMPED,94,true,true,4.02101463895e-07,false,false,false,false,0,Infinity,669375,0.257857144855|0.257857144855|0.574999860445|0.257857144855|0.257857144854|0.574999860445|0.257857144848|0.257857144856|0.574999860447|0.257857144851
1013,VALID_CAMPAIGN,NEAR_JOINT_LIMIT,-3874247467194199283,10,PRISMATIC_ONLY,0.460000000000,-1.72499998335,1.80500000555,UNGUARDED_REFERENCE,true,true,CONVERGED_UNCERTIFIED,NO_GUARDS_OR_FINAL_CERTIFICATION,3,true,true,1.59377581356e-07,false,false,false,false,0,NaN,4666,0.257857145070|0.257857145070|0.574999941444|0.257857145070|0.257857145070|0.574999941444|0.257857145053|0.257857145060|0.574999941392|0.257857145056
1014,VALID_CAMPAIGN,NEAR_SINGULARITY,3856492388308653669,10,PRISMATIC_ONLY,0.460000000000,-0.892500005550,2.08249999445,GUARDED_PRODUCTION,true,true,SUCCESS_WITH_WARNING,CRITICAL_SINGULARITY_DAMPED,92,true,true,4.68769129222e-07,false,false,false,false,0,Infinity,660041,0.297499997806|0.297499997806|0.297500158072|0.297499997806|0.297499997804|0.297500158072|0.297499997799|0.297499997806|0.297500158072|0.297499997802
1014,VALID_CAMPAIGN,NEAR_SINGULARITY,3856492388308653669,10,PRISMATIC_ONLY,0.460000000000,-0.892500005550,2.08249999445,UNGUARDED_REFERENCE,true,true,CONVERGED_UNCERTIFIED,NO_GUARDS_OR_FINAL_CERTIFICATION,3,true,true,1.56144562164e-07,false,false,false,false,0,NaN,4667,0.297499997849|0.297499997849|0.297500053818|0.297499997849|0.297499997849|0.297500053818|0.297499997832|0.297499997839|0.297500053766|0.297499997835
1015,VALID_CAMPAIGN,MICRO_MOTION,8753045924206966846,10,PRISMATIC_ONLY,0.460000000000,-0.892500061050,2.08249993895,GUARDED_PRODUCTION,true,true,SUCCESS,NONE,1,true,true,4.15683713347e-07,false,false,false,false,0,NaN,5458,0.297499997806|0.297499997806|0.297500158072|0.297499997806|0.297499997804|0.297500158072|0.297499997799|0.297499997806|0.297500158072|0.297499997802
1015,VALID_CAMPAIGN,MICRO_MOTION,8753045924206966846,10,PRISMATIC_ONLY,0.460000000000,-0.892500061050,2.08249993895,UNGUARDED_REFERENCE,true,true,CONVERGED_UNCERTIFIED,NO_GUARDS_OR_FINAL_CERTIFICATION,1,true,true,1.10373545808e-07,false,false,false,false,0,NaN,750,0.297499997849|0.297499997849|0.297500053818|0.297499997849|0.297499997849|0.297500053818|0.297499997832|0.297499997839|0.297500053766|0.297499997835
1016,VALID_CAMPAIGN,UNIFORM,7372306223852371414,10,PRISMATIC_ONLY,0.460000000000,-0.646778440975,2.17249742283,GUARDED_PRODUCTION,true,true,SUCCESS_WITH_WARNING,CRITICAL_SINGULARITY_DAMPED,30,true,true,1.93114743889e-07,false,false,false,false,0,Infinity,206542,0.310356773975|0.310356773975|0.215592878008|0.310356773975|0.310356773973|0.215592878008|0.310356773967|0.310356773974|0.215592878009|0.310356773970
1016,VALID_CAMPAIGN,UNIFORM,7372306223852371414,10,PRISMATIC_ONLY,0.460000000000,-0.646778440975,2.17249742283,UNGUARDED_REFERENCE,true,true,CONVERGED_UNCERTIFIED,NO_GUARDS_OR_FINAL_CERTIFICATION,3,true,true,4.61057233347e-08,false,false,false,false,0,NaN,4459,0.310356774256|0.310356774256|0.215592829006|0.310356774251|0.310356774251|0.215592829006|0.310356774239|0.310356774246|0.215592828964|0.310356774237
1017,VALID_CAMPAIGN,NEAR_JOINT_LIMIT,8906756187309171080,10,PRISMATIC_ONLY,0.460000000000,-1.16999999445,2.91499998335,GUARDED_PRODUCTION,true,true,SUCCESS_WITH_WARNING,CRITICAL_SINGULARITY_DAMPED,78,true,true,3.01872700607e-07,false,false,false,false,0,Infinity,539875,0.416428565226|0.416428565226|0.389999897922|0.416428565224|0.416428565223|0.389999897922|0.416428565216|0.416428565221|0.389999897924|0.416428565219
1017,VALID_CAMPAIGN,NEAR_JOINT_LIMIT,8906756187309171080,10,PRISMATIC_ONLY,0.460000000000,-1.16999999445,2.91499998335,UNGUARDED_REFERENCE,true,true,CONVERGED_UNCERTIFIED,NO_GUARDS_OR_FINAL_CERTIFICATION,3,true,true,1.01228327709e-07,false,false,false,false,0,NaN,4708,0.416428565409|0.416428565409|0.389999965513|0.416428565403|0.416428565403|0.389999965513|0.416428565392|0.416428565399|0.389999965471|0.416428565389
1018,VALID_CAMPAIGN,NEAR_SINGULARITY,139171768055263071,10,PRISMATIC_ONLY,0.460000000000,-0.892500005550,2.08249999445,GUARDED_PRODUCTION,true,true,SUCCESS_WITH_WARNING,CRITICAL_SINGULARITY_DAMPED,67,true,true,2.84113005507e-07,false,false,false,false,0,Infinity,461000,0.297500007009|0.297500007009|0.297500094789|0.297500007009|0.297500007007|0.297500094789|0.297500006998|0.297500007005|0.297500094791|0.297500007003
1018,VALID_CAMPAIGN,NEAR_SINGULARITY,139171768055263071,10,PRISMATIC_ONLY,0.460000000000,-0.892500005550,2.08249999445,UNGUARDED_REFERENCE,true,true,CONVERGED_UNCERTIFIED,NO_GUARDS_OR_FINAL_CERTIFICATION,3,true,true,5.93223811771e-08,false,false,false,false,0,NaN,4542,0.297500003284|0.297500003284|0.297500019181|0.297500003279|0.297500003331|0.297500019181|0.297500003320|0.297500003274|0.297500019139|0.297500003317
1019,VALID_CAMPAIGN,MICRO_MOTION,3441051040156983020,10,PRISMATIC_ONLY,0.460000000000,-0.892500061050,2.08249993895,GUARDED_PRODUCTION,true,true,SUCCESS,NONE,1,true,true,2.48980674268e-07,false,false,false,false,0,NaN,5250,0.297500007009|0.297500007009|0.297500094789|0.297500007009|0.297500007007|0.297500094789|0.297500006998|0.297500007005|0.297500094791|0.297500007003
1019,VALID_CAMPAIGN,MICRO_MOTION,3441051040156983020,10,PRISMATIC_ONLY,0.460000000000,-0.892500061050,2.08249993895,UNGUARDED_REFERENCE,true,true,CONVERGED_UNCERTIFIED,NO_GUARDS_OR_FINAL_CERTIFICATION,1,true,true,8.42149719801e-08,false,false,false,false,0,NaN,792,0.297500003284|0.297500003284|0.297500019181|0.297500003279|0.297500003331|0.297500019181|0.297500003320|0.297500003274|0.297500019139|0.297500003317
1020,VALID_CAMPAIGN,UNIFORM,-3775562516938366756,10,PRISMATIC_ONLY,0.460000000000,-1.11768358057,2.34901968153,GUARDED_PRODUCTION,true,true,SUCCESS_WITH_WARNING,CRITICAL_SINGULARITY_DAMPED,33,true,true,3.63823997085e-07,false,false,false,false,0,Infinity,224458,0.335574235656|0.335574235656|0.372561072717|0.335574235656|0.335574235656|0.372561072717|0.335574235646|0.335574235655|0.372561072720|0.335574235651
1020,VALID_CAMPAIGN,UNIFORM,-3775562516938366756,10,PRISMATIC_ONLY,0.460000000000,-1.11768358057,2.34901968153,UNGUARDED_REFERENCE,true,true,CONVERGED_UNCERTIFIED,NO_GUARDS_OR_FINAL_CERTIFICATION,3,true,true,4.31422394106e-08,false,false,false,false,0,NaN,4458,0.335574238892|0.335574238892|0.372561179486|0.335574238887|0.335574238956|0.372561179486|0.335574238928|0.335574238882|0.372561179443|0.335574238926
1021,VALID_CAMPAIGN,NEAR_JOINT_LIMIT,-3124121063722722590,10,PRISMATIC_ONLY,0.460000000000,-1.72499998335,2.91499998335,GUARDED_PRODUCTION,true,true,SUCCESS_WITH_WARNING,CRITICAL_SINGULARITY_DAMPED,78,true,true,1.02253868372e-07,false,false,false,false,0,Infinity,598292,0.416428568284|0.416428568284|0.574999960412|0.416428568282|0.416428568284|0.574999960412|0.416428568274|0.416428568279|0.574999960415|0.416428568278
1021,VALID_CAMPAIGN,NEAR_JOINT_LIMIT,-3124121063722722590,10,PRISMATIC_ONLY,0.460000000000,-1.72499998335,2.91499998335,UNGUARDED_REFERENCE,true,true,CONVERGED_UNCERTIFIED,NO_GUARDS_OR_FINAL_CERTIFICATION,3,true,true,1.15351099660e-07,false,false,false,false,0,NaN,9000,0.416428566257|0.416428566257|0.574999956566|0.416428566251|0.416428566321|0.574999956566|0.416428566293|0.416428566247|0.574999956523|0.416428566254
1022,VALID_CAMPAIGN,NEAR_SINGULARITY,3773216653535405621,10,PRISMATIC_ONLY,0.460000000000,-0.892500005550,2.08249999445,GUARDED_PRODUCTION,true,true,SUCCESS_WITH_WARNING,CRITICAL_SINGULARITY_DAMPED,108,true,true,5.43335558126e-08,false,false,false,false,0,Infinity,794625,0.297499999536|0.297499999536|0.297500019945|0.297499999534|0.297499999537|0.297500019945|0.297499999528|0.297499999533|0.297500019946|0.297499999534
1022,VALID_CAMPAIGN,NEAR_SINGULARITY,3773216653535405621,10,PRISMATIC_ONLY,0.460000000000,-0.892500005550,2.08249999445,UNGUARDED_REFERENCE,true,true,CONVERGED_UNCERTIFIED,NO_GUARDS_OR_FINAL_CERTIFICATION,3,true,true,1.58462211108e-07,false,false,false,false,0,NaN,5042,0.297500003287|0.297500003287|0.297500053815|0.297500003281|0.297500003351|0.297500053815|0.297500003323|0.297500003277|0.297500053773|0.297500003284
1023,VALID_CAMPAIGN,MICRO_MOTION,7397508796507150211,10,PRISMATIC_ONLY,0.460000000000,-0.892500061050,2.08249993895,GUARDED_PRODUCTION,true,true,SUCCESS,NONE,1,true,true,5.77999089489e-08,false,false,false,false,0,NaN,6791,0.297499999536|0.297499999536|0.297500019945|0.297499999534|0.297499999537|0.297500019945|0.297499999528|0.297499999533|0.297500019946|0.297499999534
1023,VALID_CAMPAIGN,MICRO_MOTION,7397508796507150211,10,PRISMATIC_ONLY,0.460000000000,-0.892500061050,2.08249993895,UNGUARDED_REFERENCE,true,true,CONVERGED_UNCERTIFIED,NO_GUARDS_OR_FINAL_CERTIFICATION,1,true,true,1.30958775390e-07,false,false,false,false,0,NaN,833,0.297500003287|0.297500003287|0.297500053815|0.297500003281|0.297500003351|0.297500053815|0.297500003323|0.297500003277|0.297500053773|0.297500003284
1024,VALID_CAMPAIGN,UNIFORM,-3230860701221511374,10,PRISMATIC_ONLY,0.460000000000,-0.430468487283,2.48992342947,GUARDED_PRODUCTION,true,true,SUCCESS_WITH_WARNING,CRITICAL_SINGULARITY_DAMPED,59,true,true,3.37144049062e-07,false,false,false,false,0,Infinity,464958,0.355703344157|0.355703344157|0.143489607936|0.355703344156|0.355703344159|0.143489607936|0.355703344148|0.355703344154|0.143489607937|0.355703344155
1024,VALID_CAMPAIGN,UNIFORM,-3230860701221511374,10,PRISMATIC_ONLY,0.460000000000,-0.430468487283,2.48992342947,UNGUARDED_REFERENCE,true,true,CONVERGED_UNCERTIFIED,NO_GUARDS_OR_FINAL_CERTIFICATION,3,true,true,8.76253479266e-08,false,false,false,false,0,NaN,4875,0.355703345064|0.355703345064|0.143489524613|0.355703345058|0.355703345102|0.143489524613|0.355703345099|0.355703345027|0.143489524554|0.355703345035
1025,VALID_CAMPAIGN,NEAR_JOINT_LIMIT,5763352516188641898,10,PRISMATIC_ONLY,0.460000000000,-1.16999999445,1.25000001665,GUARDED_PRODUCTION,true,true,SUCCESS_WITH_WARNING,CRITICAL_SINGULARITY_DAMPED,119,true,true,1.80184933477e-07,false,false,false,false,0,Infinity,875333,0.178571433138|0.178571433138|0.389999938306|0.178571433135|0.178571433141|0.389999938306|0.178571433130|0.178571433131|0.389999938304|0.178571433134
1025,VALID_CAMPAIGN,NEAR_JOINT_LIMIT,5763352516188641898,10,PRISMATIC_ONLY,0.460000000000,-1.16999999445,1.25000001665,UNGUARDED_REFERENCE,true,true,CONVERGED_UNCERTIFIED,NO_GUARDS_OR_FINAL_CERTIFICATION,3,true,true,1.44870305186e-07,false,false,false,false,0,NaN,4958,0.178571437055|0.178571437055|0.389999952021|0.178571437049|0.178571437093|0.389999952021|0.178571437090|0.178571437018|0.389999951961|0.178571436947
1026,VALID_CAMPAIGN,NEAR_SINGULARITY,3901907224010602685,10,PRISMATIC_ONLY,0.460000000000,-0.892500005550,2.08249999445,GUARDED_PRODUCTION,true,true,SUCCESS_WITH_WARNING,CRITICAL_SINGULARITY_DAMPED,67,true,true,2.84115267831e-07,false,false,false,false,0,Infinity,489333,0.297499991413|0.297499991413|0.297500094791|0.297499991408|0.297499991413|0.297500094791|0.297499991403|0.297499991403|0.297500094790|0.297499991407
1026,VALID_CAMPAIGN,NEAR_SINGULARITY,3901907224010602685,10,PRISMATIC_ONLY,0.460000000000,-0.892500005550,2.08249999445,UNGUARDED_REFERENCE,true,true,CONVERGED_UNCERTIFIED,NO_GUARDS_OR_FINAL_CERTIFICATION,3,true,true,5.93223381828e-08,false,false,false,false,0,NaN,4667,0.297499995138|0.297499995138|0.297500019194|0.297499995106|0.297499995150|0.297500019194|0.297499995174|0.297499995102|0.297500019114|0.297499995004
1027,VALID_CAMPAIGN,MICRO_MOTION,6295188828878786936,10,PRISMATIC_ONLY,0.460000000000,-0.892500061050,2.08249993895,GUARDED_PRODUCTION,true,true,SUCCESS,NONE,1,true,true,2.23323074735e-07,false,false,false,false,0,NaN,5750,0.297499991413|0.297499991413|0.297500094791|0.297499991408|0.297499991413|0.297500094791|0.297499991403|0.297499991403|0.297500094790|0.297499991407
1027,VALID_CAMPAIGN,MICRO_MOTION,6295188828878786936,10,PRISMATIC_ONLY,0.460000000000,-0.892500061050,2.08249993895,UNGUARDED_REFERENCE,true,true,CONVERGED_UNCERTIFIED,NO_GUARDS_OR_FINAL_CERTIFICATION,1,true,true,2.70933640916e-08,false,false,false,false,0,NaN,834,0.297499995138|0.297499995138|0.297500019194|0.297499995106|0.297499995150|0.297500019194|0.297499995174|0.297499995102|0.297500019114|0.297499995004
1028,VALID_CAMPAIGN,UNIFORM,-6498938377381355584,10,PRISMATIC_ONLY,0.460000000000,-0.606686127496,2.15906505684,GUARDED_PRODUCTION,true,true,SUCCESS_WITH_WARNING,CRITICAL_SINGULARITY_DAMPED,34,true,true,1.26932711694e-07,false,false,false,false,0,Infinity,245084,0.308437864943|0.308437864943|0.202228751470|0.308437864938|0.308437864943|0.202228751470|0.308437864933|0.308437864933|0.202228751469|0.308437864937
1028,VALID_CAMPAIGN,UNIFORM,-6498938377381355584,10,PRISMATIC_ONLY,0.460000000000,-0.606686127496,2.15906505684,UNGUARDED_REFERENCE,true,true,CONVERGED_UNCERTIFIED,NO_GUARDS_OR_FINAL_CERTIFICATION,3,true,true,5.35720870845e-08,false,false,false,false,0,NaN,5208,0.308437864909|0.308437864909|0.202228727028|0.308437864877|0.308437864921|0.202228727028|0.308437864945|0.308437864873|0.202228726948|0.308437864776
1029,VALID_CAMPAIGN,NEAR_JOINT_LIMIT,-7556446689470539378,10,PRISMATIC_ONLY,0.460000000000,-0.0600000166500,1.80500000555,GUARDED_PRODUCTION,true,true,SUCCESS_WITH_WARNING,CRITICAL_SINGULARITY_DAMPED,65,true,true,5.26989985227e-07,false,false,false,false,0,Infinity,498041,0.257857147021|0.257857147021|0.0200001810379|0.257857147016|0.257857147022|0.0200001810379|0.257857147012|0.257857147011|0.0200001810369|0.257857147016
1029,VALID_CAMPAIGN,NEAR_JOINT_LIMIT,-7556446689470539378,10,PRISMATIC_ONLY,0.460000000000,-0.0600000166500,1.80500000555,UNGUARDED_REFERENCE,true,true,CONVERGED_UNCERTIFIED,NO_GUARDS_OR_FINAL_CERTIFICATION,3,true,true,1.03067569322e-07,false,false,false,false,0,NaN,5500,0.257857145425|0.257857145425|0.0200000396918|0.257857145370|0.257857145414|0.0200000396918|0.257857145461|0.257857145366|0.0200000396117|0.257857145269
1030,VALID_CAMPAIGN,NEAR_SINGULARITY,-7950934579344417034,10,PRISMATIC_ONLY,0.460000000000,-0.892500005550,2.08249999445,GUARDED_PRODUCTION,true,true,SUCCESS_WITH_WARNING,CRITICAL_SINGULARITY_DAMPED,92,true,true,4.68761167911e-07,false,false,false,false,0,Infinity,704917,0.297499997808|0.297499997808|0.297499845631|0.297499997803|0.297499997809|0.297499845631|0.297499997799|0.297499997799|0.297499845630|0.297499997803
1030,VALID_CAMPAIGN,NEAR_SINGULARITY,-7950934579344417034,10,PRISMATIC_ONLY,0.460000000000,-0.892500005550,2.08249999445,UNGUARDED_REFERENCE,true,true,CONVERGED_UNCERTIFIED,NO_GUARDS_OR_FINAL_CERTIFICATION,3,true,true,1.56144619214e-07,false,false,false,false,0,NaN,5542,0.297499997882|0.297499997882|0.297499949926|0.297499997827|0.297499997871|0.297499949926|0.297499997909|0.297499997815|0.297499949846|0.297499997717
1031,VALID_CAMPAIGN,MICRO_MOTION,5025229305532809118,10,PRISMATIC_ONLY,0.460000000000,-0.892500061050,2.08249993895,GUARDED_PRODUCTION,true,true,SUCCESS,NONE,1,true,true,5.26144968917e-07,false,false,false,false,0,NaN,162500,0.297499997808|0.297499997808|0.297499845631|0.297499997803|0.297499997809|0.297499845631|0.297499997799|0.297499997799|0.297499845630|0.297499997803
1031,VALID_CAMPAIGN,MICRO_MOTION,5025229305532809118,10,PRISMATIC_ONLY,0.460000000000,-0.892500061050,2.08249993895,UNGUARDED_REFERENCE,true,true,CONVERGED_UNCERTIFIED,NO_GUARDS_OR_FINAL_CERTIFICATION,1,true,true,2.16290510465e-07,false,false,false,false,0,NaN,1000,0.297499997882|0.297499997882|0.297499949926|0.297499997827|0.297499997871|0.297499949926|0.297499997909|0.297499997815|0.297499949846|0.297499997717
1032,VALID_CAMPAIGN,UNIFORM,5371376992445095444,10,PRISMATIC_ONLY,0.460000000000,-0.904824427239,1.77760127293,GUARDED_PRODUCTION,true,true,SUCCESS_WITH_WARNING,CRITICAL_SINGULARITY_DAMPED,24,true,true,8.04473486310e-08,false,false,false,false,0,Infinity,180958,0.253943049156|0.253943049156|0.301608129893|0.253943049153|0.253943049160|0.301608129893|0.253943049149|0.253943049148|0.301608129891|0.253943049152
1032,VALID_CAMPAIGN,UNIFORM,5371376992445095444,10,PRISMATIC_ONLY,0.460000000000,-0.904824427239,1.77760127293,UNGUARDED_REFERENCE,true,true,CONVERGED_UNCERTIFIED,NO_GUARDS_OR_FINAL_CERTIFICATION,3,true,true,1.07400455975e-08,false,false,false,false,0,NaN,4708,0.253943040528|0.253943040528|0.301608141671|0.253943040473|0.253943040517|0.301608141671|0.253943040555|0.253943040460|0.301608141590|0.253943040363
1033,VALID_CAMPAIGN,NEAR_JOINT_LIMIT,2492676250677506056,10,PRISMATIC_ONLY,0.460000000000,-0.615000005550,0.695000027750,GUARDED_PRODUCTION,true,true,SUCCESS_WITH_WARNING,CRITICAL_SINGULARITY_DAMPED,83,true,true,2.97169089722e-07,false,false,false,false,0,Infinity,608208,0.0992857276912|0.0992857276912|0.205000098427|0.0992857276872|0.0992857276932|0.205000098427|0.0992857276835|0.0992857276843|0.205000098427|0.0992857276880
1033,VALID_CAMPAIGN,NEAR_JOINT_LIMIT,2492676250677506056,10,PRISMATIC_ONLY,0.460000000000,-0.615000005550,0.695000027750,UNGUARDED_REFERENCE,true,true,CONVERGED_UNCERTIFIED,NO_GUARDS_OR_FINAL_CERTIFICATION,3,true,true,6.58109033585e-08,false,false,false,false,0,NaN,4958,0.0992857236142|0.0992857236142|0.205000019963|0.0992857235596|0.0992857236035|0.205000019963|0.0992857236412|0.0992857235468|0.205000019882|0.0992857234149
1034,VALID_CAMPAIGN,NEAR_SINGULARITY,-4231988968615554473,10,PRISMATIC_ONLY,0.460000000000,-0.892500005550,2.08249999445,GUARDED_PRODUCTION,true,true,SUCCESS_WITH_WARNING,CRITICAL_SINGULARITY_DAMPED,102,true,true,6.65323621695e-07,false,false,false,false,0,Infinity,716250,0.297499958807|0.297499958807|0.297499801110|0.297499958802|0.297499958810|0.297499801110|0.297499958801|0.297499958799|0.297499801109|0.297499958806
1034,VALID_CAMPAIGN,NEAR_SINGULARITY,-4231988968615554473,10,PRISMATIC_ONLY,0.460000000000,-0.892500005550,2.08249999445,UNGUARDED_REFERENCE,true,true,CONVERGED_UNCERTIFIED,NO_GUARDS_OR_FINAL_CERTIFICATION,3,true,true,7.05505477067e-08,false,false,false,false,0,NaN,4541,0.297499992422|0.297499992422|0.297499984560|0.297499992368|0.297499992433|0.297499984560|0.297499992471|0.297499992355|0.297499984479|0.297499992245
1035,VALID_CAMPAIGN,MICRO_MOTION,-6611107260257825946,10,PRISMATIC_ONLY,0.460000000000,-0.892500061050,2.08249993895,GUARDED_PRODUCTION,true,true,SUCCESS,NONE,1,true,true,6.95894900820e-07,false,false,false,false,0,NaN,5916,0.297499958807|0.297499958807|0.297499801110|0.297499958802|0.297499958810|0.297499801110|0.297499958801|0.297499958799|0.297499801109|0.297499958806
1035,VALID_CAMPAIGN,MICRO_MOTION,-6611107260257825946,10,PRISMATIC_ONLY,0.460000000000,-0.892500061050,2.08249993895,UNGUARDED_REFERENCE,true,true,CONVERGED_UNCERTIFIED,NO_GUARDS_OR_FINAL_CERTIFICATION,1,true,true,1.07731145501e-07,false,false,false,false,0,NaN,792,0.297499992422|0.297499992422|0.297499984560|0.297499992368|0.297499992433|0.297499984560|0.297499992471|0.297499992355|0.297499984479|0.297499992245
1036,VALID_CAMPAIGN,UNIFORM,3334403920999904703,10,PRISMATIC_ONLY,0.460000000000,-0.807385577432,2.00766074861,GUARDED_PRODUCTION,true,true,SUCCESS_WITH_WARNING,CRITICAL_SINGULARITY_DAMPED,14,true,true,1.34545611460e-07,false,false,false,false,0,Infinity,99333,0.286808679572|0.286808679572|0.269128570572|0.286808679567|0.286808679574|0.269128570572|0.286808679565|0.286808679563|0.269128570572|0.286808679571
1036,VALID_CAMPAIGN,UNIFORM,3334403920999904703,10,PRISMATIC_ONLY,0.460000000000,-0.807385577432,2.00766074861,UNGUARDED_REFERENCE,true,true,CONVERGED_UNCERTIFIED,NO_GUARDS_OR_FINAL_CERTIFICATION,3,true,true,1.61409491878e-08,false,false,false,false,0,NaN,4625,0.286808678777|0.286808678777|0.269128531150|0.286808678723|0.286808678788|0.269128531150|0.286808678821|0.286808678705|0.269128531066|0.286808678595
1037,VALID_CAMPAIGN,NEAR_JOINT_LIMIT,-8674166207058316872,10,PRISMATIC_ONLY,0.460000000000,-0.615000005550,2.91499998335,GUARDED_PRODUCTION,true,true,SUCCESS_WITH_WARNING,CRITICAL_SINGULARITY_DAMPED,68,true,true,2.90831001869e-07,false,false,false,false,0,Infinity,480542,0.416428556507|0.416428556507|0.205000094270|0.416428556503|0.416428556513|0.205000094270|0.416428556506|0.416428556503|0.205000094270|0.416428556510
1037,VALID_CAMPAIGN,NEAR_JOINT_LIMIT,-8674166207058316872,10,PRISMATIC_ONLY,0.460000000000,-0.615000005550,2.91499998335,UNGUARDED_REFERENCE,true,true,CONVERGED_UNCERTIFIED,NO_GUARDS_OR_FINAL_CERTIFICATION,3,true,true,4.76608238538e-08,false,false,false,false,0,NaN,4625,0.416428564627|0.416428564627|0.205000013886|0.416428564572|0.416428564638|0.205000013886|0.416428564671|0.416428564555|0.205000013795|0.416428564445
1038,VALID_CAMPAIGN,NEAR_SINGULARITY,-6256829901459430134,10,PRISMATIC_ONLY,0.460000000000,-0.892500005550,2.08249999445,GUARDED_PRODUCTION,true,true,SUCCESS_WITH_WARNING,CRITICAL_SINGULARITY_DAMPED,67,true,true,2.84112267500e-07,false,false,false,false,0,Infinity,463542,0.297500007007|0.297500007007|0.297499908911|0.297500007003|0.297500007009|0.297499908911|0.297500007003|0.297500007004|0.297499908909|0.297500007008
1038,VALID_CAMPAIGN,NEAR_SINGULARITY,-6256829901459430134,10,PRISMATIC_ONLY,0.460000000000,-0.892500005550,2.08249999445,UNGUARDED_REFERENCE,true,true,CONVERGED_UNCERTIFIED,NO_GUARDS_OR_FINAL_CERTIFICATION,3,true,true,5.93223935968e-08,false,false,false,false,0,NaN,4458,0.297500003327|0.297500003327|0.297499984563|0.297500003273|0.297500003339|0.297499984563|0.297500003371|0.297500003308|0.297499984473|0.297500003145
1039,VALID_CAMPAIGN,MICRO_MOTION,-1292990053555440233,10,PRISMATIC_ONLY,0.460000000000,-0.892500061050,2.08249993895,GUARDED_PRODUCTION,true,true,SUCCESS,NONE,1,true,true,3.51978235559e-07,false,false,false,false,0,NaN,5750,0.297500007007|0.297500007007|0.297499908911|0.297500007003|0.297500007009|0.297499908911|0.297500007003|0.297500007004|0.297499908909|0.297500007008
1039,VALID_CAMPAIGN,MICRO_MOTION,-1292990053555440233,10,PRISMATIC_ONLY,0.460000000000,-0.892500061050,2.08249993895,UNGUARDED_REFERENCE,true,true,CONVERGED_UNCERTIFIED,NO_GUARDS_OR_FINAL_CERTIFICATION,1,true,true,1.36474329301e-07,false,false,false,false,0,NaN,750,0.297500003327|0.297500003327|0.297499984563|0.297500003273|0.297500003339|0.297499984563|0.297500003371|0.297500003308|0.297499984473|0.297500003145
1040,VALID_CAMPAIGN,UNIFORM,4779818045502751927,10,PRISMATIC_ONLY,0.460000000000,-1.21693746910,2.21234172947,GUARDED_PRODUCTION,true,true,SUCCESS_WITH_WARNING,CRITICAL_SINGULARITY_DAMPED,38,true,true,5.95997944114e-07,false,false,false,false,0,Infinity,286334,0.316048815934|0.316048815934|0.405645624459|0.316048815930|0.316048815937|0.405645624459|0.316048815930|0.316048815930|0.405645624458|0.316048815936
1040,VALID_CAMPAIGN,UNIFORM,4779818045502751927,10,PRISMATIC_ONLY,0.460000000000,-1.21693746910,2.21234172947,UNGUARDED_REFERENCE,true,true,CONVERGED_UNCERTIFIED,NO_GUARDS_OR_FINAL_CERTIFICATION,3,true,true,6.09020622487e-08,false,false,false,false,0,NaN,4958,0.316048817891|0.316048817891|0.405645802822|0.316048817829|0.316048817903|0.405645802822|0.316048817927|0.316048817864|0.405645802720|0.316048817701
1041,VALID_CAMPAIGN,NEAR_JOINT_LIMIT,9096214534682762379,10,PRISMATIC_ONLY,0.460000000000,-1.72499998335,2.91499998335,GUARDED_PRODUCTION,true,true,SUCCESS_WITH_WARNING,CRITICAL_SINGULARITY_DAMPED,75,true,true,2.84032291501e-07,false,false,false,false,0,Infinity,536375,0.416428565506|0.416428565506|0.574999900134|0.416428565502|0.416428565509|0.574999900134|0.416428565504|0.416428565504|0.574999900134|0.416428565511
1041,VALID_CAMPAIGN,NEAR_JOINT_LIMIT,9096214534682762379,10,PRISMATIC_ONLY,0.460000000000,-1.72499998335,2.91499998335,UNGUARDED_REFERENCE,true,true,CONVERGED_UNCERTIFIED,NO_GUARDS_OR_FINAL_CERTIFICATION,3,true,true,9.81382852726e-08,false,false,false,false,0,NaN,4750,0.416428565630|0.416428565630|0.574999962779|0.416428565567|0.416428565641|0.574999962779|0.416428565666|0.416428565602|0.574999962677|0.416428565440
1042,VALID_CAMPAIGN,NEAR_SINGULARITY,-8405536971825271873,10,PRISMATIC_ONLY,0.460000000000,-0.892500005550,2.08249999445,GUARDED_PRODUCTION,true,true,SUCCESS_WITH_WARNING,CRITICAL_SINGULARITY_DAMPED,108,true,true,5.43231270939e-08,false,false,false,false,0,Infinity,760500,0.297499999533|0.297499999533|0.297500019941|0.297499999531|0.297499999538|0.297500019941|0.297499999532|0.297499999530|0.297500019943|0.297499999538
1042,VALID_CAMPAIGN,NEAR_SINGULARITY,-8405536971825271873,10,PRISMATIC_ONLY,0.460000000000,-0.892500005550,2.08249999445,UNGUARDED_REFERENCE,true,true,CONVERGED_UNCERTIFIED,NO_GUARDS_OR_FINAL_CERTIFICATION,3,true,true,1.58462222219e-07,false,false,false,false,0,NaN,4750,0.297500003324|0.297500003324|0.297500053835|0.297500003262|0.297500003336|0.297500053835|0.297500003360|0.297500003350|0.297500053732|0.297500003134
1043,VALID_CAMPAIGN,MICRO_MOTION,-6739864211530512321,10,PRISMATIC_ONLY,0.460000000000,-0.892500061050,2.08249993895,GUARDED_PRODUCTION,true,true,SUCCESS,NONE,1,true,true,5.77995204250e-08,false,false,false,false,0,NaN,5917,0.297499999533|0.297499999533|0.297500019941|0.297499999531|0.297499999538|0.297500019941|0.297499999532|0.297499999530|0.297500019943|0.297499999538
1043,VALID_CAMPAIGN,MICRO_MOTION,-6739864211530512321,10,PRISMATIC_ONLY,0.460000000000,-0.892500061050,2.08249993895,UNGUARDED_REFERENCE,true,true,CONVERGED_UNCERTIFIED,NO_GUARDS_OR_FINAL_CERTIFICATION,1,true,true,1.30958769120e-07,false,false,false,false,0,NaN,791,0.297500003324|0.297500003324|0.297500053835|0.297500003262|0.297500003336|0.297500053835|0.297500003360|0.297500003350|0.297500053732|0.297500003134
1044,VALID_CAMPAIGN,UNIFORM,5935706940475390978,10,PRISMATIC_ONLY,0.460000000000,-0.606491702062,2.31670187347,GUARDED_PRODUCTION,true,true,SUCCESS_WITH_WARNING,CRITICAL_SINGULARITY_DAMPED,37,true,true,4.74422276467e-07,false,false,false,false,0,Infinity,259291,0.330957406362|0.330957406362|0.202164058533|0.330957406359|0.330957406367|0.202164058533|0.330957406361|0.330957406359|0.202164058534|0.330957406368
1044,VALID_CAMPAIGN,UNIFORM,5935706940475390978,10,PRISMATIC_ONLY,0.460000000000,-0.606491702062,2.31670187347,UNGUARDED_REFERENCE,true,true,CONVERGED_UNCERTIFIED,NO_GUARDS_OR_FINAL_CERTIFICATION,3,true,true,5.41465617805e-08,false,false,false,false,0,NaN,4625,0.330957409371|0.330957409371|0.202163918566|0.330957409308|0.330957409382|0.202163918566|0.330957409407|0.330957409396|0.202163918474|0.330957409181
1045,VALID_CAMPAIGN,NEAR_JOINT_LIMIT,8676369201074761227,10,PRISMATIC_ONLY,0.460000000000,-0.615000005550,1.80500000555,GUARDED_PRODUCTION,true,true,SUCCESS_WITH_WARNING,CRITICAL_SINGULARITY_DAMPED,38,true,true,7.81166822082e-08,false,false,false,false,0,Infinity,268125,0.257857154532|0.257857154532|0.204999996091|0.257857154529|0.257857154537|0.204999996091|0.257857154534|0.257857154529|0.204999996092|0.257857154539
1045,VALID_CAMPAIGN,NEAR_JOINT_LIMIT,8676369201074761227,10,PRISMATIC_ONLY,0.460000000000,-0.615000005550,1.80500000555,UNGUARDED_REFERENCE,true,true,CONVERGED_UNCERTIFIED,NO_GUARDS_OR_FINAL_CERTIFICATION,3,true,true,1.76757926695e-08,false,false,false,false,0,NaN,4583,0.257857146191|0.257857146191|0.205000001350|0.257857146128|0.257857146202|0.205000001350|0.257857146227|0.257857146216|0.205000001258|0.257857146000
1046,VALID_CAMPAIGN,NEAR_SINGULARITY,647169823008836807,10,PRISMATIC_ONLY,0.460000000000,-0.892500005550,2.08249999445,GUARDED_PRODUCTION,true,true,SUCCESS_WITH_WARNING,CRITICAL_SINGULARITY_DAMPED,38,true,true,3.06206688089e-07,false,false,false,false,0,Infinity,274041,0.297499996031|0.297499996031|0.297499900050|0.297499996027|0.297499996035|0.297499900050|0.297499996032|0.297499996026|0.297499900052|0.297499996037
1046,VALID_CAMPAIGN,NEAR_SINGULARITY,647169823008836807,10,PRISMATIC_ONLY,0.460000000000,-0.892500005550,2.08249999445,UNGUARDED_REFERENCE,true,true,CONVERGED_UNCERTIFIED,NO_GUARDS_OR_FINAL_CERTIFICATION,3,true,true,5.28207298419e-08,false,false,false,false,0,NaN,4542,0.297499997869|0.297499997869|0.297499984564|0.297499997806|0.297499997880|0.297499984564|0.297499997905|0.297499997894|0.297499984472|0.297499997679
1047,VALID_CAMPAIGN,MICRO_MOTION,-7575140338993508429,10,PRISMATIC_ONLY,0.460000000000,-0.892500061050,2.08249993895,GUARDED_PRODUCTION,true,true,SUCCESS,NONE,1,true,true,3.62428717561e-07,false,false,false,false,0,NaN,6000,0.297499996031|0.297499996031|0.297499900050|0.297499996027|0.297499996035|0.297499900050|0.297499996032|0.297499996026|0.297499900052|0.297499996037
1047,VALID_CAMPAIGN,MICRO_MOTION,-7575140338993508429,10,PRISMATIC_ONLY,0.460000000000,-0.892500061050,2.08249993895,UNGUARDED_REFERENCE,true,true,CONVERGED_UNCERTIFIED,NO_GUARDS_OR_FINAL_CERTIFICATION,1,true,true,1.16864827466e-07,false,false,false,false,0,NaN,750,0.297499997869|0.297499997869|0.297499984564|0.297499997806|0.297499997880|0.297499984564|0.297499997905|0.297499997894|0.297499984472|0.297499997679
1048,VALID_CAMPAIGN,UNIFORM,6026555772397920005,10,PRISMATIC_ONLY,0.460000000000,-1.04601669401,2.24291560599,GUARDED_PRODUCTION,true,true,SUCCESS_WITH_WARNING,CRITICAL_SINGULARITY_DAMPED,23,true,true,2.07724241188e-07,false,false,false,false,0,Infinity,165875,0.320416512875|0.320416512875|0.348672162298|0.320416512871|0.320416512879|0.348672162298|0.320416512878|0.320416512872|0.348672162299|0.320416512883
1048,VALID_CAMPAIGN,UNIFORM,6026555772397920005,10,PRISMATIC_ONLY,0.460000000000,-1.04601669401,2.24291560599,UNGUARDED_REFERENCE,true,true,CONVERGED_UNCERTIFIED,NO_GUARDS_OR_FINAL_CERTIFICATION,3,true,true,2.92649707001e-08,false,false,false,false,0,NaN,4542,0.320416514378|0.320416514378|0.348672221791|0.320416514315|0.320416514389|0.348672221791|0.320416514414|0.320416514403|0.348672221693|0.320416514188
1049,VALID_CAMPAIGN,NEAR_JOINT_LIMIT,8597015701079063382,10,PRISMATIC_ONLY,0.460000000000,-0.615000005550,1.80500000555,GUARDED_PRODUCTION,true,true,SUCCESS_WITH_WARNING,CRITICAL_SINGULARITY_DAMPED,57,true,true,5.39937702506e-07,false,false,false,false,0,Infinity,402167,0.257857149164|0.257857149164|0.205000181369|0.257857149161|0.257857149168|0.205000181369|0.257857149166|0.257857149159|0.205000181368|0.257857149171
1049,VALID_CAMPAIGN,NEAR_JOINT_LIMIT,8597015701079063382,10,PRISMATIC_ONLY,0.460000000000,-0.615000005550,1.80500000555,UNGUARDED_REFERENCE,true,true,CONVERGED_UNCERTIFIED,NO_GUARDS_OR_FINAL_CERTIFICATION,3,true,true,8.20850664477e-08,false,false,false,false,0,NaN,4666,0.257857145828|0.257857145828|0.205000028780|0.257857145765|0.257857145839|0.205000028780|0.257857145864|0.257857145853|0.205000028682|0.257857145638
1050,VALID_CAMPAIGN,NEAR_SINGULARITY,5111105303286402911,10,PRISMATIC_ONLY,0.460000000000,-0.892500005550,2.08249999445,GUARDED_PRODUCTION,true,true,SUCCESS_WITH_WARNING,CRITICAL_SINGULARITY_DAMPED,38,true,true,3.06178748221e-07,false,false,false,false,0,Infinity,272333,0.297499996030|0.297499996030|0.297499900060|0.297499996027|0.297499996035|0.297499900060|0.297499996033|0.297499996027|0.297499900059|0.297499996039
1050,VALID_CAMPAIGN,NEAR_SINGULARITY,5111105303286402911,10,PRISMATIC_ONLY,0.460000000000,-0.892500005550,2.08249999445,UNGUARDED_REFERENCE,true,true,CONVERGED_UNCERTIFIED,NO_GUARDS_OR_FINAL_CERTIFICATION,3,true,true,5.28207152771e-08,false,false,false,false,0,NaN,4792,0.297499997869|0.297499997869|0.297499984566|0.297499997806|0.297499997880|0.297499984566|0.297499997905|0.297499997894|0.297499984468|0.297499997679
1051,VALID_CAMPAIGN,MICRO_MOTION,-8100787000869986959,10,PRISMATIC_ONLY,0.460000000000,-0.892500061050,2.08249993895,GUARDED_PRODUCTION,true,true,SUCCESS,NONE,1,true,true,3.62401167288e-07,false,false,false,false,0,NaN,7167,0.297499996030|0.297499996030|0.297499900060|0.297499996027|0.297499996035|0.297499900060|0.297499996033|0.297499996027|0.297499900059|0.297499996039
1051,VALID_CAMPAIGN,MICRO_MOTION,-8100787000869986959,10,PRISMATIC_ONLY,0.460000000000,-0.892500061050,2.08249993895,UNGUARDED_REFERENCE,true,true,CONVERGED_UNCERTIFIED,NO_GUARDS_OR_FINAL_CERTIFICATION,1,true,true,1.16864811604e-07,false,false,false,false,0,NaN,750,0.297499997869|0.297499997869|0.297499984566|0.297499997806|0.297499997880|0.297499984566|0.297499997905|0.297499997894|0.297499984468|0.297499997679
1052,VALID_CAMPAIGN,UNIFORM,-1912031982264186484,10,PRISMATIC_ONLY,0.460000000000,-1.03798772201,1.71115432052,GUARDED_PRODUCTION,true,true,SUCCESS_WITH_WARNING,CRITICAL_SINGULARITY_DAMPED,33,true,true,1.90438063542e-07,false,false,false,false,0,Infinity,238875,0.244450622194|0.244450622194|0.345995844929|0.244450622191|0.244450622201|0.345995844929|0.244450622198|0.244450622190|0.345995844930|0.244450622202
1052,VALID_CAMPAIGN,UNIFORM,-1912031982264186484,10,PRISMATIC_ONLY,0.460000000000,-1.03798772201,1.71115432052,UNGUARDED_REFERENCE,true,true,CONVERGED_UNCERTIFIED,NO_GUARDS_OR_FINAL_CERTIFICATION,3,true,true,3.00840365469e-08,false,false,false,false,0,NaN,4959,0.244450619064|0.244450619064|0.345995898290|0.244450619001|0.244450619076|0.345995898290|0.244450619100|0.244450619113|0.345995898193|0.244450618874
1053,VALID_CAMPAIGN,NEAR_JOINT_LIMIT,8163942385170690910,10,PRISMATIC_ONLY,0.460000000000,-0.0600000166500,0.695000027750,GUARDED_PRODUCTION,true,true,SUCCESS_WITH_WARNING,CRITICAL_SINGULARITY_DAMPED,128,true,true,5.65551362937e-08,false,false,false,false,0,Infinity,928625,0.0992857185770|0.0992857185770|0.0200000243851|0.0992857185731|0.0992857185839|0.0200000243851|0.0992857185815|0.0992857185738|0.0200000243880|0.0992857185871
1053,VALID_CAMPAIGN,NEAR_JOINT_LIMIT,8163942385170690910,10,PRISMATIC_ONLY,0.460000000000,-0.0600000166500,0.695000027750,UNGUARDED_REFERENCE,true,true,CONVERGED_UNCERTIFIED,NO_GUARDS_OR_FINAL_CERTIFICATION,3,true,true,1.86396899609e-07,false,false,false,false,0,NaN,5125,0.0992857232803|0.0992857232803|0.0200000666124|0.0992857232175|0.0992857232916|0.0200000666124|0.0992857233163|0.0992857232968|0.0200000665145|0.0992857230256
1054,VALID_CAMPAIGN,NEAR_SINGULARITY,7521399723645100561,10,PRISMATIC_ONLY,0.460000000000,-0.892500005550,2.08249999445,GUARDED_PRODUCTION,true,true,SUCCESS_WITH_WARNING,CRITICAL_SINGULARITY_DAMPED,133,true,true,3.97493473370e-07,false,false,false,false,0,Infinity,1019333,0.297499994434|0.297499994434|0.297499869820|0.297499994430|0.297499994440|0.297499869820|0.297499994439|0.297499994432|0.297499869822|0.297499994445
1054,VALID_CAMPAIGN,NEAR_SINGULARITY,7521399723645100561,10,PRISMATIC_ONLY,0.460000000000,-0.892500005550,2.08249999445,UNGUARDED_REFERENCE,true,true,CONVERGED_UNCERTIFIED,NO_GUARDS_OR_FINAL_CERTIFICATION,3,true,true,1.62998414176e-07,false,false,false,false,0,NaN,6084,0.297499992424|0.297499992424|0.297499949932|0.297499992361|0.297499992436|0.297499949932|0.297499992460|0.297499992441|0.297499949834|0.297499992170
1055,VALID_CAMPAIGN,MICRO_MOTION,-6205386086459737743,10,PRISMATIC_ONLY,0.460000000000,-0.892500061050,2.08249993895,GUARDED_PRODUCTION,true,true,SUCCESS,NONE,1,true,true,4.52128800757e-07,false,false,false,false,0,NaN,14958,0.297499994434|0.297499994434|0.297499869820|0.297499994430|0.297499994440|0.297499869820|0.297499994439|0.297499994432|0.297499869822|0.297499994445
1055,VALID_CAMPAIGN,MICRO_MOTION,-6205386086459737743,10,PRISMATIC_ONLY,0.460000000000,-0.892500061050,2.08249993895,UNGUARDED_REFERENCE,true,true,CONVERGED_UNCERTIFIED,NO_GUARDS_OR_FINAL_CERTIFICATION,1,true,true,2.11495121169e-07,false,false,false,false,0,NaN,833,0.297499992424|0.297499992424|0.297499949932|0.297499992361|0.297499992436|0.297499949932|0.297499992460|0.297499992441|0.297499949834|0.297499992170
1056,VALID_CAMPAIGN,UNIFORM,-2613701807234128208,10,PRISMATIC_ONLY,0.460000000000,-0.692441931907,1.14483666172,GUARDED_PRODUCTION,true,true,SUCCESS_WITH_WARNING,CRITICAL_SINGULARITY_DAMPED,71,true,true,7.32428300723e-08,false,false,false,false,0,Infinity,519333,0.163548097332|0.163548097332|0.230814000823|0.163548097326|0.163548097338|0.230814000823|0.163548097334|0.163548097329|0.230814000826|0.163548097342
1056,VALID_CAMPAIGN,UNIFORM,-2613701807234128208,10,PRISMATIC_ONLY,0.460000000000,-0.692441931907,1.14483666172,UNGUARDED_REFERENCE,true,true,CONVERGED_UNCERTIFIED,NO_GUARDS_OR_FINAL_CERTIFICATION,3,true,true,4.94297644949e-08,false,false,false,false,0,NaN,4958,0.163548099167|0.163548099167|0.230813989817|0.163548099104|0.163548099238|0.230813989817|0.163548099203|0.163548099183|0.230813989726|0.163548098912
1057,VALID_CAMPAIGN,NEAR_JOINT_LIMIT,-4472573000536118045,10,PRISMATIC_ONLY,0.460000000000,-1.16999999445,2.91499998335,GUARDED_PRODUCTION,true,true,SUCCESS_WITH_WARNING,CRITICAL_SINGULARITY_DAMPED,135,true,true,1.22499734876e-07,false,false,false,false,0,Infinity,977958,0.416428566062|0.416428566062|0.389999957914|0.416428566057|0.416428566068|0.389999957914|0.416428566066|0.416428566065|0.389999957917|0.416428566075
1057,VALID_CAMPAIGN,NEAR_JOINT_LIMIT,-4472573000536118045,10,PRISMATIC_ONLY,0.460000000000,-1.16999999445,2.91499998335,UNGUARDED_REFERENCE,true,true,CONVERGED_UNCERTIFIED,NO_GUARDS_OR_FINAL_CERTIFICATION,3,true,true,1.08174001454e-07,false,false,false,false,0,NaN,4750,0.416428560378|0.416428560378|0.389999968379|0.416428560315|0.416428560449|0.389999968379|0.416428560414|0.416428560395|0.389999968288|0.416428560123
1058,VALID_CAMPAIGN,NEAR_SINGULARITY,8650408437004455224,10,PRISMATIC_ONLY,0.460000000000,-0.892500005550,2.08249999445,GUARDED_PRODUCTION,true,true,SUCCESS_WITH_WARNING,CRITICAL_SINGULARITY_DAMPED,67,true,true,2.84116486542e-07,false,false,false,false,0,Infinity,475583,0.297500007003|0.297500007003|0.297500094790|0.297500006999|0.297500007012|0.297500094790|0.297500007005|0.297500007005|0.297500094792|0.297500007015
1058,VALID_CAMPAIGN,NEAR_SINGULARITY,8650408437004455224,10,PRISMATIC_ONLY,0.460000000000,-0.892500005550,2.08249999445,UNGUARDED_REFERENCE,true,true,CONVERGED_UNCERTIFIED,NO_GUARDS_OR_FINAL_CERTIFICATION,3,true,true,5.93223702279e-08,false,false,false,false,0,NaN,6125,0.297500003304|0.297500003304|0.297500019204|0.297500003241|0.297500003374|0.297500019204|0.297500003393|0.297500003373|0.297500019093|0.297500003102
1059,VALID_CAMPAIGN,MICRO_MOTION,-7057350992879952318,10,PRISMATIC_ONLY,0.460000000000,-0.892500061050,2.08249993895,GUARDED_PRODUCTION,true,true,SUCCESS,NONE,1,true,true,2.48984032302e-07,false,false,false,false,0,NaN,6166,0.297500007003|0.297500007003|0.297500094790|0.297500006999|0.297500007012|0.297500094790|0.297500007005|0.297500007005|0.297500094792|0.297500007015
1059,VALID_CAMPAIGN,MICRO_MOTION,-7057350992879952318,10,PRISMATIC_ONLY,0.460000000000,-0.892500061050,2.08249993895,UNGUARDED_REFERENCE,true,true,CONVERGED_UNCERTIFIED,NO_GUARDS_OR_FINAL_CERTIFICATION,1,true,true,8.42149711450e-08,false,false,false,false,0,NaN,833,0.297500003304|0.297500003304|0.297500019204|0.297500003241|0.297500003374|0.297500019204|0.297500003393|0.297500003373|0.297500019093|0.297500003102
1060,VALID_CAMPAIGN,UNIFORM,-4875625559708709752,10,PRISMATIC_ONLY,0.460000000000,-1.21378270951,2.44187174478,GUARDED_PRODUCTION,true,true,SUCCESS_WITH_WARNING,CRITICAL_SINGULARITY_DAMPED,45,true,true,2.59995486738e-07,false,false,false,false,0,Infinity,317875,0.348838817754|0.348838817754|0.404594150105|0.348838817749|0.348838817764|0.404594150105|0.348838817756|0.348838817756|0.404594150109|0.348838817767
1060,VALID_CAMPAIGN,UNIFORM,-4875625559708709752,10,PRISMATIC_ONLY,0.460000000000,-1.21378270951,2.44187174478,UNGUARDED_REFERENCE,true,true,CONVERGED_UNCERTIFIED,NO_GUARDS_OR_FINAL_CERTIFICATION,3,true,true,6.14048892849e-08,false,false,false,false,0,NaN,4666,0.348838818922|0.348838818922|0.404594216486|0.348838818859|0.348838818992|0.404594216486|0.348838819011|0.348838818991|0.404594216387|0.348838818720
1061,VALID_CAMPAIGN,NEAR_JOINT_LIMIT,2600365521223684717,10,PRISMATIC_ONLY,0.460000000000,-1.16999999445,2.91499998335,GUARDED_PRODUCTION,true,true,SUCCESS_WITH_WARNING,CRITICAL_SINGULARITY_DAMPED,36,true,true,7.70282846447e-08,false,false,false,false,0,Infinity,254208,0.416428562266|0.416428562266|0.390000018371|0.416428562262|0.416428562278|0.390000018371|0.416428562266|0.416428562265|0.390000018374|0.416428562279
1061,VALID_CAMPAIGN,NEAR_JOINT_LIMIT,2600365521223684717,10,PRISMATIC_ONLY,0.460000000000,-1.16999999445,2.91499998335,UNGUARDED_REFERENCE,true,true,CONVERGED_UNCERTIFIED,NO_GUARDS_OR_FINAL_CERTIFICATION,3,true,true,1.82240901547e-08,false,false,false,false,0,NaN,4625,0.416428566717|0.416428566717|0.390000000915|0.416428566654|0.416428566788|0.390000000915|0.416428566806|0.416428566846|0.390000000816|0.416428566545
1062,VALID_CAMPAIGN,NEAR_SINGULARITY,3710857840435436527,10,PRISMATIC_ONLY,0.460000000000,-0.892500005550,2.08249999445,GUARDED_PRODUCTION,true,true,SUCCESS_WITH_WARNING,CRITICAL_SINGULARITY_DAMPED,67,true,true,2.84119259795e-07,false,false,false,false,0,Infinity,474875,0.297500007004|0.297500007004|0.297500094791|0.297500006998|0.297500007017|0.297500094791|0.297500007004|0.297500007000|0.297500094794|0.297500007016
1062,VALID_CAMPAIGN,NEAR_SINGULARITY,3710857840435436527,10,PRISMATIC_ONLY,0.460000000000,-0.892500005550,2.08249999445,UNGUARDED_REFERENCE,true,true,CONVERGED_UNCERTIFIED,NO_GUARDS_OR_FINAL_CERTIFICATION,3,true,true,5.93223911661e-08,false,false,false,false,0,NaN,4542,0.297500003291|0.297500003291|0.297500019193|0.297500003228|0.297500003362|0.297500019193|0.297500003380|0.297500003420|0.297500019115|0.297500003119
1063,VALID_CAMPAIGN,MICRO_MOTION,-7865873255185162369,10,PRISMATIC_ONLY,0.460000000000,-0.892500061050,2.08249993895,GUARDED_PRODUCTION,true,true,SUCCESS,NONE,1,true,true,2.48986705336e-07,false,false,false,false,0,NaN,5834,0.297500007004|0.297500007004|0.297500094791|0.297500006998|0.297500007017|0.297500094791|0.297500007004|0.297500007000|0.297500094794|0.297500007016
1063,VALID_CAMPAIGN,MICRO_MOTION,-7865873255185162369,10,PRISMATIC_ONLY,0.460000000000,-0.892500061050,2.08249993895,UNGUARDED_REFERENCE,true,true,CONVERGED_UNCERTIFIED,NO_GUARDS_OR_FINAL_CERTIFICATION,1,true,true,8.42149310923e-08,false,false,false,false,0,NaN,792,0.297500003291|0.297500003291|0.297500019193|0.297500003228|0.297500003362|0.297500019193|0.297500003380|0.297500003420|0.297500019115|0.297500003119
1064,VALID_CAMPAIGN,UNIFORM,2488350030550151642,10,PRISMATIC_ONLY,0.460000000000,-1.09408540390,2.00106172644,GUARDED_PRODUCTION,true,true,SUCCESS_WITH_WARNING,CRITICAL_SINGULARITY_DAMPED,25,true,true,4.62265027342e-07,false,false,false,false,0,Infinity,178500,0.285865962948|0.285865962948|0.364694980619|0.285865962942|0.285865962961|0.364694980619|0.285865962948|0.285865962944|0.364694980620|0.285865962960
1064,VALID_CAMPAIGN,UNIFORM,2488350030550151642,10,PRISMATIC_ONLY,0.460000000000,-1.09408540390,2.00106172644,UNGUARDED_REFERENCE,true,true,CONVERGED_UNCERTIFIED,NO_GUARDS_OR_FINAL_CERTIFICATION,3,true,true,3.78426877685e-08,false,false,false,false,0,NaN,4666,0.285865961312|0.285865961312|0.364695122079|0.285865961249|0.285865961383|0.364695122079|0.285865961401|0.285865961441|0.364695122007|0.285865961140
1065,VALID_CAMPAIGN,NEAR_JOINT_LIMIT,-1119735699946313315,10,PRISMATIC_ONLY,0.460000000000,-0.615000005550,3.46999997225,GUARDED_PRODUCTION,true,true,SUCCESS_WITH_WARNING,CRITICAL_SINGULARITY_DAMPED,116,true,true,2.19885951452e-07,false,false,false,false,0,Infinity,819125,0.495714276780|0.495714276780|0.205000074223|0.495714276777|0.495714276797|0.205000074223|0.495714276783|0.495714276775|0.205000074224|0.495714276789
1065,VALID_CAMPAIGN,NEAR_JOINT_LIMIT,-1119735699946313315,10,PRISMATIC_ONLY,0.460000000000,-0.615000005550,3.46999997225,UNGUARDED_REFERENCE,true,true,CONVERGED_UNCERTIFIED,NO_GUARDS_OR_FINAL_CERTIFICATION,3,true,true,1.02946810444e-07,false,false,false,false,0,NaN,4625,0.495714274550|0.495714274550|0.205000031770|0.495714274487|0.495714274620|0.205000031770|0.495714274638|0.495714274586|0.205000031699|0.495714274284
1066,VALID_CAMPAIGN,NEAR_SINGULARITY,-6540169458758755404,10,PRISMATIC_ONLY,0.460000000000,-0.892500005550,2.08249999445,GUARDED_PRODUCTION,true,true,SUCCESS_WITH_WARNING,CRITICAL_SINGULARITY_DAMPED,102,true,true,6.65365022532e-07,false,false,false,false,0,Infinity,721292,0.297500039610|0.297500039610|0.297499801098|0.297500039606|0.297500039627|0.297499801098|0.297500039613|0.297500039605|0.297499801099|0.297500039619
1066,VALID_CAMPAIGN,NEAR_SINGULARITY,-6540169458758755404,10,PRISMATIC_ONLY,0.460000000000,-0.892500005550,2.08249999445,UNGUARDED_REFERENCE,true,true,CONVERGED_UNCERTIFIED,NO_GUARDS_OR_FINAL_CERTIFICATION,3,true,true,7.05506019231e-08,false,false,false,false,0,NaN,4541,0.297500006033|0.297500006033|0.297499984553|0.297500005970|0.297500006103|0.297499984553|0.297500006121|0.297500006069|0.297499984492|0.297500005855
1067,VALID_CAMPAIGN,MICRO_MOTION,-4363304025692536866,10,PRISMATIC_ONLY,0.460000000000,-0.892500061050,2.08249993895,GUARDED_PRODUCTION,true,true,SUCCESS,NONE,1,true,true,7.39673432271e-07,false,false,false,false,0,NaN,5833,0.297500039610|0.297500039610|0.297499801098|0.297500039606|0.297500039627|0.297499801098|0.297500039613|0.297500039605|0.297499801099|0.297500039619
1067,VALID_CAMPAIGN,MICRO_MOTION,-4363304025692536866,10,PRISMATIC_ONLY,0.460000000000,-0.892500061050,2.08249993895,UNGUARDED_REFERENCE,true,true,CONVERGED_UNCERTIFIED,NO_GUARDS_OR_FINAL_CERTIFICATION,1,true,true,1.49006246573e-07,false,false,false,false,0,NaN,750,0.297500006033|0.297500006033|0.297499984553|0.297500005970|0.297500006103|0.297499984553|0.297500006121|0.297500006069|0.297499984492|0.297500005855
1068,VALID_CAMPAIGN,UNIFORM,-4818252905839449849,10,PRISMATIC_ONLY,0.460000000000,-0.734257033275,1.84885731097,GUARDED_PRODUCTION,true,true,SUCCESS_WITH_WARNING,CRITICAL_SINGULARITY_DAMPED,26,true,true,4.65969957901e-07,false,false,false,false,0,Infinity,183083,0.264122480490|0.264122480490|0.244752498760|0.264122480485|0.264122480505|0.244752498760|0.264122480492|0.264122480484|0.244752498761|0.264122480496
1068,VALID_CAMPAIGN,UNIFORM,-4818252905839449849,10,PRISMATIC_ONLY,0.460000000000,-0.734257033275,1.84885731097,UNGUARDED_REFERENCE,true,true,CONVERGED_UNCERTIFIED,NO_GUARDS_OR_FINAL_CERTIFICATION,3,true,true,3.06957750441e-08,false,false,false,false,0,NaN,4750,0.264122474150|0.264122474150|0.244752354320|0.264122474087|0.264122474220|0.244752354320|0.264122474238|0.264122474186|0.244752354259|0.264122473973
1069,VALID_CAMPAIGN,NEAR_JOINT_LIMIT,176536118338861999,10,PRISMATIC_ONLY,0.460000000000,-1.16999999445,1.80500000555,GUARDED_PRODUCTION,true,true,SUCCESS_WITH_WARNING,CRITICAL_SINGULARITY_DAMPED,49,true,true,2.93143631638e-07,false,false,false,false,0,Infinity,343334,0.257857143946|0.257857143946|0.389999900438|0.257857143941|0.257857143961|0.389999900438|0.257857143949|0.257857143941|0.389999900438|0.257857143953
1069,VALID_CAMPAIGN,NEAR_JOINT_LIMIT,176536118338861999,10,PRISMATIC_ONLY,0.460000000000,-1.16999999445,1.80500000555,UNGUARDED_REFERENCE,true,true,CONVERGED_UNCERTIFIED,NO_GUARDS_OR_FINAL_CERTIFICATION,3,true,true,8.15894884056e-08,false,false,false,false,0,NaN,4583,0.257857143872|0.257857143872|0.389999970978|0.257857143809|0.257857143943|0.389999970978|0.257857143960|0.257857143908|0.389999970918|0.257857143695
1070,VALID_CAMPAIGN,NEAR_SINGULARITY,-7601043477112763059,10,PRISMATIC_ONLY,0.460000000000,-0.892500005550,2.08249999445,GUARDED_PRODUCTION,true,true,SUCCESS_WITH_WARNING,CRITICAL_SINGULARITY_DAMPED,38,true,true,3.06191670098e-07,false,false,false,false,0,Infinity,269292,0.297499996029|0.297499996029|0.297500103644|0.297499996024|0.297499996045|0.297500103644|0.297499996032|0.297499996023|0.297500103645|0.297499996036
1070,VALID_CAMPAIGN,NEAR_SINGULARITY,-7601043477112763059,10,PRISMATIC_ONLY,0.460000000000,-0.892500005550,2.08249999445,UNGUARDED_REFERENCE,true,true,CONVERGED_UNCERTIFIED,NO_GUARDS_OR_FINAL_CERTIFICATION,3,true,true,5.28207315275e-08,false,false,false,false,0,NaN,4583,0.297499997855|0.297499997855|0.297500019180|0.297499997783|0.297499997917|0.297500019180|0.297499997942|0.297499997882|0.297500019140|0.297499997669
1071,VALID_CAMPAIGN,MICRO_MOTION,2122911281085577361,10,PRISMATIC_ONLY,0.460000000000,-0.892500061050,2.08249993895,GUARDED_PRODUCTION,true,true,SUCCESS,NONE,1,true,true,2.52088635718e-07,false,false,false,false,0,NaN,5792,0.297499996029|0.297499996029|0.297500103644|0.297499996024|0.297499996045|0.297500103644|0.297499996032|0.297499996023|0.297500103645|0.297499996036
1071,VALID_CAMPAIGN,MICRO_MOTION,2122911281085577361,10,PRISMATIC_ONLY,0.460000000000,-0.892500061050,2.08249993895,UNGUARDED_REFERENCE,true,true,CONVERGED_UNCERTIFIED,NO_GUARDS_OR_FINAL_CERTIFICATION,1,true,true,4.60901341166e-08,false,false,false,false,0,NaN,791,0.297499997855|0.297499997855|0.297500019180|0.297499997783|0.297499997917|0.297500019180|0.297499997942|0.297499997882|0.297500019140|0.297499997669
1072,VALID_CAMPAIGN,UNIFORM,5619463602721235805,10,PRISMATIC_ONLY,0.460000000000,-0.954742627824,2.16988302301,GUARDED_PRODUCTION,true,true,SUCCESS_WITH_WARNING,CRITICAL_SINGULARITY_DAMPED,12,true,true,4.17751564478e-07,false,false,false,false,0,Infinity,480916,0.309983282460|0.309983282460|0.318247404196|0.309983282454|0.309983282475|0.318247404196|0.309983282463|0.309983282454|0.318247404197|0.309983282466
1072,VALID_CAMPAIGN,UNIFORM,5619463602721235805,10,PRISMATIC_ONLY,0.460000000000,-0.954742627824,2.16988302301,UNGUARDED_REFERENCE,true,true,CONVERGED_UNCERTIFIED,NO_GUARDS_OR_FINAL_CERTIFICATION,3,true,true,1.20339823056e-08,false,false,false,false,0,NaN,5500,0.309983288586|0.309983288586|0.318247538738|0.309983288514|0.309983288648|0.318247538738|0.309983288668|0.309983288608|0.318247538695|0.309983288394
1073,VALID_CAMPAIGN,NEAR_JOINT_LIMIT,828901644102064384,10,PRISMATIC_ONLY,0.460000000000,-1.72499998335,2.35999999445,GUARDED_PRODUCTION,true,true,SUCCESS_WITH_WARNING,CRITICAL_SINGULARITY_DAMPED,85,true,true,1.27515898997e-07,false,false,false,false,0,Infinity,809583,0.337142856088|0.337142856088|0.574999951948|0.337142856083|0.337142856104|0.574999951948|0.337142856091|0.337142856082|0.574999951951|0.337142856095
1073,VALID_CAMPAIGN,NEAR_JOINT_LIMIT,828901644102064384,10,PRISMATIC_ONLY,0.460000000000,-1.72499998335,2.35999999445,UNGUARDED_REFERENCE,true,true,CONVERGED_UNCERTIFIED,NO_GUARDS_OR_FINAL_CERTIFICATION,3,true,true,1.44348353052e-07,false,false,false,false,0,NaN,4875,0.337142855430|0.337142855430|0.574999946398|0.337142855358|0.337142855492|0.574999946398|0.337142855511|0.337142855451|0.574999946355|0.337142855238
1074,VALID_CAMPAIGN,NEAR_SINGULARITY,8935781364797515509,10,PRISMATIC_ONLY,0.460000000000,-0.892500005550,2.08249999445,GUARDED_PRODUCTION,true,true,SUCCESS_WITH_WARNING,CRITICAL_SINGULARITY_DAMPED,92,true,true,4.68788223813e-07,false,false,false,false,0,Infinity,693250,0.297500000608|0.297500000608|0.297500158078|0.297500000603|0.297500000623|0.297500158078|0.297500000612|0.297500000602|0.297500158080|0.297500000615
1074,VALID_CAMPAIGN,NEAR_SINGULARITY,8935781364797515509,10,PRISMATIC_ONLY,0.460000000000,-0.892500005550,2.08249999445,UNGUARDED_REFERENCE,true,true,CONVERGED_UNCERTIFIED,NO_GUARDS_OR_FINAL_CERTIFICATION,3,true,true,1.56144643714e-07,false,false,false,false,0,NaN,5000,0.297500000585|0.297500000585|0.297500053815|0.297500000513|0.297500000647|0.297500053815|0.297500000667|0.297500000607|0.297500053772|0.297500000393
1075,VALID_CAMPAIGN,MICRO_MOTION,5176691810336592608,10,PRISMATIC_ONLY,0.460000000000,-0.892500061050,2.08249993895,GUARDED_PRODUCTION,true,true,SUCCESS,NONE,1,true,true,4.18316824875e-07,false,false,false,false,0,NaN,9791,0.297500000608|0.297500000608|0.297500158078|0.297500000603|0.297500000623|0.297500158078|0.297500000612|0.297500000602|0.297500158080|0.297500000615
1075,VALID_CAMPAIGN,MICRO_MOTION,5176691810336592608,10,PRISMATIC_ONLY,0.460000000000,-0.892500061050,2.08249993895,UNGUARDED_REFERENCE,true,true,CONVERGED_UNCERTIFIED,NO_GUARDS_OR_FINAL_CERTIFICATION,1,true,true,1.19589717630e-07,false,false,false,false,0,NaN,917,0.297500000585|0.297500000585|0.297500053815|0.297500000513|0.297500000647|0.297500053815|0.297500000667|0.297500000607|0.297500053772|0.297500000393
1076,VALID_CAMPAIGN,UNIFORM,-4614830991829251472,10,PRISMATIC_ONLY,0.460000000000,-0.979335713676,2.78353620939,GUARDED_PRODUCTION,true,true,SUCCESS_WITH_WARNING,CRITICAL_SINGULARITY_DAMPED,52,true,true,1.07036504085e-07,false,false,false,false,0,Infinity,372916,0.397648022526|0.397648022526|0.326445206650|0.397648022518|0.397648022540|0.326445206650|0.397648022528|0.397648022518|0.326445206653|0.397648022531
1076,VALID_CAMPAIGN,UNIFORM,-4614830991829251472,10,PRISMATIC_ONLY,0.460000000000,-0.979335713676,2.78353620939,UNGUARDED_REFERENCE,true,true,CONVERGED_UNCERTIFIED,NO_GUARDS_OR_FINAL_CERTIFICATION,3,true,true,2.90848182081e-08,false,false,false,false,0,NaN,4792,0.397648026481|0.397648026481|0.326445232489|0.397648026409|0.397648026543|0.326445232489|0.397648026563|0.397648026503|0.326445232443|0.397648026289
1077,VALID_CAMPAIGN,NEAR_JOINT_LIMIT,-3879767421472265944,10,PRISMATIC_ONLY,0.460000000000,-1.16999999445,1.80500000555,GUARDED_PRODUCTION,true,true,SUCCESS_WITH_WARNING,CRITICAL_SINGULARITY_DAMPED,73,true,true,1.63990641329e-07,false,false,false,false,0,Infinity,517541,0.257857150813|0.257857150813|0.389999946104|0.257857150802|0.257857150824|0.389999946104|0.257857150817|0.257857150807|0.389999946106|0.257857150819
1077,VALID_CAMPAIGN,NEAR_JOINT_LIMIT,-3879767421472265944,10,PRISMATIC_ONLY,0.460000000000,-1.16999999445,1.80500000555,UNGUARDED_REFERENCE,true,true,CONVERGED_UNCERTIFIED,NO_GUARDS_OR_FINAL_CERTIFICATION,3,true,true,4.90648013461e-08,false,false,false,false,0,NaN,4792,0.257857148491|0.257857148491|0.389999986265|0.257857148419|0.257857148553|0.389999986265|0.257857148573|0.257857148451|0.389999986226|0.257857148237
1078,VALID_CAMPAIGN,NEAR_SINGULARITY,3320054206499702413,10,PRISMATIC_ONLY,0.460000000000,-0.892500005550,2.08249999445,GUARDED_PRODUCTION,true,true,SUCCESS_WITH_WARNING,CRITICAL_SINGULARITY_DAMPED,38,true,true,3.06197709381e-07,false,false,false,false,0,Infinity,272625,0.297499996031|0.297499996031|0.297500103646|0.297499996021|0.297499996042|0.297500103646|0.297499996034|0.297499996025|0.297500103647|0.297499996036
1078,VALID_CAMPAIGN,NEAR_SINGULARITY,3320054206499702413,10,PRISMATIC_ONLY,0.460000000000,-0.892500005550,2.08249999445,UNGUARDED_REFERENCE,true,true,CONVERGED_UNCERTIFIED,NO_GUARDS_OR_FINAL_CERTIFICATION,3,true,true,5.28207130578e-08,false,false,false,false,0,NaN,4625,0.297499997876|0.297499997876|0.297500019180|0.297499997805|0.297499997938|0.297500019180|0.297499997958|0.297499997836|0.297500019141|0.297499997614
1079,VALID_CAMPAIGN,MICRO_MOTION,1558881884345202709,10,PRISMATIC_ONLY,0.460000000000,-0.892500061050,2.08249993895,GUARDED_PRODUCTION,true,true,SUCCESS,NONE,1,true,true,2.52094546187e-07,false,false,false,false,0,NaN,6500,0.297499996031|0.297499996031|0.297500103646|0.297499996021|0.297499996042|0.297500103646|0.297499996034|0.297499996025|0.297500103647|0.297499996036
1079,VALID_CAMPAIGN,MICRO_MOTION,1558881884345202709,10,PRISMATIC_ONLY,0.460000000000,-0.892500061050,2.08249993895,UNGUARDED_REFERENCE,true,true,CONVERGED_UNCERTIFIED,NO_GUARDS_OR_FINAL_CERTIFICATION,1,true,true,4.60901386181e-08,false,false,false,false,0,NaN,834,0.297499997876|0.297499997876|0.297500019180|0.297499997805|0.297499997938|0.297500019180|0.297499997958|0.297499997836|0.297500019141|0.297499997614
1080,VALID_CAMPAIGN,UNIFORM,2474881863258049090,10,PRISMATIC_ONLY,0.460000000000,-0.341039276797,1.76141962325,GUARDED_PRODUCTION,true,true,SUCCESS_WITH_WARNING,CRITICAL_SINGULARITY_DAMPED,65,true,true,2.79988931380e-07,false,false,false,false,0,Infinity,456625,0.251631376306|0.251631376306|0.113679852190|0.251631376297|0.251631376317|0.113679852190|0.251631376309|0.251631376300|0.113679852193|0.251631376311
1080,VALID_CAMPAIGN,UNIFORM,2474881863258049090,10,PRISMATIC_ONLY,0.460000000000,-0.341039276797,1.76141962325,UNGUARDED_REFERENCE,true,true,CONVERGED_UNCERTIFIED,NO_GUARDS_OR_FINAL_CERTIFICATION,3,true,true,1.03828389416e-07,false,false,false,false,0,NaN,4709,0.251631376364|0.251631376364|0.113679793352|0.251631376272|0.251631376426|0.113679793352|0.251631376446|0.251631376324|0.113679793333|0.251631376101
1081,VALID_CAMPAIGN,NEAR_JOINT_LIMIT,-6566310087865038035,10,PRISMATIC_ONLY,0.460000000000,-0.0600000166500,2.91499998335,GUARDED_PRODUCTION,true,true,SUCCESS_WITH_WARNING,CRITICAL_SINGULARITY_DAMPED,87,true,true,4.40603035658e-07,false,false,false,false,0,Infinity,620583,0.416428549916|0.416428549916|0.0200001454685|0.416428549912|0.416428549929|0.0200001454685|0.416428549921|0.416428549914|0.0200001454710|0.416428549923
1081,VALID_CAMPAIGN,NEAR_JOINT_LIMIT,-6566310087865038035,10,PRISMATIC_ONLY,0.460000000000,-0.0600000166500,2.91499998335,UNGUARDED_REFERENCE,true,true,CONVERGED_UNCERTIFIED,NO_GUARDS_OR_FINAL_CERTIFICATION,3,true,true,6.59026864182e-08,false,false,false,false,0,NaN,4791,0.416428563453|0.416428563453|0.0200000230940|0.416428563288|0.416428563442|0.0200000230940|0.416428563498|0.416428563376|0.0200000230755|0.416428563154
1082,VALID_CAMPAIGN,NEAR_SINGULARITY,-2703816316846572998,10,PRISMATIC_ONLY,0.460000000000,-0.892500005550,2.08249999445,GUARDED_PRODUCTION,true,true,SUCCESS_WITH_WARNING,CRITICAL_SINGULARITY_DAMPED,108,true,true,5.43135556366e-08,false,false,false,false,0,Infinity,768875,0.297499999530|0.297499999530|0.297499983761|0.297499999527|0.297499999546|0.297499983761|0.297499999536|0.297499999531|0.297499983763|0.297499999536
1082,VALID_CAMPAIGN,NEAR_SINGULARITY,-2703816316846572998,10,PRISMATIC_ONLY,0.460000000000,-0.892500005550,2.08249999445,UNGUARDED_REFERENCE,true,true,CONVERGED_UNCERTIFIED,NO_GUARDS_OR_FINAL_CERTIFICATION,3,true,true,1.58462210990e-07,false,false,false,false,0,NaN,4667,0.297500003356|0.297500003356|0.297499949905|0.297500003191|0.297500003345|0.297499949905|0.297500003401|0.297500003332|0.297499949887|0.297500003110
1083,VALID_CAMPAIGN,MICRO_MOTION,8619665510048898919,10,PRISMATIC_ONLY,0.460000000000,-0.892500061050,2.08249993895,GUARDED_PRODUCTION,true,true,SUCCESS,NONE,1,true,true,1.24047040597e-07,false,false,false,false,0,NaN,6333,0.297499999530|0.297499999530|0.297499983761|0.297499999527|0.297499999546|0.297499983761|0.297499999536|0.297499999531|0.297499983763|0.297499999536
1083,VALID_CAMPAIGN,MICRO_MOTION,8619665510048898919,10,PRISMATIC_ONLY,0.460000000000,-0.892500061050,2.08249993895,UNGUARDED_REFERENCE,true,true,CONVERGED_UNCERTIFIED,NO_GUARDS_OR_FINAL_CERTIFICATION,1,true,true,2.27485080082e-07,false,false,false,false,0,NaN,791,0.297500003356|0.297500003356|0.297499949905|0.297500003191|0.297500003345|0.297499949905|0.297500003401|0.297500003332|0.297499949887|0.297500003110
1084,VALID_CAMPAIGN,UNIFORM,7692304284696874668,10,PRISMATIC_ONLY,0.460000000000,-0.847210262489,1.57581052607,GUARDED_PRODUCTION,true,true,SUCCESS_WITH_WARNING,CRITICAL_SINGULARITY_DAMPED,38,true,true,1.14469353620e-07,false,false,false,false,0,Infinity,272042,0.225115799801|0.225115799801|0.282403450341|0.225115799799|0.225115799817|0.282403450341|0.225115799808|0.225115799802|0.282403450343|0.225115799805
1084,VALID_CAMPAIGN,UNIFORM,7692304284696874668,10,PRISMATIC_ONLY,0.460000000000,-0.847210262489,1.57581052607,UNGUARDED_REFERENCE,true,true,CONVERGED_UNCERTIFIED,NO_GUARDS_OR_FINAL_CERTIFICATION,3,true,true,1.93840818510e-08,false,false,false,false,0,NaN,4583,0.225115791973|0.225115791973|0.282403423662|0.225115791808|0.225115791962|0.282403423662|0.225115792050|0.225115791981|0.282403423643|0.225115791759
1085,VALID_CAMPAIGN,NEAR_JOINT_LIMIT,5258055630267104702,10,PRISMATIC_ONLY,0.460000000000,-0.615000005550,1.25000001665,GUARDED_PRODUCTION,true,true,SUCCESS_WITH_WARNING,CRITICAL_SINGULARITY_DAMPED,36,true,true,4.33738116057e-07,false,false,false,false,0,Infinity,258875,0.178571437396|0.178571437396|0.205000145643|0.178571437394|0.178571437412|0.205000145643|0.178571437404|0.178571437398|0.205000145646|0.178571437401
1085,VALID_CAMPAIGN,NEAR_JOINT_LIMIT,5258055630267104702,10,PRISMATIC_ONLY,0.460000000000,-0.615000005550,1.25000001665,UNGUARDED_REFERENCE,true,true,CONVERGED_UNCERTIFIED,NO_GUARDS_OR_FINAL_CERTIFICATION,3,true,true,4.48939089488e-08,false,false,false,false,0,NaN,4666,0.178571432595|0.178571432595|0.205000016344|0.178571432430|0.178571432584|0.205000016344|0.178571432672|0.178571432603|0.205000016334|0.178571432381
1086,VALID_CAMPAIGN,NEAR_SINGULARITY,1757163262929875631,10,PRISMATIC_ONLY,0.460000000000,-0.892500005550,2.08249999445,GUARDED_PRODUCTION,true,true,SUCCESS_WITH_WARNING,CRITICAL_SINGULARITY_DAMPED,67,true,true,2.84110113333e-07,false,false,false,false,0,Infinity,477666,0.297499991405|0.297499991405|0.297499908911|0.297499991402|0.297499991420|0.297499908911|0.297499991411|0.297499991406|0.297499908913|0.297499991410
1086,VALID_CAMPAIGN,NEAR_SINGULARITY,1757163262929875631,10,PRISMATIC_ONLY,0.460000000000,-0.892500005550,2.08249999445,UNGUARDED_REFERENCE,true,true,CONVERGED_UNCERTIFIED,NO_GUARDS_OR_FINAL_CERTIFICATION,3,true,true,5.93224142891e-08,false,false,false,false,0,NaN,4583,0.297499995171|0.297499995171|0.297499984540|0.297499995005|0.297499995133|0.297499984540|0.297499995222|0.297499995152|0.297499984520|0.297499994957
1087,VALID_CAMPAIGN,MICRO_MOTION,2913784842308227037,10,PRISMATIC_ONLY,0.460000000000,-0.892500061050,2.08249993895,GUARDED_PRODUCTION,true,true,SUCCESS,NONE,1,true,true,3.34317404971e-07,false,false,false,false,0,NaN,6167,0.297499991405|0.297499991405|0.297499908911|0.297499991402|0.297499991420|0.297499908911|0.297499991411|0.297499991406|0.297499908913|0.297499991410
1087,VALID_CAMPAIGN,MICRO_MOTION,2913784842308227037,10,PRISMATIC_ONLY,0.460000000000,-0.892500061050,2.08249993895,UNGUARDED_REFERENCE,true,true,CONVERGED_UNCERTIFIED,NO_GUARDS_OR_FINAL_CERTIFICATION,1,true,true,1.10757094282e-07,false,false,false,false,0,NaN,792,0.297499995171|0.297499995171|0.297499984540|0.297499995005|0.297499995133|0.297499984540|0.297499995222|0.297499995152|0.297499984520|0.297499994957
1088,VALID_CAMPAIGN,UNIFORM,-2345413608057756424,10,PRISMATIC_ONLY,0.460000000000,-0.712390270308,1.83080520536,GUARDED_PRODUCTION,true,true,SUCCESS_WITH_WARNING,CRITICAL_SINGULARITY_DAMPED,29,true,true,2.15263482499e-07,false,false,false,false,0,Infinity,208083,0.261543603886|0.261543603886|0.237463494818|0.261543603885|0.261543603901|0.237463494818|0.261543603892|0.261543603886|0.237463494821|0.261543603892
1088,VALID_CAMPAIGN,UNIFORM,-2345413608057756424,10,PRISMATIC_ONLY,0.460000000000,-0.712390270308,1.83080520536,UNGUARDED_REFERENCE,true,true,CONVERGED_UNCERTIFIED,NO_GUARDS_OR_FINAL_CERTIFICATION,3,true,true,3.48124453544e-08,false,false,false,false,0,NaN,4625,0.261543602058|0.261543602058|0.237463434682|0.261543601893|0.261543602020|0.237463434682|0.261543602109|0.261543602039|0.237463434662|0.261543601844
1089,VALID_CAMPAIGN,NEAR_JOINT_LIMIT,-7687462039564165469,10,PRISMATIC_ONLY,0.460000000000,-1.16999999445,1.25000001665,GUARDED_PRODUCTION,true,true,SUCCESS_WITH_WARNING,CRITICAL_SINGULARITY_DAMPED,65,true,true,5.72363477113e-07,false,false,false,false,0,Infinity,481500,0.178571438009|0.178571438009|0.389999808074|0.178571438009|0.178571438025|0.389999808074|0.178571438015|0.178571438010|0.389999808078|0.178571438015
1089,VALID_CAMPAIGN,NEAR_JOINT_LIMIT,-7687462039564165469,10,PRISMATIC_ONLY,0.460000000000,-1.16999999445,1.25000001665,UNGUARDED_REFERENCE,true,true,CONVERGED_UNCERTIFIED,NO_GUARDS_OR_FINAL_CERTIFICATION,3,true,true,8.79685758961e-08,false,false,false,false,0,NaN,4791,0.178571433862|0.178571433862|0.389999969600|0.178571433697|0.178571433824|0.389999969600|0.178571433895|0.178571433844|0.389999969580|0.178571433648
1090,VALID_CAMPAIGN,NEAR_SINGULARITY,-8335646075235659414,10,PRISMATIC_ONLY,0.460000000000,-0.892500005550,2.08249999445,GUARDED_PRODUCTION,true,true,SUCCESS_WITH_WARNING,CRITICAL_SINGULARITY_DAMPED,67,true,true,2.84107227214e-07,false,false,false,false,0,Infinity,482708,0.297499991405|0.297499991405|0.297500094787|0.297499991403|0.297499991420|0.297500094787|0.297499991411|0.297499991406|0.297500094789|0.297499991411
1090,VALID_CAMPAIGN,NEAR_SINGULARITY,-8335646075235659414,10,PRISMATIC_ONLY,0.460000000000,-0.892500005550,2.08249999445,UNGUARDED_REFERENCE,true,true,CONVERGED_UNCERTIFIED,NO_GUARDS_OR_FINAL_CERTIFICATION,3,true,true,5.93223328026e-08,false,false,false,false,0,NaN,4541,0.297499995169|0.297499995169|0.297500019180|0.297499995004|0.297499995132|0.297500019180|0.297499995202|0.297499995151|0.297500019140|0.297499994982
1091,VALID_CAMPAIGN,MICRO_MOTION,4907567676246914782,10,PRISMATIC_ONLY,0.460000000000,-0.892500061050,2.08249993895,GUARDED_PRODUCTION,true,true,SUCCESS,NONE,1,true,true,2.23315188707e-07,false,false,false,false,0,NaN,7666,0.297499991405|0.297499991405|0.297500094787|0.297499991403|0.297499991420|0.297500094787|0.297499991411|0.297499991406|0.297500094789|0.297499991411
1091,VALID_CAMPAIGN,MICRO_MOTION,4907567676246914782,10,PRISMATIC_ONLY,0.460000000000,-0.892500061050,2.08249993895,UNGUARDED_REFERENCE,true,true,CONVERGED_UNCERTIFIED,NO_GUARDS_OR_FINAL_CERTIFICATION,1,true,true,2.70933914288e-08,false,false,false,false,0,NaN,834,0.297499995169|0.297499995169|0.297500019180|0.297499995004|0.297499995132|0.297500019180|0.297499995202|0.297499995151|0.297500019140|0.297499994982
1092,VALID_CAMPAIGN,UNIFORM,5625802882897706653,10,PRISMATIC_ONLY,0.460000000000,-1.04271084351,2.28253912479,GUARDED_PRODUCTION,true,true,SUCCESS_WITH_WARNING,CRITICAL_SINGULARITY_DAMPED,24,true,true,3.97130941511e-07,false,false,false,false,0,Infinity,170917,0.326077012078|0.326077012078|0.347570149472|0.326077012076|0.326077012093|0.347570149472|0.326077012084|0.326077012079|0.347570149475|0.326077012085
1092,VALID_CAMPAIGN,UNIFORM,5625802882897706653,10,PRISMATIC_ONLY,0.460000000000,-1.04271084351,2.28253912479,UNGUARDED_REFERENCE,true,true,CONVERGED_UNCERTIFIED,NO_GUARDS_OR_FINAL_CERTIFICATION,3,true,true,2.89508164184e-08,false,false,false,false,0,NaN,4666,0.326077016898|0.326077016898|0.347570271807|0.326077016733|0.326077016860|0.347570271807|0.326077016930|0.326077016879|0.347570271772|0.326077016710
1093,VALID_CAMPAIGN,NEAR_JOINT_LIMIT,406012783505989094,10,PRISMATIC_ONLY,0.460000000000,-1.16999999445,1.25000001665,GUARDED_PRODUCTION,true,true,SUCCESS_WITH_WARNING,CRITICAL_SINGULARITY_DAMPED,75,true,true,1.13899259733e-07,false,false,false,false,0,Infinity,530458,0.178571438236|0.178571438236|0.389999964207|0.178571438235|0.178571438251|0.389999964207|0.178571438242|0.178571438238|0.389999964209|0.178571438244
1093,VALID_CAMPAIGN,NEAR_JOINT_LIMIT,406012783505989094,10,PRISMATIC_ONLY,0.460000000000,-1.16999999445,1.25000001665,UNGUARDED_REFERENCE,true,true,CONVERGED_UNCERTIFIED,NO_GUARDS_OR_FINAL_CERTIFICATION,3,true,true,4.27746311581e-08,false,false,false,false,0,NaN,4667,0.178571436078|0.178571436078|0.389999990218|0.178571435913|0.178571436041|0.389999990218|0.178571436111|0.178571436060|0.389999990183|0.178571435891
1094,VALID_CAMPAIGN,NEAR_SINGULARITY,-5619126661773533265,10,PRISMATIC_ONLY,0.460000000000,-0.892500005550,2.08249999445,GUARDED_PRODUCTION,true,true,SUCCESS_WITH_WARNING,CRITICAL_SINGULARITY_DAMPED,67,true,true,2.84115905561e-07,false,false,false,false,0,Infinity,473875,0.297499991404|0.297499991404|0.297500094790|0.297499991405|0.297499991421|0.297500094790|0.297499991410|0.297499991405|0.297500094793|0.297499991411
1094,VALID_CAMPAIGN,NEAR_SINGULARITY,-5619126661773533265,10,PRISMATIC_ONLY,0.460000000000,-0.892500005550,2.08249999445,UNGUARDED_REFERENCE,true,true,CONVERGED_UNCERTIFIED,NO_GUARDS_OR_FINAL_CERTIFICATION,3,true,true,5.93224170361e-08,false,false,false,false,0,NaN,4833,0.297499995169|0.297499995169|0.297500019179|0.297499995004|0.297499995132|0.297500019179|0.297499995202|0.297499995151|0.297500019144|0.297499994982
1095,VALID_CAMPAIGN,MICRO_MOTION,327265229733990357,10,PRISMATIC_ONLY,0.460000000000,-0.892500061050,2.08249993895,GUARDED_PRODUCTION,true,true,SUCCESS,NONE,1,true,true,2.23323702557e-07,false,false,false,false,0,NaN,6125,0.297499991404|0.297499991404|0.297500094790|0.297499991405|0.297499991421|0.297500094790|0.297499991410|0.297499991405|0.297500094793|0.297499991411
1095,VALID_CAMPAIGN,MICRO_MOTION,327265229733990357,10,PRISMATIC_ONLY,0.460000000000,-0.892500061050,2.08249993895,UNGUARDED_REFERENCE,true,true,CONVERGED_UNCERTIFIED,NO_GUARDS_OR_FINAL_CERTIFICATION,1,true,true,2.70933343359e-08,false,false,false,false,0,NaN,791,0.297499995169|0.297499995169|0.297500019179|0.297499995004|0.297499995132|0.297500019179|0.297499995202|0.297499995151|0.297500019144|0.297499994982
1096,ADVERSARIAL_PROBES,NON_FINITE_TARGET,209617426203799793,10,PRISMATIC_ONLY,NaN,-0.892500000000,2.08250000000,GUARDED_PRODUCTION,false,false,INVALID_INPUT,INVALID_TARGET,0,true,true,NaN,false,false,false,false,0,NaN,5500,0.297500000000|0.297500000000|0.297500000000|0.297500000000|0.297500000000|0.297500000000|0.297500000000|0.297500000000|0.297500000000|0.297500000000
1096,ADVERSARIAL_PROBES,NON_FINITE_TARGET,209617426203799793,10,PRISMATIC_ONLY,NaN,-0.892500000000,2.08250000000,UNGUARDED_REFERENCE,false,false,MAX_ITERATIONS_UNCERTIFIED,NO_GUARDS_OR_FINAL_CERTIFICATION,800,false,false,NaN,true,false,false,true,0,NaN,1473375,NaN|NaN|NaN|NaN|NaN|NaN|NaN|NaN|NaN|NaN
1097,ADVERSARIAL_PROBES,INFINITE_TARGET,3054932478535663403,10,PRISMATIC_ONLY,0.460000000000,-0.892500000000,Infinity,GUARDED_PRODUCTION,false,false,INVALID_INPUT,INVALID_TARGET,0,true,true,Infinity,false,false,false,false,0,NaN,4625,0.297500000000|0.297500000000|0.297500000000|0.297500000000|0.297500000000|0.297500000000|0.297500000000|0.297500000000|0.297500000000|0.297500000000
1097,ADVERSARIAL_PROBES,INFINITE_TARGET,3054932478535663403,10,PRISMATIC_ONLY,0.460000000000,-0.892500000000,Infinity,UNGUARDED_REFERENCE,false,false,MAX_ITERATIONS_UNCERTIFIED,NO_GUARDS_OR_FINAL_CERTIFICATION,800,false,false,NaN,true,false,false,true,0,NaN,1551500,NaN|NaN|NaN|NaN|NaN|NaN|NaN|NaN|NaN|NaN
1098,ADVERSARIAL_PROBES,NON_FINITE_INITIAL_STATE,-5995409787871063200,10,PRISMATIC_ONLY,0.460000000000,-0.892500000000,2.08250000000,GUARDED_PRODUCTION,false,false,INVALID_INPUT,INVALID_INITIAL_STATE,0,true,true,0.00000000000,false,false,false,false,0,NaN,26000,0.297500000000|0.297500000000|0.297500000000|0.297500000000|0.297500000000|0.297500000000|0.297500000000|0.297500000000|0.297500000000|0.297500000000
1098,ADVERSARIAL_PROBES,NON_FINITE_INITIAL_STATE,-5995409787871063200,10,PRISMATIC_ONLY,0.460000000000,-0.892500000000,2.08250000000,UNGUARDED_REFERENCE,false,false,MAX_ITERATIONS_UNCERTIFIED,NO_GUARDS_OR_FINAL_CERTIFICATION,800,false,false,NaN,true,false,false,true,0,NaN,1528458,NaN|NaN|NaN|NaN|NaN|NaN|NaN|NaN|NaN|NaN
1099,ADVERSARIAL_PROBES,OVERFLOWING_GEOMETRY,-1036095848374709130,10,PRISMATIC_ONLY,0.00000000000,0.00000000000,0.00000000000,GUARDED_PRODUCTION,false,false,NUMERICAL_FAILURE,OUTPUT_VALIDATION_FAILED,1,true,true,Infinity,false,false,false,false,0,NaN,36958,0.297500000000|0.297500000000|0.297500000000|0.297500000000|0.297500000000|0.297500000000|0.297500000000|0.297500000000|0.297500000000|0.297500000000
1099,ADVERSARIAL_PROBES,OVERFLOWING_GEOMETRY,-1036095848374709130,10,PRISMATIC_ONLY,0.00000000000,0.00000000000,0.00000000000,UNGUARDED_REFERENCE,false,false,MAX_ITERATIONS_UNCERTIFIED,NO_GUARDS_OR_FINAL_CERTIFICATION,800,false,false,NaN,true,false,false,true,0,NaN,1531959,NaN|NaN|NaN|NaN|NaN|NaN|NaN|NaN|NaN|NaN
1100,VALID_CAMPAIGN,UNIFORM,-2347779928458028141,10,MIXED,-0.118913810358,-0.976760967197,0.970143156426,GUARDED_PRODUCTION,true,true,SUCCESS,NONE,54,true,true,6.80704284778e-10,false,false,false,false,0,25.7595197887,441875,-0.857255489005|-0.855076863001|0.299856605125|0.168413320728|0.376320323034|0.218842599143|0.640912469408|1.02435553952|0.279333144667|0.144809993795
1100,VALID_CAMPAIGN,UNIFORM,-2347779928458028141,10,MIXED,-0.118913810358,-0.976760967197,0.970143156426,UNGUARDED_REFERENCE,true,false,CONVERGED_UNCERTIFIED,NO_GUARDS_OR_FINAL_CERTIFICATION,9,true,false,4.37453693507e-08,false,true,false,true,0,NaN,20542,-1.30167893190|-0.350299563567|-0.0659439450900|2.46039040775|5.28535041702|-0.206991949246|-1.34853326059|5.73471973339|0.131630269182|1.46832371001
1101,VALID_CAMPAIGN,NEAR_JOINT_LIMIT,5182096509605389442,10,MIXED,-0.0426584475197,-0.532337303303,0.307567125007,GUARDED_PRODUCTION,true,true,SUCCESS,NONE,40,true,true,4.47817752817e-09,false,false,false,false,0,4.02029343326,320125,-0.313293498764|-1.43943987522|0.293709399611|0.670697406603|0.245375413461|0.187403750041|1.31847782665|1.58536451801|0.318571544333|0.244127307491
1101,VALID_CAMPAIGN,NEAR_JOINT_LIMIT,5182096509605389442,10,MIXED,-0.0426584475197,-0.532337303303,0.307567125007,UNGUARDED_REFERENCE,true,false,CONVERGED_UNCERTIFIED,NO_GUARDS_OR_FINAL_CERTIFICATION,6,true,false,5.62099698229e-10,false,true,false,true,0,NaN,13500,-1.00900426105|-1.40871100723|-0.0439629232155|3.14763195584|4.21424942694|-0.0175202732989|-1.99795390001|5.17606976110|0.0263859838843|2.22097060907
1102,VALID_CAMPAIGN,NEAR_SINGULARITY,-1555794118888592202,10,MIXED,2.05792002923,-0.337499928308,0.794999966340,GUARDED_PRODUCTION,true,true,SUCCESS,NONE,115,true,true,1.55321950152e-08,false,false,false,false,0,3.84517389610,895875,-0.116392303782|0.188643298585|0.324979246908|-0.135759418383|-0.0415466222513|0.317583313525|0.0872119253049|0.250018488354|0.268962180980|-0.0865411006376
1102,VALID_CAMPAIGN,NEAR_SINGULARITY,-1555794118888592202,10,MIXED,2.05792002923,-0.337499928308,0.794999966340,UNGUARDED_REFERENCE,true,false,CONVERGED_UNCERTIFIED,NO_GUARDS_OR_FINAL_CERTIFICATION,13,true,false,9.18207999839e-08,false,true,false,true,0,NaN,30541,0.130834492177|-0.445140681307|0.0282852965378|0.632023968578|6.37811120977|0.0703306328343|5.90812175431|11.6785380493|0.576028752515|0.791144296286
1103,VALID_CAMPAIGN,MICRO_MOTION,2200081251507545161,10,MIXED,2.05792032151,-0.337499211391,0.794999629737,GUARDED_PRODUCTION,true,true,SUCCESS,NONE,1,true,true,8.50714705593e-07,false,false,false,false,0,NaN,6834,-0.116392303782|0.188643298585|0.324979246908|-0.135759418383|-0.0415466222513|0.317583313525|0.0872119253049|0.250018488354|0.268962180980|-0.0865411006376
1103,VALID_CAMPAIGN,MICRO_MOTION,2200081251507545161,10,MIXED,2.05792032151,-0.337499211391,0.794999629737,UNGUARDED_REFERENCE,true,false,CONVERGED_UNCERTIFIED,NO_GUARDS_OR_FINAL_CERTIFICATION,1,true,false,8.54601762402e-07,false,true,false,true,0,NaN,875,0.130834492177|-0.445140681307|0.0282852965378|0.632023968578|6.37811120977|0.0703306328343|5.90812175431|11.6785380493|0.576028752515|0.791144296286
1104,VALID_CAMPAIGN,UNIFORM,5870496586472782854,10,MIXED,0.917716208776,0.938516110797,0.676028606604,GUARDED_PRODUCTION,true,true,SUCCESS,NONE,52,true,true,5.59786585938e-08,false,false,false,false,0,24.4338945865,425041,0.614795591925|0.652337486197|0.302269196799|-0.289114546370|0.421851023431|0.224236058118|0.792952930244|1.41385573044|0.267250520470|0.111046257000
1104,VALID_CAMPAIGN,UNIFORM,5870496586472782854,10,MIXED,0.917716208776,0.938516110797,0.676028606604,UNGUARDED_REFERENCE,true,false,CONVERGED_UNCERTIFIED,NO_GUARDS_OR_FINAL_CERTIFICATION,15,true,false,2.48027606001e-09,false,true,false,true,0,NaN,36458,7.03566784554|-5.70751690078|0.103602076050|2.80890881288|4.28179570211|-0.296472464199|1.88902868824|9.09807865127|0.163512397557|6.05764446377
1105,VALID_CAMPAIGN,NEAR_JOINT_LIMIT,7860961485369974604,10,MIXED,0.127796564651,0.155599882559,0.273968546853,GUARDED_PRODUCTION,true,true,SUCCESS,NONE,104,true,true,4.10690821068e-09,false,false,false,false,0,4.74699886853,835541,0.552063358569|2.02488563869|0.0463413508481|1.52770100648|-0.803385004018|0.259110375542|1.43248969623|1.03891501199|0.352457627245|0.854659201819
1105,VALID_CAMPAIGN,NEAR_JOINT_LIMIT,7860961485369974604,10,MIXED,0.127796564651,0.155599882559,0.273968546853,UNGUARDED_REFERENCE,true,false,CONVERGED_UNCERTIFIED,NO_GUARDS_OR_FINAL_CERTIFICATION,7,true,false,1.37815619125e-10,false,true,false,true,0,NaN,15667,5.05303010320|-3.52019038695|-0.138862865107|5.11869512661|3.85550852623|0.303418025247|2.38519013240|9.15919718951|-0.129183883578|5.75841679411
1106,VALID_CAMPAIGN,NEAR_SINGULARITY,166226994714202334,10,MIXED,2.05792002923,-0.337499928308,0.794999966340,GUARDED_PRODUCTION,true,true,SUCCESS,NONE,131,true,true,3.87046680075e-08,false,false,false,false,0,2.97243102409,1051292,-0.357540837476|0.911900855869|0.277829890503|0.387480689301|-0.795125761258|0.299773339974|-0.165057038960|-0.645646423519|0.450007497025|0.236679523635
1106,VALID_CAMPAIGN,NEAR_SINGULARITY,166226994714202334,10,MIXED,2.05792002923,-0.337499928308,0.794999966340,UNGUARDED_REFERENCE,true,false,CONVERGED_UNCERTIFIED,NO_GUARDS_OR_FINAL_CERTIFICATION,18,true,false,5.12584426803e-09,false,true,false,true,0,NaN,44958,-0.227083729817|-0.0170944183740|-0.123843114374|7.36337242379|6.37667604495|-0.381226330216|-0.170059904429|6.42997151155|-0.307613992028|6.25342146634
1107,VALID_CAMPAIGN,MICRO_MOTION,-6001117375889138142,10,MIXED,2.05792032151,-0.337499211391,0.794999629737,GUARDED_PRODUCTION,true,true,SUCCESS,NONE,1,true,true,8.37977098729e-07,false,false,false,false,0,NaN,17250,-0.357540837476|0.911900855869|0.277829890503|0.387480689301|-0.795125761258|0.299773339974|-0.165057038960|-0.645646423519|0.450007497025|0.236679523635
1107,VALID_CAMPAIGN,MICRO_MOTION,-6001117375889138142,10,MIXED,2.05792032151,-0.337499211391,0.794999629737,UNGUARDED_REFERENCE,true,false,CONVERGED_UNCERTIFIED,NO_GUARDS_OR_FINAL_CERTIFICATION,1,true,false,8.44124175859e-07,false,true,false,true,0,NaN,958,-0.227083729817|-0.0170944183740|-0.123843114374|7.36337242379|6.37667604495|-0.381226330216|-0.170059904429|6.42997151155|-0.307613992028|6.25342146634
1108,VALID_CAMPAIGN,UNIFORM,-8473541739589462734,10,MIXED,-0.813787294763,-1.41179498345,0.687670042940,GUARDED_PRODUCTION,true,true,SUCCESS,NONE,59,true,true,6.12138485810e-08,false,false,false,false,0,14.4247701376,461417,-1.53796327900|0.673556380240|0.251986166036|1.25183524189|-1.36374409658|0.306299459855|-0.0276994756162|-0.506408597304|0.425508529566|0.207664696168
1108,VALID_CAMPAIGN,UNIFORM,-8473541739589462734,10,MIXED,-0.813787294763,-1.41179498345,0.687670042940,UNGUARDED_REFERENCE,true,false,CONVERGED_UNCERTIFIED,NO_GUARDS_OR_FINAL_CERTIFICATION,7,true,false,4.74396756301e-08,false,true,false,true,0,NaN,15792,-2.23945779320|4.15326656434|0.148298200924|6.77338439415|2.47780691584|1.46234045386|3.05241047952|1.69903559097|1.41542276143|5.88188499140
1109,VALID_CAMPAIGN,NEAR_JOINT_LIMIT,-7354395667347090523,10,MIXED,0.624504808006,1.65218389198,-0.0919937547000,GUARDED_PRODUCTION,false,false,NO_CONVERGENCE,STAGNATION_WINDOW_EXCEEDED,115,true,true,0.635672756656,false,false,false,false,3,6.76904160867,919958,-3.14159265359|-0.584591069954|0.290737405048|1.78285383091|-1.72390725366|0.344691489198|-0.143004775053|-0.774773510300|0.472509885931|0.0927154781189
1109,VALID_CAMPAIGN,NEAR_JOINT_LIMIT,-7354395667347090523,10,MIXED,0.624504808006,1.65218389198,-0.0919937547000,UNGUARDED_REFERENCE,true,false,CONVERGED_UNCERTIFIED,NO_GUARDS_OR_FINAL_CERTIFICATION,10,true,false,1.52754628390e-08,false,true,false,true,0,NaN,24791,-1.07234146895|3.12474425870|0.262528138726|3.82326750577|4.09514942392|1.43879984543|2.83275618651|1.68151309990|1.28089318722|6.19426259158
1110,VALID_CAMPAIGN,NEAR_SINGULARITY,4968913541232520314,10,MIXED,2.05792002923,-0.337499928308,0.794999966340,GUARDED_PRODUCTION,false,false,NO_CONVERGENCE,STAGNATION_WINDOW_EXCEEDED,219,true,true,0.755071286858,false,false,false,false,0,6.25303100943,1664459,-3.14159265359|-2.37713844122|0.575000000000|-0.409864064684|-0.696517408611|0.471080963225|0.466619270324|-0.693573897446|0.575000000000|0.00145734072655
1110,VALID_CAMPAIGN,NEAR_SINGULARITY,4968913541232520314,10,MIXED,2.05792002923,-0.337499928308,0.794999966340,UNGUARDED_REFERENCE,true,false,CONVERGED_UNCERTIFIED,NO_GUARDS_OR_FINAL_CERTIFICATION,8,true,false,9.37543695199e-11,false,true,false,true,0,NaN,70959,-1.68703940758|2.24061599249|0.277212594683|4.41161318198|3.76646147624|1.43999903233|2.87684260509|1.78931933478|1.26890561437|6.22377659189
1111,VALID_CAMPAIGN,MICRO_MOTION,539767820461879148,10,MIXED,2.05792032151,-0.337499211391,0.794999629737,GUARDED_PRODUCTION,false,false,NO_CONVERGENCE,STAGNATION_WINDOW_EXCEEDED,7,true,true,0.757678751423,false,false,false,false,0,23.2240430921,57000,-3.14159265359|-2.37713844122|0.575000000000|-0.429407579513|-0.704780990992|0.485733907191|0.488204641665|-0.700671015588|0.575000000000|-0.00428184675860
1111,VALID_CAMPAIGN,MICRO_MOTION,539767820461879148,10,MIXED,2.05792032151,-0.337499211391,0.794999629737,UNGUARDED_REFERENCE,true,false,CONVERGED_UNCERTIFIED,NO_GUARDS_OR_FINAL_CERTIFICATION,1,true,false,8.44193447285e-07,false,true,false,true,0,NaN,1083,-1.68703940758|2.24061599249|0.277212594683|4.41161318198|3.76646147624|1.43999903233|2.87684260509|1.78931933478|1.26890561437|6.22377659189
1112,VALID_CAMPAIGN,UNIFORM,-4849088569471720093,10,MIXED,0.857635696828,-1.16345686993,1.18868771318,GUARDED_PRODUCTION,false,false,MAX_ITERATIONS_REACHED,MAX_ITERATIONS_LIMIT_REACHED,800,true,true,0.252563965013,false,false,false,false,0,23.1804499137,5641333,-3.14159265359|-2.37713844122|0.575000000000|0.584681503558|-1.34746299578|0.575000000000|0.410634488492|-0.892015054787|0.575000000000|-0.0697720281046
1112,VALID_CAMPAIGN,UNIFORM,-4849088569471720093,10,MIXED,0.857635696828,-1.16345686993,1.18868771318,UNGUARDED_REFERENCE,true,false,CONVERGED_UNCERTIFIED,NO_GUARDS_OR_FINAL_CERTIFICATION,6,true,false,8.66152007995e-11,false,true,false,true,0,NaN,14625,-2.28539183702|2.15288178581|0.273668524445|4.77995803297|3.54048740143|1.43098763841|2.77008377265|1.64778996591|1.27275429838|6.19140580948
1113,VALID_CAMPAIGN,NEAR_JOINT_LIMIT,747075413197388173,10,MIXED,-0.141103936919,-0.453461390716,0.384023257246,GUARDED_PRODUCTION,true,true,SUCCESS,NONE,86,true,true,5.32566613433e-07,false,false,false,false,0,8.89955469047,645916,-3.14159265359|-1.43222105678|0.494103653563|1.50867203683|-1.76413232898|0.515905602468|1.55146618953|0.177144310409|0.533969154848|-0.325164733824
1113,VALID_CAMPAIGN,NEAR_JOINT_LIMIT,747075413197388173,10,MIXED,-0.141103936919,-0.453461390716,0.384023257246,UNGUARDED_REFERENCE,true,false,CONVERGED_UNCERTIFIED,NO_GUARDS_OR_FINAL_CERTIFICATION,7,true,false,1.97936633523e-08,false,true,false,true,0,NaN,15166,-3.84099164239|2.87991409546|0.244161485602|4.74407675580|3.39669446569|1.36622585846|2.53607144762|1.09505688754|1.32179953212|6.04527350501
1114,VALID_CAMPAIGN,NEAR_SINGULARITY,3745487437732039250,10,MIXED,2.05792002923,-0.337499928308,0.794999966340,GUARDED_PRODUCTION,false,false,NO_CONVERGENCE,STAGNATION_WINDOW_EXCEEDED,66,true,true,0.664329786734,false,false,false,false,4,1.98989622062,502792,-1.88766542548|-2.37713844122|0.555200243843|1.27579169887|-1.47200440479|0.569408385700|0.478890007856|-0.836831217522|0.562304220075|-0.159091457949
1114,VALID_CAMPAIGN,NEAR_SINGULARITY,3745487437732039250,10,MIXED,2.05792002923,-0.337499928308,0.794999966340,UNGUARDED_REFERENCE,true,false,CONVERGED_UNCERTIFIED,NO_GUARDS_OR_FINAL_CERTIFICATION,15,true,false,1.33269031530e-08,false,true,false,true,0,NaN,33959,-0.231110902055|-0.361204111212|-0.0952394678227|5.19205811902|8.26195661603|0.359895590326|13.2682713470|1.77882264852|-0.686130753360|2.63693348121
1115,VALID_CAMPAIGN,MICRO_MOTION,4139897764694834288,10,MIXED,2.05792032151,-0.337499211391,0.794999629737,GUARDED_PRODUCTION,false,false,NO_CONVERGENCE,STAGNATION_WINDOW_EXCEEDED,7,true,true,0.736514988727,false,false,false,false,6,8.04080964231,54250,-1.81667514486|-2.37713844122|0.560414936682|1.27596629914|-1.45900259282|0.571751114720|0.459692285579|-0.854231817838|0.566399099161|-0.155266117027
1115,VALID_CAMPAIGN,MICRO_MOTION,4139897764694834288,10,MIXED,2.05792032151,-0.337499211391,0.794999629737,UNGUARDED_REFERENCE,true,false,CONVERGED_UNCERTIFIED,NO_GUARDS_OR_FINAL_CERTIFICATION,1,true,false,8.44299265665e-07,false,true,false,true,0,NaN,875,-0.231110902055|-0.361204111212|-0.0952394678227|5.19205811902|8.26195661603|0.359895590326|13.2682713470|1.77882264852|-0.686130753360|2.63693348121
1116,VALID_CAMPAIGN,UNIFORM,-490246920358150778,10,MIXED,0.984297991168,-0.714289961638,0.179366884156,GUARDED_PRODUCTION,true,true,SUCCESS,NONE,37,true,true,3.45254305227e-07,false,false,false,false,0,8.23625304054,281417,-2.68830154768|-1.86491461396|0.522254149656|1.52326574542|-1.78285383091|0.551668930987|0.764471834362|-0.572596836799|0.540294668609|-0.240454690996
1116,VALID_CAMPAIGN,UNIFORM,-490246920358150778,10,MIXED,0.984297991168,-0.714289961638,0.179366884156,UNGUARDED_REFERENCE,true,false,CONVERGED_UNCERTIFIED,NO_GUARDS_OR_FINAL_CERTIFICATION,7,true,false,1.53038793106e-08,false,true,false,true,0,NaN,14875,-0.764820113910|-0.539071243485|0.0358603256236|4.62591607996|8.26775412588|-0.0157604888781|12.0304874705|1.78014709965|-0.156273513170|3.17291008142
1117,VALID_CAMPAIGN,NEAR_JOINT_LIMIT,7125114879369252291,10,MIXED,0.0120897676198,0.311413149970,-0.125349433407,GUARDED_PRODUCTION,true,true,SUCCESS,NONE,602,true,true,9.91354230199e-07,false,false,false,false,0,5.52307487205,4553625,-2.34688037956|-0.315821878180|0.505701138208|1.78285383091|-1.07843106614|0.525592435273|1.47922604591|0.0579205174087|0.540014666855|-0.873842619799
1117,VALID_CAMPAIGN,NEAR_JOINT_LIMIT,7125114879369252291,10,MIXED,0.0120897676198,0.311413149970,-0.125349433407,UNGUARDED_REFERENCE,true,false,CONVERGED_UNCERTIFIED,NO_GUARDS_OR_FINAL_CERTIFICATION,11,true,false,1.31910836330e-10,false,true,false,true,0,NaN,24833,-0.501050202372|-3.80861776207|-0.00385797070279|3.59086628302|9.09360186361|0.125860353268|7.92885627675|7.53559760404|0.0876848303952|3.36463588342
1118,VALID_CAMPAIGN,NEAR_SINGULARITY,1202735827000444496,10,MIXED,2.05792002923,-0.337499928308,0.794999966340,GUARDED_PRODUCTION,false,false,NO_CONVERGENCE,STAGNATION_WINDOW_EXCEEDED,96,true,true,0.636325468204,false,false,false,false,5,1.48228555675,718125,-2.02097205542|-2.37713844122|0.575000000000|1.44598937661|-1.29600281171|0.575000000000|0.319353759882|-0.999608576388|0.575000000000|-0.487383326903
1118,VALID_CAMPAIGN,NEAR_SINGULARITY,1202735827000444496,10,MIXED,2.05792002923,-0.337499928308,0.794999966340,UNGUARDED_REFERENCE,true,false,CONVERGED_UNCERTIFIED,NO_GUARDS_OR_FINAL_CERTIFICATION,11,true,false,1.54400562715e-08,false,true,false,true,0,NaN,24666,-6.37525380031|-0.309114931498|-0.114990730982|0.829055824548|6.71149019354|-0.130556740531|11.9660536629|11.7133199932|0.572644871530|4.44344579391
1119,VALID_CAMPAIGN,MICRO_MOTION,1432335478085143173,10,MIXED,2.05792032151,-0.337499211391,0.794999629737,GUARDED_PRODUCTION,false,false,NO_CONVERGENCE,STAGNATION_WINDOW_EXCEEDED,7,true,true,0.712683202691,false,false,false,false,6,8.99563870319,54334,-1.92945829120|-2.37713844122|0.575000000000|1.43606864081|-1.29482162210|0.575000000000|0.323947704771|-0.993420801307|0.575000000000|-0.480027940703
1119,VALID_CAMPAIGN,MICRO_MOTION,1432335478085143173,10,MIXED,2.05792032151,-0.337499211391,0.794999629737,UNGUARDED_REFERENCE,true,false,CONVERGED_UNCERTIFIED,NO_GUARDS_OR_FINAL_CERTIFICATION,1,true,false,8.44279061074e-07,false,true,false,true,0,NaN,875,-6.37525380031|-0.309114931498|-0.114990730982|0.829055824548|6.71149019354|-0.130556740531|11.9660536629|11.7133199932|0.572644871530|4.44344579391
1120,VALID_CAMPAIGN,UNIFORM,-1308548769811177252,10,MIXED,-1.21750115401,0.803200873439,0.857695082694,GUARDED_PRODUCTION,true,true,SUCCESS,NONE,70,true,true,1.05790539817e-10,false,false,false,false,0,8.99931381665,603958,-1.97179075617|-0.595473035728|0.520100574938|1.34833025279|-1.08106040761|0.548235030075|0.0985964573636|-1.19682819400|0.522900194286|-0.515949234228
1120,VALID_CAMPAIGN,UNIFORM,-1308548769811177252,10,MIXED,-1.21750115401,0.803200873439,0.857695082694,UNGUARDED_REFERENCE,true,false,CONVERGED_UNCERTIFIED,NO_GUARDS_OR_FINAL_CERTIFICATION,7,true,false,6.50080273023e-09,false,true,false,true,0,NaN,17208,-9.48082427917|-0.714724578033|0.300924024424|1.87901031904|7.42268310330|0.361755680230|8.43434118493|10.4140322528|-1.27989608286|-2.37062833114
1121,VALID_CAMPAIGN,NEAR_JOINT_LIMIT,581056832389829294,10,MIXED,0.117850561737,0.232177993829,-0.259147668295,GUARDED_PRODUCTION,false,false,MAX_ITERATIONS_REACHED,MAX_ITERATIONS_LIMIT_REACHED,800,true,true,0.181332515095,false,false,false,false,0,6.76698715831,5394542,-2.22760789381|-1.64901361740|0.0689878058635|1.78285383091|-1.78285383091|0.575000000000|0.648991928202|-1.61238851366|0.134218531894|-1.78285383091
1121,VALID_CAMPAIGN,NEAR_JOINT_LIMIT,581056832389829294,10,MIXED,0.117850561737,0.232177993829,-0.259147668295,UNGUARDED_REFERENCE,true,false,CONVERGED_UNCERTIFIED,NO_GUARDS_OR_FINAL_CERTIFICATION,9,true,false,1.89197157384e-07,false,true,false,true,0,NaN,21459,-4.29144849900|-3.27850652710|0.307285946684|3.54348112242|7.49855847593|0.0487937223739|4.34063566150|10.1179833896|-0.441007084614|-2.71462299484
1122,VALID_CAMPAIGN,NEAR_SINGULARITY,-2784691550385791952,10,MIXED,2.05792002923,-0.337499928308,0.794999966340,GUARDED_PRODUCTION,false,false,NO_CONVERGENCE,STAGNATION_WINDOW_EXCEEDED,44,true,true,1.37505112131,false,false,false,false,0,3.71977366041,332166,-1.40871702675|-2.37713844122|0.134549278414|1.59037141111|-1.19645448566|0.575000000000|0.917736278135|-1.17491778349|0.194543074502|-1.54328352892
1122,VALID_CAMPAIGN,NEAR_SINGULARITY,-2784691550385791952,10,MIXED,2.05792002923,-0.337499928308,0.794999966340,UNGUARDED_REFERENCE,true,false,CONVERGED_UNCERTIFIED,NO_GUARDS_OR_FINAL_CERTIFICATION,12,true,false,9.97241309001e-07,false,true,false,true,0,NaN,27583,-12.6976812941|-0.281796392236|-0.00568553608472|5.38370115213|8.34694561927|0.341226178967|1.65214821037|7.11491112997|-0.600896185223|-1.08378394413
1123,VALID_CAMPAIGN,MICRO_MOTION,-8025405627867412999,10,MIXED,2.05792032151,-0.337499211391,0.794999629737,GUARDED_PRODUCTION,false,false,NO_CONVERGENCE,STAGNATION_WINDOW_EXCEEDED,7,true,true,1.38728896718,false,false,false,false,0,4.25085793978,52125,-1.30325940302|-2.37713844122|0.142429601713|1.57656975128|-1.15390334961|0.575000000000|0.943947394739|-1.13026867235|0.202304914904|-1.50207848176
1123,VALID_CAMPAIGN,MICRO_MOTION,-8025405627867412999,10,MIXED,2.05792032151,-0.337499211391,0.794999629737,UNGUARDED_REFERENCE,true,false,CONVERGED_UNCERTIFIED,NO_GUARDS_OR_FINAL_CERTIFICATION,1,true,false,9.86924446751e-07,false,true,false,true,0,NaN,875,-12.6976812941|-0.281796392236|-0.00568553608472|5.38370115213|8.34694561927|0.341226178967|1.65214821037|7.11491112997|-0.600896185223|-1.08378394413
1124,VALID_CAMPAIGN,UNIFORM,-1316839251076238824,10,MIXED,0.878346468487,0.282439588430,0.756689101039,GUARDED_PRODUCTION,true,true,SUCCESS,NONE,135,true,true,9.01743033832e-07,false,false,false,false,0,4.38277856519,996459,-1.10789864640|-2.37713844122|0.194535234904|1.47913333877|-0.864794959591|0.575000000000|1.05976713906|-0.894586226181|0.259681220350|-1.15692510849
1124,VALID_CAMPAIGN,UNIFORM,-1316839251076238824,10,MIXED,0.878346468487,0.282439588430,0.756689101039,UNGUARDED_REFERENCE,true,false,CONVERGED_UNCERTIFIED,NO_GUARDS_OR_FINAL_CERTIFICATION,9,true,false,8.96324326284e-10,false,true,false,true,0,NaN,19500,-11.5833474309|-0.460671185690|0.139047407505|6.15544253378|10.5823656218|0.0878848299587|1.59108688783|6.95986367926|-0.219448213040|-2.13605823181
1125,VALID_CAMPAIGN,NEAR_JOINT_LIMIT,-5883116748565243557,10,MIXED,-0.0199707814704,-1.23269929121,-0.254108633800,GUARDED_PRODUCTION,false,false,NO_CONVERGENCE,STAGNATION_WINDOW_EXCEEDED,50,true,true,0.541704374217,false,false,false,false,0,5.01850108923,383917,-2.44851050586|-2.37713844122|0.170380207930|1.78285383091|-1.05950031233|0.569090725805|1.40796013582|-0.674867581697|0.259125625295|-1.29004601469
1125,VALID_CAMPAIGN,NEAR_JOINT_LIMIT,-5883116748565243557,10,MIXED,-0.0199707814704,-1.23269929121,-0.254108633800,UNGUARDED_REFERENCE,true,false,CONVERGED_UNCERTIFIED,NO_GUARDS_OR_FINAL_CERTIFICATION,7,true,false,4.53244718389e-08,false,true,false,true,0,NaN,15208,-13.3503782133|-1.09764563838|0.138332951387|7.87840093123|9.13603875791|-0.464731379616|0.101289352196|5.87731410774|0.0405608024792|-3.67759398779
1126,VALID_CAMPAIGN,NEAR_SINGULARITY,-1715832533992838493,10,MIXED,2.05792002923,-0.337499928308,0.794999966340,GUARDED_PRODUCTION,false,false,NO_CONVERGENCE,STAGNATION_WINDOW_EXCEEDED,33,true,true,1.13732357118,false,false,false,false,0,4.31562603614,246666,-1.28643327063|-2.37713844122|0.201327159836|1.66960251929|-0.943025985437|0.575000000000|1.10330393217|-0.864147203848|0.278647542170|-1.05093725385
1126,VALID_CAMPAIGN,NEAR_SINGULARITY,-1715832533992838493,10,MIXED,2.05792002923,-0.337499928308,0.794999966340,UNGUARDED_REFERENCE,true,false,CONVERGED_UNCERTIFIED,NO_GUARDS_OR_FINAL_CERTIFICATION,19,true,false,4.87031603369e-09,false,true,false,true,0,NaN,45250,-6.43273250098|-0.231499458198|-0.140631639171|5.88804638295|13.2055455115|0.492649088692|-4.53079253171|4.82795336981|0.216603423965|-7.21453636640
1127,VALID_CAMPAIGN,MICRO_MOTION,-4569199569213179552,10,MIXED,2.05792032151,-0.337499211391,0.794999629737,GUARDED_PRODUCTION,false,false,NO_CONVERGENCE,STAGNATION_WINDOW_EXCEEDED,7,true,true,1.19499350851,false,false,false,false,0,5.13912537583,50458,-1.16777861541|-2.37713844122|0.207944438090|1.66316746024|-0.923800019826|0.575000000000|1.07843723064|-0.871296931669|0.284842025284|-1.00658588109
1127,VALID_CAMPAIGN,MICRO_MOTION,-4569199569213179552,10,MIXED,2.05792032151,-0.337499211391,0.794999629737,UNGUARDED_REFERENCE,true,false,CONVERGED_UNCERTIFIED,NO_GUARDS_OR_FINAL_CERTIFICATION,1,true,false,8.44156589023e-07,false,true,false,true,0,NaN,833,-6.43273250098|-0.231499458198|-0.140631639171|5.88804638295|13.2055455115|0.492649088692|-4.53079253171|4.82795336981|0.216603423965|-7.21453636640
1128,VALID_CAMPAIGN,UNIFORM,2368390526045450855,10,MIXED,0.713184378009,1.39468815524,0.703485118101,GUARDED_PRODUCTION,false,false,NO_CONVERGENCE,STAGNATION_WINDOW_EXCEEDED,26,true,true,0.566276123105,false,false,false,false,2,5.22932537107,196583,-0.188954840739|-2.37713844122|0.238257880824|1.62203023635|-0.939176742705|0.575000000000|0.951859933440|-0.917002754773|0.307637706793|-0.862801589489
1128,VALID_CAMPAIGN,UNIFORM,2368390526045450855,10,MIXED,0.713184378009,1.39468815524,0.703485118101,UNGUARDED_REFERENCE,true,false,CONVERGED_UNCERTIFIED,NO_GUARDS_OR_FINAL_CERTIFICATION,9,true,false,1.41876356822e-09,false,true,false,true,0,NaN,20667,-5.08322901145|-0.126929573170|0.0223631204467|7.21266928753|12.5661172336|-0.174778977083|-1.66023835098|3.11734673464|-0.304611871096|-9.77347127221
1129,VALID_CAMPAIGN,NEAR_JOINT_LIMIT,4362538507524695697,10,MIXED,0.348945484714,-0.156802551054,0.424378930025,GUARDED_PRODUCTION,true,true,SUCCESS,NONE,63,true,true,1.30786891623e-07,false,false,false,false,0,5.57578052521,511958,-2.17749268114|-1.29977534284|0.158120297658|1.42792906230|-0.829474046756|0.498843739192|1.74426054914|-0.396393008056|0.269623884054|-1.30466009215
1129,VALID_CAMPAIGN,NEAR_JOINT_LIMIT,4362538507524695697,10,MIXED,0.348945484714,-0.156802551054,0.424378930025,UNGUARDED_REFERENCE,true,false,CONVERGED_UNCERTIFIED,NO_GUARDS_OR_FINAL_CERTIFICATION,8,true,false,3.11197058238e-09,false,true,false,true,0,NaN,18791,-3.07275662525|-3.12502063453|0.0310072874671|7.08474097181|12.0126309333|-0.0363469328405|-0.886329915447|8.63453649893|0.232148028287|-9.17927142378
1130,VALID_CAMPAIGN,NEAR_SINGULARITY,-3783794174597987028,10,MIXED,2.05792002923,-0.337499928308,0.794999966340,GUARDED_PRODUCTION,false,false,NO_CONVERGENCE,STAGNATION_WINDOW_EXCEEDED,45,true,true,1.13041669367,false,false,false,false,0,2.19652718155,354875,-1.15776557380|-2.37713844122|0.186936912073|1.63135530561|-0.772865308748|0.565072652489|1.20550575918|-0.802184253753|0.294629381940|-0.948147344262
1130,VALID_CAMPAIGN,NEAR_SINGULARITY,-3783794174597987028,10,MIXED,2.05792002923,-0.337499928308,0.794999966340,UNGUARDED_REFERENCE,true,false,CONVERGED_UNCERTIFIED,NO_GUARDS_OR_FINAL_CERTIFICATION,11,true,false,7.31954539862e-10,false,true,false,true,0,NaN,25333,-0.0884246775172|-5.96675809228|0.446023903585|2.20296814789|16.3358361760|-0.726601060223|-3.24047259613|3.28293239698|-0.505910932365|-9.90488144369
1131,VALID_CAMPAIGN,MICRO_MOTION,-8987306706582064769,10,MIXED,2.05792032151,-0.337499211391,0.794999629737,GUARDED_PRODUCTION,false,false,NO_CONVERGENCE,STAGNATION_WINDOW_EXCEEDED,7,true,true,1.17665804092,false,false,false,false,0,5.06105610013,53209,-1.05235457568|-2.37713844122|0.192406490950|1.64205943826|-0.762892578117|0.574083128704|1.17023020700|-0.820686295535|0.300588741008|-0.906158811921
1131,VALID_CAMPAIGN,MICRO_MOTION,-8987306706582064769,10,MIXED,2.05792032151,-0.337499211391,0.794999629737,UNGUARDED_REFERENCE,true,false,CONVERGED_UNCERTIFIED,NO_GUARDS_OR_FINAL_CERTIFICATION,1,true,false,8.44205491126e-07,false,true,false,true,0,NaN,875,-0.0884246775172|-5.96675809228|0.446023903585|2.20296814789|16.3358361760|-0.726601060223|-3.24047259613|3.28293239698|-0.505910932365|-9.90488144369
1132,VALID_CAMPAIGN,UNIFORM,6975290018682688345,10,MIXED,0.0365223418600,0.675273658588,0.434484586146,GUARDED_PRODUCTION,true,true,SUCCESS,NONE,33,true,true,1.30880473597e-08,false,false,false,false,0,5.22073611234,259792,-0.829922604596|-1.41879737116|0.186994057094|1.71348810586|-0.913949936458|0.551095121723|1.17143726885|-0.836559416126|0.284422127488|-1.01566972653
1132,VALID_CAMPAIGN,UNIFORM,6975290018682688345,10,MIXED,0.0365223418600,0.675273658588,0.434484586146,UNGUARDED_REFERENCE,true,false,CONVERGED_UNCERTIFIED,NO_GUARDS_OR_FINAL_CERTIFICATION,6,true,false,5.52130072525e-07,false,true,false,true,0,NaN,12958,1.00516486214|-6.87982914689|0.199772433530|2.82636275839|13.6949747592|-0.00141581662239|-6.08829750935|4.81827985817|0.217440466408|-8.43379226847
1133,VALID_CAMPAIGN,NEAR_JOINT_LIMIT,-8563407913591012963,10,MIXED,-0.487433512262,-0.183080069526,-0.0342722599279,GUARDED_PRODUCTION,true,true,SUCCESS,NONE,187,true,true,9.46966614089e-07,false,false,false,false,0,5.34131957131,1436792,-0.699700376260|-0.151408711899|0.178937345443|1.78285383091|-1.44517613957|0.524506841594|1.46895144542|-0.630047208751|0.273081687599|-1.25134180354
1133,VALID_CAMPAIGN,NEAR_JOINT_LIMIT,-8563407913591012963,10,MIXED,-0.487433512262,-0.183080069526,-0.0342722599279,UNGUARDED_REFERENCE,true,false,CONVERGED_UNCERTIFIED,NO_GUARDS_OR_FINAL_CERTIFICATION,8,true,false,8.42234348654e-08,false,true,false,true,0,NaN,20167,-1.11013048549|-6.65006514426|0.270872592457|3.34751364394|12.2598309022|0.0232341487121|-5.90143515382|4.85176367253|0.192155895040|-8.44908323928
1134,VALID_CAMPAIGN,NEAR_SINGULARITY,2425181910252773600,10,MIXED,2.05792002923,-0.337499928308,0.794999966340,GUARDED_PRODUCTION,true,true,SUCCESS,NONE,142,true,true,5.44332911107e-08,false,false,false,false,0,2.31631151130,1131458,-0.336494192432|1.07505040966|0.404146151977|0.245503490045|-0.941434291486|0.481954467990|0.209106963831|-1.02459288838|0.354235253600|-0.590045043486
1134,VALID_CAMPAIGN,NEAR_SINGULARITY,2425181910252773600,10,MIXED,2.05792002923,-0.337499928308,0.794999966340,UNGUARDED_REFERENCE,true,false,CONVERGED_UNCERTIFIED,NO_GUARDS_OR_FINAL_CERTIFICATION,11,true,false,1.20861884144e-07,false,true,false,true,0,NaN,25833,6.19831640021|-11.7768583247|0.497057459499|3.08338336957|16.4951240412|-0.0984131339118|-7.16312720892|1.44410095356|-0.754198569376|-10.8389368381
1135,VALID_CAMPAIGN,MICRO_MOTION,-5721099317327865073,10,MIXED,2.05792032151,-0.337499211391,0.794999629737,GUARDED_PRODUCTION,true,true,SUCCESS,NONE,1,true,true,8.67494508021e-07,false,false,false,false,0,NaN,7500,-0.336494192432|1.07505040966|0.404146151977|0.245503490045|-0.941434291486|0.481954467990|0.209106963831|-1.02459288838|0.354235253600|-0.590045043486
1135,VALID_CAMPAIGN,MICRO_MOTION,-5721099317327865073,10,MIXED,2.05792032151,-0.337499211391,0.794999629737,UNGUARDED_REFERENCE,true,false,CONVERGED_UNCERTIFIED,NO_GUARDS_OR_FINAL_CERTIFICATION,1,true,false,8.59000617491e-07,false,true,false,true,0,NaN,916,6.19831640021|-11.7768583247|0.497057459499|3.08338336957|16.4951240412|-0.0984131339118|-7.16312720892|1.44410095356|-0.754198569376|-10.8389368381
1136,VALID_CAMPAIGN,UNIFORM,-5845956966128952891,10,MIXED,1.34989025017,0.119070728902,0.556972557491,GUARDED_PRODUCTION,true,true,SUCCESS,NONE,60,true,true,4.02249888468e-10,false,false,false,false,0,10.9694644396,473500,-0.625925198476|2.02024369547|0.270610811899|1.29526612407|-1.08003622627|0.514023215813|-0.0221474612200|-1.59092754993|0.249740772329|-0.916092029876
1136,VALID_CAMPAIGN,UNIFORM,-5845956966128952891,10,MIXED,1.34989025017,0.119070728902,0.556972557491,UNGUARDED_REFERENCE,true,false,CONVERGED_UNCERTIFIED,NO_GUARDS_OR_FINAL_CERTIFICATION,5,true,false,3.30952084024e-07,false,true,false,true,0,NaN,10500,6.64816225363|-12.3017782521|0.243772704208|3.71597319022|16.1953572302|0.146785483281|-7.47441550299|1.64575579560|-0.378643176508|-9.96279575496
1137,VALID_CAMPAIGN,NEAR_JOINT_LIMIT,1813209287839969921,10,MIXED,0.232900828581,1.27664918895,0.0248180503182,GUARDED_PRODUCTION,true,true,SUCCESS,NONE,210,true,true,9.39175092803e-07,false,false,false,false,0,5.46547706947,1625583,0.595465721485|2.24833374708|0.281577318425|1.56905715225|-1.78285383091|0.489782737559|-0.0464414717707|-1.44743252847|0.269641408344|-1.03704013378
1137,VALID_CAMPAIGN,NEAR_JOINT_LIMIT,1813209287839969921,10,MIXED,0.232900828581,1.27664918895,0.0248180503182,UNGUARDED_REFERENCE,true,false,CONVERGED_UNCERTIFIED,NO_GUARDS_OR_FINAL_CERTIFICATION,8,true,false,4.52254371666e-08,false,true,false,true,0,NaN,18709,7.64109982124|-12.2689156420|0.242674877625|4.39660323956|17.5785178558|0.327687243634|-9.52400438636|0.845502851653|-0.110645662845|-8.67358014386
1138,VALID_CAMPAIGN,NEAR_SINGULARITY,-2324298306576697199,10,MIXED,2.05792002923,-0.337499928308,0.794999966340,GUARDED_PRODUCTION,true,true,SUCCESS,NONE,92,true,true,6.77782769914e-08,false,false,false,false,0,5.22999339625,735125,-0.298101383232|1.13810434887|0.452399040674|0.406741460093|-1.03601587063|0.468373928131|0.0972573518286|-1.00000342512|0.393276125340|-0.559992378719
1138,VALID_CAMPAIGN,NEAR_SINGULARITY,-2324298306576697199,10,MIXED,2.05792002923,-0.337499928308,0.794999966340,UNGUARDED_REFERENCE,true,false,CONVERGED_UNCERTIFIED,NO_GUARDS_OR_FINAL_CERTIFICATION,8,true,false,1.09739457683e-09,false,true,false,true,0,NaN,18458,6.02498620873|-11.8755640070|0.354273292031|6.05545396143|18.0857382464|0.414000621285|-6.32383789783|1.20422313978|-0.129083136115|-6.41465085527
1139,VALID_CAMPAIGN,MICRO_MOTION,-8371357462483888212,10,MIXED,2.05792032151,-0.337499211391,0.794999629737,GUARDED_PRODUCTION,true,true,SUCCESS,NONE,1,true,true,8.80719003206e-07,false,false,false,false,0,NaN,6458,-0.298101383232|1.13810434887|0.452399040674|0.406741460093|-1.03601587063|0.468373928131|0.0972573518286|-1.00000342512|0.393276125340|-0.559992378719
1139,VALID_CAMPAIGN,MICRO_MOTION,-8371357462483888212,10,MIXED,2.05792032151,-0.337499211391,0.794999629737,UNGUARDED_REFERENCE,true,false,CONVERGED_UNCERTIFIED,NO_GUARDS_OR_FINAL_CERTIFICATION,1,true,false,8.44175772690e-07,false,true,false,true,0,NaN,833,6.02498620873|-11.8755640070|0.354273292031|6.05545396143|18.0857382464|0.414000621285|-6.32383789783|1.20422313978|-0.129083136115|-6.41465085527
1140,VALID_CAMPAIGN,UNIFORM,4372707164487495590,10,MIXED,-0.251935869759,-1.58350899524,0.371883139221,GUARDED_PRODUCTION,true,true,SUCCESS,NONE,51,true,true,6.73767364052e-10,false,false,false,false,0,11.6289311538,405375,-0.975934105542|0.621397971668|0.386040269675|1.09478221143|-1.68985248244|0.483422362409|0.306408160632|-0.940541528824|0.348260907598|-0.803594771398
1140,VALID_CAMPAIGN,UNIFORM,4372707164487495590,10,MIXED,-0.251935869759,-1.58350899524,0.371883139221,UNGUARDED_REFERENCE,true,false,CONVERGED_UNCERTIFIED,NO_GUARDS_OR_FINAL_CERTIFICATION,16,true,false,2.64918364271e-07,false,true,false,true,0,NaN,39083,11.0246058499|-12.7490084014|-0.211272577050|0.616157768540|12.3599523432|-0.441915578905|-9.52433935406|3.08259761753|0.240294169916|-7.69657916214
1141,VALID_CAMPAIGN,NEAR_JOINT_LIMIT,1715515397171831005,10,MIXED,-0.754229511300,-0.448232602738,0.233658223115,GUARDED_PRODUCTION,true,true,SUCCESS,NONE,50,true,true,7.00678064401e-07,false,false,false,false,0,7.25130956469,417458,-0.612449666924|-0.298505363166|0.343814814646|1.38291256244|-1.78285383091|0.483224696650|0.803931841401|-0.567605895588|0.337735050433|-1.04676447147
1141,VALID_CAMPAIGN,NEAR_JOINT_LIMIT,1715515397171831005,10,MIXED,-0.754229511300,-0.448232602738,0.233658223115,UNGUARDED_REFERENCE,true,false,CONVERGED_UNCERTIFIED,NO_GUARDS_OR_FINAL_CERTIFICATION,7,true,false,1.48992390194e-07,false,true,false,true,0,NaN,16041,10.7167831898|-13.7307224777|-0.166038907593|-0.534667888054|11.2071521860|-0.311592329840|-9.23358475083|3.86370548643|0.254837295008|-7.76506094916
1142,VALID_CAMPAIGN,NEAR_SINGULARITY,-6726774072948884249,10,MIXED,2.05792002923,-0.337499928308,0.794999966340,GUARDED_PRODUCTION,true,true,SUCCESS,NONE,101,true,true,3.16573086011e-09,false,false,false,false,0,3.25575943741,850041,-0.209834440396|0.966451917006|0.430771298263|0.329329821149|-0.957941412015|0.455986436539|0.126986096087|-0.972781605020|0.368741029220|-0.711096480480
1142,VALID_CAMPAIGN,NEAR_SINGULARITY,-6726774072948884249,10,MIXED,2.05792002923,-0.337499928308,0.794999966340,UNGUARDED_REFERENCE,true,false,CONVERGED_UNCERTIFIED,NO_GUARDS_OR_FINAL_CERTIFICATION,11,true,false,6.02035908188e-08,false,true,false,true,0,NaN,51000,18.6473359994|-24.7045631006|0.294190380983|1.22538150597|6.09903152153|-0.378472311803|-7.22859542312|5.67515492433|0.401045577282|-8.03597857184
1143,VALID_CAMPAIGN,MICRO_MOTION,-1533823896319655557,10,MIXED,2.05792032151,-0.337499211391,0.794999629737,GUARDED_PRODUCTION,true,true,SUCCESS,NONE,1,true,true,8.45295220123e-07,false,false,false,false,0,NaN,13916,-0.209834440396|0.966451917006|0.430771298263|0.329329821149|-0.957941412015|0.455986436539|0.126986096087|-0.972781605020|0.368741029220|-0.711096480480
1143,VALID_CAMPAIGN,MICRO_MOTION,-1533823896319655557,10,MIXED,2.05792032151,-0.337499211391,0.794999629737,UNGUARDED_REFERENCE,true,false,CONVERGED_UNCERTIFIED,NO_GUARDS_OR_FINAL_CERTIFICATION,1,true,false,8.42709362139e-07,false,true,false,true,0,NaN,1166,18.6473359994|-24.7045631006|0.294190380983|1.22538150597|6.09903152153|-0.378472311803|-7.22859542312|5.67515492433|0.401045577282|-8.03597857184
1144,VALID_CAMPAIGN,UNIFORM,-894476055685287210,10,MIXED,1.78389392412,0.346984060408,0.700286715793,GUARDED_PRODUCTION,true,true,SUCCESS,NONE,25,true,true,2.94812337715e-07,false,false,false,false,0,11.2203816723,203625,0.243101541973|1.17550516397|0.382554861734|0.851746266811|-1.25631053079|0.464245247427|0.157028732767|-1.03127561909|0.331536998300|-0.883712408549
1144,VALID_CAMPAIGN,UNIFORM,-894476055685287210,10,MIXED,1.78389392412,0.346984060408,0.700286715793,UNGUARDED_REFERENCE,true,false,CONVERGED_UNCERTIFIED,NO_GUARDS_OR_FINAL_CERTIFICATION,5,true,false,1.09440161194e-07,false,true,false,true,0,NaN,10709,18.9718522907|-24.6939968644|0.230239510210|1.13153955022|6.07333460169|-0.265148608211|-7.26889410863|5.91677980190|0.249907346653|-8.86392187283
1145,VALID_CAMPAIGN,NEAR_JOINT_LIMIT,-1382111672716020846,10,MIXED,0.0111047111074,-0.385134948785,0.160868591458,GUARDED_PRODUCTION,true,true,SUCCESS,NONE,83,true,true,6.38903161721e-09,false,false,false,false,0,13.2303054963,670208,0.846567111672|-0.381347640802|0.268388004913|1.52139586282|-1.77975262320|0.473370924778|1.26911446244|-0.287366468936|0.304527618780|-1.42688709280
1145,VALID_CAMPAIGN,NEAR_JOINT_LIMIT,-1382111672716020846,10,MIXED,0.0111047111074,-0.385134948785,0.160868591458,UNGUARDED_REFERENCE,true,false,CONVERGED_UNCERTIFIED,NO_GUARDS_OR_FINAL_CERTIFICATION,8,true,false,3.87251813694e-10,false,true,false,true,0,NaN,19833,15.7973787192|-22.5166787882|0.0247548603021|3.23808327256|4.70284132843|0.657981785117|-9.63024692239|8.98243245490|-0.605137195102|-13.2662868639
1146,VALID_CAMPAIGN,NEAR_SINGULARITY,3612115455339536894,10,MIXED,2.05792002923,-0.337499928308,0.794999966340,GUARDED_PRODUCTION,true,true,SUCCESS,NONE,94,true,true,7.82045057691e-08,false,false,false,false,0,1.99580213168,770000,-0.252682333820|0.971637756691|0.415657827323|0.300648782445|-0.893680481791|0.455245831289|0.133045447857|-0.977974846024|0.361873896906|-0.760304235504
1146,VALID_CAMPAIGN,NEAR_SINGULARITY,3612115455339536894,10,MIXED,2.05792002923,-0.337499928308,0.794999966340,UNGUARDED_REFERENCE,true,false,CONVERGED_UNCERTIFIED,NO_GUARDS_OR_FINAL_CERTIFICATION,8,true,false,8.06412004308e-09,false,true,false,true,0,NaN,19500,18.9597444796|-19.2699519855|0.0273760327875|4.09232791412|3.11176711879|0.338441808380|-7.35554752681|8.80964365890|-0.952320109468|-13.2178949770
1147,VALID_CAMPAIGN,MICRO_MOTION,3616610434887379447,10,MIXED,2.05792032151,-0.337499211391,0.794999629737,GUARDED_PRODUCTION,true,true,SUCCESS,NONE,1,true,true,8.74510498982e-07,false,false,false,false,0,NaN,8292,-0.252682333820|0.971637756691|0.415657827323|0.300648782445|-0.893680481791|0.455245831289|0.133045447857|-0.977974846024|0.361873896906|-0.760304235504
1147,VALID_CAMPAIGN,MICRO_MOTION,3616610434887379447,10,MIXED,2.05792032151,-0.337499211391,0.794999629737,UNGUARDED_REFERENCE,true,false,CONVERGED_UNCERTIFIED,NO_GUARDS_OR_FINAL_CERTIFICATION,1,true,false,8.43627928058e-07,false,true,false,true,0,NaN,958,18.9597444796|-19.2699519855|0.0273760327875|4.09232791412|3.11176711879|0.338441808380|-7.35554752681|8.80964365890|-0.952320109468|-13.2178949770
1148,VALID_CAMPAIGN,UNIFORM,-8655686540539817311,10,MIXED,-0.266790102020,-1.07344258248,1.29682741384,GUARDED_PRODUCTION,true,true,SUCCESS,NONE,60,true,true,3.19760771361e-08,false,false,false,false,0,11.3574034733,506958,-0.934168384316|0.304511685259|0.360959332397|0.994460062175|-0.631812507684|0.477334266277|0.778958225768|-0.529147660966|0.351911703800|-0.898902746316
1148,VALID_CAMPAIGN,UNIFORM,-8655686540539817311,10,MIXED,-0.266790102020,-1.07344258248,1.29682741384,UNGUARDED_REFERENCE,true,false,CONVERGED_UNCERTIFIED,NO_GUARDS_OR_FINAL_CERTIFICATION,12,true,false,1.05963825676e-08,false,true,false,true,0,NaN,28792,23.6108555975|-25.4206652734|-0.0986430990998|3.16789964460|3.96827352245|-0.558657115938|-7.52375622733|11.8949923160|0.218005982651|-13.2189153171
1149,VALID_CAMPAIGN,NEAR_JOINT_LIMIT,-146333929070195177,10,MIXED,0.360855157260,0.0279000593040,-0.213752961021,GUARDED_PRODUCTION,true,true,SUCCESS,NONE,634,true,true,9.83497357060e-07,false,false,false,false,0,4.03464976438,4768792,0.987124248882|-0.00777462741803|0.313372604425|1.78285383091|-0.456773718614|0.491914677611|1.78285383091|0.268546963588|0.511309308015|-0.838065892830
1149,VALID_CAMPAIGN,NEAR_JOINT_LIMIT,-146333929070195177,10,MIXED,0.360855157260,0.0279000593040,-0.213752961021,UNGUARDED_REFERENCE,true,false,CONVERGED_UNCERTIFIED,NO_GUARDS_OR_FINAL_CERTIFICATION,7,true,false,5.62799524285e-10,false,true,false,true,0,NaN,17500,26.0325825293|-26.9781217141|-0.101477123645|3.60100676729|5.46773711315|0.525630593029|-6.45879961706|11.7568391736|-0.323902144057|-16.2675603435
1150,VALID_CAMPAIGN,NEAR_SINGULARITY,4334464485790112877,10,MIXED,2.05792002923,-0.337499928308,0.794999966340,GUARDED_PRODUCTION,true,true,SUCCESS,NONE,136,true,true,6.53304665699e-08,false,false,false,false,0,2.14299411382,1169791,-0.366816322321|0.738632429109|0.556698493536|-0.610444405693|1.75593740695|0.483993760240|1.55733408196|0.0207291646523|0.575000000000|-0.985434097740
1150,VALID_CAMPAIGN,NEAR_SINGULARITY,4334464485790112877,10,MIXED,2.05792002923,-0.337499928308,0.794999966340,UNGUARDED_REFERENCE,true,false,CONVERGED_UNCERTIFIED,NO_GUARDS_OR_FINAL_CERTIFICATION,14,true,false,2.16295133431e-09,false,true,false,true,0,NaN,36500,24.8859730587|-18.4467704750|-0.123814809272|1.31729810969|5.69714716530|0.0312613500791|-8.41337786385|8.95300352900|-1.04371843503|-15.0126884107
1151,VALID_CAMPAIGN,MICRO_MOTION,6780963618302155006,10,MIXED,2.05792032151,-0.337499211391,0.794999629737,GUARDED_PRODUCTION,true,true,SUCCESS,NONE,1,true,true,8.12374636554e-07,false,false,false,false,0,NaN,25959,-0.366816322321|0.738632429109|0.556698493536|-0.610444405693|1.75593740695|0.483993760240|1.55733408196|0.0207291646523|0.575000000000|-0.985434097740
1151,VALID_CAMPAIGN,MICRO_MOTION,6780963618302155006,10,MIXED,2.05792032151,-0.337499211391,0.794999629737,UNGUARDED_REFERENCE,true,false,CONVERGED_UNCERTIFIED,NO_GUARDS_OR_FINAL_CERTIFICATION,1,true,false,8.43895310400e-07,false,true,false,true,0,NaN,916,24.8859730587|-18.4467704750|-0.123814809272|1.31729810969|5.69714716530|0.0312613500791|-8.41337786385|8.95300352900|-1.04371843503|-15.0126884107
1152,VALID_CAMPAIGN,UNIFORM,3763895617597475265,10,MIXED,-0.632788615444,1.05021231829,1.39489526058,GUARDED_PRODUCTION,true,true,SUCCESS,NONE,70,true,true,6.80965829242e-09,false,false,false,false,0,11.6729624221,524000,1.28542220405|1.55985312825|0.520364405077|0.00621530868715|1.68259912327|0.460986624517|1.17147948959|-0.111121138435|0.535671855639|-1.03460236266
1152,VALID_CAMPAIGN,UNIFORM,3763895617597475265,10,MIXED,-0.632788615444,1.05021231829,1.39489526058,UNGUARDED_REFERENCE,true,false,CONVERGED_UNCERTIFIED,NO_GUARDS_OR_FINAL_CERTIFICATION,12,true,false,2.96103970435e-07,false,true,false,true,0,NaN,27375,27.0506754276|-18.5065029037|-0.0536946253043|6.06652565825|3.72085591311|0.937378156048|-10.1617366922|10.9968585774|0.108282718028|-15.8528218524
1153,VALID_CAMPAIGN,NEAR_JOINT_LIMIT,2522635692626264674,10,MIXED,0.812957921132,-0.314330113390,0.0682385317577,GUARDED_PRODUCTION,false,false,MAX_ITERATIONS_REACHED,MAX_ITERATIONS_LIMIT_REACHED,800,true,true,8.51072844283e-06,false,false,false,false,0,10.2288350185,5833208,0.397194739682|2.33987788195|0.493649644434|1.78285383091|1.78285383091|0.437986448505|0.630511544009|-0.424444819710|0.511312130915|-0.590601332529
1153,VALID_CAMPAIGN,NEAR_JOINT_LIMIT,2522635692626264674,10,MIXED,0.812957921132,-0.314330113390,0.0682385317577,UNGUARDED_REFERENCE,true,false,CONVERGED_UNCERTIFIED,NO_GUARDS_OR_FINAL_CERTIFICATION,8,true,false,4.09281575965e-10,false,true,false,true,0,NaN,21291,24.6366348130|-16.9221700808|-0.0600794564953|7.26448413015|4.01354466843|0.0796208474288|-7.16947128478|9.30413317752|-0.594616876863|-15.1198228547
1154,VALID_CAMPAIGN,NEAR_SINGULARITY,-4398631220488199431,10,MIXED,2.05792002923,-0.337499928308,0.794999966340,GUARDED_PRODUCTION,false,false,NO_CONVERGENCE,STAGNATION_WINDOW_EXCEEDED,66,true,true,0.691520990635,false,false,false,false,0,3.38031403593,527875,-0.333648381326|2.09890569739|0.575000000000|1.38303423754|1.41623191004|0.565248187928|1.78285383091|-0.0720745984501|0.575000000000|-0.528418184377
1154,VALID_CAMPAIGN,NEAR_SINGULARITY,-4398631220488199431,10,MIXED,2.05792002923,-0.337499928308,0.794999966340,UNGUARDED_REFERENCE,true,false,CONVERGED_UNCERTIFIED,NO_GUARDS_OR_FINAL_CERTIFICATION,6,true,false,4.01410517228e-07,false,true,false,true,0,NaN,14584,24.6496723851|-18.2368905004|0.0330224732451|6.68060505526|6.06013258663|0.107866248505|-7.12912499625|8.64699849656|-0.715751828380|-15.3498226998
1155,VALID_CAMPAIGN,MICRO_MOTION,-8671118591006684702,10,MIXED,2.05792032151,-0.337499211391,0.794999629737,GUARDED_PRODUCTION,false,false,NO_CONVERGENCE,STAGNATION_WINDOW_EXCEEDED,7,true,true,0.706167744434,false,false,false,false,0,14.2960476957,50209,-0.344623342303|2.06898165343|0.575000000000|1.35134973092|1.41630330296|0.575000000000|1.78285383091|-0.0839667251840|0.575000000000|-0.519073677171
1155,VALID_CAMPAIGN,MICRO_MOTION,-8671118591006684702,10,MIXED,2.05792032151,-0.337499211391,0.794999629737,UNGUARDED_REFERENCE,true,false,CONVERGED_UNCERTIFIED,NO_GUARDS_OR_FINAL_CERTIFICATION,1,true,false,9.47769970101e-07,false,true,false,true,0,NaN,959,24.6496723851|-18.2368905004|0.0330224732451|6.68060505526|6.06013258663|0.107866248505|-7.12912499625|8.64699849656|-0.715751828380|-15.3498226998
1156,VALID_CAMPAIGN,UNIFORM,7257886907146084709,10,MIXED,0.438245823864,0.0258558596321,0.731473163695,GUARDED_PRODUCTION,true,true,SUCCESS,NONE,61,true,true,4.49909862283e-09,false,false,false,false,0,14.1720744709,482792,1.37676980190|1.68642677570|0.509986791141|1.21632689242|1.69911499110|0.480543160435|0.669217836924|-0.640126526391|0.467984222902|-0.584393948215
1156,VALID_CAMPAIGN,UNIFORM,7257886907146084709,10,MIXED,0.438245823864,0.0258558596321,0.731473163695,UNGUARDED_REFERENCE,true,false,CONVERGED_UNCERTIFIED,NO_GUARDS_OR_FINAL_CERTIFICATION,7,true,false,1.00419526986e-08,false,true,false,true,0,NaN,15250,23.4146125327|-16.3859159903|-0.0791635790929|6.90508345338|5.53508998177|0.207286772825|-9.37376258632|10.6389349147|-0.0203340966569|-16.4639344344
1157,VALID_CAMPAIGN,NEAR_JOINT_LIMIT,8515928763405729554,10,MIXED,-0.375673153983,-0.0296957403895,0.310114355354,GUARDED_PRODUCTION,true,true,SUCCESS,NONE,122,true,true,9.27052479105e-07,false,false,false,false,0,2.50634295141,949250,1.81396235924|1.11306465969|0.572584117617|1.41088797223|1.78285383091|0.430710892097|0.142481872036|-1.05368187857|0.404768716867|-0.553017227402
1157,VALID_CAMPAIGN,NEAR_JOINT_LIMIT,8515928763405729554,10,MIXED,-0.375673153983,-0.0296957403895,0.310114355354,UNGUARDED_REFERENCE,true,false,CONVERGED_UNCERTIFIED,NO_GUARDS_OR_FINAL_CERTIFICATION,6,true,false,9.30984152478e-07,false,true,false,true,0,NaN,13583,23.2637739458|-14.9807292134|-0.133081478147|7.31013147138|4.60793314948|0.142055509224|-8.66435546802|10.9194458937|0.0295473040072|-15.0852508452
1158,VALID_CAMPAIGN,NEAR_SINGULARITY,2696542459347976311,10,MIXED,2.05792002923,-0.337499928308,0.794999966340,GUARDED_PRODUCTION,false,false,NO_CONVERGENCE,STAGNATION_WINDOW_EXCEEDED,101,true,true,0.690568639999,false,false,false,false,0,2.04561025499,754167,-0.289907436768|1.94924751342|0.575000000000|1.21918597164|1.34525547150|0.571276087333|1.78285383091|-0.0386430268617|0.575000000000|-0.569684033994
1158,VALID_CAMPAIGN,NEAR_SINGULARITY,2696542459347976311,10,MIXED,2.05792002923,-0.337499928308,0.794999966340,UNGUARDED_REFERENCE,true,false,CONVERGED_UNCERTIFIED,NO_GUARDS_OR_FINAL_CERTIFICATION,9,true,false,1.64766890416e-08,false,true,false,true,0,NaN,19959,25.0062571923|-18.8777245803|0.111333334010|5.83552138563|6.75029762502|0.535409591346|-10.1666770114|11.7544391067|-0.342957588587|-13.6322944650
1159,VALID_CAMPAIGN,MICRO_MOTION,-9189109651435967716,10,MIXED,2.05792032151,-0.337499211391,0.794999629737,GUARDED_PRODUCTION,false,false,NO_CONVERGENCE,STAGNATION_WINDOW_EXCEEDED,7,true,true,0.713645085730,false,false,false,false,0,13.4886532638,48167,-0.322985268981|1.93203914524|0.575000000000|1.18720589336|1.35735637688|0.575000000000|1.78285383091|-0.0352788448061|0.575000000000|-0.564233186150
1159,VALID_CAMPAIGN,MICRO_MOTION,-9189109651435967716,10,MIXED,2.05792032151,-0.337499211391,0.794999629737,UNGUARDED_REFERENCE,true,false,CONVERGED_UNCERTIFIED,NO_GUARDS_OR_FINAL_CERTIFICATION,1,true,false,8.43994017354e-07,false,true,false,true,0,NaN,875,25.0062571923|-18.8777245803|0.111333334010|5.83552138563|6.75029762502|0.535409591346|-10.1666770114|11.7544391067|-0.342957588587|-13.6322944650
1160,VALID_CAMPAIGN,UNIFORM,-8937149646646645983,10,MIXED,0.329087769788,1.61651046380,0.271999203108,GUARDED_PRODUCTION,false,false,NO_CONVERGENCE,STAGNATION_WINDOW_EXCEEDED,72,true,true,0.252890031563,false,false,false,false,0,13.2477680876,503667,1.24609901128|2.13399783979|0.575000000000|1.63157644502|1.33932865781|0.575000000000|1.78285383091|-0.130202266142|0.575000000000|-0.507938357875
1160,VALID_CAMPAIGN,UNIFORM,-8937149646646645983,10,MIXED,0.329087769788,1.61651046380,0.271999203108,UNGUARDED_REFERENCE,true,false,CONVERGED_UNCERTIFIED,NO_GUARDS_OR_FINAL_CERTIFICATION,11,true,false,1.82640877126e-08,false,true,false,true,0,NaN,24375,26.5561622313|-18.7870878099|0.146663126690|7.46517450168|9.14364985023|-0.178660737941|-5.74218272097|8.63259114392|0.655764334934|-18.7758921284
1161,VALID_CAMPAIGN,NEAR_JOINT_LIMIT,-8726670261459150911,10,MIXED,-0.868259473998,-1.02171922363,0.00608341285101,GUARDED_PRODUCTION,false,false,NO_CONVERGENCE,STAGNATION_WINDOW_EXCEEDED,66,true,true,1.69477792180,false,false,false,false,0,15.2769334308,487417,3.14159265359|2.02802510186|0.471065249510|1.78285383091|1.65558391096|0.445841006318|0.814748132179|-0.357930238822|0.442093004602|-0.523769614761
1161,VALID_CAMPAIGN,NEAR_JOINT_LIMIT,-8726670261459150911,10,MIXED,-0.868259473998,-1.02171922363,0.00608341285101,UNGUARDED_REFERENCE,true,false,CONVERGED_UNCERTIFIED,NO_GUARDS_OR_FINAL_CERTIFICATION,12,true,false,1.00501261603e-08,false,true,false,true,0,NaN,27666,29.1276201506|-18.5704420104|-0.0165009828088|2.52666986404|9.84085339049|0.444255070398|-6.77528265972|6.10895241776|-0.270040297643|-18.5044994755
1162,VALID_CAMPAIGN,NEAR_SINGULARITY,8481242068127937097,10,MIXED,2.05792002923,-0.337499928308,0.794999966340,GUARDED_PRODUCTION,true,true,SUCCESS,NONE,204,true,true,8.28514915622e-07,false,false,false,false,0,3.16053706830,1475083,-0.315088011583|1.81872262988|0.575000000000|1.37420058409|-1.19974166599|0.575000000000|0.404441153180|-1.18816656871|0.575000000000|-0.573785143533
1162,VALID_CAMPAIGN,NEAR_SINGULARITY,8481242068127937097,10,MIXED,2.05792002923,-0.337499928308,0.794999966340,UNGUARDED_REFERENCE,true,false,CONVERGED_UNCERTIFIED,NO_GUARDS_OR_FINAL_CERTIFICATION,9,true,false,1.12229500405e-07,false,true,false,true,0,NaN,21417,31.2434672446|-18.7997479545|-0.101061620109|-1.09586537771|9.82999101536|0.920575143519|-8.59387375792|4.04705229955|-0.156969265360|-18.1583440328
1163,VALID_CAMPAIGN,MICRO_MOTION,907854275030109406,10,MIXED,2.05792032151,-0.337499211391,0.794999629737,GUARDED_PRODUCTION,true,true,SUCCESS,NONE,2,true,true,5.90020333230e-07,false,false,false,false,0,18.4761399997,14625,-0.315087378664|1.81872137890|0.575000000000|1.37419921004|-1.19974272379|0.575000000000|0.404440386961|-1.18816673771|0.575000000000|-0.573784724064
1163,VALID_CAMPAIGN,MICRO_MOTION,907854275030109406,10,MIXED,2.05792032151,-0.337499211391,0.794999629737,UNGUARDED_REFERENCE,true,false,CONVERGED_UNCERTIFIED,NO_GUARDS_OR_FINAL_CERTIFICATION,1,true,false,8.51982247810e-07,false,true,false,true,0,NaN,834,31.2434672446|-18.7997479545|-0.101061620109|-1.09586537771|9.82999101536|0.920575143519|-8.59387375792|4.04705229955|-0.156969265360|-18.1583440328
1164,VALID_CAMPAIGN,UNIFORM,8913739582195452382,10,MIXED,-1.75344064124,-0.588959821063,0.156718645333,GUARDED_PRODUCTION,true,true,SUCCESS,NONE,167,true,true,8.07766765045e-07,false,false,false,false,0,18.4761587100,1250375,-2.46045845339|1.69742015628|0.526710042093|1.78285383091|-1.24061663478|0.575000000000|0.979766588954|-0.822435072769|0.547728171246|-0.725137642857
1164,VALID_CAMPAIGN,UNIFORM,8913739582195452382,10,MIXED,-1.75344064124,-0.588959821063,0.156718645333,UNGUARDED_REFERENCE,true,false,CONVERGED_UNCERTIFIED,NO_GUARDS_OR_FINAL_CERTIFICATION,9,true,false,1.77749462143e-09,false,true,false,true,0,NaN,20208,28.6910065727|-15.8664757863|-0.146297953356|-1.47514138832|9.81061853477|-1.47068918281|-6.98226150855|-2.04160659535|0.449451653103|-10.0462509138
1165,VALID_CAMPAIGN,NEAR_JOINT_LIMIT,-7909101370157526362,10,MIXED,-0.0233631731477,-0.309506331666,0.519556220073,GUARDED_PRODUCTION,true,true,SUCCESS,NONE,87,true,true,7.18459019411e-07,false,false,false,false,0,6.68303056328,637875,-1.38679132478|0.672066247874|0.448854051776|1.19371236805|-1.63784327176|0.544724927159|1.78285383091|0.354193471256|0.575000000000|-0.712886839865
1165,VALID_CAMPAIGN,NEAR_JOINT_LIMIT,-7909101370157526362,10,MIXED,-0.0233631731477,-0.309506331666,0.519556220073,UNGUARDED_REFERENCE,true,false,CONVERGED_UNCERTIFIED,NO_GUARDS_OR_FINAL_CERTIFICATION,6,true,false,4.63438144509e-07,false,true,false,true,0,NaN,12958,29.0872059593|-17.3121424976|-0.162161314099|-2.44589629515|9.90374594655|-0.722362849451|-5.30788151908|-3.28450854184|-0.227440842990|-9.29088076207
1166,VALID_CAMPAIGN,NEAR_SINGULARITY,7983321239862823166,10,MIXED,2.05792002923,-0.337499928308,0.794999966340,GUARDED_PRODUCTION,true,true,SUCCESS,NONE,97,true,true,6.40463268968e-08,false,false,false,false,0,3.22417071492,693916,-0.242932242548|0.271700820042|0.451102493946|-0.930570034203|-1.78285383091|0.551126881036|1.23910968318|0.186893158172|0.570648696230|-0.230168223780
1166,VALID_CAMPAIGN,NEAR_SINGULARITY,7983321239862823166,10,MIXED,2.05792002923,-0.337499928308,0.794999966340,UNGUARDED_REFERENCE,true,false,CONVERGED_UNCERTIFIED,NO_GUARDS_OR_FINAL_CERTIFICATION,15,true,false,3.28513192212e-09,false,true,false,true,0,NaN,36875,37.2836184361|-17.7457210362|0.444707200296|-9.91078240477|16.8187995649|-0.852198566798|-5.91289758712|-0.733670550604|0.0666563190865|-12.7067005671
1167,VALID_CAMPAIGN,MICRO_MOTION,-5554397758174488710,10,MIXED,2.05792032151,-0.337499211391,0.794999629737,GUARDED_PRODUCTION,true,true,SUCCESS,NONE,1,true,true,8.92252028743e-07,false,false,false,false,0,NaN,7542,-0.242932242548|0.271700820042|0.451102493946|-0.930570034203|-1.78285383091|0.551126881036|1.23910968318|0.186893158172|0.570648696230|-0.230168223780
1167,VALID_CAMPAIGN,MICRO_MOTION,-5554397758174488710,10,MIXED,2.05792032151,-0.337499211391,0.794999629737,UNGUARDED_REFERENCE,true,false,CONVERGED_UNCERTIFIED,NO_GUARDS_OR_FINAL_CERTIFICATION,1,true,false,8.44187878082e-07,false,true,false,true,0,NaN,834,37.2836184361|-17.7457210362|0.444707200296|-9.91078240477|16.8187995649|-0.852198566798|-5.91289758712|-0.733670550604|0.0666563190865|-12.7067005671
1168,VALID_CAMPAIGN,UNIFORM,7054922047975138209,10,MIXED,-0.483289347496,-0.393052267575,0.912609112529,GUARDED_PRODUCTION,true,true,SUCCESS,NONE,80,true,true,5.42204676894e-09,false,false,false,false,0,5.69936743478,675666,-1.63505764933|0.541135746082|0.476002254951|0.715469513386|-0.704369937030|0.534619229596|1.32362117120|0.360879178486|0.555810367991|-0.634754800306
1168,VALID_CAMPAIGN,UNIFORM,7054922047975138209,10,MIXED,-0.483289347496,-0.393052267575,0.912609112529,UNGUARDED_REFERENCE,true,false,CONVERGED_UNCERTIFIED,NO_GUARDS_OR_FINAL_CERTIFICATION,12,true,false,1.62220975857e-09,false,true,false,true,0,NaN,32209,30.2351172364|-13.9722305315|0.125891076380|-3.95969209344|18.4430487696|-0.369147528722|-6.46328302673|-1.51519090585|-0.0188356615966|-15.8113869574
1169,VALID_CAMPAIGN,NEAR_JOINT_LIMIT,5292539592817380616,10,MIXED,-0.667353011879,-0.445428188902,-0.0485732732605,GUARDED_PRODUCTION,true,true,SUCCESS,NONE,32,true,true,4.95710155729e-08,false,false,false,false,0,2.92673588891,247375,-1.96236715936|0.855094789703|0.496988873375|1.53045396270|-0.349554047352|0.526014158786|1.60201674552|0.595231604712|0.565247210588|-0.777704978168
1169,VALID_CAMPAIGN,NEAR_JOINT_LIMIT,5292539592817380616,10,MIXED,-0.667353011879,-0.445428188902,-0.0485732732605,UNGUARDED_REFERENCE,true,false,CONVERGED_UNCERTIFIED,NO_GUARDS_OR_FINAL_CERTIFICATION,6,true,false,4.62480399362e-07,false,true,false,true,0,NaN,13708,30.5488130565|-14.1170367253|0.124325340923|-3.54632708412|16.5985325687|-0.112686913508|-7.10740488148|-3.44713298048|-0.293978937352|-15.0768267793
1170,VALID_CAMPAIGN,NEAR_SINGULARITY,-6542655844043638265,10,MIXED,2.05792002923,-0.337499928308,0.794999966340,GUARDED_PRODUCTION,false,false,NO_CONVERGENCE,STAGNATION_WINDOW_EXCEEDED,183,true,true,0.700652072747,false,false,false,false,0,3.43474967708,1283375,-0.386437894294|0.764869503827|0.575000000000|0.423547386715|0.0466504765747|0.575000000000|1.78285383091|1.78285383091|0.470803689825|-1.78285383091
1170,VALID_CAMPAIGN,NEAR_SINGULARITY,-6542655844043638265,10,MIXED,2.05792002923,-0.337499928308,0.794999966340,UNGUARDED_REFERENCE,true,false,CONVERGED_UNCERTIFIED,NO_GUARDS_OR_FINAL_CERTIFICATION,9,true,false,5.66352563043e-07,false,true,false,true,0,NaN,20500,37.5707881762|-18.4451865131|0.440460739800|-4.76606752871|18.3405140118|-0.591514760078|-8.21218649657|-3.79333025082|-0.366782133618|-15.9047443920
1171,VALID_CAMPAIGN,MICRO_MOTION,-4012263935289228598,10,MIXED,2.05792032151,-0.337499211391,0.794999629737,GUARDED_PRODUCTION,false,false,NO_CONVERGENCE,STAGNATION_WINDOW_EXCEEDED,7,true,true,0.702558857546,false,false,false,false,0,7.72274139609,44333,-0.386977746702|0.757653737480|0.575000000000|0.416408069339|0.0570256017968|0.575000000000|1.78285383091|1.78285383091|0.470440686327|-1.78285383091
1171,VALID_CAMPAIGN,MICRO_MOTION,-4012263935289228598,10,MIXED,2.05792032151,-0.337499211391,0.794999629737,UNGUARDED_REFERENCE,true,false,CONVERGED_UNCERTIFIED,NO_GUARDS_OR_FINAL_CERTIFICATION,1,true,false,9.43466933954e-07,false,true,false,true,0,NaN,834,37.5707881762|-18.4451865131|0.440460739800|-4.76606752871|18.3405140118|-0.591514760078|-8.21218649657|-3.79333025082|-0.366782133618|-15.9047443920
1172,VALID_CAMPAIGN,UNIFORM,-5227069856005745246,10,MIXED,1.76337055025,-1.31184518072,0.408167060075,GUARDED_PRODUCTION,false,false,NO_CONVERGENCE,STAGNATION_WINDOW_EXCEEDED,29,true,true,0.594674857050,false,false,false,false,0,7.73648182640,191750,-0.683127889566|0.635846315848|0.575000000000|0.110980607157|0.0288266058584|0.573222731417|1.78285383091|1.78285383091|0.484730398891|-1.78285383091
1172,VALID_CAMPAIGN,UNIFORM,-5227069856005745246,10,MIXED,1.76337055025,-1.31184518072,0.408167060075,UNGUARDED_REFERENCE,true,false,CONVERGED_UNCERTIFIED,NO_GUARDS_OR_FINAL_CERTIFICATION,6,true,false,1.49842459235e-08,false,true,false,true,0,NaN,12500,36.9760719809|-18.3480001947|0.435903090396|-5.08592029238|18.3331538763|-0.574783736985|-8.30389521760|-3.85339267133|-0.347305158089|-15.8865069461
1173,VALID_CAMPAIGN,NEAR_JOINT_LIMIT,-7893197085439663214,10,MIXED,-0.142967746687,-0.504156819379,-0.259147668295,GUARDED_PRODUCTION,false,false,MAX_ITERATIONS_REACHED,MAX_ITERATIONS_LIMIT_REACHED,800,true,true,0.000686853688521,false,false,false,false,0,8.31024854886,5481333,-0.624514040638|-0.123536599386|0.513533446011|1.78285383091|-0.339293764418|0.470861494291|1.78285383091|0.207764496109|0.575000000000|-0.820349552711
1173,VALID_CAMPAIGN,NEAR_JOINT_LIMIT,-7893197085439663214,10,MIXED,-0.142967746687,-0.504156819379,-0.259147668295,UNGUARDED_REFERENCE,true,false,CONVERGED_UNCERTIFIED,NO_GUARDS_OR_FINAL_CERTIFICATION,8,true,false,7.90521654135e-10,false,true,false,true,0,NaN,17334,32.1848340831|-15.8649394077|0.0711278014137|-4.52436158009|21.3180819442|0.140865118164|-12.1866445693|-2.44614168102|0.491711199673|-16.2572762272
1174,VALID_CAMPAIGN,NEAR_SINGULARITY,60907000416876792,10,MIXED,2.05792002923,-0.337499928308,0.794999966340,GUARDED_PRODUCTION,true,true,SUCCESS,NONE,131,true,true,6.55189477425e-07,false,false,false,false,0,2.50632851747,954916,-0.325236998210|0.675126903504|0.575000000000|-0.660396570643|1.50971432057|0.489521310809|1.27739581741|0.220946491141|0.562908035511|-1.13951384331
1174,VALID_CAMPAIGN,NEAR_SINGULARITY,60907000416876792,10,MIXED,2.05792002923,-0.337499928308,0.794999966340,UNGUARDED_REFERENCE,true,false,CONVERGED_UNCERTIFIED,NO_GUARDS_OR_FINAL_CERTIFICATION,7,true,false,1.89399081741e-07,false,true,false,true,0,NaN,15667,37.4736767960|-18.4582669518|0.289955956076|-6.62942776920|18.7730848002|0.620009278653|-12.0905992639|-5.64108991253|-0.0421399880683|-14.3731952350
1175,VALID_CAMPAIGN,MICRO_MOTION,2198993617478526868,10,MIXED,2.05792032151,-0.337499211391,0.794999629737,GUARDED_PRODUCTION,true,true,SUCCESS,NONE,1,true,true,6.25169626312e-07,false,false,false,false,0,NaN,6542,-0.325236998210|0.675126903504|0.575000000000|-0.660396570643|1.50971432057|0.489521310809|1.27739581741|0.220946491141|0.562908035511|-1.13951384331
1175,VALID_CAMPAIGN,MICRO_MOTION,2198993617478526868,10,MIXED,2.05792032151,-0.337499211391,0.794999629737,UNGUARDED_REFERENCE,true,false,CONVERGED_UNCERTIFIED,NO_GUARDS_OR_FINAL_CERTIFICATION,1,true,false,8.22847319066e-07,false,true,false,true,0,NaN,750,37.4736767960|-18.4582669518|0.289955956076|-6.62942776920|18.7730848002|0.620009278653|-12.0905992639|-5.64108991253|-0.0421399880683|-14.3731952350
1176,VALID_CAMPAIGN,UNIFORM,-8191582894003461631,10,MIXED,1.23968325980,0.540815840733,-0.125810434279,GUARDED_PRODUCTION,true,true,SUCCESS,NONE,68,true,true,9.30925649873e-07,false,false,false,false,0,11.4397724993,510583,0.0748135634959|1.07275397957|0.542273528193|-0.869615093676|1.37706344977|0.429800392398|1.78285383091|1.49113096528|0.575000000000|-1.38455662116
1176,VALID_CAMPAIGN,UNIFORM,-8191582894003461631,10,MIXED,1.23968325980,0.540815840733,-0.125810434279,UNGUARDED_REFERENCE,true,false,CONVERGED_UNCERTIFIED,NO_GUARDS_OR_FINAL_CERTIFICATION,6,true,false,3.42343480368e-08,false,true,false,true,0,NaN,12959,36.5520180834|-17.2076533299|0.0752986020206|-7.03663154642|19.4697279990|0.0288697838997|-13.3016414103|-4.89224133568|0.128818754100|-18.9537081768
1177,VALID_CAMPAIGN,NEAR_JOINT_LIMIT,-7202902250780839330,10,MIXED,-0.135825171513,0.629901367629,-0.177109137866,GUARDED_PRODUCTION,true,true,SUCCESS,NONE,77,true,true,7.90614976786e-07,false,false,false,false,0,17.7996104456,603042,0.464979558237|2.30631551250|0.499243240000|-1.24030743671|1.75033933042|0.405697859084|1.78285383091|1.78285383091|0.575000000000|-1.52071425313
1177,VALID_CAMPAIGN,NEAR_JOINT_LIMIT,-7202902250780839330,10,MIXED,-0.135825171513,0.629901367629,-0.177109137866,UNGUARDED_REFERENCE,true,false,CONVERGED_UNCERTIFIED,NO_GUARDS_OR_FINAL_CERTIFICATION,6,true,false,3.67462842637e-08,false,true,false,true,0,NaN,17000,35.7475000664|-15.7997961237|0.0901860225289|-7.83892821695|20.2052310384|-0.0402403905348|-13.4763388053|-4.41749676311|0.124373159715|-18.8205966228
1178,VALID_CAMPAIGN,NEAR_SINGULARITY,-823614293108256373,10,MIXED,2.05792002923,-0.337499928308,0.794999966340,GUARDED_PRODUCTION,true,true,SUCCESS,NONE,96,true,true,1.85246040479e-09,false,false,false,false,0,5.93952889378,735542,-0.501878418954|0.722072756116|0.550192810403|-0.735375920775|1.60283657141|0.497027446180|0.779642953217|0.398977803756|0.561502507316|-1.18783035726
1178,VALID_CAMPAIGN,NEAR_SINGULARITY,-823614293108256373,10,MIXED,2.05792002923,-0.337499928308,0.794999966340,UNGUARDED_REFERENCE,true,false,CONVERGED_UNCERTIFIED,NO_GUARDS_OR_FINAL_CERTIFICATION,10,true,false,6.99925945961e-09,false,true,false,true,0,NaN,24167,37.5355737328|-17.9720340224|0.519075450503|-10.4528216796|23.7491840898|-0.311077333480|-12.8813084608|-1.25153509087|0.334018768798|-18.9643533172
1179,VALID_CAMPAIGN,MICRO_MOTION,9005848361234432790,10,MIXED,2.05792032151,-0.337499211391,0.794999629737,GUARDED_PRODUCTION,true,true,SUCCESS,NONE,1,true,true,8.43677569935e-07,false,false,false,false,0,NaN,7000,-0.501878418954|0.722072756116|0.550192810403|-0.735375920775|1.60283657141|0.497027446180|0.779642953217|0.398977803756|0.561502507316|-1.18783035726
1179,VALID_CAMPAIGN,MICRO_MOTION,9005848361234432790,10,MIXED,2.05792032151,-0.337499211391,0.794999629737,UNGUARDED_REFERENCE,true,false,CONVERGED_UNCERTIFIED,NO_GUARDS_OR_FINAL_CERTIFICATION,1,true,false,8.43804917870e-07,false,true,false,true,0,NaN,833,37.5355737328|-17.9720340224|0.519075450503|-10.4528216796|23.7491840898|-0.311077333480|-12.8813084608|-1.25153509087|0.334018768798|-18.9643533172
1180,VALID_CAMPAIGN,UNIFORM,957169145778396885,10,MIXED,-0.596571407659,1.02148298003,0.798297294919,GUARDED_PRODUCTION,true,true,SUCCESS,NONE,79,true,true,1.56714326922e-07,false,false,false,false,0,14.7546021999,604417,0.365758796169|2.37187637406|0.500105398506|-0.398097576372|1.76587443392|0.374439755733|0.466220612120|0.923452915377|0.461167495750|-1.67231392934
1180,VALID_CAMPAIGN,UNIFORM,957169145778396885,10,MIXED,-0.596571407659,1.02148298003,0.798297294919,UNGUARDED_REFERENCE,true,false,CONVERGED_UNCERTIFIED,NO_GUARDS_OR_FINAL_CERTIFICATION,9,true,false,2.02334652547e-08,false,true,false,true,0,NaN,21166,38.3767223881|-18.3293578623|-0.286997387476|-6.09099852158|20.9179144838|0.459794342949|-13.1412559485|-4.35485565909|-0.359822220054|-20.2484706920
1181,VALID_CAMPAIGN,NEAR_JOINT_LIMIT,3061371193415104442,10,MIXED,0.192535244932,0.108249348287,0.0825395450903,GUARDED_PRODUCTION,false,false,NO_CONVERGENCE,STAGNATION_WINDOW_EXCEEDED,74,true,true,0.819639944350,false,false,false,false,0,6.48014674266,533166,-1.67171878173|2.37713844122|0.433423691869|0.0607448421920|1.78285383091|0.314951049589|1.00963578624|1.78285383091|0.415829517546|-1.78285383091
1181,VALID_CAMPAIGN,NEAR_JOINT_LIMIT,3061371193415104442,10,MIXED,0.192535244932,0.108249348287,0.0825395450903,UNGUARDED_REFERENCE,true,false,CONVERGED_UNCERTIFIED,NO_GUARDS_OR_FINAL_CERTIFICATION,6,true,false,1.07131270539e-08,false,true,false,true,0,NaN,13292,36.9627607528|-18.1160735163|-0.247964607526|-5.78605236447|22.0710649737|0.439145330785|-13.6588858430|-4.56777218342|-0.326938777393|-20.4762614762
1182,VALID_CAMPAIGN,NEAR_SINGULARITY,7387352784873917269,10,MIXED,2.05792002923,-0.337499928308,0.794999966340,GUARDED_PRODUCTION,true,true,SUCCESS,NONE,87,true,true,1.19072898765e-09,false,false,false,false,0,4.00972482532,659333,-0.310329238207|0.368142067274|0.515222906136|-0.659541334069|1.10873648954|0.444378404508|0.528757778782|0.317791623046|0.498640764077|-1.03432161079
1182,VALID_CAMPAIGN,NEAR_SINGULARITY,7387352784873917269,10,MIXED,2.05792002923,-0.337499928308,0.794999966340,UNGUARDED_REFERENCE,true,false,CONVERGED_UNCERTIFIED,NO_GUARDS_OR_FINAL_CERTIFICATION,12,true,false,3.83924045727e-08,false,true,false,true,0,NaN,27292,31.2877063408|-19.4081197752|-0.407610943758|-6.50467470311|19.7107582931|0.379844482734|-17.4973154400|-5.90032991358|-0.384610220896|-21.2548452674
1183,VALID_CAMPAIGN,MICRO_MOTION,7585968648704504010,10,MIXED,2.05792032151,-0.337499211391,0.794999629737,GUARDED_PRODUCTION,true,true,SUCCESS,NONE,1,true,true,8.44578304840e-07,false,false,false,false,0,NaN,6250,-0.310329238207|0.368142067274|0.515222906136|-0.659541334069|1.10873648954|0.444378404508|0.528757778782|0.317791623046|0.498640764077|-1.03432161079
1183,VALID_CAMPAIGN,MICRO_MOTION,7585968648704504010,10,MIXED,2.05792032151,-0.337499211391,0.794999629737,UNGUARDED_REFERENCE,true,false,CONVERGED_UNCERTIFIED,NO_GUARDS_OR_FINAL_CERTIFICATION,1,true,false,8.43191116164e-07,false,true,false,true,0,NaN,750,31.2877063408|-19.4081197752|-0.407610943758|-6.50467470311|19.7107582931|0.379844482734|-17.4973154400|-5.90032991358|-0.384610220896|-21.2548452674
1184,VALID_CAMPAIGN,UNIFORM,5393499064506482559,10,MIXED,0.404997547427,1.06700909254,0.842717172423,GUARDED_PRODUCTION,true,true,SUCCESS,NONE,62,true,true,9.27300371098e-10,false,false,false,false,0,17.3407226588,460917,-0.202949272693|1.71832669539|0.481724650863|-0.397097140404|1.78017224317|0.308185023625|-0.0192116979376|0.607169722789|0.397041564292|-1.44419506550
1184,VALID_CAMPAIGN,UNIFORM,5393499064506482559,10,MIXED,0.404997547427,1.06700909254,0.842717172423,UNGUARDED_REFERENCE,true,false,CONVERGED_UNCERTIFIED,NO_GUARDS_OR_FINAL_CERTIFICATION,7,true,false,1.10216499505e-08,false,true,false,true,0,NaN,15416,33.2166366528|-20.3860792728|-0.0270858687250|-5.44024155891|19.6486474008|-0.174755788528|-16.8718193664|-8.21814923471|0.366669888687|-24.2509640556
1185,VALID_CAMPAIGN,NEAR_JOINT_LIMIT,-5489131411207849383,10,MIXED,-0.0622702581393,-0.336016535602,0.218603565889,GUARDED_PRODUCTION,false,false,MAX_ITERATIONS_REACHED,MAX_ITERATIONS_LIMIT_REACHED,800,true,true,0.000602756199788,false,false,false,false,0,5.88577412220,5723167,-2.97848017430|1.26375721104|0.573823197681|1.78285383091|1.78285383091|0.292412078154|-0.765595222107|0.284330319795|0.326000202304|-0.727653438240
1185,VALID_CAMPAIGN,NEAR_JOINT_LIMIT,-5489131411207849383,10,MIXED,-0.0622702581393,-0.336016535602,0.218603565889,UNGUARDED_REFERENCE,true,false,CONVERGED_UNCERTIFIED,NO_GUARDS_OR_FINAL_CERTIFICATION,6,true,false,4.62554539225e-09,false,true,false,true,0,NaN,13083,32.7844427395|-21.5927591373|0.0128559774961|-5.23369128097|20.5388475774|-0.219169328782|-15.5368244853|-7.55991443432|0.306211380956|-23.5654000857
1186,VALID_CAMPAIGN,NEAR_SINGULARITY,8342412920620637975,10,MIXED,2.05792002923,-0.337499928308,0.794999966340,GUARDED_PRODUCTION,true,true,SUCCESS,NONE,112,true,true,1.86258959257e-07,false,false,false,false,0,1.48526716389,877917,-0.189325554354|0.563299466925|0.575000000000|0.696615191445|-0.151587905159|0.186140491112|-0.942912730133|-0.153943659004|0.397068522025|-0.722384452588
1186,VALID_CAMPAIGN,NEAR_SINGULARITY,8342412920620637975,10,MIXED,2.05792002923,-0.337499928308,0.794999966340,UNGUARDED_REFERENCE,true,false,CONVERGED_UNCERTIFIED,NO_GUARDS_OR_FINAL_CERTIFICATION,11,true,false,1.38719670005e-08,false,true,false,true,0,NaN,26500,37.3067319566|-29.1942607028|0.130329960223|-5.09524241926|23.6580278566|0.741914053164|-18.5359386377|-7.37607805857|1.06067745252|-26.3130885273
1187,VALID_CAMPAIGN,MICRO_MOTION,1371890210123965640,10,MIXED,2.05792032151,-0.337499211391,0.794999629737,GUARDED_PRODUCTION,true,true,SUCCESS,NONE,1,true,true,7.33898964837e-07,false,false,false,false,0,NaN,98667,-0.189325554354|0.563299466925|0.575000000000|0.696615191445|-0.151587905159|0.186140491112|-0.942912730133|-0.153943659004|0.397068522025|-0.722384452588
1187,VALID_CAMPAIGN,MICRO_MOTION,1371890210123965640,10,MIXED,2.05792032151,-0.337499211391,0.794999629737,UNGUARDED_REFERENCE,true,false,CONVERGED_UNCERTIFIED,NO_GUARDS_OR_FINAL_CERTIFICATION,1,true,false,8.46826069325e-07,false,true,false,true,0,NaN,2917,37.3067319566|-29.1942607028|0.130329960223|-5.09524241926|23.6580278566|0.741914053164|-18.5359386377|-7.37607805857|1.06067745252|-26.3130885273
1188,VALID_CAMPAIGN,UNIFORM,-6964390530463365475,10,MIXED,-1.66086553836,-0.900232368752,0.685544348914,GUARDED_PRODUCTION,true,true,SUCCESS,NONE,90,true,true,2.09129111825e-07,false,false,false,false,0,13.9223265439,735208,-2.36526877185|0.128096784255|0.575000000000|0.970374003947|0.0397288730681|0.183291490294|-1.33952536336|-0.269750939177|0.356208294853|-0.820099493135
1188,VALID_CAMPAIGN,UNIFORM,-6964390530463365475,10,MIXED,-1.66086553836,-0.900232368752,0.685544348914,UNGUARDED_REFERENCE,true,false,CONVERGED_UNCERTIFIED,NO_GUARDS_OR_FINAL_CERTIFICATION,8,true,false,7.52625157959e-09,false,true,false,true,0,NaN,19250,33.3966001145|-24.3576007512|-1.14837761099|-7.06552195863|20.8047532300|0.238230590287|-17.9287615630|-5.54199381195|-0.287261506481|-29.0662764772
1189,VALID_CAMPAIGN,NEAR_JOINT_LIMIT,6610929270032362182,10,MIXED,0.404529748100,0.773865529789,0.0400702579506,GUARDED_PRODUCTION,true,true,SUCCESS,NONE,137,true,true,2.03802438526e-07,false,false,false,false,0,9.48035183216,1043000,-2.70345196484|-2.07005363817|0.575000000000|0.727725871782|0.114601430561|0.209157564106|-1.70189572494|-1.02236398152|0.326333750251|-0.671233120453
1189,VALID_CAMPAIGN,NEAR_JOINT_LIMIT,6610929270032362182,10,MIXED,0.404529748100,0.773865529789,0.0400702579506,UNGUARDED_REFERENCE,true,false,CONVERGED_UNCERTIFIED,NO_GUARDS_OR_FINAL_CERTIFICATION,9,true,false,3.67567550090e-09,false,true,false,true,0,NaN,21500,24.7106854053|-17.6428519175|-0.754682457446|-6.33868982615|23.5732207570|-0.132017341433|-20.5475185001|-7.65969084870|-0.139572565167|-28.1532193767
1190,VALID_CAMPAIGN,NEAR_SINGULARITY,8231363714582348045,10,MIXED,2.05792002923,-0.337499928308,0.794999966340,GUARDED_PRODUCTION,false,false,NO_CONVERGENCE,STAGNATION_WINDOW_EXCEEDED,64,true,true,1.03679269838,false,false,false,false,0,5.63566896977,489625,-3.14159265359|-2.26324825819|0.575000000000|0.355051244783|-0.402343541557|0.178059720555|-0.535360505361|-0.247942171880|0.413925167663|-0.686939836968
1190,VALID_CAMPAIGN,NEAR_SINGULARITY,8231363714582348045,10,MIXED,2.05792002923,-0.337499928308,0.794999966340,UNGUARDED_REFERENCE,true,false,CONVERGED_UNCERTIFIED,NO_GUARDS_OR_FINAL_CERTIFICATION,14,true,false,4.52014413241e-07,false,true,false,true,0,NaN,32750,24.9319575707|-19.0142709152|-0.197601088772|-0.196599535709|25.3004284100|0.447525652519|-24.9252732213|-12.2220844766|0.102880624463|-30.9333143853
1191,VALID_CAMPAIGN,MICRO_MOTION,-6970243632343572890,10,MIXED,2.05792032151,-0.337499211391,0.794999629737,GUARDED_PRODUCTION,false,false,NO_CONVERGENCE,STAGNATION_WINDOW_EXCEEDED,7,true,true,1.06163496418,false,false,false,false,0,16.5622223777,50666,-3.14159265359|-2.23244102012|0.575000000000|0.292587294723|-0.433523108167|0.179532010542|-0.451630652229|-0.235224859096|0.429243062972|-0.647439040581
1191,VALID_CAMPAIGN,MICRO_MOTION,-6970243632343572890,10,MIXED,2.05792032151,-0.337499211391,0.794999629737,UNGUARDED_REFERENCE,true,false,CONVERGED_UNCERTIFIED,NO_GUARDS_OR_FINAL_CERTIFICATION,1,true,false,9.80575277677e-07,false,true,false,true,0,NaN,875,24.9319575707|-19.0142709152|-0.197601088772|-0.196599535709|25.3004284100|0.447525652519|-24.9252732213|-12.2220844766|0.102880624463|-30.9333143853
1192,VALID_CAMPAIGN,UNIFORM,-2413305734264417878,10,MIXED,0.0911709385268,-0.570323390874,1.00800787853,GUARDED_PRODUCTION,true,true,SUCCESS,NONE,78,true,true,7.32075260634e-07,false,false,false,false,0,17.7007761726,644750,-3.14159265359|-2.31451526995|0.473574871061|1.67951079404|-0.123126681294|0.179149954839|-0.304341066250|0.444607686411|0.339487909437|-1.19138380966
1192,VALID_CAMPAIGN,UNIFORM,-2413305734264417878,10,MIXED,0.0911709385268,-0.570323390874,1.00800787853,UNGUARDED_REFERENCE,true,false,CONVERGED_UNCERTIFIED,NO_GUARDS_OR_FINAL_CERTIFICATION,8,true,false,2.01273933631e-10,false,true,false,true,0,NaN,18708,22.6616214063|-16.8862036971|0.130477240495|3.17780715909|24.4070424192|-0.829277994883|-26.6497752188|-7.81258091441|-0.133818204310|-25.3692233504
1193,VALID_CAMPAIGN,NEAR_JOINT_LIMIT,3445496307430781977,10,MIXED,1.10908572604,-0.0303538313602,0.163429301464,GUARDED_PRODUCTION,true,true,SUCCESS,NONE,106,true,true,9.52445831577e-07,false,false,false,false,0,3.47888194794,833041,-2.10488245172|-2.37713844122|0.528977848905|1.78285383091|-1.43278747707|0.195970803698|-0.301971621659|0.320051021657|0.352169989016|-1.16683506331
1193,VALID_CAMPAIGN,NEAR_JOINT_LIMIT,3445496307430781977,10,MIXED,1.10908572604,-0.0303538313602,0.163429301464,UNGUARDED_REFERENCE,true,false,CONVERGED_UNCERTIFIED,NO_GUARDS_OR_FINAL_CERTIFICATION,7,true,false,5.53442203299e-07,false,true,false,true,0,NaN,16584,24.7449214117|-16.5981025033|0.150963353578|4.10004546369|23.9899833274|-0.732090570840|-27.9263344223|-8.91587523985|-0.218774990709|-25.3499967226
1194,VALID_CAMPAIGN,NEAR_SINGULARITY,-6909617205413469676,10,MIXED,2.05792002923,-0.337499928308,0.794999966340,GUARDED_PRODUCTION,false,false,NO_CONVERGENCE,STAGNATION_WINDOW_EXCEEDED,13,true,true,1.17521494914,false,false,false,false,0,5.15477758774,108292,-1.96828113183|-2.37713844122|0.547665691367|1.73473536929|-1.31324609468|0.198124447011|-0.440332442548|0.126147159994|0.357089300966|-1.06509798709
1194,VALID_CAMPAIGN,NEAR_SINGULARITY,-6909617205413469676,10,MIXED,2.05792002923,-0.337499928308,0.794999966340,UNGUARDED_REFERENCE,true,false,CONVERGED_UNCERTIFIED,NO_GUARDS_OR_FINAL_CERTIFICATION,12,true,false,4.72769416802e-07,false,true,false,true,0,NaN,28583,24.9993333553|-17.0869765122|0.709156657080|3.86861868804|23.7351923277|-0.818232129904|-27.0466593034|-10.0288055786|-0.551017692311|-25.3027618879
1195,VALID_CAMPAIGN,MICRO_MOTION,2189751860241985198,10,MIXED,2.05792032151,-0.337499211391,0.794999629737,GUARDED_PRODUCTION,false,false,NO_CONVERGENCE,STAGNATION_WINDOW_EXCEEDED,7,true,true,1.22259311052,false,false,false,false,0,6.74421464166,53125,-1.92484630910|-2.37713844122|0.558205738697|1.70528890087|-1.26367941403|0.198609016047|-0.486195194991|0.0477184022459|0.361423833198|-1.01412262752
1195,VALID_CAMPAIGN,MICRO_MOTION,2189751860241985198,10,MIXED,2.05792032151,-0.337499211391,0.794999629737,UNGUARDED_REFERENCE,true,false,CONVERGED_UNCERTIFIED,NO_GUARDS_OR_FINAL_CERTIFICATION,1,true,false,7.85451784453e-07,false,true,false,true,0,NaN,875,24.9993333553|-17.0869765122|0.709156657080|3.86861868804|23.7351923277|-0.818232129904|-27.0466593034|-10.0288055786|-0.551017692311|-25.3027618879
1196,ADVERSARIAL_PROBES,NON_FINITE_TARGET,4727017248694238314,10,MIXED,NaN,-0.337500000000,0.795000000000,GUARDED_PRODUCTION,false,false,INVALID_INPUT,INVALID_TARGET,0,true,true,NaN,false,false,false,false,0,NaN,5708,0.00000000000|0.00000000000|0.297500000000|0.00000000000|0.00000000000|0.297500000000|0.00000000000|0.00000000000|0.297500000000|0.00000000000
1196,ADVERSARIAL_PROBES,NON_FINITE_TARGET,4727017248694238314,10,MIXED,NaN,-0.337500000000,0.795000000000,UNGUARDED_REFERENCE,false,false,MAX_ITERATIONS_UNCERTIFIED,NO_GUARDS_OR_FINAL_CERTIFICATION,800,false,false,NaN,true,false,false,true,0,NaN,1459458,NaN|NaN|NaN|NaN|NaN|NaN|NaN|NaN|NaN|NaN
1197,ADVERSARIAL_PROBES,INFINITE_TARGET,3650867811060950384,10,MIXED,2.05792000000,-0.337500000000,Infinity,GUARDED_PRODUCTION,false,false,INVALID_INPUT,INVALID_TARGET,0,true,true,Infinity,false,false,false,false,0,NaN,73708,0.00000000000|0.00000000000|0.297500000000|0.00000000000|0.00000000000|0.297500000000|0.00000000000|0.00000000000|0.297500000000|0.00000000000
1197,ADVERSARIAL_PROBES,INFINITE_TARGET,3650867811060950384,10,MIXED,2.05792000000,-0.337500000000,Infinity,UNGUARDED_REFERENCE,false,false,MAX_ITERATIONS_UNCERTIFIED,NO_GUARDS_OR_FINAL_CERTIFICATION,800,false,false,NaN,true,false,false,true,0,NaN,1425917,NaN|NaN|NaN|NaN|NaN|NaN|NaN|NaN|NaN|NaN
1198,ADVERSARIAL_PROBES,NON_FINITE_INITIAL_STATE,-2180157864062745726,10,MIXED,2.05792000000,-0.337500000000,0.795000000000,GUARDED_PRODUCTION,false,false,INVALID_INPUT,INVALID_INITIAL_STATE,0,true,true,0.00000000000,false,false,false,false,0,NaN,89750,0.00000000000|0.00000000000|0.297500000000|0.00000000000|0.00000000000|0.297500000000|0.00000000000|0.00000000000|0.297500000000|0.00000000000
1198,ADVERSARIAL_PROBES,NON_FINITE_INITIAL_STATE,-2180157864062745726,10,MIXED,2.05792000000,-0.337500000000,0.795000000000,UNGUARDED_REFERENCE,false,false,MAX_ITERATIONS_UNCERTIFIED,NO_GUARDS_OR_FINAL_CERTIFICATION,800,false,false,NaN,true,false,false,true,0,NaN,1426958,NaN|NaN|NaN|NaN|NaN|NaN|NaN|NaN|NaN|NaN
1199,ADVERSARIAL_PROBES,OVERFLOWING_GEOMETRY,-553568681268174959,10,MIXED,0.00000000000,0.00000000000,0.00000000000,GUARDED_PRODUCTION,false,false,NUMERICAL_FAILURE,OUTPUT_VALIDATION_FAILED,1,true,true,Infinity,false,false,false,false,0,NaN,67542,0.00000000000|0.00000000000|0.297500000000|0.00000000000|0.00000000000|0.297500000000|0.00000000000|0.00000000000|0.297500000000|0.00000000000
1199,ADVERSARIAL_PROBES,OVERFLOWING_GEOMETRY,-553568681268174959,10,MIXED,0.00000000000,0.00000000000,0.00000000000,UNGUARDED_REFERENCE,false,false,MAX_ITERATIONS_UNCERTIFIED,NO_GUARDS_OR_FINAL_CERTIFICATION,800,false,false,NaN,true,false,false,true,0,NaN,1455375,NaN|NaN|NaN|NaN|NaN|NaN|NaN|NaN|NaN|NaN
